DateTime,y_true,prob_Sell,prob_Hold,predicted,Open,High,Low,Close,Volume
2022-01-02 23:00:00,0,0.3891370974825655,0.6108629025174346,Hold,53.386986,53.556267,53.3094,53.471626,3720
2022-01-03 00:00:00,0,0.3832576654222909,0.6167423345777091,Hold,53.47868,53.64796,53.450466,53.535107,3389
2022-01-03 01:00:00,0,0.3560802032449138,0.6439197967550863,Hold,53.535107,53.58448,53.27413,53.35172,3630
2022-01-03 02:00:00,0,0.34050021810267656,0.6594997818973234,Hold,53.35172,53.35172,53.217705,53.24592,2374
2022-01-03 03:00:00,0,0.37057603324177724,0.6294239667582228,Hold,53.24592,53.521,53.238865,53.45752,2526
2022-01-03 04:00:00,0,0.33457661604090144,0.6654233839590986,Hold,53.471626,53.492786,53.408146,53.43636,1244
2022-01-03 05:00:00,0,0.3677709820622105,0.6322290179377895,Hold,53.443413,53.556267,53.4152,53.492786,1097
2022-01-03 06:00:00,0,0.3949918748056363,0.6050081251943638,Hold,53.492786,53.570374,53.422253,53.485733,2566
2022-01-03 07:00:00,0,0.398542006319942,0.6014579936800579,Hold,53.485733,53.612694,53.358772,53.598587,3434
2022-01-03 08:00:00,1,0.4516432190597149,0.5483567809402852,Hold,53.598587,53.81724,53.56332,53.739655,10629
2022-01-03 09:00:00,1,0.4502787673724764,0.5497212326275236,Hold,53.7326,53.859562,53.60564,53.767868,5751
2022-01-03 10:00:00,1,0.45197810924167126,0.5480218907583287,Hold,53.77492,53.824295,53.598587,53.75376,4945
2022-01-03 11:00:00,1,0.4991316168645748,0.5008683831354253,Hold,53.75376,53.81019,53.4152,53.464573,8655
2022-01-03 12:00:00,0,0.33974543841480875,0.6602545615851912,Hold,53.471626,53.513947,53.16833,53.16833,9333
2022-01-03 13:00:00,0,0.3077839033500438,0.6922160966499562,Hold,53.182438,53.22476,52.56174,52.6887,28222
2022-01-03 14:00:00,0,0.3581224355468484,0.6418775644531516,Hold,52.6887,53.260025,52.385406,53.133064,40152
2022-01-03 15:00:00,0,0.3531435261192204,0.6468564738807796,Hold,53.12601,53.471626,52.93557,53.365826,25112
2022-01-03 16:00:00,0,0.3964473498324416,0.6035526501675583,Hold,53.358772,53.718494,53.23181,53.66912,24115
2022-01-03 17:00:00,0,0.4154855104224033,0.5845144895775967,Hold,53.66912,53.930096,53.633854,53.845455,16894
2022-01-03 18:00:00,0,0.3204562950389038,0.6795437049610962,Hold,53.845455,53.87367,53.45752,53.49984,13717
2022-01-03 19:00:00,0,0.34734780413553457,0.6526521958644654,Hold,53.49984,53.760815,53.422253,53.662067,18094
2022-01-03 20:00:00,0,0.29561304214571427,0.7043869578542857,Hold,53.66912,53.676174,53.56332,53.570374,4074
2022-01-03 21:00:00,0,0.331036801795918,0.668963198204082,Hold,53.570374,53.69028,53.56332,53.598587,2072
2022-01-03 23:00:00,0,0.3205595291620614,0.6794404708379387,Hold,53.619747,53.633854,53.521,53.577427,1584
2022-01-04 00:00:00,0,0.33110502988092005,0.66889497011908,Hold,53.58448,53.640907,53.521,53.60564,1232
2022-01-04 01:00:00,0,0.34593602385331595,0.654063976146684,Hold,53.591534,54.014736,53.58448,53.683228,14485
2022-01-04 02:00:00,0,0.34783919750508896,0.652160802494911,Hold,53.676174,53.697334,53.535107,53.633854,3758
2022-01-04 03:00:00,0,0.3997531296916484,0.6002468703083517,Hold,53.619747,53.803135,53.577427,53.760815,2358
2022-01-04 04:00:00,0,0.43354472324332644,0.5664552767566735,Hold,53.760815,53.91599,53.75376,53.908936,1923
2022-01-04 05:00:00,0,0.35243138205097685,0.6475686179490232,Hold,53.908936,53.923042,53.77492,53.803135,2997
2022-01-04 06:00:00,0,0.3632721351340102,0.6367278648659898,Hold,53.803135,53.81724,53.60564,53.725548,5616
2022-01-04 07:00:00,0,0.37120201594428653,0.6287979840557134,Hold,53.718494,53.725548,53.39404,53.612694,6671
2022-01-04 08:00:00,0,0.43140351904027857,0.5685964809597215,Hold,53.612694,53.95831,53.577427,53.78903,14978
2022-01-04 09:00:00,0,0.4399679327646104,0.5600320672353896,Hold,53.78903,53.95831,53.676174,53.923042,7464
2022-01-04 10:00:00,0,0.4629305982343588,0.5370694017656412,Hold,53.91599,54.19107,53.89483,54.08527,7815
2022-01-04 11:00:00,0,0.3905204109222795,0.6094795890777205,Hold,54.078217,54.134644,53.725548,53.81019,9384
2022-01-04 12:00:00,0,0.4828069402216316,0.5171930597783684,Hold,53.81019,54.00063,53.655014,53.965363,8685
2022-01-04 13:00:00,0,0.4918004536007278,0.5081995463992721,Hold,53.965363,54.39562,53.887775,54.21223,21158
2022-01-04 14:00:00,0,0.4337563542675554,0.5662436457324447,Hold,54.21223,54.762394,53.824295,54.571953,48284
2022-01-04 15:00:00,0,0.382338338348056,0.617661661651944,Hold,54.58606,54.705967,54.367405,54.452045,27036
2022-01-04 16:00:00,0,0.40697667335985604,0.5930233266401439,Hold,54.452045,54.487312,54.007683,54.452045,35874
2022-01-04 17:00:00,0,0.4219820719539357,0.5780179280460642,Hold,54.452045,54.5649,54.36035,54.423832,12252
2022-01-04 18:00:00,0,0.40379648598381557,0.5962035140161844,Hold,54.423832,54.614273,54.29687,54.444992,14798
2022-01-04 19:00:00,0,0.3538497669947785,0.6461502330052216,Hold,54.452045,54.494366,54.25455,54.289818,19248
2022-01-04 20:00:00,0,0.3606613537939663,0.6393386462060338,Hold,54.282764,54.48026,54.261604,54.289818,5559
2022-01-04 21:00:00,0,0.40813611368595243,0.5918638863140475,Hold,54.289818,54.4591,54.27571,54.4591,2750
2022-01-04 23:00:00,0,0.377235689066989,0.622764310933011,Hold,54.43794,54.4591,54.325085,54.346245,1152
2022-01-05 00:00:00,0,0.35717161779266826,0.6428283822073317,Hold,54.33919,54.388565,54.27571,54.3533,1296
2022-01-05 01:00:00,0,0.4047660151480249,0.5952339848519751,Hold,54.3533,54.50142,54.162857,54.176964,6742
2022-01-05 02:00:00,0,0.3850843160626321,0.614915683937368,Hold,54.16991,54.240444,54.06411,54.113483,4475
2022-01-05 03:00:00,0,0.4262764208251224,0.5737235791748776,Hold,54.113483,54.219284,54.050003,54.21223,3092
2022-01-05 04:00:00,0,0.36713924667996195,0.6328607533200381,Hold,54.21223,54.219284,54.12759,54.198124,975
2022-01-05 05:00:00,0,0.3706439456503846,0.6293560543496154,Hold,54.198124,54.33919,54.16991,54.226337,3626
2022-01-05 06:00:00,0,0.39950232957706294,0.600497670422937,Hold,54.219284,54.388565,54.19107,54.37446,3184
2022-01-05 07:00:00,0,0.37303584504788595,0.6269641549521141,Hold,54.37446,54.40267,54.184017,54.303925,4100
2022-01-05 08:00:00,0,0.30327819060676475,0.6967218093932352,Hold,54.29687,54.40267,54.035896,54.113483,10970
2022-01-05 09:00:00,0,0.3805920558506693,0.6194079441493308,Hold,54.113483,54.282764,53.965363,54.261604,9404
2022-01-05 10:00:00,0,0.34695627752403135,0.6530437224759686,Hold,54.25455,54.310978,54.141697,54.289818,5104
2022-01-05 11:00:00,0,0.38025919693657956,0.6197408030634204,Hold,54.289818,54.3533,54.14875,54.31803,7578
2022-01-05 12:00:00,0,0.4515935902179122,0.5484064097820878,Hold,54.31803,54.579006,54.310978,54.452045,11593
2022-01-05 13:00:00,0,0.5441361647078515,0.45586383529214847,Sell,54.452045,55.051582,54.444992,55.02337,24635
2022-01-05 14:00:00,0,0.5213673680410041,0.47863263195899586,Sell,55.02337,55.21381,54.720074,55.100956,38593
2022-01-05 15:00:00,0,0.5166306804950728,0.48336931950492723,Sell,55.10801,55.36193,54.86114,55.21381,45058
2022-01-05 16:00:00,0,0.4769725667370352,0.5230274332629647,Hold,55.206757,55.291397,55.06569,55.242023,22842
2022-01-05 17:00:00,1,0.47594563545295027,0.5240543645470497,Hold,55.249077,55.390144,55.19265,55.312557,15095
2022-01-05 18:00:00,0,0.39398149144063344,0.6060185085593666,Hold,55.312557,55.42541,55.206757,55.21381,11157
2022-01-05 19:00:00,0,0.28088860977203667,0.7191113902279633,Hold,55.206757,55.23497,54.69186,54.748287,27807
2022-01-05 20:00:00,0,0.21953050727812487,0.7804694927218752,Hold,54.748287,54.748287,54.31803,54.325085,12532
2022-01-05 21:00:00,0,0.22113873111528154,0.7788612688847185,Hold,54.33919,54.494366,54.325085,54.444992,3855
2022-01-05 23:00:00,0,0.20922691776254523,0.7907730822374548,Hold,54.48026,54.515526,54.33919,54.452045,2059
2022-01-06 00:00:00,0,0.25315301330601236,0.7468469866939876,Hold,54.452045,54.54374,54.37446,54.536686,2069
2022-01-06 01:00:00,0,0.2226191932116721,0.7773808067883279,Hold,54.529633,54.684807,54.29687,54.325085,8653
2022-01-06 02:00:00,0,0.25335587825753414,0.7466441217424659,Hold,54.325085,54.452045,54.25455,54.38151,5728
2022-01-06 03:00:00,0,0.20271771652680132,0.7972822834731987,Hold,54.38151,54.41678,54.134644,54.155804,4837
2022-01-06 04:00:00,0,0.24126204036402502,0.758737959635975,Hold,54.14875,54.240444,54.141697,54.205177,2295
2022-01-06 05:00:00,0,0.29062197942289797,0.7093780205771021,Hold,54.205177,54.444992,54.120537,54.40267,4352
2022-01-06 06:00:00,0,0.2925648531156014,0.7074351468843987,Hold,54.39562,54.515526,54.367405,54.41678,4520
2022-01-06 07:00:00,0,0.33623690642464316,0.6637630935753569,Hold,54.409725,54.698914,54.38151,54.621326,7324
2022-01-06 08:00:00,0,0.4490505799617976,0.5509494200382024,Hold,54.62838,54.952835,54.621326,54.92462,15021
2022-01-06 09:00:00,0,0.5001529903693479,0.4998470096306521,Sell,54.92462,55.15033,54.83998,55.12917,9273
2022-01-06 10:00:00,0,0.5168984013853568,0.4831015986146432,Sell,55.12917,55.897987,55.06569,55.728706,20452
2022-01-06 11:00:00,0,0.47634050266579514,0.5236594973342048,Hold,55.73576,55.982628,55.54532,55.559425,11477
2022-01-06 12:00:00,0,0.5274315660747801,0.47256843392521986,Sell,55.559425,56.102535,55.495945,55.8204,18523
2022-01-06 13:00:00,0,0.5287295902564032,0.4712704097435968,Sell,55.813347,56.391724,55.665226,56.328243,32672
2022-01-06 14:00:00,0,0.47730409362894893,0.522695906371051,Hold,56.32119,56.59627,56.15191,56.250656,48875
2022-01-06 15:00:00,0,0.5255309094124145,0.47446909058758546,Sell,56.250656,56.349403,55.848614,56.137802,36209
2022-01-06 16:00:00,0,0.5404301756232962,0.4595698243767038,Sell,56.137802,56.518684,56.01084,56.42699,23191
2022-01-06 17:00:00,0,0.5270139803523217,0.4729860196476783,Sell,56.42699,56.46931,55.912094,55.96852,17259
2022-01-06 18:00:00,0,0.5115260029832843,0.4884739970167157,Sell,55.96852,56.003788,55.771027,55.9262,14904
2022-01-06 19:00:00,0,0.5415795673383343,0.45842043266166566,Sell,55.919147,56.27887,55.79924,56.201283,23795
2022-01-06 20:00:00,0,0.5074151298813072,0.4925848701186928,Sell,56.201283,56.27887,56.003788,56.060215,4973
2022-01-06 21:00:00,0,0.5082075782462424,0.4917924217537576,Sell,56.060215,56.229496,56.02495,56.180122,2753
2022-01-06 23:00:00,0,0.4936326987219749,0.5063673012780251,Hold,56.158962,56.21539,56.07432,56.07432,1207
2022-01-07 00:00:00,0,0.5608867246494771,0.4391132753505229,Sell,56.07432,56.180122,56.05316,56.123695,1833
2022-01-07 01:00:00,0,0.6164918708578985,0.38350812914210153,Sell,56.123695,56.518684,56.10959,56.504578,8227
2022-01-07 02:00:00,1,0.5978648955720014,0.4021351044279986,Sell,56.504578,56.55395,56.34235,56.51163,4814
2022-01-07 03:00:00,1,0.6008225253289043,0.39917747467109566,Sell,56.518684,56.624485,56.44815,56.539845,4835
2022-01-07 04:00:00,1,0.5749102676431755,0.42508973235682446,Sell,56.539845,56.539845,56.419937,56.525738,1439
2022-01-07 05:00:00,1,0.64275142466997,0.35724857533002996,Sell,56.525738,56.603325,56.462257,56.59627,2852
2022-01-07 06:00:00,1,0.669234393805668,0.33076560619433204,Sell,56.59627,56.751446,56.483418,56.723232,5059
2022-01-07 07:00:00,1,0.6118905200557421,0.38810947994425793,Sell,56.723232,56.730286,56.27887,56.49047,6270
2022-01-07 08:00:00,0,0.5861509565028588,0.41384904349714124,Sell,56.49047,56.497524,56.166016,56.419937,9753
2022-01-07 09:00:00,1,0.6657882063658819,0.3342117936341181,Sell,56.419937,56.680912,56.32119,56.58922,8105
2022-01-07 10:00:00,1,0.6390727174857025,0.3609272825142975,Sell,56.58922,56.7585,56.568058,56.61038,7007
2022-01-07 11:00:00,0,0.6141480457119824,0.38585195428801755,Sell,56.603325,56.61743,56.328243,56.349403,6740
2022-01-07 12:00:00,0,0.5886529656579333,0.41134703434206665,Sell,56.356457,56.568058,56.356457,56.412884,6964
2022-01-07 13:00:00,1,0.5800247233117848,0.4199752766882152,Sell,56.419937,56.723232,56.370564,56.398777,19373
2022-01-07 14:00:00,0,0.5868569868004767,0.4131430131995233,Sell,56.391724,56.462257,55.7146,56.081375,48089
2022-01-07 15:00:00,0,0.5054017487838856,0.49459825121611445,Sell,56.081375,56.102535,55.52416,55.665226,28175
2022-01-07 16:00:00,0,0.5081507609275979,0.4918492390724021,Sell,55.665226,55.982628,55.573532,55.749866,24810
2022-01-07 17:00:00,0,0.45694393394874727,0.5430560660512527,Hold,55.75692,55.75692,55.46068,55.54532,18431
2022-01-07 18:00:00,0,0.4611279587399501,0.5388720412600498,Hold,55.54532,55.67228,55.38309,55.51005,15460
2022-01-07 19:00:00,0,0.4657909837638483,0.5342090162361517,Hold,55.517105,55.84156,55.42541,55.54532,27001
2022-01-07 20:00:00,0,0.49867168886002583,0.5013283111399742,Hold,55.54532,55.827454,55.52416,55.77808,5457
2022-01-07 21:00:00,0,0.4517074262100481,0.5482925737899519,Hold,55.77808,55.785133,55.56648,55.679333,2321
2022-01-09 23:00:00,0,0.4184278678942439,0.5815721321057561,Hold,55.637012,55.792187,55.270237,55.411304,4934
2022-01-10 00:00:00,0,0.4830472114807898,0.5169527885192102,Hold,55.418358,55.51005,55.326664,55.46773,2260
2022-01-10 01:00:00,0,0.4842924799296999,0.5157075200703001,Hold,55.46773,55.615852,55.347824,55.580585,6203
2022-01-10 02:00:00,0,0.5046995751935662,0.49530042480643377,Sell,55.580585,55.940308,55.538265,55.771027,7086
2022-01-10 03:00:00,0,0.5048678839147819,0.4951321160852181,Sell,55.763973,55.813347,55.67228,55.763973,3283
2022-01-10 04:00:00,0,0.5137510191155775,0.4862489808844225,Sell,55.75692,55.785133,55.700493,55.75692,1270
2022-01-10 05:00:00,0,0.51652927036189,0.48347072963811,Sell,55.763973,55.813347,55.665226,55.686386,2507
2022-01-10 06:00:00,0,0.5324232388603559,0.4675767611396441,Sell,55.67228,55.75692,55.594692,55.73576,3716
2022-01-10 07:00:00,0,0.5974647671911553,0.40253523280884473,Sell,55.742813,55.933254,55.658173,55.876827,4514
2022-01-10 08:00:00,0,0.5292114430095146,0.4707885569904854,Sell,55.88388,55.96852,55.622906,55.62996,9249
2022-01-10 09:00:00,0,0.5684202237989996,0.4315797762010004,Sell,55.62996,56.039055,55.54532,55.806293,11644
2022-01-10 10:00:00,0,0.5284906399755104,0.4715093600244896,Sell,55.813347,55.86272,55.517105,55.615852,8027
2022-01-10 11:00:00,0,0.47342437289931305,0.526575627100687,Hold,55.6088,55.62996,55.439518,55.559425,8569
2022-01-10 12:00:00,0,0.41429554354036524,0.5857044564596348,Hold,55.559425,55.580585,55.206757,55.291397,11323
2022-01-10 13:00:00,0,0.49617467950583455,0.5038253204941654,Hold,55.284344,55.65112,55.12917,55.559425,19916
2022-01-10 14:00:00,0,0.45216014059275744,0.5478398594072426,Hold,55.559425,55.75692,55.291397,55.36193,27419
2022-01-10 15:00:00,0,0.49618483281106673,0.5038151671889333,Hold,55.354877,55.56648,54.896408,55.503,43733
2022-01-10 16:00:00,0,0.42562675135507366,0.5743732486449263,Hold,55.495945,55.552372,55.17149,55.284344,23593
2022-01-10 17:00:00,0,0.39639993683668173,0.6036000631633183,Hold,55.284344,55.42541,54.96694,55.19265,19118
2022-01-10 18:00:00,0,0.39496135550731254,0.6050386444926874,Hold,55.19265,55.347824,55.079796,55.326664,12973
2022-01-10 19:00:00,0,0.3788159694680865,0.6211840305319135,Hold,55.326664,55.48889,54.91757,55.12917,30188
2022-01-10 20:00:00,0,0.3693663832769295,0.6306336167230705,Hold,55.12917,55.326664,55.072742,55.312557,6213
2022-01-10 21:00:00,0,0.3513322539820663,0.6486677460179338,Hold,55.305504,55.333717,55.242023,55.31961,2409
2022-01-10 23:00:00,0,0.411790199122262,0.588209800877738,Hold,55.312557,55.418358,55.29845,55.418358,1023
2022-01-11 00:00:00,0,0.3353796303311201,0.6646203696688799,Hold,55.42541,55.48184,55.347824,55.418358,1501
2022-01-11 01:00:00,0,0.345753163246409,0.654246836753591,Hold,55.42541,55.56648,55.270237,55.38309,8743
2022-01-11 02:00:00,0,0.3953152304830299,0.6046847695169701,Hold,55.38309,55.594692,55.34077,55.580585,3234
2022-01-11 03:00:00,0,0.41121127349721726,0.5887887265027827,Hold,55.573532,55.67228,55.53121,55.559425,3462
2022-01-11 04:00:00,0,0.4146755141722217,0.5853244858277783,Hold,55.552372,55.573532,55.495945,55.52416,918
2022-01-11 05:00:00,0,0.47898967820369426,0.5210103217963058,Hold,55.52416,55.615852,55.495945,55.559425,1787
2022-01-11 06:00:00,0,0.494894452924702,0.505105547075298,Hold,55.559425,55.637012,55.51005,55.538265,2931
2022-01-11 07:00:00,0,0.543096088285679,0.456903911714321,Sell,55.538265,55.73576,55.439518,55.67228,3953
2022-01-11 08:00:00,0,0.5537555056579553,0.4462444943420447,Sell,55.665226,55.876827,55.622906,55.855667,8151
2022-01-11 09:00:00,0,0.5963469887514343,0.4036530112485657,Sell,55.855667,56.19423,55.785133,55.996735,12319
2022-01-11 10:00:00,0,0.5062328841104876,0.4937671158895124,Sell,56.003788,56.10959,55.890934,55.98968,5736
2022-01-11 11:00:00,0,0.4850514919584048,0.5149485080415952,Hold,55.98968,56.102535,55.919147,56.039055,3952
2022-01-11 12:00:00,0,0.4978316724354028,0.5021683275645972,Hold,56.032,56.123695,55.912094,56.07432,6373
2022-01-11 13:00:00,0,0.47113003852713947,0.5288699614728605,Hold,56.07432,56.07432,55.69344,56.01084,16153
2022-01-11 14:00:00,0,0.5568647963188641,0.4431352036811359,Sell,56.01084,56.51163,55.62996,55.77808,53678
2022-01-11 15:00:00,0,0.5649879964651373,0.4350120035348627,Sell,55.785133,56.377617,55.763973,56.36351,27577
2022-01-11 16:00:00,0,0.570529384668993,0.42947061533100706,Sell,56.36351,57.34393,56.307083,57.17465,59509
2022-01-11 17:00:00,0,0.5478659244540184,0.4521340755459816,Sell,57.1817,57.548477,57.125275,57.40741,23186
2022-01-11 18:00:00,0,0.47356460975883746,0.5264353902411625,Hold,57.40741,57.442677,57.146435,57.188755,15453
2022-01-11 19:00:00,0,0.5304014292787846,0.46959857072121536,Sell,57.1817,57.463837,57.0759,57.414463,28796
2022-01-11 20:00:00,0,0.5251297062222778,0.47487029377772216,Sell,57.414463,57.49205,57.350983,57.442677,10019
2022-01-11 21:00:00,0,0.4764563037165665,0.5235436962834334,Hold,57.44973,57.506157,57.23813,57.36509,4856
2022-01-11 23:00:00,0,0.4971743192927485,0.5028256807072515,Hold,57.400356,57.421516,57.28045,57.34393,1166
2022-01-12 00:00:00,0,0.5336095161163151,0.46639048388368487,Sell,57.350983,57.463837,57.308662,57.400356,1616
2022-01-12 01:00:00,0,0.5469581652984976,0.4530418347015024,Sell,57.400356,57.61901,57.34393,57.38625,7182
2022-01-12 02:00:00,0,0.5873965104465332,0.4126034895534668,Sell,57.393303,57.590797,57.38625,57.49205,3743
2022-01-12 03:00:00,0,0.5555406339606881,0.4444593660393119,Sell,57.49205,57.527317,57.30161,57.34393,2612
2022-01-12 04:00:00,0,0.5525666818615165,0.4474333181384835,Sell,57.350983,57.350983,57.273396,57.308662,1100
2022-01-12 05:00:00,0,0.5761755174382276,0.4238244825617724,Sell,57.30161,57.456783,57.30161,57.42857,2185
2022-01-12 06:00:00,0,0.4943437509040202,0.5056562490959797,Hold,57.42857,57.456783,57.25929,57.273396,3637
2022-01-12 07:00:00,0,0.5288655091816241,0.4711344908183759,Sell,57.28045,57.44973,57.252235,57.379196,3953
2022-01-12 08:00:00,0,0.6004437469629961,0.39955625303700393,Sell,57.379196,57.70365,57.358036,57.668385,12670
2022-01-12 09:00:00,0,0.5308090318985168,0.4691909681014832,Sell,57.668385,57.830612,57.372143,57.484997,13376
2022-01-12 10:00:00,0,0.5740155797458752,0.42598442025412475,Sell,57.484997,57.626064,57.34393,57.590797,6411
2022-01-12 11:00:00,0,0.6173958018082271,0.38260419819177294,Sell,57.590797,57.78124,57.590797,57.76713,6180
2022-01-12 12:00:00,0,0.5807650287514124,0.41923497124858755,Sell,57.76008,57.816505,57.435623,57.47089,9140
2022-01-12 13:00:00,0,0.655457523216005,0.34454247678399497,Sell,57.47089,58.028107,57.442677,57.943466,25480
2022-01-12 14:00:00,0,0.6041562226796998,0.3958437773203002,Sell,57.943466,58.126854,57.696598,57.964626,36007
2022-01-12 15:00:00,0,0.5854940640782248,0.4145059359217752,Sell,57.97168,58.30319,57.8024,58.112747,38613
2022-01-12 16:00:00,0,0.6156180768175824,0.3843819231824176,Sell,58.112747,58.500683,58.042213,58.465416,26683
2022-01-12 17:00:00,0,0.5912452939605195,0.4087547060394805,Sell,58.465416,58.613537,58.34551,58.458363,16368
2022-01-12 18:00:00,0,0.5722492414618545,0.4277507585381455,Sell,58.458363,58.543003,58.28203,58.359615,15874
2022-01-12 19:00:00,0,0.5964110425169206,0.40358895748307944,Sell,58.359615,58.500683,58.105694,58.218548,27956
2022-01-12 20:00:00,0,0.6149157592236593,0.38508424077634074,Sell,58.2256,58.34551,58.18328,58.34551,4635
2022-01-12 21:00:00,0,0.610681158824907,0.38931884117509297,Sell,58.34551,58.45131,58.3314,58.373722,1730
2022-01-12 23:00:00,0,0.6035601701009297,0.39643982989907034,Sell,58.416042,58.47247,58.338455,58.36667,1259
2022-01-13 00:00:00,0,0.594969537714543,0.405030462285457,Sell,58.36667,58.43015,58.34551,58.423096,861
2022-01-13 01:00:00,0,0.5714689555844545,0.42853104441554546,Sell,58.423096,58.500683,58.239708,58.274975,4347
2022-01-13 02:00:00,0,0.5466272504578407,0.45337274954215934,Sell,58.274975,58.34551,58.197388,58.28203,2563
2022-01-13 03:00:00,0,0.5567913594102976,0.44320864058970244,Sell,58.274975,58.28203,58.133907,58.169174,2247
2022-01-13 04:00:00,0,0.5416744800894502,0.4583255199105498,Sell,58.169174,58.2256,58.14096,58.148014,954
2022-01-13 05:00:00,0,0.4665367108436935,0.5334632891563065,Hold,58.148014,58.176228,58.042213,58.042213,3259
2022-01-13 06:00:00,0,0.5365172309451688,0.4634827690548312,Sell,58.042213,58.20444,58.021053,58.14096,3304
2022-01-13 07:00:00,0,0.5000083545563929,0.4999916454436071,Sell,58.126854,58.126854,57.936413,58.09864,4679
2022-01-13 08:00:00,0,0.6032604784702691,0.3967395215297309,Sell,58.105694,58.338455,58.07748,58.30319,8544
2022-01-13 09:00:00,0,0.6168601596070843,0.3831398403929157,Sell,58.31024,58.47247,58.070427,58.373722,9622
2022-01-13 10:00:00,0,0.5744239302262496,0.4255760697737504,Sell,58.380775,58.45131,58.232655,58.28203,4745
2022-01-13 11:00:00,0,0.564837917125868,0.43516208287413205,Sell,58.28203,58.36667,58.211494,58.28203,3340
2022-01-13 12:00:00,0,0.5218401708824923,0.47815982911750765,Sell,58.274975,58.296135,57.86588,57.985786,11110
2022-01-13 13:00:00,0,0.5509428048008389,0.4490571951991611,Sell,57.985786,58.1198,57.894093,58.105694,12380
2022-01-13 14:00:00,0,0.6430934782313449,0.3569065217686551,Sell,58.105694,58.465416,58.05632,58.338455,26694
2022-01-13 15:00:00,0,0.46900842710292057,0.5309915728970794,Hold,58.34551,58.394882,57.78124,57.809452,25690
2022-01-13 16:00:00,0,0.5726178130373847,0.4273821869626153,Sell,57.809452,58.380775,57.73892,58.352562,22169
2022-01-13 17:00:00,0,0.5216736070557497,0.4783263929442503,Sell,58.359615,58.373722,57.879986,58.03516,14467
2022-01-13 18:00:00,0,0.557479506563309,0.442520493436691,Sell,58.03516,58.176228,57.88704,58.126854,11584
2022-01-13 19:00:00,0,0.3524736398519376,0.6475263601480624,Hold,58.1198,58.176228,57.64017,57.675438,21784
2022-01-13 20:00:00,0,0.37487165357037205,0.625128346429628,Hold,57.668385,57.668385,57.40741,57.477943,8878
2022-01-13 21:00:00,0,0.3495654201907172,0.6504345798092828,Hold,57.484997,57.626064,57.442677,57.626064,2103
2022-01-13 23:00:00,0,0.3848743417119738,0.6151256582880262,Hold,57.647224,57.72481,57.61901,57.70365,1357
2022-01-14 00:00:00,0,0.36988495151929085,0.6301150484807092,Hold,57.696598,57.70365,57.562584,57.626064,1512
2022-01-14 01:00:00,0,0.39897309913024215,0.6010269008697579,Hold,57.626064,57.76008,57.541424,57.675438,4710
2022-01-14 02:00:00,0,0.4275505890166568,0.5724494109833431,Hold,57.68249,57.8024,57.541424,57.76713,5373
2022-01-14 03:00:00,0,0.4389127704896087,0.5610872295103912,Hold,57.774185,57.788292,57.647224,57.68249,2205
2022-01-14 04:00:00,0,0.4199732625583346,0.5800267374416654,Hold,57.689545,57.78124,57.633118,57.731865,1432
2022-01-14 05:00:00,0,0.45017624827974817,0.5498237517202518,Hold,57.73892,57.86588,57.710705,57.837666,2255
2022-01-14 06:00:00,0,0.5245054839058126,0.47549451609418736,Sell,57.830612,57.999893,57.788292,57.964626,3903
2022-01-14 07:00:00,0,0.5054630659929586,0.49453693400704135,Sell,57.964626,58.063374,57.894093,58.006947,4048
2022-01-14 08:00:00,0,0.5923898947335619,0.40761010526643815,Sell,58.006947,58.43015,57.922306,58.260868,12323
2022-01-14 09:00:00,0,0.6085437128969189,0.3914562871030811,Sell,58.26792,58.38783,58.126854,58.3314,7692
2022-01-14 10:00:00,0,0.6888598634938801,0.31114013650611994,Sell,58.3314,58.698177,58.28908,58.57827,9816
2022-01-14 11:00:00,0,0.6290981628093629,0.3709018371906371,Sell,58.585323,58.78987,58.30319,58.373722,8087
2022-01-14 12:00:00,0,0.5842109291551056,0.41578907084489436,Sell,58.36667,58.380775,57.999893,58.042213,9940
2022-01-14 13:00:00,0,0.5171263433412653,0.4828736566587347,Sell,58.03516,58.218548,57.668385,57.97168,24615
2022-01-14 14:00:00,0,0.6411391291188273,0.3588608708811727,Sell,57.97168,58.648804,57.936413,58.55711,29391
2022-01-14 15:00:00,0,0.594344876101522,0.405655123898478,Sell,58.55711,58.627644,58.30319,58.49363,21071
2022-01-14 16:00:00,0,0.5795531556488276,0.4204468443511724,Sell,58.49363,58.860405,58.359615,58.394882,24618
2022-01-14 17:00:00,0,0.6468626825222704,0.3531373174777296,Sell,58.401936,59.340034,58.38783,59.325928,23461
2022-01-14 18:00:00,0,0.5892056238930963,0.4107943761069037,Sell,59.318874,59.403515,59.03674,59.220127,19333
2022-01-14 19:00:00,0,0.5536948141357534,0.4463051858642466,Sell,59.220127,59.347088,59.043793,59.114326,19787
2022-01-14 20:00:00,0,0.5150696382973075,0.48493036170269255,Sell,59.114326,59.445835,59.114326,59.41762,6224
2022-01-14 21:00:00,0,0.500588233584813,0.49941176641518703,Sell,59.41057,59.565742,59.368248,59.43878,3510
2022-01-16 23:00:00,0,0.5298202203502725,0.47017977964972746,Sell,59.47405,59.7985,59.466995,59.57985,3655
2022-01-17 00:00:00,0,0.4965817449256845,0.5034182550743155,Hold,59.572796,59.62217,59.488155,59.51637,964
2022-01-17 01:00:00,0,0.5306373015130116,0.4693626984869884,Sell,59.509315,59.68565,59.39646,59.615116,2479
2022-01-17 02:00:00,0,0.5129127212565148,0.48708727874348523,Sell,59.62217,59.66449,59.297714,59.41762,2274
2022-01-17 03:00:00,0,0.5393048147259737,0.4606951852740263,Sell,59.41057,59.45289,59.325928,59.403515,673
2022-01-17 04:00:00,0,0.5729111022364196,0.4270888977635804,Sell,59.403515,59.403515,59.283607,59.318874,828
2022-01-17 05:00:00,0,0.6164967105667538,0.3835032894332462,Sell,59.325928,59.424675,59.304768,59.368248,945
2022-01-17 06:00:00,0,0.6217898532502593,0.37821014674974074,Sell,59.3753,59.551636,59.361195,59.45994,1347
2022-01-17 07:00:00,0,0.647415022612892,0.35258497738710803,Sell,59.466995,59.62217,59.41057,59.565742,1355
2022-01-17 08:00:00,0,0.5972630643321816,0.40273693566781843,Sell,59.57985,59.586903,59.29066,59.38941,1921
2022-01-17 09:00:00,0,0.5876872156669657,0.4123127843330343,Sell,59.382355,59.382355,59.107273,59.31182,2447
2022-01-17 10:00:00,0,0.5752206412839315,0.42477935871606853,Sell,59.325928,59.361195,59.029686,59.128433,2324
2022-01-17 11:00:00,0,0.5336264827745493,0.46637351722545073,Sell,59.12138,59.22718,59.0579,59.135487,1191
2022-01-17 12:00:00,0,0.5159158224631812,0.48408417753681876,Sell,59.12138,59.156647,58.93094,59.135487,2048
2022-01-17 13:00:00,0,0.4869443208754799,0.5130556791245201,Hold,59.14254,59.276554,58.980312,59.0579,2610
2022-01-17 14:00:00,0,0.4755762810140326,0.5244237189859674,Hold,59.064953,59.2695,58.89567,59.156647,4577
2022-01-17 15:00:00,0,0.5216110587259453,0.47838894127405474,Sell,59.149593,59.297714,59.050846,59.128433,2474
2022-01-17 16:00:00,0,0.566090498882375,0.43390950111762505,Sell,59.128433,59.43173,59.128433,59.41762,3097
2022-01-17 17:00:00,0,0.5049423237327837,0.4950576762672163,Sell,59.41057,59.488155,59.297714,59.445835,1385
2022-01-17 18:00:00,0,0.5455701697945463,0.4544298302054537,Sell,59.43878,59.53753,59.38941,59.41762,880
2022-01-17 19:00:00,0,0.5775795700993235,0.4224204299006765,Sell,59.41762,59.509315,59.39646,59.45994,207
2022-01-17 23:00:00,0,0.4908023197211296,0.5091976802788705,Hold,59.445835,59.481102,59.35414,59.403515,541
2022-01-18 00:00:00,0,0.5166957736443263,0.4833042263556737,Sell,59.403515,59.41762,59.325928,59.403515,569
2022-01-18 01:00:00,0,0.5612400746210416,0.43875992537895836,Sell,59.41057,59.62217,59.38941,59.593956,2042
2022-01-18 02:00:00,0,0.6273079445654479,0.3726920554345521,Sell,59.593956,60.04537,59.593956,60.04537,2678
2022-01-18 03:00:00,0,0.6297662231174939,0.37023377688250614,Sell,60.05242,60.08769,59.826714,59.86198,1269
2022-01-18 04:00:00,0,0.6449981716384028,0.3550018283615972,Sell,59.854927,59.974834,59.75618,59.939568,740
2022-01-18 05:00:00,0,0.6614703778167681,0.3385296221832319,Sell,59.932514,60.080635,59.869034,60.059475,701
2022-01-18 06:00:00,0,0.6576896287241983,0.34231037127580166,Sell,60.05242,60.306343,60.017155,60.23581,1670
2022-01-18 07:00:00,0,0.6790160510753015,0.3209839489246985,Sell,60.23581,60.475624,60.17233,60.440357,2191
2022-01-18 08:00:00,0,0.6165346951281293,0.3834653048718707,Sell,60.440357,60.440357,59.939568,60.003048,2111
2022-01-18 09:00:00,0,0.6427764345938545,0.3572235654061455,Sell,59.995995,60.242863,59.911354,60.003048,1372
2022-01-18 10:00:00,0,0.6739395206948997,0.3260604793051003,Sell,60.017155,60.292236,59.890194,60.228756,1087
2022-01-18 11:00:00,0,0.5448806860416786,0.4551193139583214,Sell,60.228756,60.228756,59.84082,59.854927,1233
2022-01-18 12:00:00,0,0.5619427599955152,0.43805724000448476,Sell,59.86198,60.003048,59.7985,59.88314,1408
2022-01-18 13:00:00,0,0.631770699447681,0.36822930055231895,Sell,59.918407,60.390984,59.897247,60.228756,3434
2022-01-18 14:00:00,0,0.572566131962224,0.42743386803777605,Sell,60.228756,60.25697,59.629223,59.960728,6921
2022-01-18 15:00:00,0,0.5307386566601378,0.46926134333986225,Sell,59.939568,60.348663,59.791447,59.995995,4604
2022-01-18 16:00:00,0,0.5058795790949233,0.4941204209050767,Sell,59.995995,60.158222,59.60101,60.059475,4934
2022-01-18 17:00:00,0,0.48911411608877636,0.5108858839112236,Hold,60.080635,60.137062,59.699757,59.7985,2642
2022-01-18 18:00:00,0,0.5129696634948284,0.4870303365051716,Sell,59.805553,60.228756,59.72797,60.17233,2795
2022-01-18 19:00:00,0,0.5697983755067666,0.4302016244932334,Sell,60.165276,60.61669,60.003048,60.539104,5711
2022-01-18 20:00:00,0,0.5302841155614308,0.46971588443856915,Sell,60.546158,60.61669,60.46857,60.560265,1975
2022-01-18 21:00:00,0,0.6147551036752171,0.38524489632478287,Sell,60.560265,61.103374,60.539104,61.054,1668
2022-01-18 23:00:00,0,0.6586246368279206,0.3413753631720794,Sell,61.089268,61.34319,61.004627,61.22328,420
2022-01-19 00:00:00,0,0.6899290774830801,0.3100709225169199,Sell,61.21623,61.329082,61.18096,61.21623,188
2022-01-19 01:00:00,0,0.7140147131669213,0.28598528683307867,Sell,61.209175,61.40667,61.09632,61.307922,267
2022-01-19 02:00:00,0,0.690815290068801,0.30918470993119895,Sell,61.293816,61.420776,61.11748,61.188015,182
2022-01-19 03:00:00,0,0.7114215123745802,0.2885784876254198,Sell,61.188015,61.188015,61.004627,61.09632,224
2022-01-19 04:00:00,0,0.7038179322022353,0.2961820677977647,Sell,61.11748,61.131588,61.01168,61.018734,130
2022-01-19 05:00:00,0,0.700465238587817,0.29953476141218305,Sell,61.018734,61.03284,60.891773,61.025787,233
2022-01-19 06:00:00,0,0.6963835358113389,0.30361646418866106,Sell,61.054,61.166855,60.687225,60.75776,476
2022-01-19 07:00:00,0,0.7036483684455511,0.2963516315544489,Sell,60.750706,60.82124,60.57437,60.764812,349
2022-01-19 08:00:00,0,0.6996109144963115,0.3003890855036885,Sell,60.764812,60.90588,60.496784,60.6308,426
2022-01-19 09:00:00,0,0.7481165537395967,0.25188344626040327,Sell,60.6308,61.19507,60.59553,61.054,502
2022-01-19 10:00:00,0,0.7300994675126181,0.2699005324873819,Sell,61.046947,61.22328,60.976414,61.166855,179
2022-01-19 11:00:00,0,0.7100139709705023,0.28998602902949766,Sell,61.209175,61.209175,60.919987,60.941147,605
2022-01-19 12:00:00,0,0.6764734152966306,0.32352658470336937,Sell,60.955254,61.20212,60.65901,60.687225,1084
2022-01-19 13:00:00,0,0.6665790705223867,0.33342092947761326,Sell,60.680172,60.814186,60.539104,60.771866,1252
2022-01-19 14:00:00,0,0.7080619977188881,0.2919380022811119,Sell,60.75776,61.166855,60.666065,61.13864,2549
2022-01-19 15:00:00,0,0.7128615624588452,0.28713843754115476,Sell,61.15275,61.51247,60.891773,61.42783,2120
2022-01-19 16:00:00,0,0.6664834044477945,0.3335165955522055,Sell,61.413723,62.006207,61.413723,61.84398,2150
2022-01-19 17:00:00,0,0.6631873573006241,0.33681264269937594,Sell,61.851032,61.893353,61.32203,61.505417,2308
2022-01-19 18:00:00,0,0.595629526902194,0.40437047309780605,Sell,61.498363,61.505417,60.793026,61.145695,2714
2022-01-19 19:00:00,0,0.5888679559886999,0.4111320440113001,Sell,61.166855,61.392563,60.919987,61.089268,3771
2022-01-19 20:00:00,0,0.5799170623882287,0.4200829376117713,Sell,61.124535,61.22328,60.941147,61.01168,407
2022-01-19 21:00:00,0,0.5789887674521308,0.4210112325478692,Sell,61.01168,61.13864,60.771866,60.77892,166
2022-01-19 23:00:00,0,0.5436093958299787,0.4563906041700213,Sell,60.82124,60.849453,60.75776,60.75776,41
2022-01-20 00:00:00,0,0.562183444592405,0.437816555407595,Sell,60.75776,60.9508,60.75061,60.943653,2661
2022-01-20 01:00:00,0,0.5494696720818372,0.45053032791816283,Sell,60.943653,60.97225,60.579018,60.80066,9679
2022-01-20 02:00:00,0,0.6293975405688442,0.3706024594311558,Sell,60.79351,61.24394,60.786358,61.208187,7119
2022-01-20 03:00:00,0,0.6609872659736733,0.3390127340263267,Sell,61.208187,61.40838,61.108093,61.329735,4891
2022-01-20 04:00:00,0,0.63532533531039,0.36467466468960996,Sell,61.329735,61.365482,61.258236,61.322582,1889
2022-01-20 05:00:00,0,0.673608591331766,0.326391408668234,Sell,61.329735,61.53707,61.251087,61.336884,4882
2022-01-20 06:00:00,0,0.6364655075085288,0.3635344924914712,Sell,61.336884,61.487026,61.279686,61.286835,3979
2022-01-20 07:00:00,0,0.648681251764427,0.35131874823557296,Sell,61.286835,61.322582,60.943653,61.050896,7595
2022-01-20 08:00:00,0,0.6159388032360353,0.38406119676396466,Sell,61.043747,61.136692,60.829258,60.922203,15614
2022-01-20 09:00:00,0,0.656863962671205,0.34313603732879505,Sell,60.922203,61.122395,60.836407,61.093796,9435
2022-01-20 10:00:00,0,0.6695124603278202,0.3304875396721798,Sell,61.086643,61.358334,61.072346,61.18674,8134
2022-01-20 11:00:00,0,0.65920216397624,0.34079783602376,Sell,61.18674,61.40123,61.158142,61.286835,6849
2022-01-20 12:00:00,0,0.6318404570374405,0.3681595429625595,Sell,61.286835,61.329735,60.92935,61.043747,9941
2022-01-20 13:00:00,0,0.6404254299534832,0.35957457004651683,Sell,61.043747,61.265385,60.900753,61.258236,18164
2022-01-20 14:00:00,0,0.6566609708331779,0.34333902916682213,Sell,61.258236,61.42983,61.129543,61.322582,31475
2022-01-20 15:00:00,0,0.7338099708154351,0.2661900291845649,Sell,61.315434,61.80876,61.22249,61.694366,27992
2022-01-20 16:00:00,1,0.6989221353401615,0.30107786465983855,Sell,61.672916,62.273487,61.515625,61.851658,45467
2022-01-20 17:00:00,1,0.6439854623576139,0.3560145376423861,Sell,61.858807,61.873108,61.55852,61.680065,23963
2022-01-20 18:00:00,1,0.6390339545762876,0.36096604542371236,Sell,61.687218,61.722965,61.179592,61.487026,26816
2022-01-20 19:00:00,1,0.6022702420352204,0.3977297579647796,Sell,61.487026,61.65862,60.97225,61.072346,32313
2022-01-20 20:00:00,0,0.4461381059241793,0.5538618940758206,Hold,61.072346,61.108093,60.443176,60.51467,16608
2022-01-20 21:00:00,0,0.42280899595039834,0.5771910040496017,Hold,60.507523,60.507523,60.20009,60.400276,9516
2022-01-20 23:00:00,0,0.3975645036742342,0.6024354963257659,Hold,60.464626,60.714863,60.057095,60.114292,6476
2022-01-21 00:00:00,0,0.40666711704735853,0.5933328829526414,Hold,60.114292,60.12144,59.599518,59.835457,10216
2022-01-21 01:00:00,0,0.4119654759163091,0.5880345240836908,Hold,59.835457,60.0142,59.184837,59.51372,20250
2022-01-21 02:00:00,0,0.4474846633427218,0.5525153366572781,Hold,59.506573,60.092842,59.420776,59.75681,11630
2022-01-21 03:00:00,0,0.4114545822024604,0.5885454177975395,Hold,59.74966,59.94985,59.70676,59.9427,3373
2022-01-21 04:00:00,0,0.4030717511319346,0.5969282488680654,Hold,59.9427,60.049946,59.785408,59.849754,3190
2022-01-21 05:00:00,0,0.43597554743083067,0.5640244525691693,Hold,59.835457,60.250134,59.814007,60.09999,5222
2022-01-21 06:00:00,0,0.4168561654082919,0.5831438345917082,Hold,60.092842,60.16434,59.928402,60.042797,5123
2022-01-21 07:00:00,0,0.4398571112002943,0.5601428887997058,Hold,60.035645,60.393127,59.899803,60.271584,8465
2022-01-21 08:00:00,0,0.4379553394193978,0.5620446605806022,Hold,60.264435,60.264435,59.72821,60.14289,17337
2022-01-21 09:00:00,0,0.4538884460802705,0.5461115539197294,Hold,60.14289,60.16434,59.67816,60.007046,11788
2022-01-21 10:00:00,0,0.49667864463744255,0.5033213553625575,Hold,59.999897,60.278732,59.849754,60.264435,7585
2022-01-21 11:00:00,0,0.4811199249784378,0.5188800750215622,Hold,60.257286,60.278732,59.871204,60.20009,8592
2022-01-21 12:00:00,0,0.51371484435229,0.48628515564771,Sell,60.19294,60.37883,59.9856,60.085693,10715
2022-01-21 13:00:00,0,0.5687230558696746,0.43127694413032536,Sell,60.085693,60.98655,60.085693,60.857857,36720
2022-01-21 14:00:00,0,0.5081926677606339,0.4918073322393661,Sell,60.857857,61.01515,60.16434,60.30733,43503
2022-01-21 15:00:00,0,0.5831080741626609,0.41689192583733914,Sell,60.300182,61.00085,59.9141,60.872154,48777
2022-01-21 16:00:00,0,0.5405263295513697,0.4594736704486303,Sell,60.872154,61.17244,60.579018,60.72201,32388
2022-01-21 17:00:00,0,0.5059885368776182,0.49401146312238176,Sell,60.72201,60.97225,60.521824,60.75061,20660
2022-01-21 18:00:00,0,0.5540335139446512,0.44596648605534883,Sell,60.75776,60.807808,60.56472,60.75061,17401
2022-01-21 19:00:00,0,0.5285592159958361,0.4714407840041639,Sell,60.74346,60.915054,60.671967,60.72916,18820
2022-01-21 20:00:00,0,0.5473026142947717,0.45269738570522833,Sell,60.736313,60.736313,60.314484,60.636215,14932
2022-01-21 21:00:00,0,0.5339413826503381,0.4660586173496619,Sell,60.629066,60.75776,60.550423,60.650517,3127
2022-01-23 23:00:00,1,0.6332274981279024,0.36677250187209764,Sell,60.707714,61.40123,60.59332,61.37263,8990
2022-01-24 00:00:00,1,0.5666006978789125,0.43339930212108746,Sell,61.37263,61.45128,61.258236,61.37263,5322
2022-01-24 01:00:00,1,0.6347727872406266,0.3652272127593734,Sell,61.37978,61.544224,61.322582,61.494175,6038
2022-01-24 02:00:00,1,0.6194749498428899,0.38052505015711013,Sell,61.501324,61.551373,61.293983,61.358334,4068
2022-01-24 03:00:00,1,0.6078222976397389,0.39217770236026106,Sell,61.358334,61.40123,61.265385,61.35118,3177
2022-01-24 04:00:00,1,0.6203045322875201,0.37969546771247986,Sell,61.344032,61.436977,61.301136,61.365482,1875
2022-01-24 05:00:00,1,0.6246946263145784,0.3753053736854216,Sell,61.365482,61.42268,61.315434,61.329735,1923
2022-01-24 06:00:00,1,0.5518740438501697,0.4481259561498303,Sell,61.329735,61.344032,61.16529,61.229637,4478
2022-01-24 07:00:00,1,0.5424664737939331,0.4575335262060669,Sell,61.22249,61.336884,61.108093,61.265385,4339
2022-01-24 08:00:00,1,0.5712851197314905,0.42871488026850946,Sell,61.265385,61.315434,61.065197,61.079494,8210
2022-01-24 09:00:00,1,0.5503453121759382,0.4496546878240618,Sell,61.079494,61.108093,60.872154,61.079494,10228
2022-01-24 10:00:00,0,0.5088155302062369,0.49118446979376307,Sell,61.072346,61.086643,60.450325,60.736313,12034
2022-01-24 11:00:00,1,0.5352191026295889,0.46478089737041106,Sell,60.72916,61.129543,60.58617,61.022297,10851
2022-01-24 12:00:00,1,0.5176029226698682,0.4823970773301318,Sell,61.022297,61.0366,60.671967,60.77206,11394
2022-01-24 13:00:00,0,0.44286229030316876,0.5571377096968313,Hold,60.77206,60.80066,59.792557,59.799706,35126
2022-01-24 14:00:00,0,0.4172080341686961,0.5827919658313039,Hold,59.806858,60.035645,59.234886,59.242035,58660
2022-01-24 15:00:00,0,0.40376758857305306,0.5962324114269469,Hold,59.242035,59.692463,58.73441,59.406475,61482
2022-01-24 16:00:00,0,0.3427778963415447,0.6572221036584553,Hold,59.406475,59.420776,58.65576,58.94175,45471
2022-01-24 17:00:00,0,0.3377393172037715,0.6622606827962285,Hold,58.94175,59.585217,58.555668,59.51372,36825
2022-01-24 18:00:00,0,0.3052701505008891,0.6947298494991109,Hold,59.506573,59.785408,59.449375,59.70676,25012
2022-01-24 19:00:00,0,0.33449178107805744,0.6655082189219426,Hold,59.713913,59.821156,59.07759,59.392178,30787
2022-01-24 20:00:00,0,0.30472812191706594,0.6952718780829341,Hold,59.406475,59.93555,59.392178,59.90695,10833
2022-01-24 21:00:00,0,0.2656678562679717,0.7343321437320283,Hold,59.899803,60.16434,59.878353,60.114292,4214
2022-01-24 23:00:00,0,0.28637109726835025,0.7136289027316498,Hold,60.16434,60.228687,59.978447,60.19294,2795
2022-01-25 00:00:00,0,0.38507262155109895,0.6149273784489011,Hold,60.207237,60.207237,59.75681,59.785408,3525
2022-01-25 01:00:00,0,0.3574243613118858,0.6425756386881142,Hold,59.771107,59.9427,59.649563,59.878353,9095
2022-01-25 02:00:00,0,0.35508060252916845,0.6449193974708316,Hold,59.878353,59.9713,59.663864,59.96415,5043
2022-01-25 03:00:00,0,0.3558330408131938,0.6441669591868062,Hold,59.957,59.978447,59.70676,59.849754,4405
2022-01-25 04:00:00,0,0.33728654726398977,0.6627134527360102,Hold,59.849754,59.94985,59.72821,59.821156,2182
2022-01-25 05:00:00,0,0.3462272629698821,0.6537727370301178,Hold,59.821156,59.9713,59.74251,59.849754,3744
2022-01-25 06:00:00,0,0.3799948158606022,0.6200051841393979,Hold,59.842606,60.071396,59.835457,60.028496,5006
2022-01-25 07:00:00,0,0.3816483344768693,0.6183516655231307,Hold,60.035645,60.15004,59.785408,59.9713,8700
2022-01-25 08:00:00,0,0.37041494787151963,0.6295850521284804,Hold,59.978447,60.071396,59.671013,59.856903,10263
2022-01-25 09:00:00,0,0.44300458313147806,0.5569954168685219,Hold,59.856903,60.450325,59.685314,60.343082,14446
2022-01-25 10:00:00,0,0.4352612715964578,0.5647387284035422,Hold,60.343082,60.400276,60.007046,60.071396,7862
2022-01-25 11:00:00,0,0.36538830940469685,0.6346116905953032,Hold,60.071396,60.214386,59.842606,59.93555,7609
2022-01-25 12:00:00,0,0.3978054148290743,0.6021945851709257,Hold,59.94985,59.957,59.33498,59.606667,17250
2022-01-25 13:00:00,0,0.38509770793374,0.61490229206626,Hold,59.613815,59.928402,59.377876,59.892654,19652
2022-01-25 14:00:00,0,0.4110832958478443,0.5889167041521557,Hold,59.899803,60.214386,59.49942,60.064243,47718
2022-01-25 15:00:00,0,0.443869499790243,0.556130500209757,Hold,60.078545,60.55757,59.799706,60.500374,49172
2022-01-25 16:00:00,0,0.42922588654368926,0.5707741134563107,Hold,60.500374,60.865005,60.393127,60.74346,34161
2022-01-25 17:00:00,0,0.43495601443782317,0.5650439855621768,Hold,60.75061,61.02945,60.72201,60.879307,18700
2022-01-25 18:00:00,0,0.43564573607496987,0.5643542639250301,Hold,60.886456,61.043747,60.80066,60.943653,15224
2022-01-25 19:00:00,0,0.4361973491798907,0.5638026508201093,Hold,60.9365,61.279686,60.814957,60.9794,29180
2022-01-25 20:00:00,0,0.3887579562102331,0.6112420437897669,Hold,60.97225,61.093796,60.857857,61.079494,7480
2022-01-25 21:00:00,0,0.36020852772678974,0.6397914722732103,Hold,61.072346,61.079494,60.79351,60.893604,3812
2022-01-25 23:00:00,0,0.357953752479815,0.642046247520185,Hold,60.95795,61.115242,60.850708,61.01515,2746
2022-01-26 00:00:00,0,0.38579763536254014,0.6142023646374599,Hold,61.01515,61.022297,60.872154,60.9079,1846
2022-01-26 01:00:00,0,0.43801858325198106,0.5619814167480189,Hold,60.915054,61.058044,60.857857,60.943653,3973
2022-01-26 02:00:00,0,0.4341985636076227,0.5658014363923773,Hold,60.9508,61.050896,60.836407,60.843555,3031
2022-01-26 03:00:00,0,0.438209270704077,0.561790729295923,Hold,60.843555,60.943653,60.77921,60.92935,4306
2022-01-26 04:00:00,0,0.4275119930332612,0.5724880069667388,Hold,60.92935,60.9651,60.900753,60.95795,1136
2022-01-26 05:00:00,0,0.4360398999576871,0.5639601000423129,Hold,60.9508,61.01515,60.865005,60.9937,2374
2022-01-26 06:00:00,0,0.4973915314707113,0.5026084685292886,Hold,60.98655,61.22249,60.9508,61.150993,5863
2022-01-26 07:00:00,0,0.4855787934980192,0.5144212065019809,Hold,61.158142,61.40123,61.100945,61.315434,7249
2022-01-26 08:00:00,0,0.4857780785998701,0.5142219214001299,Hold,61.315434,61.458427,61.272537,61.38693,9795
2022-01-26 09:00:00,0,0.5256062664624462,0.47439373353755376,Sell,61.37978,61.57997,61.35118,61.572823,9615
2022-01-26 10:00:00,0,0.5082676690251752,0.4917323309748248,Sell,61.572823,61.665768,61.487026,61.551373,6741
2022-01-26 11:00:00,0,0.44198633282552824,0.5580136671744718,Hold,61.551373,61.680065,61.42268,61.55852,6340
2022-01-26 12:00:00,0,0.45382573549216965,0.5461742645078304,Hold,61.55852,61.873108,61.529922,61.76586,11278
2022-01-26 13:00:00,0,0.44933016583823415,0.5506698341617658,Hold,61.758713,62.344982,61.751564,62.123344,29727
2022-01-26 14:00:00,0,0.40855002656217787,0.5914499734378221,Hold,62.123344,62.409332,61.687218,62.37358,37861
2022-01-26 15:00:00,0,0.3644191923738763,0.6355808076261237,Hold,62.37358,62.588074,62.08045,62.552322,37325
2022-01-26 16:00:00,0,0.3796729129194931,0.6203270870805069,Hold,62.552322,62.83831,62.387882,62.716766,36312
2022-01-26 17:00:00,0,0.40107338810765675,0.5989266118923433,Hold,62.716766,62.881207,62.63812,62.766815,17775
2022-01-26 18:00:00,0,0.41724349113507603,0.582756508864924,Hold,62.773964,62.81686,62.316387,62.380733,27686
2022-01-26 19:00:00,0,0.4140282086164696,0.5859717913835304,Hold,62.359283,62.616673,62.073296,62.22344,36994
2022-01-26 20:00:00,0,0.4208751405691193,0.5791248594308807,Hold,62.20914,62.24489,61.701515,62.00895,21366
2022-01-26 21:00:00,0,0.450964694988572,0.549035305011428,Hold,62.016098,62.502277,62.016098,62.309235,5378
2022-01-26 23:00:00,0,0.40524731208600323,0.5947526879139968,Hold,62.309235,62.516575,62.25919,62.47368,2389
2022-01-27 00:00:00,0,0.43354665745487136,0.5664533425451286,Hold,62.459377,62.46653,62.280636,62.294937,2369
2022-01-27 01:00:00,0,0.40928929294000577,0.5907107070599942,Hold,62.294937,62.42363,62.130493,62.159092,10052
2022-01-27 02:00:00,0,0.3870427840474264,0.6129572159525736,Hold,62.151943,62.22344,61.873108,62.073296,8863
2022-01-27 03:00:00,0,0.38045745530763814,0.6195425446923619,Hold,62.073296,62.109047,61.730114,61.84451,6633
2022-01-27 04:00:00,0,0.3742110764306717,0.6257889235693284,Hold,61.84451,61.9732,61.780163,61.966053,2764
2022-01-27 05:00:00,0,0.38814744035936244,0.6118525596406376,Hold,61.966053,62.066147,61.830208,61.958904,4558
2022-01-27 06:00:00,0,0.39540047907792725,0.6045995209220727,Hold,61.95175,62.05185,61.82306,61.9732,4619
2022-01-27 07:00:00,0,0.4458066984703337,0.5541933015296663,Hold,61.98035,62.309235,61.944603,62.180542,6396
2022-01-27 08:00:00,0,0.4411156250137408,0.5588843749862592,Hold,62.173393,62.573772,62.08045,62.24489,12679
2022-01-27 09:00:00,0,0.46757552995658075,0.5324244700434193,Hold,62.252037,62.530876,62.144794,62.516575,8964
2022-01-27 10:00:00,0,0.42324602611095424,0.5767539738890457,Hold,62.509426,62.68102,62.39503,62.43078,7709
2022-01-27 11:00:00,0,0.5129939378542507,0.48700606214574926,Sell,62.42363,63.145744,62.366432,63.109997,11454
2022-01-27 12:00:00,0,0.47075240980666294,0.5292475901933371,Hold,63.109997,63.160046,62.88836,63.0242,12149
2022-01-27 13:00:00,0,0.4505149625802499,0.5494850374197501,Hold,63.0242,63.23154,62.723915,63.0957,24027
2022-01-27 14:00:00,0,0.48231118622685276,0.5176888137731472,Hold,63.0957,63.30304,62.709618,62.759663,34027
2022-01-27 15:00:00,0,0.4526652061297631,0.5473347938702369,Hold,62.766815,62.88836,61.851658,62.43793,47442
2022-01-27 16:00:00,0,0.5100636593447937,0.4899363406552063,Sell,62.43793,62.65242,62.22344,62.509426,30044
2022-01-27 17:00:00,0,0.5166087126196666,0.48339128738033343,Sell,62.509426,62.559475,61.930305,62.316387,24901
2022-01-27 18:00:00,0,0.48632316316947594,0.513676836830524,Hold,62.309235,62.366432,61.908855,62.24489,19914
2022-01-27 19:00:00,0,0.5034989788510625,0.49650102114893746,Sell,62.23774,62.459377,61.63002,61.672916,26164
2022-01-27 20:00:00,0,0.4756613722309734,0.5243386277690266,Hold,61.665768,62.273487,61.65862,62.180542,10336
2022-01-27 21:00:00,0,0.5410743579678039,0.4589256420321961,Sell,62.180542,62.49513,62.173393,62.409332,3778
2022-01-27 23:00:00,0,0.5318522208916819,0.46814777910831806,Sell,62.559475,62.616673,62.43793,62.47368,2605
2022-01-28 00:00:00,0,0.5061611544253917,0.49383884557460833,Sell,62.46653,62.502277,62.26634,62.41648,2689
2022-01-28 01:00:00,0,0.4825263316147975,0.5174736683852025,Hold,62.42363,62.42363,62.044697,62.22344,8290
2022-01-28 02:00:00,0,0.48850131065894536,0.5114986893410547,Hold,62.23059,62.380733,62.159092,62.366432,4617
2022-01-28 03:00:00,0,0.4798786927898892,0.5201213072101107,Hold,62.366432,62.41648,62.137646,62.309235,4958
2022-01-28 04:00:00,0,0.4885294715017713,0.5114705284982287,Hold,62.309235,62.330685,62.159092,62.25919,2330
2022-01-28 05:00:00,0,0.5261590440673873,0.47384095593261266,Sell,62.24489,62.47368,62.18769,62.44508,4348
2022-01-28 06:00:00,0,0.5105400655901295,0.48945993440987046,Sell,62.45223,62.487976,62.252037,62.302086,5045
2022-01-28 07:00:00,0,0.49533038950793745,0.5046696104920625,Hold,62.302086,62.516575,62.22344,62.487976,5642
2022-01-28 08:00:00,0,0.42880443487989756,0.5711955651201024,Hold,62.487976,62.559475,62.08045,62.19484,12547
2022-01-28 09:00:00,0,0.4073746400591444,0.5926253599408555,Hold,62.19484,62.43078,61.9732,62.280636,10994
2022-01-28 10:00:00,0,0.43660250694787056,0.5633974930521295,Hold,62.273487,62.344982,61.944603,62.137646,9410
2022-01-28 11:00:00,0,0.4501690100363183,0.5498309899636817,Hold,62.137646,62.459377,62.0304,62.42363,8897
2022-01-28 12:00:00,0,0.432975272926855,0.567024727073145,Hold,62.41648,62.552322,62.28779,62.44508,9436
2022-01-28 13:00:00,0,0.44271999827591446,0.5572800017240855,Hold,62.44508,63.188644,62.42363,63.109997,27609
2022-01-28 14:00:00,1,0.5204381240608694,0.4795618759391306,Sell,63.109997,63.481777,62.945557,63.44603,42048
2022-01-28 15:00:00,0,0.4963392429908311,0.5036607570091689,Hold,63.453182,63.51753,62.65242,62.716766,43894
2022-01-28 16:00:00,0,0.4476579812529389,0.5523420187470611,Hold,62.731064,63.0528,62.47368,62.759663,35362
2022-01-28 17:00:00,0,0.4050975801791365,0.5949024198208634,Hold,62.766815,62.83831,61.80161,62.144794,31614
2022-01-28 18:00:00,0,0.4137422283373703,0.5862577716626297,Hold,62.144794,62.523724,62.130493,62.280636,17732
2022-01-28 19:00:00,0,0.37180088908858777,0.6281991109114122,Hold,62.273487,62.359283,61.887405,62.180542,26656
2022-01-28 20:00:00,0,0.4320888037935774,0.5679111962064226,Hold,62.180542,62.366432,62.073296,62.352135,7130
2022-01-28 21:00:00,0,0.427979587720522,0.572020412279478,Hold,62.352135,62.46653,62.330685,62.409332,2369
2022-01-30 23:00:00,0,0.46071631894091947,0.5392836810590805,Hold,62.523724,62.795414,62.516575,62.745365,3968
2022-01-31 00:00:00,0,0.48429765426028426,0.5157023457397157,Hold,62.752514,62.88836,62.65957,62.84546,2843
2022-01-31 01:00:00,0,0.5137976170940245,0.4862023829059755,Sell,62.84546,63.03135,62.83831,62.938404,3818
2022-01-31 02:00:00,0,0.47624001638096947,0.5237599836190305,Hold,62.938404,63.01705,62.881207,62.938404,2350
2022-01-31 03:00:00,0,0.47561689396567375,0.5243831060343263,Hold,62.938404,62.938404,62.781113,62.84546,2565
2022-01-31 04:00:00,0,0.49158492229463785,0.5084150777053622,Hold,62.84546,62.938404,62.766815,62.773964,3483
2022-01-31 05:00:00,0,0.5301741354964422,0.4698258645035578,Sell,62.766815,62.83831,62.723915,62.795414,2112
2022-01-31 06:00:00,0,0.49321045817432724,0.5067895418256727,Hold,62.795414,62.895508,62.738216,62.85976,1956
2022-01-31 07:00:00,0,0.5171965444771556,0.4828034555228444,Sell,62.85976,62.909805,62.723915,62.745365,3375
2022-01-31 08:00:00,0,0.484487885007179,0.515512114992821,Hold,62.745365,62.83116,62.523724,62.759663,8542
2022-01-31 09:00:00,0,0.5086789859294595,0.4913210140705405,Sell,62.759663,62.766815,62.40218,62.538025,6711
2022-01-31 10:00:00,0,0.5304060906690636,0.46959390933093637,Sell,62.538025,62.773964,62.359283,62.65957,9256
2022-01-31 11:00:00,0,0.48797793591735744,0.5120220640826425,Hold,62.65957,62.716766,62.166245,62.294937,7942
2022-01-31 12:00:00,0,0.4919699908644379,0.5080300091355621,Hold,62.294937,62.509426,62.066147,62.387882,10712
2022-01-31 13:00:00,0,0.45833627794441006,0.54166372205559,Hold,62.387882,62.616673,62.22344,62.538025,12022
2022-01-31 14:00:00,0,0.4522924046743131,0.5477075953256869,Hold,62.538025,62.673866,61.95175,62.116196,30363
2022-01-31 15:00:00,0,0.45350966996447073,0.5464903300355293,Hold,62.109047,62.42363,61.730114,62.39503,32943
2022-01-31 16:00:00,0,0.4032453041055086,0.5967546958944914,Hold,62.380733,62.595222,62.252037,62.409332,23758
2022-01-31 17:00:00,0,0.4225871315007623,0.5774128684992377,Hold,62.409332,62.874058,62.352135,62.766815,16559
2022-01-31 18:00:00,0,0.4162902574098392,0.5837097425901607,Hold,62.759663,62.974155,62.63812,62.802563,19951
2022-01-31 19:00:00,0,0.502144027083148,0.497855972916852,Sell,62.802563,63.0957,62.759663,63.0242,29374
2022-01-31 20:00:00,0,0.46611450154105616,0.5338854984589438,Hold,63.0242,63.195793,62.9956,63.152893,6631
2022-01-31 21:00:00,0,0.5081541516501571,0.4918458483498429,Sell,63.152893,63.195793,62.981304,63.0242,3736
2022-01-31 23:00:00,0,0.5157180566335878,0.48428194336641217,Sell,63.0242,63.25299,63.01705,63.188644,1987
2022-02-01 00:00:00,0,0.46781310290996797,0.5321868970900321,Hold,63.195793,63.27444,63.131447,63.25299,1533
2022-02-01 01:00:00,0,0.47583383219618625,0.5241661678038138,Hold,63.26014,63.324486,63.03135,63.0671,3950
2022-02-01 02:00:00,0,0.49527955113675926,0.5047204488632407,Hold,63.07425,63.21009,63.07425,63.145744,2080
2022-02-01 03:00:00,1,0.4866526662582198,0.5133473337417802,Hold,63.145744,63.21009,63.109997,63.20294,1404
2022-02-01 04:00:00,1,0.4393408464931435,0.5606591535068566,Hold,63.21009,63.28874,63.18149,63.28874,1419
2022-02-01 05:00:00,1,0.4280361653524308,0.5719638346475693,Hold,63.28874,63.31019,63.224392,63.25299,1610
2022-02-01 06:00:00,1,0.41610192260193696,0.5838980773980631,Hold,63.245842,63.28874,63.102848,63.131447,2017
2022-02-01 07:00:00,0,0.4314493560935529,0.5685506439064472,Hold,63.1243,63.23154,62.895508,62.938404,5127
2022-02-01 08:00:00,1,0.4832384655692787,0.5167615344307213,Hold,62.938404,63.20294,62.938404,63.0242,8834
2022-02-01 09:00:00,0,0.40116212414431607,0.5988378758556839,Hold,63.0242,63.0385,62.23059,62.352135,15767
2022-02-01 10:00:00,0,0.42327945238932546,0.5767205476106745,Hold,62.352135,62.909805,62.22344,62.88836,10873
2022-02-01 11:00:00,0,0.39189445335162176,0.6081055466483782,Hold,62.88836,63.160046,62.81686,62.81686,9690
2022-02-01 12:00:00,0,0.37659673414515876,0.6234032658548412,Hold,62.81686,62.881207,62.566624,62.702465,8301
2022-02-01 13:00:00,0,0.38383081980655015,0.6161691801934499,Hold,62.702465,62.773964,62.330685,62.37358,15636
2022-02-01 14:00:00,0,0.33583929989942657,0.6641607001005734,Hold,62.359283,62.68102,61.880257,62.588074,41088
2022-02-01 15:00:00,0,0.35404402452924644,0.6459559754707536,Hold,62.595222,63.152893,62.45223,63.088547,32937
2022-02-01 16:00:00,0,0.3312943590112902,0.6687056409887098,Hold,63.081398,63.538975,62.47368,62.874058,39664
2022-02-01 17:00:00,0,0.3437143195912999,0.6562856804087001,Hold,62.881207,62.952705,62.60237,62.945557,14786
2022-02-01 18:00:00,0,0.3477329680087738,0.6522670319912263,Hold,62.945557,62.945557,62.63812,62.852608,10633
2022-02-01 19:00:00,0,0.38464203177795897,0.615357968222041,Hold,62.852608,63.131447,62.745365,62.85976,23383
2022-02-01 20:00:00,0,0.3608967541003788,0.6391032458996212,Hold,62.85976,63.23154,62.852608,63.224392,6192
2022-02-01 21:00:00,0,0.368659232272512,0.631340767727488,Hold,63.23154,63.23869,63.03135,63.174343,2821
2022-02-01 23:00:00,0,0.35927608568439906,0.6407239143156009,Hold,63.167194,63.20294,63.102848,63.160046,1115
2022-02-02 00:00:00,0,0.40033417387519926,0.5996658261248007,Hold,63.160046,63.374535,63.160046,63.30304,2377
2022-02-02 01:00:00,0,0.42445944717630213,0.5755405528236979,Hold,63.30304,63.431732,63.23154,63.31019,4105
2022-02-02 02:00:00,0,0.4528652938529222,0.5471347061470778,Hold,63.31019,63.324486,63.088547,63.152893,2788
2022-02-02 03:00:00,0,0.43816366879598845,0.5618363312040116,Hold,63.145744,63.195793,63.117146,63.188644,1207
2022-02-02 04:00:00,0,0.4479454303998074,0.5520545696001926,Hold,63.195793,63.30304,63.188644,63.28874,1523
2022-02-02 05:00:00,0,0.4585082636459888,0.5414917363540113,Hold,63.28874,63.331635,63.23869,63.25299,1587
2022-02-02 06:00:00,0,0.468166762334346,0.531833237665654,Hold,63.245842,63.28159,63.145744,63.167194,2033
2022-02-02 07:00:00,0,0.49771314010859025,0.5022868598914098,Hold,63.160046,63.30304,63.0671,63.138596,3156
2022-02-02 08:00:00,0,0.46683999683478616,0.5331600031652138,Hold,63.145744,63.25299,62.88836,63.20294,9613
2022-02-02 09:00:00,0,0.47228644243746815,0.5277135575625318,Hold,63.20294,63.48893,63.07425,63.07425,9299
2022-02-02 10:00:00,0,0.5235465291420798,0.4764534708579202,Sell,63.07425,63.338787,62.881207,63.26729,10200
2022-02-02 11:00:00,0,0.47179328164167517,0.5282067183583248,Hold,63.26014,63.26729,62.81686,63.0957,9364
2022-02-02 12:00:00,1,0.5312804891057663,0.4687195108942337,Sell,63.0957,63.81066,62.945557,63.789215,20640
2022-02-02 13:00:00,1,0.4806964393766426,0.5193035606233574,Hold,63.789215,64.1467,63.70342,63.917908,30869
2022-02-02 14:00:00,0,0.4381694433143888,0.5618305566856112,Hold,63.91076,63.960804,62.752514,62.759663,48357
2022-02-02 15:00:00,0,0.4761588131882724,0.5238411868117276,Hold,62.759663,63.117146,62.45223,62.924107,59381
2022-02-02 16:00:00,0,0.3977729321302655,0.6022270678697346,Hold,62.931255,62.967003,62.273487,62.752514,43795
2022-02-02 17:00:00,0,0.37666445416717226,0.6233355458328278,Hold,62.759663,62.916958,62.46653,62.68102,17480
2022-02-02 18:00:00,0,0.41715403025643844,0.5828459697435615,Hold,62.673866,63.23154,62.65957,63.138596,19440
2022-02-02 19:00:00,0,0.3882545341859125,0.6117454658140875,Hold,63.138596,63.217243,62.909805,63.131447,20474
2022-02-02 20:00:00,0,0.3996112560948126,0.6003887439051874,Hold,63.131447,63.188644,63.102848,63.131447,4507
2022-02-02 21:00:00,0,0.3958603179928409,0.6041396820071592,Hold,63.1243,63.18149,62.84546,62.931255,4760
2022-02-02 23:00:00,0,0.3503453904663123,0.6496546095336877,Hold,62.902657,62.902657,62.60952,62.65957,1917
2022-02-03 00:00:00,0,0.35242032007036506,0.6475796799296349,Hold,62.65957,62.738216,62.63812,62.716766,1634
2022-02-03 01:00:00,0,0.36999893475410706,0.6300010652458929,Hold,62.723915,62.766815,62.62382,62.673866,3125
2022-02-03 02:00:00,0,0.3773269635103084,0.6226730364896915,Hold,62.673866,62.738216,62.60952,62.723915,1561
2022-02-03 03:00:00,0,0.33370685852266285,0.6662931414773372,Hold,62.723915,62.85976,62.716766,62.795414,1947
2022-02-03 04:00:00,0,0.33825542804423175,0.6617445719557682,Hold,62.795414,62.902657,62.795414,62.84546,1270
2022-02-03 05:00:00,0,0.33070820744828006,0.6692917925517199,Hold,62.852608,62.874058,62.752514,62.766815,1046
2022-02-03 06:00:00,0,0.33236777702239495,0.667632222977605,Hold,62.766815,62.802563,62.666718,62.766815,1991
2022-02-03 07:00:00,0,0.3607476094786315,0.6392523905213685,Hold,62.766815,62.967003,62.738216,62.924107,5281
2022-02-03 08:00:00,0,0.3613629393549569,0.6386370606450431,Hold,62.931255,63.01705,62.702465,62.738216,9026
2022-02-03 09:00:00,0,0.3501249407691675,0.6498750592308324,Hold,62.738216,62.766815,62.344982,62.47368,11263
2022-02-03 10:00:00,0,0.32393137022640256,0.6760686297735974,Hold,62.46653,62.559475,62.101894,62.116196,14216
2022-02-03 11:00:00,0,0.36556400257439264,0.6344359974256073,Hold,62.123344,62.344982,62.02325,62.26634,10630
2022-02-03 12:00:00,0,0.32187922871162145,0.6781207712883786,Hold,62.25919,62.41648,62.144794,62.39503,10071
2022-02-03 13:00:00,0,0.3243919899124457,0.6756080100875543,Hold,62.387882,62.595222,62.159092,62.509426,16245
2022-02-03 14:00:00,0,0.3452377826888464,0.6547622173111536,Hold,62.509426,63.059948,62.41648,62.43078,36200
2022-02-03 15:00:00,0,0.44211671515575857,0.5578832848442414,Hold,62.43793,63.345936,62.42363,63.338787,40023
2022-02-03 16:00:00,0,0.4462736158101489,0.5537263841898511,Hold,63.338787,63.610474,63.117146,63.524677,29718
2022-02-03 17:00:00,0,0.43078577520149547,0.5692142247985046,Hold,63.524677,63.603325,63.224392,63.367386,19271
2022-02-03 18:00:00,0,0.4144727807355106,0.5855272192644894,Hold,63.367386,64.582825,63.23154,64.47558,44493
2022-02-03 19:00:00,0,0.38812495562712324,0.6118750443728768,Hold,64.47558,64.61143,64.31829,64.51133,36745
2022-02-03 20:00:00,0,0.3835264417850355,0.6164735582149645,Hold,64.51133,64.582825,64.36834,64.36834,6927
2022-02-03 21:00:00,0,0.4161583761652603,0.5838416238347397,Hold,64.37549,64.668625,64.31114,64.46843,5730
2022-02-03 23:00:00,0,0.40217533858012755,0.5978246614198724,Hold,64.48273,64.539925,64.396935,64.45413,1703
2022-02-04 00:00:00,0,0.5083659172166161,0.49163408278338394,Sell,64.45413,64.81876,64.396935,64.761566,4148
2022-02-04 01:00:00,0,0.4915856836234481,0.5084143163765519,Hold,64.75442,64.98321,64.68292,64.84737,6028
2022-02-04 02:00:00,0,0.5291199930537234,0.47088000694627663,Sell,64.84737,65.0547,64.84021,64.997505,3501
2022-02-04 03:00:00,0,0.5039329562527417,0.4960670437472583,Sell,64.997505,65.01895,64.92601,64.92601,2010
2022-02-04 04:00:00,0,0.5446422138744407,0.4553577861255593,Sell,64.93316,65.040405,64.904564,64.96891,1947
2022-02-04 05:00:00,0,0.5568459279248875,0.4431540720751125,Sell,64.96891,65.047554,64.91886,64.91886,2256
2022-02-04 06:00:00,0,0.5701263597974288,0.42987364020257124,Sell,64.91171,64.93316,64.78301,64.84737,3686
2022-02-04 07:00:00,0,0.580389101937972,0.419610898062028,Sell,64.84737,65.02611,64.78301,64.904564,5857
2022-02-04 08:00:00,0,0.6294871101349441,0.3705128898650559,Sell,64.904564,65.49083,64.86881,65.46938,15330
2022-02-04 09:00:00,0,0.6039547908015179,0.3960452091984821,Sell,65.46938,65.71247,65.26204,65.44078,13796
2022-02-04 10:00:00,0,0.6242618060653375,0.37573819393466246,Sell,65.44078,65.63383,65.419334,65.53373,8268
2022-02-04 11:00:00,0,0.6330237125166848,0.36697628748331523,Sell,65.53373,65.94126,65.33354,65.86977,14930
2022-02-04 12:00:00,0,0.6121751065394724,0.3878248934605276,Sell,65.86977,66.01276,65.69817,65.826866,14372
2022-02-04 13:00:00,0,0.6316369602964298,0.3683630397035702,Sell,65.81972,66.05566,65.61952,66.0342,21390
2022-02-04 14:00:00,0,0.5900061196629974,0.40999388033700257,Sell,66.027054,66.441734,65.605225,66.42029,45301
2022-02-04 15:00:00,0,0.5462060312285748,0.4537939687714252,Sell,66.42029,66.61333,65.92696,66.22009,38590
2022-02-04 16:00:00,0,0.5204964060629069,0.4795035939370931,Sell,66.22725,66.37739,65.86262,66.248695,27083
2022-02-04 17:00:00,0,0.5101140274466619,0.4898859725533381,Sell,66.248695,66.34879,66.01276,66.01276,15628
2022-02-04 18:00:00,0,0.5200733273014004,0.47992667269859957,Sell,66.019905,66.32734,65.98416,66.22725,13879
2022-02-04 19:00:00,0,0.49854649356741526,0.5014535064325847,Hold,66.22725,66.298744,65.74822,66.04136,25402
2022-02-04 20:00:00,0,0.4876652414805238,0.5123347585194762,Hold,66.0342,66.1343,65.79826,65.95556,7572
2022-02-04 21:00:00,0,0.4498465805687019,0.550153419431298,Hold,65.94841,65.977005,65.63383,65.71962,4211
2022-02-06 23:00:00,0,0.4452733423830509,0.5547266576169492,Hold,65.648125,65.86977,65.31924,65.66242,7643
2022-02-07 00:00:00,0,0.4914273199260216,0.5085726800739784,Hold,65.65527,65.67672,65.44078,65.455086,3184
2022-02-07 01:00:00,1,0.5291916426138148,0.4708083573861852,Sell,65.455086,66.298744,65.44794,66.1486,13368
2022-02-07 02:00:00,0,0.5172497257095178,0.48275027429048223,Sell,66.1486,66.1629,65.31209,65.49083,10821
2022-02-07 03:00:00,1,0.48724601788399985,0.5127539821160001,Hold,65.49083,65.92696,65.48368,65.73392,6466
2022-02-07 04:00:00,1,0.5100071038409317,0.48999289615906827,Sell,65.72677,65.90551,65.691025,65.86262,2008
2022-02-07 05:00:00,1,0.502750518736857,0.49724948126314295,Sell,65.85546,65.92696,65.69817,65.75537,3003
2022-02-07 06:00:00,1,0.5654308516844901,0.43456914831550986,Sell,65.75537,65.99846,65.683876,65.91266,4661
2022-02-07 07:00:00,1,0.5050504751810367,0.49494952481896326,Sell,65.91266,65.94841,65.369286,65.648125,7710
2022-02-07 08:00:00,0,0.45680302057579075,0.5431969794242093,Hold,65.65527,65.65527,65.11905,65.28349,14531
2022-02-07 09:00:00,0,0.392974005576424,0.6070259944235761,Hold,65.29064,65.29064,64.86881,65.0976,15816
2022-02-07 10:00:00,0,0.3683996301377855,0.6316003698622146,Hold,65.0976,65.38359,64.961754,65.226295,9280
2022-02-07 11:00:00,0,0.37588538191316356,0.6241146180868364,Hold,65.226295,65.51228,65.11905,65.419334,9038
2022-02-07 12:00:00,0,0.3761967888134638,0.6238032111865361,Hold,65.412186,65.59093,65.28349,65.28349,9129
2022-02-07 13:00:00,1,0.5169144765225242,0.4830855234774758,Sell,65.28349,66.04136,65.10475,65.94841,26050
2022-02-07 14:00:00,0,0.42278697142884347,0.5772130285711565,Hold,65.95556,65.96271,65.040405,65.140495,38840
2022-02-07 15:00:00,1,0.4053758328208612,0.5946241671791388,Hold,65.140495,65.505135,65.0118,65.46938,28137
2022-02-07 16:00:00,1,0.4158996330894921,0.5841003669105078,Hold,65.46938,65.741066,65.1691,65.34069,27923
2022-02-07 17:00:00,0,0.4111757270891629,0.588824272910837,Hold,65.34784,65.40504,65.1691,65.17625,11177
2022-02-07 18:00:00,0,0.3958414810328673,0.6041585189671327,Hold,65.17625,65.226295,64.97606,65.13335,13260
2022-02-07 19:00:00,1,0.420193728084684,0.579806271915316,Hold,65.1262,65.369286,65.0976,65.32639,21675
2022-02-07 20:00:00,1,0.4492527016116594,0.5507472983883406,Hold,65.31924,65.462234,65.31209,65.34069,5014
2022-02-07 21:00:00,1,0.4448064946992093,0.5551935053007907,Hold,65.33354,65.56948,65.33354,65.51228,2289
2022-02-07 23:00:00,1,0.4487991855459335,0.5512008144540665,Hold,65.51943,65.54803,65.26204,65.35499,1695
2022-02-08 00:00:00,1,0.36368188702074267,0.6363181129792573,Hold,65.35499,65.36214,65.1691,65.31209,1903
2022-02-08 01:00:00,1,0.34764197018945553,0.6523580298105445,Hold,65.31209,65.43363,65.004654,65.20485,7498
2022-02-08 02:00:00,1,0.3217373397000933,0.6782626602999067,Hold,65.19769,65.31924,65.11905,65.30494,3484
2022-02-08 03:00:00,1,0.30675802706582617,0.6932419729341739,Hold,65.30494,65.32639,65.17625,65.24774,2521
2022-02-08 04:00:00,1,0.3018273533058337,0.6981726466941662,Hold,65.25489,65.28349,65.090454,65.24774,2084
2022-02-08 05:00:00,1,0.4017515489856497,0.5982484510143503,Hold,65.24774,65.51228,65.1262,65.40504,4075
2022-02-08 06:00:00,1,0.33576502908948697,0.6642349709105131,Hold,65.39789,65.46938,65.29779,65.30494,3089
2022-02-08 07:00:00,1,0.3440339943399335,0.6559660056600665,Hold,65.30494,65.376434,64.75442,64.93316,8458
2022-02-08 08:00:00,1,0.34438931830289865,0.6556106816971013,Hold,64.94031,64.961754,64.70437,64.811615,11772
2022-02-08 09:00:00,1,0.3386446259850766,0.6613553740149234,Hold,64.81876,65.1262,64.79732,64.87596,9166
2022-02-08 10:00:00,0,0.3217363756297391,0.6782636243702609,Hold,64.86881,64.86881,63.639072,64.15385,32110
2022-02-08 11:00:00,0,0.35350279835147935,0.6464972016485206,Hold,64.1467,64.27539,63.960804,64.26824,10795
2022-02-08 12:00:00,0,0.384666399664489,0.615333600335511,Hold,64.26109,64.33974,63.90361,64.05375,14364
2022-02-08 13:00:00,0,0.3778662884041289,0.6221337115958712,Hold,64.0466,64.49703,64.01086,64.1467,20991
2022-02-08 14:00:00,0,0.3263044460371508,0.6736955539628492,Hold,64.1467,64.56853,63.746315,63.846413,41851
2022-02-08 15:00:00,0,0.2866223545380691,0.7133776454619309,Hold,63.846413,64.21819,63.338787,63.49608,41773
2022-02-08 16:00:00,0,0.2945082414608396,0.7054917585391605,Hold,63.49608,63.88216,63.28159,63.589024,32676
2022-02-08 17:00:00,0,0.30836254115732553,0.6916374588426745,Hold,63.581875,64.23249,63.510376,64.15385,22152
2022-02-08 18:00:00,0,0.2854005529182824,0.7145994470817176,Hold,64.160995,64.28254,63.917908,64.1896,15420
2022-02-08 19:00:00,0,0.28459984798781496,0.7154001520121851,Hold,64.18244,64.354034,63.64622,63.81066,32690
2022-02-08 20:00:00,0,0.2627758976351151,0.7372241023648849,Hold,63.817814,64.13955,63.782066,64.09665,5917
2022-02-08 21:00:00,0,0.2711485697349701,0.72885143026503,Hold,64.1038,64.31114,63.960804,64.1896,3816
2022-02-08 23:00:00,0,0.27773492262334504,0.722265077376655,Hold,64.246796,64.26824,64.0895,64.22534,1617
2022-02-09 00:00:00,0,0.38253682872848194,0.6174631712715181,Hold,64.21819,64.26109,64.0609,64.068054,1410
2022-02-09 01:00:00,0,0.38220849817331753,0.6177915018266824,Hold,64.068054,64.118095,63.93221,63.939358,3891
2022-02-09 02:00:00,0,0.3771667044349634,0.6228332955650366,Hold,63.939358,64.08235,63.896458,63.946507,3368
2022-02-09 03:00:00,0,0.3751489823433535,0.6248510176566465,Hold,63.93221,64.1324,63.93221,64.1038,2679
2022-02-09 04:00:00,0,0.377510436845257,0.622489563154743,Hold,64.1038,64.1896,64.0895,64.160995,1595
2022-02-09 05:00:00,0,0.3746947728217888,0.6253052271782111,Hold,64.160995,64.22534,63.967957,64.0037,2763
2022-02-09 06:00:00,0,0.3968820620621711,0.6031179379378289,Hold,63.996555,64.0466,63.66767,63.760616,4188
2022-02-09 07:00:00,0,0.355606989473051,0.644393010526949,Hold,63.753468,63.83926,63.353085,63.431732,7543
2022-02-09 08:00:00,0,0.4596114061116739,0.5403885938883262,Hold,63.431732,64.1467,63.410282,64.0037,12997
2022-02-09 09:00:00,0,0.4433813680099188,0.5566186319900812,Hold,64.01086,64.1467,63.48893,63.617622,11614
2022-02-09 10:00:00,0,0.41179673709236403,0.5882032629076359,Hold,63.617622,63.86786,63.49608,63.510376,7608
2022-02-09 11:00:00,0,0.3854590710264212,0.6145409289735788,Hold,63.503227,63.67482,63.41743,63.589024,7450
2022-02-09 12:00:00,0,0.42495952944139304,0.575040470558607,Hold,63.581875,63.760616,63.46033,63.66767,8339
2022-02-09 13:00:00,0,0.4511373460804907,0.5488626539195093,Hold,63.66767,64.018005,63.21009,63.88216,26939
2022-02-09 14:00:00,0,0.44096476238366783,0.5590352376163321,Hold,63.88216,64.21819,63.81066,64.160995,25313
2022-02-09 15:00:00,0,0.42755277934635855,0.5724472206536415,Hold,64.15385,64.761566,64.0466,64.33259,35616
2022-02-09 16:00:00,0,0.31712906351840364,0.6828709364815964,Hold,64.33259,64.63287,63.62477,63.62477,34332
2022-02-09 17:00:00,0,0.38615687311289926,0.6138431268871007,Hold,63.639072,64.15385,63.567574,63.83211,20072
2022-02-09 18:00:00,0,0.39148064290070284,0.6085193570992972,Hold,63.83926,64.1324,63.64622,64.03945,15714
2022-02-09 19:00:00,0,0.3782546605485748,0.6217453394514252,Hold,64.03945,64.33974,63.925056,64.01086,19475
2022-02-09 20:00:00,0,0.38397123099523456,0.6160287690047654,Hold,64.01086,64.41123,64.01086,64.36118,5860
2022-02-09 21:00:00,0,0.38491118888857323,0.6150888111114268,Hold,64.36834,64.41838,64.303986,64.36834,2797
2022-02-09 23:00:00,0,0.37511338816393863,0.6248866118360614,Hold,64.354034,64.38264,64.28254,64.36834,786
2022-02-10 00:00:00,0,0.3783801482171511,0.6216198517828488,Hold,64.36834,64.46128,64.33259,64.354034,1288
2022-02-10 01:00:00,0,0.3753564589573201,0.6246435410426798,Hold,64.36118,64.36118,64.068054,64.22534,3966
2022-02-10 02:00:00,0,0.39869139563517575,0.6013086043648243,Hold,64.21819,64.21819,63.925056,64.0609,3965
2022-02-10 03:00:00,0,0.3516963512330278,0.6483036487669722,Hold,64.068054,64.09665,63.996555,64.08235,1414
2022-02-10 04:00:00,0,0.3332930546146794,0.6667069453853206,Hold,64.0752,64.18244,64.068054,64.13955,1372
2022-02-10 05:00:00,0,0.387917863461374,0.612082136538626,Hold,64.13955,64.160995,63.86071,63.946507,2723
2022-02-10 06:00:00,0,0.4022631699852531,0.597736830014747,Hold,63.946507,64.0323,63.88931,63.989403,2482
2022-02-10 07:00:00,0,0.44073324538161796,0.559266754618382,Hold,63.982254,64.28969,63.86786,64.253944,5004
2022-02-10 08:00:00,0,0.4635426902854544,0.5364573097145455,Hold,64.26109,64.51848,64.23249,64.28969,8889
2022-02-10 09:00:00,0,0.46188800082015535,0.5381119991798446,Hold,64.28254,64.668625,64.253944,64.389786,9683
2022-02-10 10:00:00,0,0.46797750642151176,0.5320224935784883,Hold,64.38264,64.63287,64.11095,64.56853,10263
2022-02-10 11:00:00,0,0.45704033038476877,0.5429596696152312,Hold,64.56853,65.004654,64.55423,64.66147,13336
2022-02-10 12:00:00,0,0.4057618471531162,0.5942381528468839,Hold,64.668625,64.861664,64.48273,64.625725,9139
2022-02-10 13:00:00,0,0.4297375199873405,0.5702624800126594,Hold,64.63287,64.89741,64.26824,64.346886,25352
2022-02-10 14:00:00,0,0.3730133387070116,0.6269866612929884,Hold,64.33974,65.040405,63.65337,64.79017,58793
2022-02-10 15:00:00,0,0.3510152205084448,0.6489847794915552,Hold,64.79017,65.35499,64.77586,65.1691,29250
2022-02-10 16:00:00,0,0.34120399030346826,0.6587960096965317,Hold,65.1691,65.59093,65.01895,65.49083,30962
2022-02-10 17:00:00,0,0.3736636709993299,0.62633632900067,Hold,65.49798,65.51228,64.718666,64.88311,23682
2022-02-10 18:00:00,0,0.32512021482555303,0.674879785174447,Hold,64.88311,64.89026,64.0037,64.23964,36080
2022-02-10 19:00:00,0,0.3025695726433714,0.6974304273566285,Hold,64.23249,64.396935,63.960804,64.32544,33298
2022-02-10 20:00:00,0,0.3063321153654316,0.6936678846345684,Hold,64.32544,64.49703,64.203896,64.439835,8252
2022-02-10 21:00:00,0,0.27352189502137164,0.7264781049786284,Hold,64.439835,64.45413,64.27539,64.37549,2028
2022-02-10 23:00:00,0,0.2742566196740199,0.7257433803259801,Hold,64.346886,64.432686,64.29684,64.303986,1446
2022-02-11 00:00:00,0,0.2662445541726688,0.7337554458273312,Hold,64.31114,64.33259,64.1038,64.168144,1756
2022-02-11 01:00:00,0,0.2505888957025589,0.7494111042974412,Hold,64.168144,64.246796,63.967957,64.05375,5786
2022-02-11 02:00:00,0,0.29646101078593556,0.7035389892140644,Hold,64.0466,64.389786,64.01086,64.33974,4174
2022-02-11 03:00:00,0,0.2496443069527613,0.7503556930472387,Hold,64.33974,64.346886,64.118095,64.1467,2479
2022-02-11 04:00:00,0,0.26406855528313233,0.7359314447168677,Hold,64.1467,64.23249,64.068054,64.13955,1686
2022-02-11 05:00:00,0,0.2176038942098556,0.7823961057901444,Hold,64.1467,64.1467,63.917908,63.960804,3385
2022-02-11 06:00:00,0,0.22838075276112987,0.7716192472388701,Hold,63.960804,63.982254,63.767765,63.83926,5134
2022-02-11 07:00:00,0,0.2826139977573636,0.7173860022426364,Hold,63.824963,64.253944,63.789215,64.203896,5712
2022-02-11 08:00:00,0,0.2922553628069102,0.7077446371930898,Hold,64.203896,64.47558,64.0323,64.31829,11298
2022-02-11 09:00:00,0,0.3441775141736147,0.6558224858263852,Hold,64.31829,64.69722,64.303986,64.60427,11160
2022-02-11 10:00:00,0,0.34677048749832684,0.6532295125016732,Hold,64.59712,64.78301,64.46128,64.77586,9310
2022-02-11 11:00:00,0,0.4066336664073857,0.5933663335926143,Hold,64.761566,65.0547,64.64002,64.94746,8770
2022-02-11 12:00:00,0,0.3826636670236044,0.6173363329763957,Hold,64.94746,65.31209,64.94746,65.1119,11566
2022-02-11 13:00:00,0,0.40746734101345133,0.5925326589865487,Hold,65.1119,65.34069,64.94746,65.1691,19795
2022-02-11 14:00:00,0,0.39274928920614094,0.6072507107938591,Hold,65.16195,65.17625,64.79732,64.997505,25793
2022-02-11 15:00:00,0,0.4071542188139643,0.5928457811860357,Hold,64.997505,65.52658,64.997505,65.49798,26607
2022-02-11 16:00:00,0,0.38188781046953507,0.6181121895304649,Hold,65.49798,65.71962,65.276344,65.39074,27622
2022-02-11 17:00:00,0,0.41941745037868194,0.5805825496213181,Hold,65.39074,65.93411,65.233444,65.74822,23602
2022-02-11 18:00:00,0,0.41348367663929797,0.586516323360702,Hold,65.741066,67.67863,65.648125,67.321144,68373
2022-02-11 19:00:00,0,0.3955546673536175,0.6044453326463826,Hold,67.321144,67.40694,66.31304,66.892166,65560
2022-02-11 20:00:00,0,0.38246358560656984,0.6175364143934301,Hold,66.892166,67.10665,66.68482,67.0566,13308
2022-02-11 21:00:00,0,0.39461429785281615,0.6053857021471838,Hold,67.04945,67.40694,66.96366,67.135254,6503
2022-02-13 23:00:00,0,0.4393915469274689,0.560608453072531,Hold,67.1424,67.52133,66.856415,67.47844,8034
2022-02-14 00:00:00,0,0.41797873177684364,0.5820212682231564,Hold,67.464134,67.86452,67.321144,67.59283,6867
2022-02-14 01:00:00,0,0.4055514780995025,0.5944485219004976,Hold,67.59283,67.878815,67.35689,67.642876,9589
2022-02-14 02:00:00,0,0.4125249047243604,0.5874750952756396,Hold,67.642876,67.77157,67.507034,67.692924,4196
2022-02-14 03:00:00,0,0.427819699445824,0.572180300554176,Hold,67.692924,67.728676,67.48559,67.52133,3747
2022-02-14 04:00:00,0,0.40827865584208733,0.5917213441579127,Hold,67.51418,67.542786,67.42124,67.507034,2019
2022-02-14 05:00:00,0,0.43580750413195446,0.5641924958680455,Hold,67.507034,67.70722,67.47128,67.542786,4016
2022-02-14 06:00:00,0,0.44195013921580245,0.5580498607841975,Hold,67.52848,67.59283,67.26395,67.52848,4939
2022-02-14 07:00:00,0,0.44565830124300954,0.5543416987569905,Hold,67.52848,67.63573,67.1853,67.549934,6748
2022-02-14 08:00:00,0,0.38007552961152674,0.6199244703884732,Hold,67.542786,67.542786,66.37024,66.55613,28640
2022-02-14 09:00:00,0,0.42002165836209393,0.5799783416379061,Hold,66.54898,66.806366,66.17005,66.38454,16130
2022-02-14 10:00:00,0,0.3882808573529224,0.6117191426470776,Hold,66.391685,66.84212,66.35594,66.72057,8035
2022-02-14 11:00:00,0,0.4173155638775386,0.5826844361224615,Hold,66.713425,66.77062,66.22009,66.255844,9040
2022-02-14 12:00:00,0,0.3586184874030651,0.6413815125969349,Hold,66.27014,66.46319,65.88406,65.95556,22313
2022-02-14 13:00:00,0,0.38160101744371644,0.6183989825562836,Hold,65.96271,66.484634,65.84116,66.27729,21850
2022-02-14 14:00:00,0,0.38100706762849534,0.6189929323715047,Hold,66.28445,66.77777,65.91266,66.74202,29097
2022-02-14 15:00:00,0,0.3870875278415885,0.6129124721584115,Hold,66.74202,67.01371,66.33449,66.899315,27825
2022-02-14 16:00:00,0,0.39663001808533077,0.6033699819146692,Hold,66.899315,67.271095,66.67767,66.892166,31840
2022-02-14 17:00:00,0,0.4174994463543994,0.5825005536456006,Hold,66.899315,67.364044,66.50608,67.22105,16821
2022-02-14 18:00:00,1,0.4251545944724334,0.5748454055275666,Hold,67.2139,68.03611,67.04945,67.964615,25296
2022-02-14 19:00:00,1,0.3555073423866005,0.6444926576133996,Hold,67.957466,68.50799,67.67863,67.75012,53108
2022-02-14 20:00:00,1,0.3440034084480151,0.655996591551985,Hold,67.75012,67.957466,67.56423,67.93601,8259
2022-02-14 21:00:00,1,0.3500029279754827,0.6499970720245173,Hold,67.93601,67.97176,67.74297,67.76442,3077
2022-02-14 23:00:00,1,0.35004107978738147,0.6499589202126186,Hold,67.80017,67.85022,67.66433,67.78587,1504
2022-02-15 00:00:00,1,0.38120475618705424,0.6187952438129458,Hold,67.79302,67.84307,67.67148,67.778725,1545
2022-02-15 01:00:00,1,0.4376089578202243,0.5623910421797758,Hold,67.778725,68.02896,67.75727,68.00751,4153
2022-02-15 02:00:00,1,0.36278154645205507,0.6372184535479449,Hold,68.00751,68.04326,67.82162,67.97891,2926
2022-02-15 03:00:00,1,0.3804481555834708,0.6195518444165292,Hold,67.97891,67.99321,67.735825,67.778725,2153
2022-02-15 04:00:00,1,0.40855171950017993,0.59144828049982,Hold,67.78587,67.80017,67.71437,67.78587,1013
2022-02-15 05:00:00,1,0.40859300396116127,0.5914069960388387,Hold,67.78587,67.914566,67.61428,67.878815,2516
2022-02-15 06:00:00,1,0.40551967560022517,0.5944803243997748,Hold,67.871666,67.92886,67.685776,67.90027,3295
2022-02-15 07:00:00,1,0.3882924446239399,0.61170755537606,Hold,67.90742,67.94316,67.507034,67.58568,5816
2022-02-15 08:00:00,1,0.3592218093579432,0.6407781906420569,Hold,67.58568,67.67148,66.69197,66.95651,27362
2022-02-15 09:00:00,0,0.35781172956856844,0.6421882704314316,Hold,66.95651,66.96366,66.12715,66.41314,21248
2022-02-15 10:00:00,0,0.33804212073605605,0.661957879263944,Hold,66.41314,66.484634,66.027054,66.1915,14136
2022-02-15 11:00:00,0,0.3261436716006663,0.6738563283993337,Hold,66.1915,66.37739,65.53373,65.72677,14146
2022-02-15 12:00:00,0,0.3804768407326839,0.619523159267316,Hold,65.72677,66.18435,65.683876,66.1629,15875
2022-02-15 13:00:00,0,0.3754183284789421,0.6245816715210579,Hold,66.15575,66.69912,65.99131,66.34879,19708
2022-02-15 14:00:00,0,0.26695891924619863,0.7330410807538014,Hold,66.34879,66.36309,64.81876,65.1262,53127
2022-02-15 15:00:00,0,0.30271387160813024,0.6972861283918698,Hold,65.13335,65.44794,64.89026,64.94746,30374
2022-02-15 16:00:00,0,0.30412908841073216,0.6958709115892678,Hold,64.954605,65.71962,64.89741,65.61952,30410
2022-02-15 17:00:00,0,0.30890673517634587,0.6910932648236541,Hold,65.62668,65.98416,65.56233,65.791115,19170
2022-02-15 18:00:00,0,0.2908373141970921,0.7091626858029079,Hold,65.79826,65.79826,65.34069,65.66242,14487
2022-02-15 19:00:00,0,0.2684527469821826,0.7315472530178174,Hold,65.66242,65.876915,65.44078,65.648125,20665
2022-02-15 20:00:00,0,0.3073187314481967,0.6926812685518033,Hold,65.65527,65.85546,65.49083,65.79826,6910
2022-02-15 21:00:00,0,0.3464394507259603,0.6535605492740397,Hold,65.791115,65.91266,65.57663,65.84831,3055
2022-02-15 23:00:00,0,0.36807418090255367,0.6319258190974464,Hold,65.92696,66.1772,65.91981,66.112854,2554
2022-02-16 00:00:00,0,0.27682000626520936,0.7231799937347907,Hold,66.112854,66.1629,65.99846,65.99846,1447
2022-02-16 01:00:00,0,0.2880868532376244,0.7119131467623756,Hold,65.99846,66.04136,65.51228,65.683876,5495
2022-02-16 02:00:00,0,0.3136930837044005,0.6863069162955995,Hold,65.67672,65.89836,65.648125,65.74822,3029
2022-02-16 03:00:00,0,0.3055179212647455,0.6944820787352546,Hold,65.75537,65.84116,65.70532,65.81257,1898
2022-02-16 04:00:00,0,0.300839654985755,0.699160345014245,Hold,65.81257,65.834015,65.73392,65.80542,1264
2022-02-16 05:00:00,0,0.3502925950846828,0.6497074049153172,Hold,65.81257,66.04136,65.791115,65.96986,2853
2022-02-16 06:00:00,0,0.34321635047412175,0.6567836495258783,Hold,65.95556,66.0914,65.876915,66.0342,3110
2022-02-16 07:00:00,0,0.36837947293194134,0.6316205270680586,Hold,66.04136,66.31304,66.04136,66.291595,6722
2022-02-16 08:00:00,0,0.3707453024127291,0.6292546975872708,Hold,66.291595,66.68482,66.27014,66.64193,13628
2022-02-16 09:00:00,0,0.37529402919037697,0.624705970809623,Hold,66.64908,66.73487,66.14145,66.1915,11169
2022-02-16 10:00:00,0,0.3174726049563441,0.6825273950436559,Hold,66.18435,66.670525,66.1772,66.63477,6967
2022-02-16 11:00:00,0,0.35746306183254173,0.6425369381674583,Hold,66.627625,66.82067,66.30589,66.72772,7273
2022-02-16 12:00:00,0,0.3904179319447668,0.6095820680552332,Hold,66.72772,66.856415,66.41314,66.64193,18592
2022-02-16 13:00:00,0,0.3773688496766837,0.6226311503233163,Hold,66.64908,66.90646,66.49178,66.87071,17488
2022-02-16 14:00:00,0,0.4182149061262029,0.5817850938737972,Hold,66.86356,67.22105,66.51323,67.1853,32029
2022-02-16 15:00:00,1,0.42094893410973555,0.5790510658902644,Hold,67.19245,67.70722,67.02801,67.62858,25507
2022-02-16 16:00:00,1,0.37009422209348564,0.6299057779065144,Hold,67.63573,67.92886,67.499886,67.61428,24804
2022-02-16 17:00:00,1,0.4011128816943284,0.5988871183056717,Hold,67.62143,67.835915,67.2997,67.42839,14969
2022-02-16 18:00:00,1,0.42868503794642027,0.5713149620535798,Hold,67.42124,67.43554,66.97796,67.06376,13470
2022-02-16 19:00:00,1,0.4237425466036124,0.5762574533963876,Hold,67.06376,67.228195,66.40599,66.477486,32040
2022-02-16 20:00:00,0,0.2962667983356644,0.7037332016643356,Hold,66.484634,66.520386,64.861664,64.87596,31126
2022-02-16 21:00:00,0,0.25044502928169554,0.7495549707183045,Hold,64.87596,64.904564,64.346886,64.79017,9871
2022-02-16 23:00:00,0,0.2626514664341799,0.7373485335658201,Hold,64.99036,65.34784,64.79017,65.226295,4552
2022-02-17 00:00:00,0,0.2851342839436309,0.7148657160563692,Hold,65.24059,65.30494,64.997505,65.1262,1592
2022-02-17 01:00:00,0,0.3025745629117443,0.6974254370882558,Hold,65.11905,65.54088,65.040405,65.412186,4740
2022-02-17 02:00:00,0,0.3160499505870285,0.6839500494129716,Hold,65.39789,65.555176,65.276344,65.419334,2318
2022-02-17 03:00:00,0,0.3910596675253088,0.6089403324746911,Hold,65.419334,66.18435,65.412186,66.14145,5276
2022-02-17 04:00:00,0,0.3871017440034552,0.6128982559965448,Hold,66.1343,66.72057,66.04136,66.112854,7268
2022-02-17 05:00:00,0,0.3675904375015981,0.6324095624984019,Hold,66.12715,66.212944,65.63383,65.92696,4261
2022-02-17 06:00:00,0,0.3770428401998202,0.6229571598001797,Hold,65.92696,66.112854,65.76252,66.019905,3446
2022-02-17 07:00:00,1,0.40867216779413523,0.5913278322058648,Hold,66.00561,66.54183,65.95556,66.41314,4414
2022-02-17 08:00:00,1,0.39391728168575724,0.6060827183142428,Hold,66.41314,66.65623,65.86262,66.28445,10208
2022-02-17 09:00:00,0,0.29903887787727196,0.7009611221227281,Hold,66.27729,66.31304,65.63383,65.73392,4653
2022-02-17 10:00:00,0,0.25995343664163373,0.7400465633583663,Hold,65.71962,65.77682,65.29064,65.40504,4825
2022-02-17 11:00:00,0,0.3119585550766836,0.6880414449233164,Hold,65.40504,65.81257,65.269196,65.791115,3602
2022-02-17 12:00:00,0,0.36469121675563615,0.6353087832443638,Hold,65.791115,65.91266,65.555176,65.89836,4873
2022-02-17 13:00:00,1,0.3981215748972884,0.6018784251027116,Hold,65.89121,66.74917,65.88406,66.291595,14893
2022-02-17 14:00:00,0,0.37083724192922496,0.629162758070775,Hold,66.28445,66.41314,65.0976,65.70532,20253
2022-02-17 15:00:00,0,0.322436512234057,0.677563487765943,Hold,65.70532,65.81257,64.96891,65.0833,10665
2022-02-17 16:00:00,0,0.36493226960116737,0.6350677303988326,Hold,65.06185,65.96271,64.93316,65.605225,11672
2022-02-17 17:00:00,0,0.3030344267104134,0.6969655732895865,Hold,65.59093,65.81257,65.13335,65.233444,5736
2022-02-17 18:00:00,0,0.3087460119673894,0.6912539880326106,Hold,65.24059,65.63383,65.0118,65.212,5842
2022-02-17 19:00:00,0,0.32739295310064215,0.6726070468993579,Hold,65.20485,65.71247,65.069,65.376434,7575
2022-02-17 20:00:00,0,0.330143277950329,0.669856722049671,Hold,65.376434,65.691025,65.31209,65.52658,1649
2022-02-17 21:00:00,0,0.3199891712536893,0.6800108287463107,Hold,65.51228,65.605225,65.40504,65.54803,613
2022-02-17 23:00:00,0,0.3109344109195391,0.6890655890804609,Hold,65.51228,65.683876,65.462234,65.49798,368
2022-02-18 00:00:00,0,0.24021448726509803,0.759785512734902,Hold,65.48368,65.54088,65.233444,65.35499,530
2022-02-18 01:00:00,0,0.22735917569706585,0.7726408243029341,Hold,65.35499,65.43363,65.06185,65.212,1248
2022-02-18 02:00:00,0,0.26175763567605126,0.7382423643239487,Hold,65.226295,65.24774,64.89741,65.13335,650
2022-02-18 03:00:00,0,0.27419190495601786,0.7258080950439821,Hold,65.140495,65.19769,65.004654,65.0547,407
2022-02-18 04:00:00,0,0.2800888558061623,0.7199111441938377,Hold,65.047554,65.1691,65.047554,65.090454,225
2022-02-18 05:00:00,0,0.28946151018491845,0.7105384898150815,Hold,65.0976,65.28349,65.06185,65.269196,391
2022-02-18 06:00:00,0,0.27007045564712584,0.7299295443528742,Hold,65.25489,65.44078,65.212,65.26204,657
2022-02-18 07:00:00,0,0.27244730528376027,0.7275526947162397,Hold,65.26204,65.376434,64.92601,65.040405,594
2022-02-18 08:00:00,0,0.2871727438716071,0.7128272561283929,Hold,65.0833,65.28349,64.68292,64.89741,1415
2022-02-18 09:00:00,0,0.31285440611452864,0.6871455938854714,Hold,64.89741,64.89741,64.168144,64.29684,2320
2022-02-18 10:00:00,0,0.24142314355705535,0.7585768564429447,Hold,64.28969,64.41838,63.65337,63.989403,2743
2022-02-18 11:00:00,0,0.2735496163009866,0.7264503836990134,Hold,63.982254,64.46843,63.760616,64.42554,1531
2022-02-18 12:00:00,0,0.2676064586643162,0.7323935413356838,Hold,64.41123,64.55423,63.960804,64.18244,2327
2022-02-18 13:00:00,0,0.27807707708482243,0.7219229229151776,Hold,64.1896,64.49703,63.939358,64.168144,5232
2022-02-18 14:00:00,0,0.3527578054114189,0.6472421945885811,Hold,64.19675,64.75442,63.710567,64.668625,6497
2022-02-18 15:00:00,0,0.33554766346490084,0.6644523365350992,Hold,64.668625,65.42648,64.618576,65.17625,3343
2022-02-18 16:00:00,0,0.2992635409006405,0.7007364590993594,Hold,65.1691,66.248695,64.67577,64.74727,4194
2022-02-18 17:00:00,0,0.3662924942587105,0.6337075057412895,Hold,64.75442,65.54088,64.69007,65.226295,2463
2022-02-18 18:00:00,0,0.35343045904179216,0.6465695409582078,Hold,65.25489,65.605225,65.090454,65.233444,1571
2022-02-18 19:00:00,0,0.33144844878207247,0.6685515512179275,Hold,65.21915,65.419334,64.97606,65.412186,2817
2022-02-18 20:00:00,0,0.32020731210480907,0.679792687895191,Hold,65.419334,65.54803,65.226295,65.505135,348
2022-02-18 21:00:00,0,0.31843944549517555,0.6815605545048244,Hold,65.51943,65.86262,65.462234,65.53373,480
2022-02-20 23:00:00,0,0.3579747973663922,0.6420252026336077,Hold,65.53373,65.86384,65.31844,65.749016,7815
2022-02-21 00:00:00,0,0.3535455044935048,0.6464544955064953,Hold,65.741844,65.83514,64.981155,65.045746,9300
2022-02-21 01:00:00,0,0.2961169322501084,0.7038830677498916,Hold,65.045746,65.20362,63.911892,64.170235,23552
2022-02-21 02:00:00,0,0.29190167252024546,0.7080983274797545,Hold,64.170235,64.42858,64.01236,64.37835,5217
2022-02-21 03:00:00,0,0.3064783425597563,0.6935216574402436,Hold,64.38553,64.52187,64.26353,64.46446,2955
2022-02-21 04:00:00,0,0.26767849671113525,0.7323215032888648,Hold,64.46446,64.75152,64.33529,64.39988,5440
2022-02-21 05:00:00,0,0.27286680376031475,0.7271331962396852,Hold,64.3927,64.536224,64.18459,64.242,4542
2022-02-21 06:00:00,0,0.297560467430642,0.702439532569358,Hold,64.242,64.50752,64.10565,64.42858,6287
2022-02-21 07:00:00,0,0.26938428027662015,0.7306157197233798,Hold,64.42858,64.572105,64.15588,64.191765,5828
2022-02-21 08:00:00,0,0.31836946649320585,0.6816305335067941,Hold,64.191765,64.988335,64.191765,64.75869,15376
2022-02-21 09:00:00,0,0.3064669113961498,0.6935330886038502,Hold,64.76587,64.88069,64.50752,64.70846,7063
2022-02-21 10:00:00,0,0.29660193172932503,0.703398068270675,Hold,64.70846,64.72281,64.41423,64.56493,7254
2022-02-21 11:00:00,0,0.3479565407354495,0.6520434592645505,Hold,64.56493,65.14621,64.47882,64.9381,11612
2022-02-21 12:00:00,0,0.32251405074289113,0.6774859492571088,Hold,64.9381,65.19644,64.679756,64.86633,12454
2022-02-21 13:00:00,0,0.3459026511075158,0.6540973488924842,Hold,64.86633,65.27538,64.79457,65.15339,15102
2022-02-21 14:00:00,0,0.3120354015363994,0.6879645984636006,Hold,65.16056,65.4835,64.945274,65.42609,17230
2022-02-21 15:00:00,0,0.3200595224494762,0.6799404775505238,Hold,65.42609,65.61984,65.20362,65.57679,13506
2022-02-21 16:00:00,0,0.28408260087060017,0.7159173991293999,Hold,65.57679,65.792076,65.26821,65.29691,13839
2022-02-21 17:00:00,0,0.31087556274117367,0.6891244372588263,Hold,65.29691,65.792076,65.20362,65.7849,9784
2022-02-21 18:00:00,0,0.3860414481210847,0.6139585518789152,Hold,65.777725,66.51688,65.59832,66.43076,13614
2022-02-21 19:00:00,0,0.38432729261948817,0.6156727073805118,Hold,66.43076,66.70346,66.34465,66.61735,2877
2022-02-21 23:00:00,0,0.36361211796921683,0.6363878820307831,Hold,67.39239,67.49285,66.445114,66.49535,13030
2022-02-22 00:00:00,0,0.36201452247486904,0.637985477525131,Hold,66.480995,66.61017,66.179596,66.43794,5559
2022-02-22 01:00:00,0,0.3719398145801063,0.6280601854198937,Hold,66.43076,67.0838,66.423584,66.70346,14553
2022-02-22 02:00:00,0,0.38550365967127154,0.6144963403287285,Hold,66.70346,66.868515,66.40923,66.61735,6834
2022-02-22 03:00:00,0,0.4420453534097435,0.5579546465902565,Hold,66.61735,66.70346,66.423584,66.51688,3197
2022-02-22 04:00:00,0,0.457406999165874,0.542593000834126,Hold,66.51688,66.61735,66.466644,66.509705,1891
2022-02-22 05:00:00,0,0.5117813895690785,0.4882186104309215,Sell,66.51688,67.0264,66.49535,66.98334,5511
2022-02-22 06:00:00,0,0.49590328140344453,0.5040967185965555,Hold,66.97616,67.12686,66.890045,67.01922,5113
2022-02-22 07:00:00,0,0.5115467820792168,0.4884532179207832,Sell,67.01204,67.2058,66.7824,67.14839,12311
2022-02-22 08:00:00,1,0.5438059811559354,0.45619401884406463,Sell,67.14839,68.13872,67.09816,67.85167,31954
2022-02-22 09:00:00,1,0.5580230355179908,0.4419769644820092,Sell,67.85167,68.009544,67.56461,67.657906,18557
2022-02-22 10:00:00,1,0.6039038934505842,0.39609610654941585,Sell,67.665085,67.85167,67.2058,67.41391,18727
2022-02-22 11:00:00,0,0.6036945735317479,0.39630542646825206,Sell,67.40674,67.54308,66.81828,67.06228,18218
2022-02-22 12:00:00,0,0.5283397270775078,0.47166027292249224,Sell,67.06228,67.234505,66.6317,66.64605,18143
2022-02-22 13:00:00,0,0.5440173673066533,0.4559826326933467,Sell,66.6317,66.875694,66.41641,66.71064,28068
2022-02-22 14:00:00,0,0.4917543099326969,0.5082456900673031,Hold,66.71781,67.16274,66.18677,66.35182,46363
2022-02-22 15:00:00,0,0.45819536535744626,0.5418046346425538,Hold,66.36618,66.39488,65.433266,66.01454,60990
2022-02-22 16:00:00,0,0.46002918246900587,0.5399708175309941,Hold,66.01454,66.359,65.86384,66.100655,32984
2022-02-22 17:00:00,0,0.46220618636778393,0.537793813632216,Hold,66.107834,66.57429,66.02171,66.423584,21531
2022-02-22 18:00:00,0,0.3777784968147106,0.6222215031852893,Hold,66.43794,66.45229,65.734665,66.01454,23619
2022-02-22 19:00:00,0,0.3481454365785459,0.6518545634214541,Hold,66.02171,66.21548,65.332794,65.799255,44274
2022-02-22 20:00:00,0,0.3441046924199814,0.6558953075800187,Hold,65.799255,65.92125,65.5122,65.67725,9704
2022-02-22 21:00:00,0,0.34299118977744397,0.657008810222556,Hold,65.68443,65.76337,65.55526,65.741844,2917
2022-02-22 23:00:00,0,0.34225893539028895,0.657741064609711,Hold,65.83514,65.97148,65.6629,65.80643,2146
2022-02-23 00:00:00,0,0.3748306536261926,0.6251693463738074,Hold,65.80643,65.91407,65.80643,65.88537,970
2022-02-23 01:00:00,0,0.4027210518207106,0.5972789481792894,Hold,65.88537,66.129364,65.698784,66.01454,7830
2022-02-23 02:00:00,0,0.37806296458590394,0.6219370354140961,Hold,66.00736,66.143715,65.95713,66.100655,3964
2022-02-23 03:00:00,0,0.4107172769298041,0.5892827230701959,Hold,66.100655,66.28724,66.100655,66.165245,3474
2022-02-23 04:00:00,0,0.39932749237841647,0.6006725076215835,Hold,66.17242,66.21548,66.107834,66.15089,1358
2022-02-23 05:00:00,0,0.367272082467601,0.632727917532399,Hold,66.15089,66.25136,66.06477,66.0863,3005
2022-02-23 06:00:00,0,0.33491432377300656,0.6650856762269934,Hold,66.079124,66.0863,65.734665,65.83514,5533
2022-02-23 07:00:00,0,0.31633669093383837,0.6836633090661617,Hold,65.83514,66.129364,65.777725,65.99301,6955
2022-02-23 08:00:00,0,0.3038178588738662,0.6961821411261337,Hold,65.99301,66.19395,65.40456,65.59114,17028
2022-02-23 09:00:00,0,0.26167483211581527,0.7383251678841847,Hold,65.59114,65.82796,65.045746,65.14621,16004
2022-02-23 10:00:00,0,0.3151679217511366,0.6848320782488634,Hold,65.13904,65.56961,65.11033,65.4835,10607
2022-02-23 11:00:00,0,0.33553512233958227,0.6644648776604177,Hold,65.4835,65.82796,65.332794,65.698784,9337
2022-02-23 12:00:00,0,0.3521080432260787,0.6478919567739213,Hold,65.70596,65.84231,65.49067,65.84231,8589
2022-02-23 13:00:00,0,0.3400415556415016,0.6599584443584984,Hold,65.83514,65.98583,65.65572,65.92125,18208
2022-02-23 14:00:00,0,0.36583557196267585,0.6341644280373242,Hold,65.9069,66.509705,65.64855,66.445114,40339
2022-02-23 15:00:00,0,0.40386556994925576,0.5961344300507443,Hold,66.445114,67.38521,66.43794,66.68193,63334
2022-02-23 16:00:00,0,0.3412815942573165,0.6587184057426835,Hold,66.68193,66.846985,65.756195,65.81361,38982
2022-02-23 17:00:00,0,0.3353006825476667,0.6646993174523332,Hold,65.82078,66.23701,65.770546,66.06477,25689
2022-02-23 18:00:00,0,0.3304190608388754,0.6695809391611246,Hold,66.06477,66.34465,65.82796,66.0863,20071
2022-02-23 19:00:00,0,0.2912353728394296,0.7087646271605704,Hold,66.0863,66.32312,65.50503,65.70596,43335
2022-02-23 20:00:00,0,0.3391661989525534,0.6608338010474466,Hold,65.698784,66.22983,65.54091,66.179596,12878
2022-02-23 21:00:00,0,0.3836493370066707,0.6163506629933293,Hold,66.179596,66.29442,65.88537,66.19395,6263
2022-02-23 23:00:00,0,0.3947385148833211,0.6052614851166789,Hold,66.39488,66.71781,66.38053,66.59582,3449
2022-02-24 00:00:00,0,0.3779524318483415,0.6220475681516585,Hold,66.603,67.09816,66.567116,66.954636,6816
2022-02-24 01:00:00,0,0.3527066074118987,0.6472933925881013,Hold,66.96899,67.00487,66.64605,66.882866,9016
2022-02-24 02:00:00,0,0.4002188558195789,0.599781144180421,Hold,66.882866,67.578964,66.7824,67.55744,14737
2022-02-24 03:00:00,0,0.35683008085253937,0.6431699191474607,Hold,67.56461,68.56212,67.55026,68.11719,32074
2022-02-24 04:00:00,0,0.3534692161521835,0.6465307838478165,Hold,68.11001,69.73903,68.07413,69.243866,35012
2022-02-24 05:00:00,0,0.39545451017925304,0.604545489820747,Hold,69.22951,69.896904,68.94246,69.63856,20315
2022-02-24 06:00:00,0,0.35758006514687535,0.6424199348531247,Hold,69.63856,69.77491,69.0214,69.61703,15775
2022-02-24 07:00:00,0,0.40553421916885396,0.594465780831146,Hold,69.63138,70.65759,69.35868,69.81079,34852
2022-02-24 08:00:00,0,0.4151826145571615,0.5848173854428385,Hold,69.80361,70.48536,69.49503,70.34901,31093
2022-02-24 09:00:00,0,0.4102836446749301,0.5897163553250699,Hold,70.356186,71.045105,70.09066,70.77959,25259
2022-02-24 10:00:00,1,0.4121115104139695,0.5878884895860306,Hold,70.78676,72.15025,70.78676,71.57615,41456
2022-02-24 11:00:00,1,0.4044380514932831,0.595561948506717,Hold,71.56898,71.76273,71.073814,71.38239,21448
2022-02-24 12:00:00,1,0.4096017276491723,0.5903982723508276,Hold,71.37521,71.71968,70.49971,71.461334,35813
2022-02-24 13:00:00,1,0.3903300488780356,0.6096699511219644,Hold,71.454155,71.71968,71.088165,71.35369,35566
2022-02-24 14:00:00,1,0.45111238210560917,0.5488876178943909,Hold,71.34651,71.56898,69.466324,69.78208,69431
2022-02-24 15:00:00,1,0.43017730691838374,0.5698226930816163,Hold,69.78208,70.49971,69.64574,69.83949,48775
2022-02-24 16:00:00,1,0.4210688653919315,0.5789311346080686,Hold,69.81796,70.277245,69.02857,69.172104,42851
2022-02-24 17:00:00,1,0.4318853269661625,0.5681146730338376,Hold,69.179276,69.62421,68.404236,69.172104,38161
2022-02-24 18:00:00,0,0.3054020181863633,0.6945979818136367,Hold,69.164925,69.222336,67.04075,67.45697,53400
2022-02-24 19:00:00,0,0.2523178222908113,0.7476821777091887,Hold,67.44979,67.52873,65.62702,66.65323,64917
2022-02-24 20:00:00,0,0.25410627950091674,0.7458937204990832,Hold,66.66041,67.07663,66.057594,66.954636,15087
2022-02-24 21:00:00,0,0.23476042154264173,0.7652395784573582,Hold,66.954636,67.01922,66.445114,66.73934,5028
2022-02-24 23:00:00,0,0.33702445332184927,0.6629755466781507,Hold,66.96899,68.51189,66.91875,68.002365,8379
2022-02-25 00:00:00,0,0.30653587549162475,0.6934641245083752,Hold,67.98084,68.002365,67.700966,67.88037,2459
2022-02-25 01:00:00,0,0.3450284407681349,0.6549715592318651,Hold,67.86602,68.63388,67.84449,68.009544,12110
2022-02-25 02:00:00,0,0.36004647049901617,0.6399535295009838,Hold,68.01672,68.404236,67.88755,68.33247,3986
2022-02-25 03:00:00,1,0.35868651914095323,0.6413134808590468,Hold,68.3253,68.56929,68.26071,68.49753,4205
2022-02-25 04:00:00,0,0.3071379897461203,0.6928620102538797,Hold,68.49753,68.51189,68.038246,68.05978,3317
2022-02-25 05:00:00,0,0.30418656808370265,0.6958134319162974,Hold,68.066956,68.16742,67.72967,67.77273,4517
2022-02-25 06:00:00,0,0.31549081844158566,0.6845091815584143,Hold,67.77273,68.01672,67.49285,67.9306,4700
2022-02-25 07:00:00,0,0.35543693527010195,0.6445630647298981,Hold,67.92343,68.389885,67.71532,67.988014,11106
2022-02-25 08:00:00,0,0.3034484032957073,0.6965515967042927,Hold,67.988014,68.3253,67.277565,67.657906,20317
2022-02-25 09:00:00,0,0.2634967034813047,0.7365032965186953,Hold,67.67226,67.76555,66.76087,66.97616,19269
2022-02-25 10:00:00,0,0.2309696939336883,0.7690303060663117,Hold,66.98334,67.11969,66.21548,66.59582,17872
2022-02-25 11:00:00,0,0.21522150435577245,0.7847784956442275,Hold,66.59582,66.69629,65.92125,66.62453,17886
2022-02-25 12:00:00,0,0.21642623650376971,0.7835737634962303,Hold,66.62453,67.291916,66.165245,66.58864,23503
2022-02-25 13:00:00,0,0.2075837679738474,0.7924162320261526,Hold,66.603,67.0838,65.89254,65.94278,36769
2022-02-25 14:00:00,0,0.21099232140906188,0.7890076785909381,Hold,65.94995,66.72499,65.59114,66.093475,66409
2022-02-25 15:00:00,0,0.2177306109475198,0.7822693890524802,Hold,66.107834,66.51688,65.52655,65.749016,45619
2022-02-25 16:00:00,0,0.20629759340318307,0.7937024065968169,Hold,65.749016,66.079124,65.11033,65.56243,39117
2022-02-25 17:00:00,0,0.2006229788112974,0.7993770211887026,Hold,65.56243,65.713135,64.62952,65.09598,29555
2022-02-25 18:00:00,0,0.2296989523369527,0.7703010476630473,Hold,65.09598,65.6342,64.91657,65.433266,21175
2022-02-25 19:00:00,0,0.2213116357926002,0.7786883642073998,Hold,65.433266,66.122185,65.39738,65.89254,29779
2022-02-25 20:00:00,0,0.21727925088387398,0.782720749116126,Hold,65.89254,66.33747,65.86384,66.25853,9030
2022-02-25 21:00:00,0,0.22812482800030393,0.7718751719996961,Hold,66.25136,66.30877,65.81361,65.97866,3280
2022-02-27 23:00:00,0,0.39877906727688794,0.6012209327231121,Hold,68.16742,71.11687,68.045425,69.43762,33312
2022-02-28 00:00:00,0,0.37988863549516416,0.6201113645048358,Hold,69.43044,69.523735,69.100334,69.30845,7265
2022-02-28 01:00:00,0,0.4028957417989617,0.5971042582010383,Hold,69.31563,69.41609,68.48318,69.22951,16266
2022-02-28 02:00:00,0,0.43262923158977357,0.5673707684102265,Hold,69.23669,69.35868,68.89223,68.97834,7503
2022-02-28 03:00:00,0,0.46349847706733593,0.5365015229326641,Hold,68.98552,69.58115,68.94964,69.42327,5819
2022-02-28 04:00:00,0,0.47679159295228984,0.5232084070477101,Hold,69.42327,69.9902,69.40174,69.78926,7119
2022-02-28 05:00:00,0,0.49016278522401585,0.5098372147759842,Hold,69.78926,69.80361,69.12904,69.27975,4846
2022-02-28 06:00:00,0,0.49162595445713153,0.5083740455428685,Hold,69.27257,69.75338,69.179276,69.559616,4306
2022-02-28 07:00:00,0,0.5158402710007011,0.48415972899929893,Sell,69.58115,69.68162,68.22483,68.425766,17633
2022-02-28 08:00:00,0,0.5269033475662043,0.47309665243379573,Sell,68.411415,68.89223,68.088486,68.404236,18594
2022-02-28 09:00:00,0,0.49722629027343646,0.5027737097265635,Hold,68.404236,69.31563,68.26071,69.243866,11776
2022-02-28 10:00:00,0,0.5751875842690896,0.42481241573091044,Sell,69.25104,69.40892,68.50471,68.59082,11533
2022-02-28 11:00:00,0,0.535903360440398,0.464096639559602,Sell,68.59082,68.97117,68.354004,68.92811,8803
2022-02-28 12:00:00,0,0.5625070268880639,0.43749297311193613,Sell,68.92811,69.0214,67.84449,68.23918,19170
2022-02-28 13:00:00,0,0.5656081492126236,0.4343918507873764,Sell,68.25354,68.791756,68.12437,68.763054,23702
2022-02-28 14:00:00,0,0.532766855667914,0.46723314433208596,Sell,68.7487,68.813286,67.88037,67.97366,29606
2022-02-28 15:00:00,0,0.5450825409907905,0.45491745900920955,Sell,67.97366,68.74152,67.966484,68.54059,27361
2022-02-28 16:00:00,0,0.4854273724581638,0.5145726275418362,Hold,68.53341,68.68411,67.76555,68.49036,34703
2022-02-28 17:00:00,0,0.5158934863225714,0.48410651367742863,Sell,68.49753,69.09316,68.34683,69.04293,22081
2022-02-28 18:00:00,0,0.48447630734294733,0.5155236926570527,Hold,69.03575,69.49503,68.94964,69.222336,19103
2022-02-28 19:00:00,0,0.4560035543912368,0.5439964456087631,Hold,69.22951,69.243866,68.38271,68.66258,30563
2022-02-28 20:00:00,0,0.4425852294716745,0.5574147705283254,Hold,68.65541,68.97117,68.58365,68.806114,9780
2022-02-28 21:00:00,0,0.4164096474619324,0.5835903525380677,Hold,68.806114,68.8707,68.454475,68.763054,3350
2022-02-28 23:00:00,0,0.444344635749911,0.555655364250089,Hold,68.95681,68.99269,68.404236,68.841995,2289
2022-03-01 00:00:00,0,0.3519862185284692,0.6480137814715308,Hold,68.834816,69.03575,68.82764,68.94964,1584
2022-03-01 01:00:00,0,0.41690269873033325,0.5830973012696667,Hold,68.96399,69.42327,68.92811,69.164925,8146
2022-03-01 02:00:00,0,0.4281834782629758,0.5718165217370241,Hold,69.172104,69.25104,69.100334,69.143394,2911
2022-03-01 03:00:00,0,0.4509220219077223,0.5490779780922777,Hold,69.13622,69.31563,69.07163,69.25104,2840
2022-03-01 04:00:00,0,0.4024802244345065,0.5975197755654935,Hold,69.25822,69.40892,69.22951,69.27257,2280
2022-03-01 05:00:00,0,0.3760120061024919,0.6239879938975081,Hold,69.27257,69.45915,69.27257,69.35151,2358
2022-03-01 06:00:00,0,0.4300156716152887,0.5699843283847112,Hold,69.35151,69.96149,69.34433,69.75338,8670
2022-03-01 07:00:00,0,0.40730998030173365,0.5926900196982663,Hold,69.75338,70.0189,69.552444,69.65291,10931
2022-03-01 08:00:00,0,0.45016678307607294,0.5498332169239271,Hold,69.64574,70.664764,69.64574,70.60735,18721
2022-03-01 09:00:00,0,0.49572702971193006,0.5042729702880699,Hold,70.60735,71.0164,70.341835,70.92311,13059
2022-03-01 10:00:00,0,0.4881251781011427,0.5118748218988574,Hold,70.90876,71.21734,70.621704,70.700645,15952
2022-03-01 11:00:00,0,0.4888646783094328,0.5111353216905672,Hold,70.700645,71.6838,70.48536,71.5331,18617
2022-03-01 12:00:00,0,0.5131709878339763,0.4868290121660237,Sell,71.54027,72.8607,71.31063,72.27225,34799
2022-03-01 13:00:00,0,0.4873865556287291,0.5126134443712709,Hold,72.27225,72.552124,71.518745,72.23637,33866
2022-03-01 14:00:00,0,0.5333783617587705,0.4666216382412295,Sell,72.229195,73.334335,72.07849,73.19081,44638
2022-03-01 15:00:00,0,0.5516471562843581,0.4483528437156419,Sell,73.19799,75.3437,72.43013,74.76959,96893
2022-03-01 16:00:00,0,0.5017593806662521,0.49824061933374786,Sell,74.76959,76.362724,74.01608,75.83886,71297
2022-03-01 17:00:00,0,0.5038691856959576,0.4961308143040424,Sell,75.85321,76.62825,74.71218,75.14993,49612
2022-03-01 18:00:00,0,0.4972795903739244,0.5027204096260756,Hold,75.14276,75.36523,74.29596,74.71218,29647
2022-03-01 19:00:00,0,0.46102958438275343,0.5389704156172466,Hold,74.71218,75.01359,73.5568,74.59737,37189
2022-03-01 20:00:00,0,0.5021659224570353,0.4978340775429647,Sell,74.59737,75.17864,74.518425,75.17146,9769
2022-03-01 21:00:00,0,0.5198422241385142,0.4801577758614858,Sell,75.15711,76.43449,75.04947,76.31249,7928
2022-03-01 23:00:00,0,0.4682831340495027,0.5317168659504973,Hold,76.87224,77.180824,75.60204,76.34837,9673
2022-03-02 00:00:00,0,0.5561945724665843,0.4438054275334157,Sell,76.34837,76.420135,75.74557,76.20485,5442
2022-03-02 01:00:00,0,0.619520345882293,0.380479654117707,Sell,76.20485,77.95586,75.95368,77.7908,18057
2022-03-02 02:00:00,0,0.6223534166773692,0.3776465833226308,Sell,77.80516,78.43667,77.29564,78.25726,20525
2022-03-02 03:00:00,0,0.6403931939648199,0.35960680603518014,Sell,78.26444,78.343376,77.62575,77.76928,9764
2022-03-02 04:00:00,0,0.612551198662812,0.38744880133718795,Sell,77.78363,78.08503,77.33152,77.83386,5579
2022-03-02 05:00:00,0,0.6454708876569438,0.3545291123430562,Sell,77.85539,77.97739,77.43917,77.51093,3860
2022-03-02 06:00:00,0,0.6416700844208433,0.3583299155791567,Sell,77.51093,79.068184,77.37458,78.730896,9665
2022-03-02 07:00:00,0,0.6182545701003028,0.3817454298996972,Sell,78.752426,80.01545,78.09221,79.69969,23740
2022-03-02 08:00:00,0,0.5892056132376414,0.4107943867623586,Sell,79.67816,79.67816,78.39361,79.139946,17536
2022-03-02 09:00:00,0,0.625580526563078,0.37441947343692195,Sell,79.14712,79.405464,77.76928,78.1855,18792
2022-03-02 10:00:00,0,0.6397008761157598,0.36029912388424024,Sell,78.19267,78.45102,77.01577,77.238235,12996
2022-03-02 11:00:00,0,0.6174891980975236,0.38251080190247644,Sell,77.25259,78.93901,77.04447,78.79549,14794
2022-03-02 12:00:00,0,0.5810817370598533,0.41891826294014667,Sell,78.77396,79.26912,77.83386,79.22606,20872
2022-03-02 13:00:00,0,0.6004479034792445,0.3995520965207555,Sell,79.23324,80.74025,79.118416,79.57052,51647
2022-03-02 14:00:00,0,0.6218746174416122,0.3781253825583878,Sell,79.55617,79.6064,77.575516,77.948685,51305
2022-03-02 15:00:00,0,0.567273947037538,0.432726052962462,Sell,77.948685,78.6376,75.48004,76.003914,63066
2022-03-02 16:00:00,0,0.5274037926856177,0.47259620731438234,Sell,76.003914,77.963036,75.96803,77.927155,57322
2022-03-02 17:00:00,0,0.5421826849191351,0.4578173150808649,Sell,77.927155,78.6089,77.3674,78.314674,25993
2022-03-02 18:00:00,0,0.5021103079921799,0.4978896920078201,Sell,78.321846,78.96054,77.66881,78.93901,25564
2022-03-02 19:00:00,0,0.52084154899479,0.47915845100521004,Sell,78.96771,80.69002,78.85289,80.28815,44992
2022-03-02 20:00:00,0,0.495001747001166,0.5049982529988339,Hold,80.28815,80.69002,79.792984,80.0011,15422
2022-03-02 21:00:00,0,0.49256153898135147,0.5074384610186485,Hold,80.00827,80.07286,79.63511,79.94369,4979
2022-03-02 23:00:00,0,0.5397506331305648,0.4602493668694352,Sell,79.893456,79.96522,79.36958,79.53464,4366
2022-03-03 00:00:00,0,0.4570621066675418,0.5429378933324582,Hold,79.57052,80.6972,79.448524,80.3025,6735
2022-03-03 01:00:00,0,0.5269118397394363,0.47308816026056366,Sell,80.280975,82.168335,80.10874,82.125275,20507
2022-03-03 02:00:00,0,0.5407553195271517,0.4592446804728483,Sell,82.118095,82.31186,80.74025,81.1493,16195
2022-03-03 03:00:00,0,0.5189283161357954,0.4810716838642046,Sell,81.1493,81.63729,81.12777,81.357414,5577
2022-03-03 04:00:00,0,0.5231772966339995,0.4768227033660005,Sell,81.357414,82.36927,81.24259,82.146805,7908
2022-03-03 05:00:00,0,0.4813057911970506,0.5186942088029494,Hold,82.132454,82.34774,81.83105,82.08939,5621
2022-03-03 06:00:00,0,0.519709069903826,0.48029093009617396,Sell,82.07504,82.527145,81.94587,82.23292,7474
2022-03-03 07:00:00,1,0.5739076027584894,0.4260923972415106,Sell,82.24727,83.653824,82.103745,83.251945,23014
2022-03-03 08:00:00,1,0.5781323451487682,0.4218676548512318,Sell,83.251945,83.266304,82.23292,82.41232,23449
2022-03-03 09:00:00,0,0.5614992320191822,0.43850076798081783,Sell,82.38362,82.38362,81.10625,81.25694,18577
2022-03-03 10:00:00,0,0.5332874532474039,0.4667125467525961,Sell,81.22824,81.88128,80.80484,81.09189,16080
2022-03-03 11:00:00,0,0.5324514986939545,0.4675485013060455,Sell,81.09189,81.85258,80.77614,81.04166,15429
2022-03-03 12:00:00,1,0.5742434301285307,0.42575656987146926,Sell,81.03448,81.94587,80.31686,81.91716,20394
2022-03-03 13:00:00,0,0.42988337882127753,0.5701166211787225,Hold,81.93151,82.505615,76.37708,76.98706,75230
2022-03-03 14:00:00,0,0.403422729912889,0.596577270087111,Hold,77.00859,79.34805,76.800476,79.075356,61201
2022-03-03 15:00:00,0,0.36675149971974275,0.6332485002802573,Hold,79.075356,80.41014,78.45102,78.66631,41713
2022-03-03 16:00:00,0,0.33254656726856086,0.6674534327314392,Hold,78.695015,79.4557,78.17832,78.752426,29174
2022-03-03 17:00:00,0,0.3551262244429395,0.6448737755570605,Hold,78.738075,80.15897,78.40797,78.79549,34228
2022-03-03 18:00:00,0,0.3481818865047566,0.6518181134952434,Hold,78.80266,79.19736,78.30032,78.60172,20081
2022-03-03 19:00:00,0,0.38601326953472725,0.6139867304652727,Hold,78.59455,78.90313,77.130585,77.34588,30655
2022-03-03 20:00:00,0,0.35692357292556176,0.6430764270744382,Hold,77.32435,78.09221,77.29564,77.71904,8760
2022-03-03 21:00:00,0,0.3239416576241496,0.6760583423758504,Hold,77.72622,77.89845,77.31,77.539635,3408
2022-03-03 23:00:00,0,0.34637435912659437,0.6536256408734056,Hold,77.47505,78.53714,77.42481,78.38644,4320
2022-03-04 00:00:00,0,0.4296201693626096,0.5703798306373904,Hold,78.40797,80.97707,78.25726,80.259445,15660
2022-03-04 01:00:00,0,0.4361225360530596,0.5638774639469404,Hold,80.259445,80.661316,78.293144,78.47973,16994
2022-03-04 02:00:00,0,0.3904532805846334,0.6095467194153665,Hold,78.47973,79.505936,78.46538,78.78831,8672
2022-03-04 03:00:00,0,0.40050886531801105,0.5994911346819889,Hold,78.76678,79.426994,78.47973,78.6376,4517
2022-03-04 04:00:00,0,0.3938352781883958,0.6061647218116042,Hold,78.63043,79.053825,78.63043,78.83137,1912
2022-03-04 05:00:00,0,0.38202280879159567,0.6179771912084043,Hold,78.82419,79.21171,77.539635,77.63293,5896
2022-03-04 06:00:00,0,0.39338251886288056,0.6066174811371194,Hold,77.6114,78.716545,77.58987,78.350555,5822
2022-03-04 07:00:00,0,0.38636888593672014,0.6136311140632799,Hold,78.37926,79.04665,77.7908,77.84104,9518
2022-03-04 08:00:00,0,0.3751383922456065,0.6248616077543935,Hold,77.83386,78.15679,76.96553,77.58987,14102
2022-03-04 09:00:00,0,0.3884286211358732,0.6115713788641268,Hold,77.582695,78.53714,77.31,78.19985,8818
2022-03-04 10:00:00,0,0.44808630577838854,0.5519136942216114,Hold,78.19985,79.36241,78.14962,79.20453,10022
2022-03-04 11:00:00,0,0.4186992990395641,0.5813007009604358,Hold,79.19018,79.26912,78.52996,78.62325,7238
2022-03-04 12:00:00,0,0.47375156884356623,0.5262484311564337,Hold,78.63043,80.08003,78.52278,79.828865,12807
2022-03-04 13:00:00,0,0.43203295474212794,0.567967045257872,Hold,79.836044,80.56802,79.37676,79.66381,27389
2022-03-04 14:00:00,0,0.5056957546536093,0.4943042453463907,Sell,79.66381,81.70187,79.39829,80.97707,44739
2022-03-04 15:00:00,0,0.44373531121678467,0.5562646887832153,Hold,80.984245,81.68752,80.50343,80.97707,39220
2022-03-04 16:00:00,0,0.47348151903578095,0.526518480964219,Hold,80.984245,81.03448,79.35523,79.484406,35277
2022-03-04 17:00:00,0,0.5168944833472867,0.4831055166527133,Sell,79.491585,80.6972,79.13277,80.237915,26818
2022-03-04 18:00:00,0,0.4979344943678156,0.5020655056321843,Hold,80.24509,81.3,80.173325,80.89813,22193
2022-03-04 19:00:00,0,0.45448384028055167,0.5455161597194483,Hold,80.905304,83.216064,80.905304,82.94337,60603
2022-03-04 20:00:00,0,0.4464218211049299,0.5535781788950701,Hold,82.94337,83.259125,82.59173,82.79267,11723
2022-03-04 21:00:00,0,0.4835719384561492,0.5164280615438508,Hold,82.78549,82.907486,82.29751,82.527145,4671
2022-03-06 23:00:00,1,0.5178042516676751,0.4821957483323249,Sell,87.069725,93.65037,87.069725,91.1315,26599
2022-03-07 00:00:00,0,0.599652617933841,0.40034738206615905,Sell,91.12432,91.12432,89.021675,89.1652,11824
2022-03-07 01:00:00,0,0.5492545764228195,0.4507454235771805,Sell,89.18673,89.64601,87.6223,88.79921,18134
2022-03-07 02:00:00,0,0.5771885496164071,0.4228114503835929,Sell,88.83509,90.27035,88.4691,90.126816,8027
2022-03-07 03:00:00,0,0.5858462660975999,0.41415373390240007,Sell,90.133995,90.133995,88.51216,89.26566,10088
2022-03-07 04:00:00,0,0.5664837682037621,0.4335162317962379,Sell,89.25849,90.68657,89.057556,90.47128,7623
2022-03-07 05:00:00,0,0.5158069405842454,0.48419305941575463,Sell,90.44257,90.930565,89.84695,90.37799,6141
2022-03-07 06:00:00,0,0.5432263065211822,0.4567736934788178,Sell,90.37081,90.844444,90.03353,90.22729,5011
2022-03-07 07:00:00,1,0.568201671811302,0.431798328188698,Sell,90.22729,90.24164,89.53837,90.012,10378
2022-03-07 08:00:00,0,0.5990784373009268,0.4009215626990732,Sell,90.01917,90.02635,88.7705,88.86379,21384
2022-03-07 09:00:00,0,0.5740513392737542,0.4259486607262458,Sell,88.87097,89.15085,88.146164,88.569565,15558
2022-03-07 10:00:00,0,0.5688830029759508,0.43111699702404915,Sell,88.569565,88.7131,87.66536,88.03135,12912
2022-03-07 11:00:00,0,0.552998932080625,0.447001067919375,Sell,88.05288,88.92838,87.71559,88.69874,11202
2022-03-07 12:00:00,0,0.5554943765176062,0.44450562348239375,Sell,88.69874,88.72027,86.01482,86.83291,23815
2022-03-07 13:00:00,0,0.47920274955452263,0.5207972504454774,Hold,86.84009,86.8975,84.091576,85.31154,39127
2022-03-07 14:00:00,0,0.4665147792840712,0.5334852207159289,Hold,85.32589,85.34025,82.914665,84.28533,48404
2022-03-07 15:00:00,0,0.49445031783727134,0.5055496821627287,Hold,84.29968,85.899994,84.19922,85.44071,39858
2022-03-07 16:00:00,0,0.4782808233235545,0.5217191766764455,Hold,85.44789,86.359276,84.400154,85.19672,30175
2022-03-07 17:00:00,0,0.48919784046640113,0.5108021595335989,Hold,85.203896,86.15834,84.01981,86.06505,29556
2022-03-07 18:00:00,0,0.4282975075118027,0.5717024924881973,Hold,86.03635,87.464424,85.74929,85.935875,27196
2022-03-07 19:00:00,0,0.3758603033795943,0.6241396966204057,Hold,85.950226,86.2301,85.03884,85.41201,31170
2022-03-07 20:00:00,0,0.3994440936302576,0.6005559063697423,Hold,85.41201,86.25163,85.36177,86.00764,8070
2022-03-07 21:00:00,0,0.42658057768341173,0.5734194223165883,Hold,86.00764,86.43822,85.84258,86.344925,3184
2022-03-07 23:00:00,0,0.428391120913724,0.571608879086276,Hold,86.59609,87.12714,85.41918,86.81856,5759
2022-03-08 00:00:00,0,0.4634149692983237,0.5365850307016763,Hold,86.81856,87.22043,86.17987,86.58174,3869
2022-03-08 01:00:00,0,0.432411846342168,0.567588153657832,Hold,86.54586,86.84009,84.012634,84.90967,11979
2022-03-08 02:00:00,0,0.5135652374977798,0.4864347625022202,Sell,84.9312,87.098434,84.91685,86.91185,11941
2022-03-08 03:00:00,0,0.5188258052330491,0.4811741947669509,Sell,86.89032,87.5936,86.7755,87.105606,9506
2022-03-08 04:00:00,0,0.5023253511123312,0.49767464888766877,Sell,87.084076,87.22043,86.3521,87.1989,4711
2022-03-08 05:00:00,0,0.570206576294015,0.42979342370598494,Sell,87.1989,88.35428,87.055374,88.10311,6830
2022-03-08 06:00:00,0,0.5631180917545292,0.4368819082454708,Sell,88.09593,88.51216,87.57207,87.69406,8674
2022-03-08 07:00:00,0,0.5708943931685696,0.4291056068314304,Sell,87.68689,88.46192,86.93338,87.57924,9944
2022-03-08 08:00:00,0,0.5827439773118129,0.41725602268818707,Sell,87.57207,87.902176,86.22292,87.53619,17335
2022-03-08 09:00:00,0,0.5975209021155622,0.4024790978844378,Sell,87.55054,87.98829,87.076904,87.859116,9578
2022-03-08 10:00:00,0,0.5760204223716396,0.42397957762836036,Sell,87.87347,88.54086,86.99079,88.09593,12230
2022-03-08 11:00:00,0,0.5977375035697122,0.4022624964302878,Sell,88.08158,88.37581,87.57207,88.225105,9986
2022-03-08 12:00:00,0,0.5983126871653206,0.4016873128346794,Sell,88.239456,88.41169,87.14149,87.435715,13226
2022-03-08 13:00:00,0,0.5630011295039838,0.43699887049601616,Sell,87.414185,90.44257,86.84726,90.141174,44631
2022-03-08 14:00:00,1,0.5690755063557622,0.4309244936442378,Sell,90.126816,92.365814,88.935555,92.13618,48724
2022-03-08 15:00:00,1,0.5434517182872882,0.4565482817127118,Sell,92.13618,92.88969,90.37799,91.41137,51515
2022-03-08 16:00:00,1,0.5281179544764061,0.4718820455235939,Sell,91.4042,92.54523,90.67939,91.719955,38817
2022-03-08 17:00:00,0,0.49481907336062836,0.5051809266393716,Hold,91.73431,91.94241,85.84258,87.52901,65917
2022-03-08 18:00:00,1,0.5389050508131715,0.4610949491868285,Sell,87.53619,91.87783,87.27784,90.18423,36624
2022-03-08 19:00:00,1,0.49654519687362336,0.5034548031263766,Hold,90.18423,90.528694,88.50498,89.12932,20951
2022-03-08 20:00:00,1,0.4882483127432118,0.5117516872567882,Hold,89.12932,89.81824,88.30405,89.79671,6744
2022-03-08 21:00:00,1,0.4319360308530882,0.5680639691469118,Hold,89.775185,89.89718,88.985794,89.53837,2526
2022-03-08 23:00:00,1,0.47205008090284456,0.5279499190971555,Hold,89.45943,90.26317,89.45943,89.97612,2361
2022-03-09 00:00:00,1,0.4767913233981905,0.5232086766018095,Hold,90.00482,90.7368,89.78236,90.22011,3222
2022-03-09 01:00:00,1,0.4740266062954813,0.5259733937045187,Hold,90.177055,90.34928,89.23696,89.63165,5455
2022-03-09 02:00:00,1,0.5295852472306106,0.4704147527693894,Sell,89.63165,90.909035,89.63165,90.39234,4328
2022-03-09 03:00:00,1,0.5256686122748371,0.4743313877251629,Sell,90.38516,90.894684,90.098114,90.64351,3366
2022-03-09 04:00:00,1,0.5095330493999212,0.49046695060007883,Sell,90.64351,91.02385,90.177055,90.37081,2251
2022-03-09 05:00:00,1,0.5060101563012759,0.4939898436987241,Sell,90.33493,90.535866,89.79671,90.112465,2566
2022-03-09 06:00:00,1,0.5433674139204849,0.45663258607951507,Sell,90.126816,90.901855,90.06223,90.578926,3333
2022-03-09 07:00:00,1,0.44537121442059924,0.5546287855794008,Hold,90.557396,90.71527,89.373314,89.58142,6194
2022-03-09 08:00:00,1,0.469055781097682,0.530944218902318,Hold,89.58142,90.35646,88.91403,89.3159,14313
2022-03-09 09:00:00,1,0.5082864668033804,0.4917135331966196,Sell,89.301544,89.86848,86.86162,87.16302,23041
2022-03-09 10:00:00,1,0.476798160700732,0.523201839299268,Hold,87.18455,88.289696,86.15834,87.24913,24696
2022-03-09 11:00:00,1,0.43712953992939496,0.562870460070605,Hold,87.26349,87.50748,85.569885,86.38798,16514
2022-03-09 12:00:00,1,0.4200230926033415,0.5799769073966585,Hold,86.37363,87.1702,85.39765,85.78517,19896
2022-03-09 13:00:00,1,0.39753463795174254,0.6024653620482574,Hold,85.79235,86.58891,83.9624,84.414505,23527
2022-03-09 14:00:00,1,0.3846157856512708,0.6153842143487291,Hold,84.378624,85.26848,82.893135,84.72308,52044
2022-03-09 15:00:00,1,0.36688101809952667,0.6331189819004733,Hold,84.72308,85.06754,83.87628,84.70155,31868
2022-03-09 16:00:00,1,0.4037917912785216,0.5962082087214784,Hold,84.6872,85.75647,83.244774,83.90499,51546
2022-03-09 17:00:00,0,0.42043112796443555,0.5795688720355645,Hold,83.89781,84.28533,74.36772,80.15897,67673
2022-03-09 18:00:00,0,0.3948526221916248,0.6051473778083751,Hold,80.194855,81.44353,76.92965,78.08503,38251
2022-03-09 19:00:00,0,0.3600123200932822,0.6399876799067178,Hold,78.09221,78.9103,77.08753,78.673485,35564
2022-03-09 20:00:00,0,0.3679080921370675,0.6320919078629326,Hold,78.64478,79.1543,77.99892,79.075356,8502
2022-03-09 21:00:00,0,0.3541909294134679,0.645809070586532,Hold,79.061005,79.484406,78.37926,78.60172,3587
2022-03-09 23:00:00,0,0.3781579855803518,0.6218420144196481,Hold,79.23324,80.202034,77.948685,79.426994,4765
2022-03-10 00:00:00,0,0.3206503932871736,0.6793496067128264,Hold,79.47723,79.82169,78.76678,78.84572,3528
2022-03-10 01:00:00,0,0.29694798428874625,0.7030520157112538,Hold,78.86007,79.405464,78.09221,78.89595,4487
2022-03-10 02:00:00,0,0.28617148454956903,0.7138285154504309,Hold,78.8816,78.9103,76.793304,77.70469,7139
2022-03-10 03:00:00,0,0.29590441053161537,0.7040955894683847,Hold,77.70469,79.34805,77.70469,79.32653,4710
2022-03-10 04:00:00,0,0.29200725692885765,0.7079927430711423,Hold,79.34088,79.77863,78.651955,79.29782,5302
2022-03-10 05:00:00,0,0.3088557051660882,0.6911442948339118,Hold,79.28347,79.92934,77.927155,78.12091,4972
2022-03-10 06:00:00,0,0.32265205734236885,0.6773479426576312,Hold,78.10656,79.21171,77.905624,79.096886,4777
2022-03-10 07:00:00,0,0.3137515924185065,0.6862484075814935,Hold,79.125595,80.230736,78.97489,79.67816,7670
2022-03-10 08:00:00,0,0.3516934221516161,0.6483065778483839,Hold,79.64946,81.09189,79.56335,80.36709,16715
2022-03-10 09:00:00,0,0.38724129738726926,0.6127587026127308,Hold,80.37426,81.42918,78.93901,81.22106,14450
2022-03-10 10:00:00,0,0.3654040767491212,0.6345959232508789,Hold,81.20671,81.96022,80.661316,81.22824,11869
2022-03-10 11:00:00,0,0.34813560970407126,0.6518643902959287,Hold,81.24259,81.58705,80.51061,81.371765,6137
2022-03-10 12:00:00,0,0.34775657243901675,0.6522434275609832,Hold,81.378944,81.63011,80.661316,80.962715,8284
2022-03-10 13:00:00,1,0.40606403863114615,0.5939359613688538,Hold,80.984245,82.44103,80.280975,82.2401,17733
2022-03-10 14:00:00,0,0.3336666469082001,0.6663333530917999,Hold,82.25445,82.31186,78.77396,79.43417,38913
2022-03-10 15:00:00,0,0.29390702543730185,0.7060929745626982,Hold,79.441345,79.893456,76.85789,78.80984,41121
2022-03-10 16:00:00,0,0.2868211955641792,0.7131788044358208,Hold,78.85289,79.462875,77.71904,77.75492,25027
2022-03-10 17:00:00,0,0.2826053286839118,0.7173946713160881,Hold,77.74057,78.43667,76.1905,76.420135,24031
2022-03-10 18:00:00,0,0.2918303406199424,0.7081696593800576,Hold,76.405785,77.51093,75.88192,77.05165,20985
2022-03-10 19:00:00,0,0.27697229460002043,0.7230277053999796,Hold,77.00859,77.3387,75.93215,76.3699,16654
2022-03-10 20:00:00,0,0.24977540568908607,0.7502245943109139,Hold,76.362724,76.6426,76.18332,76.34837,3865
2022-03-10 21:00:00,0,0.2553511128753077,0.7446488871246923,Hold,76.32684,76.35555,75.73122,75.96085,2611
2022-03-10 23:00:00,0,0.29515223874904384,0.7048477612509562,Hold,76.061325,77.216705,75.93215,77.166466,3056
2022-03-11 00:00:00,0,0.23443801272782727,0.7655619872721727,Hold,77.180824,77.180824,76.67848,76.89377,2231
2022-03-11 01:00:00,0,0.25363815147186536,0.7463618485281347,Hold,76.8866,77.4894,75.93215,76.003914,5933
2022-03-11 02:00:00,0,0.28110915334556597,0.718890846654434,Hold,75.98956,76.26226,74.97771,76.15462,6996
2022-03-11 03:00:00,0,0.25162542725292497,0.748374572747075,Hold,76.16179,76.43449,75.58769,75.70969,2715
2022-03-11 04:00:00,0,0.2838639008510475,0.7161360991489525,Hold,75.70969,76.59237,75.70969,76.47037,2197
2022-03-11 05:00:00,0,0.2663743672024183,0.7336256327975816,Hold,76.47037,76.63542,75.673805,76.50625,2906
2022-03-11 06:00:00,0,0.28939529436022204,0.710604705639778,Hold,76.4919,77.03729,76.16179,76.95836,3677
2022-03-11 07:00:00,1,0.31212580865266837,0.6878741913473316,Hold,76.98706,78.07068,76.67848,77.83386,5633
2022-03-11 08:00:00,1,0.2960487650644671,0.7039512349355329,Hold,77.85539,78.12809,76.98706,77.87692,11202
2022-03-11 09:00:00,0,0.28502904204081786,0.7149709579591821,Hold,77.89845,78.006096,76.6426,77.48222,7401
2022-03-11 10:00:00,1,0.3145074800465335,0.6854925199534665,Hold,77.48222,79.118416,77.28847,78.730896,13031
2022-03-11 11:00:00,0,0.3018892104628031,0.698110789537197,Hold,78.759605,79.068184,76.96553,77.24541,16641
2022-03-11 12:00:00,0,0.3015908377177357,0.6984091622822644,Hold,77.26694,77.38893,76.31249,76.95118,12908
2022-03-11 13:00:00,0,0.26623976751596345,0.7337602324840365,Hold,76.95118,76.98706,75.271935,76.35555,20112
2022-03-11 14:00:00,0,0.296646301143616,0.703353698856384,Hold,76.35555,77.40329,75.78863,76.793304,25368
2022-03-11 15:00:00,1,0.3086473770774932,0.6913526229225069,Hold,76.786125,78.22138,76.341194,78.17832,24594
2022-03-11 16:00:00,1,0.32767776928292885,0.6723222307170711,Hold,78.19267,78.79549,77.64011,77.66881,25303
2022-03-11 17:00:00,1,0.30413115127687385,0.6958688487231262,Hold,77.66163,79.14712,77.64011,78.04915,16728
2022-03-11 18:00:00,1,0.2845702681124674,0.7154297318875327,Hold,78.04198,78.57302,77.66163,78.07786,13094
2022-03-11 19:00:00,1,0.28778655310137546,0.7122134468986245,Hold,78.07786,78.673485,77.970215,78.372086,20508
2022-03-11 20:00:00,1,0.2806752771680213,0.7193247228319787,Hold,78.372086,78.4869,78.285965,78.44385,3246
2022-03-11 21:00:00,1,0.2678758526347266,0.7321241473652734,Hold,78.43667,78.58019,78.25726,78.285965,1756
2022-03-13 22:00:00,1,0.34514000783602433,0.6548599921639757,Hold,78.52278,78.738075,76.43449,77.137764,7350
2022-03-13 23:00:00,1,0.31398197265603994,0.68601802734396,Hold,77.12341,77.43199,76.4919,76.89377,2510
2022-03-14 00:00:00,1,0.3202037541937166,0.6797962458062834,Hold,76.89377,76.95836,76.25508,76.771774,2354
2022-03-14 01:00:00,1,0.2821554797790094,0.7178445202209907,Hold,76.74307,76.82201,75.185814,75.90344,6954
2022-03-14 02:00:00,1,0.299813368862044,0.700186631137956,Hold,75.91062,76.341194,75.86756,76.054146,2853
2022-03-14 03:00:00,1,0.35071078281535206,0.6492892171846479,Hold,76.075676,76.50625,75.73122,76.45602,2952
2022-03-14 04:00:00,1,0.3466221026776847,0.6533778973223153,Hold,76.47755,76.83636,76.412964,76.6713,2425
2022-03-14 05:00:00,1,0.34581898516507015,0.6541810148349299,Hold,76.68566,76.75742,75.996735,76.34837,2858
2022-03-14 06:00:00,1,0.35388824806727714,0.6461117519327229,Hold,76.37708,76.6426,76.14744,76.45602,2660
2022-03-14 07:00:00,1,0.3575151065858494,0.6424848934141506,Hold,76.463196,76.49908,75.47287,75.609215,5503
2022-03-14 08:00:00,1,0.3539214951640219,0.6460785048359781,Hold,75.616394,76.441666,75.53745,75.594864,7062
2022-03-14 09:00:00,0,0.3607783626541189,0.6392216373458811,Hold,75.594864,75.70969,74.21702,74.36055,10737
2022-03-14 10:00:00,1,0.3751446675854541,0.6248553324145458,Hold,74.36055,74.87006,74.138084,74.70501,6578
2022-03-14 11:00:00,1,0.3321539963656149,0.6678460036343852,Hold,74.70501,74.80547,73.5281,74.70501,11129
2022-03-14 12:00:00,1,0.3429707101788086,0.6570292898211914,Hold,74.72654,75.58769,74.44666,75.15711,10451
2022-03-14 13:00:00,1,0.3330048801251087,0.6669951198748914,Hold,75.15711,75.60204,72.953995,73.44916,31080
2022-03-14 14:00:00,0,0.3594684572975524,0.6405315427024476,Hold,73.441986,73.63574,71.59051,72.23637,41465
2022-03-14 15:00:00,1,0.3400473691367597,0.6599526308632403,Hold,72.243546,73.09035,71.71968,72.81765,21203
2022-03-14 16:00:00,1,0.32508160803290026,0.6749183919670998,Hold,72.81047,73.75774,72.54495,73.21952,18735
2022-03-14 17:00:00,1,0.3237315110059046,0.6762684889940954,Hold,73.22669,74.04479,72.58083,73.06882,16713
2022-03-14 18:00:00,1,0.3172429773235713,0.6827570226764287,Hold,73.06164,74.073494,72.51624,72.79612,23720
2022-03-14 19:00:00,1,0.3289670000858004,0.6710329999141996,Hold,72.81047,73.298454,72.566475,73.24822,5915
2022-03-14 20:00:00,1,0.328148416980888,0.6718515830191121,Hold,73.24822,73.441986,72.94682,73.22669,2172
2022-03-14 22:00:00,1,0.34322620087008304,0.656773799129917,Hold,73.398926,73.61421,73.24822,73.42763,1208
2022-03-14 23:00:00,1,0.33914984765078043,0.6608501523492196,Hold,73.441986,73.45634,72.6813,72.71001,1549
2022-03-15 00:00:00,1,0.3443657396129283,0.6556342603870717,Hold,72.71001,72.88941,71.841675,72.03543,4138
2022-03-15 01:00:00,0,0.34229743124648293,0.6577025687535171,Hold,72.06414,72.3799,69.39456,69.9902,13878
2022-03-15 02:00:00,0,0.33397861129753276,0.6660213887024673,Hold,69.96149,71.3178,69.71032,71.19581,8355
2022-03-15 03:00:00,0,0.3456261467710192,0.6543738532289808,Hold,71.18864,71.31063,70.621704,70.93746,3627
2022-03-15 04:00:00,0,0.3319650250348305,0.6680349749651695,Hold,70.95181,70.98052,70.363365,70.49971,2215
2022-03-15 05:00:00,0,0.34436472661312045,0.6556352733868795,Hold,70.49971,70.707825,70.01173,70.61453,4177
2022-03-15 06:00:00,0,0.34482541938839695,0.655174580611603,Hold,70.62888,70.88723,69.559616,69.78926,5540
2022-03-15 07:00:00,0,0.31835965174359304,0.681640348256407,Hold,69.77491,70.48536,69.4735,69.80361,7547
2022-03-15 08:00:00,0,0.3365757316682631,0.6634242683317368,Hold,69.80361,70.07631,69.30845,69.75338,11016
2022-03-15 09:00:00,0,0.31581513757807367,0.6841848624219263,Hold,69.75338,70.16243,69.15057,69.34433,8595
2022-03-15 10:00:00,0,0.3229073173872313,0.6770926826127688,Hold,69.33716,69.918434,69.19363,69.40892,6269
2022-03-15 11:00:00,0,0.29548693478208204,0.7045130652179179,Hold,69.41609,69.4448,67.12686,68.26789,26121
2022-03-15 12:00:00,0,0.2988181893766286,0.7011818106233714,Hold,68.25354,69.40892,67.73685,69.100334,18463
2022-03-15 13:00:00,0,0.26709345519474553,0.7329065448052545,Hold,69.09316,69.552444,68.33247,68.34683,33378
2022-03-15 14:00:00,0,0.276518659807505,0.723481340192495,Hold,68.34683,68.784584,67.39956,68.1746,34248
2022-03-15 15:00:00,0,0.2808609691202841,0.7191390308797159,Hold,68.1746,69.0214,67.11969,68.99987,32308
2022-03-15 16:00:00,0,0.290699820049645,0.709300179950355,Hold,68.99269,70.593,68.82764,70.22701,30478
2022-03-15 17:00:00,0,0.31754661024909075,0.6824533897509093,Hold,70.23419,70.50689,68.99987,69.28692,17443
2022-03-15 18:00:00,0,0.32471547745458706,0.6752845225454129,Hold,69.27257,69.75338,68.29659,68.59082,18806
2022-03-15 19:00:00,0,0.30705463804183714,0.6929453619581629,Hold,68.60517,68.97834,68.31095,68.476006,4905
2022-03-15 20:00:00,0,0.29744899339685094,0.7025510066031491,Hold,68.46165,68.56212,67.84449,68.30377,2863
2022-03-15 22:00:00,0,0.3167989077884042,0.6832010922115959,Hold,68.33965,68.64106,68.10284,68.598,1487
2022-03-15 23:00:00,0,0.31038154027624487,0.6896184597237551,Hold,68.598,68.93528,68.51906,68.71999,1328
2022-03-16 00:00:00,0,0.28504344104256457,0.7149565589574354,Hold,68.734344,69.35868,68.44012,68.89223,3127
2022-03-16 01:00:00,0,0.2732986209071757,0.7267013790928243,Hold,68.90658,69.889725,68.89223,69.40892,4390
2022-03-16 02:00:00,0,0.3204750272952279,0.6795249727047721,Hold,69.41609,70.18395,69.41609,69.86102,3886
2022-03-16 03:00:00,0,0.35971224888316095,0.640287751116839,Hold,69.84667,70.03326,69.51656,69.73903,2652
2022-03-16 04:00:00,0,0.34308677921230984,0.6569132207876902,Hold,69.73903,69.79643,69.41609,69.552444,2215
2022-03-16 05:00:00,0,0.35130446181839653,0.6486955381816035,Hold,69.552444,70.19113,69.35151,70.15525,3457
2022-03-16 06:00:00,0,0.35911277111338774,0.6408872288866123,Hold,70.16243,70.90876,70.13372,70.47101,6615
2022-03-16 07:00:00,0,0.3741093988581788,0.6258906011418213,Hold,70.47101,70.82982,70.03326,70.700645,5547
2022-03-16 08:00:00,0,0.3322933558120788,0.6677066441879211,Hold,70.700645,71.20299,70.305954,70.356186,10973
2022-03-16 09:00:00,0,0.3381898318842838,0.6618101681157162,Hold,70.39207,70.73653,69.61703,69.70315,7166
2022-03-16 10:00:00,0,0.3562870397864923,0.6437129602135077,Hold,69.71032,69.7175,68.045425,68.777405,14382
2022-03-16 11:00:00,0,0.30659090337023265,0.6934090966297674,Hold,68.791756,69.41609,68.64823,69.03575,6062
2022-03-16 12:00:00,0,0.38502792966804295,0.614972070331957,Hold,69.05728,70.79394,68.99987,70.77959,12241
2022-03-16 13:00:00,0,0.37122184768177713,0.6287781523182229,Hold,70.77241,71.11687,69.58115,69.83232,26028
2022-03-16 14:00:00,0,0.36850435075153487,0.6314956492484651,Hold,69.83232,70.37054,67.88037,68.476006,35897
2022-03-16 15:00:00,0,0.3665024000060442,0.6334975999939558,Hold,68.447296,69.7462,68.36118,69.58115,21152
2022-03-16 16:00:00,0,0.39254193770335855,0.6074580622966415,Hold,69.573975,69.889725,68.856346,69.00705,15482
2022-03-16 17:00:00,0,0.3700884410532067,0.6299115589467933,Hold,69.00705,69.200806,68.38271,68.770226,11419
2022-03-16 18:00:00,0,0.39402427899285375,0.6059757210071463,Hold,68.7487,69.08598,67.5072,67.86602,17399
2022-03-16 19:00:00,0,0.3693550548962712,0.6306449451037288,Hold,67.87319,68.798935,67.78708,68.10284,5740
2022-03-16 20:00:00,0,0.3916852514007226,0.6083147485992775,Hold,68.11719,68.46165,67.80861,68.432945,1926
2022-03-16 22:00:00,0,0.4050167128560583,0.5949832871439418,Hold,68.418594,69.11469,68.066956,68.97117,1400
2022-03-16 23:00:00,0,0.4029333895473585,0.5970666104526414,Hold,68.97834,69.222336,68.8994,68.96399,761
2022-03-17 00:00:00,0,0.36387891048983095,0.636121089510169,Hold,68.97117,69.0501,68.23201,68.61953,2075
2022-03-17 01:00:00,0,0.400729721015172,0.599270278984828,Hold,68.6267,69.53809,68.6267,68.95681,2346
2022-03-17 02:00:00,0,0.40352273286656914,0.5964772671334309,Hold,68.96399,69.10751,68.806114,69.07881,1081
2022-03-17 03:00:00,0,0.38947891382471683,0.6105210861752832,Hold,69.0501,69.487854,69.00705,69.37304,1265
2022-03-17 04:00:00,0,0.40874780410498995,0.5912521958950101,Hold,69.38021,69.4735,69.179276,69.207985,609
2022-03-17 05:00:00,0,0.4274930874101598,0.5725069125898402,Hold,69.207985,69.552444,69.186455,69.38021,1011
2022-03-17 06:00:00,0,0.445148381521659,0.554851618478341,Hold,69.37304,69.66009,69.143394,69.487854,2428
2022-03-17 07:00:00,0,0.4650797851675817,0.5349202148324184,Hold,69.50221,70.313126,69.48068,70.23419,3135
2022-03-17 08:00:00,0,0.5124183697913671,0.4875816302086329,Sell,70.19831,70.82265,70.06196,70.4136,6493
2022-03-17 09:00:00,0,0.5390221462782151,0.4609778537217849,Sell,70.4136,71.24604,70.356186,71.00205,6936
2022-03-17 10:00:00,0,0.5515615673645835,0.4484384326354165,Sell,71.009224,71.69815,70.93746,71.2604,8028
2022-03-17 11:00:00,0,0.549354579678995,0.45064542032100496,Sell,71.27475,72.45166,71.05946,72.09284,8845
2022-03-17 12:00:00,0,0.5761135240960467,0.42388647590395334,Sell,72.10002,72.48036,71.64074,72.286606,8136
2022-03-17 13:00:00,0,0.531269870166144,0.468730129833856,Sell,72.27225,73.6788,72.12155,73.06164,18529
2022-03-17 14:00:00,0,0.5320280382582653,0.4679719617417347,Sell,73.05447,73.94432,72.69565,73.50657,12601
2022-03-17 15:00:00,0,0.47690031274093825,0.5230996872590618,Hold,73.49222,74.16679,72.88223,74.087845,9065
2022-03-17 16:00:00,0,0.5018991996637477,0.49810080033625226,Sell,74.087845,74.087845,73.06164,73.15493,8982
2022-03-17 17:00:00,0,0.425544074882733,0.574455925117267,Hold,73.1334,73.77927,73.09035,73.70033,7137
2022-03-17 18:00:00,0,0.42596594518356734,0.5740340548164327,Hold,73.69315,74.561485,73.341515,74.511246,13728
2022-03-17 19:00:00,0,0.42075838300396834,0.5792416169960317,Hold,74.518425,74.80547,74.05914,74.116554,3589
2022-03-17 20:00:00,0,0.44632066287218114,0.5536793371278188,Hold,74.109375,74.475365,74.05914,74.36055,1487
2022-03-17 22:00:00,0,0.486304218521366,0.513695781478634,Hold,74.36055,74.561485,74.138084,74.30314,551
2022-03-17 23:00:00,0,0.4799753103475893,0.5200246896524108,Hold,74.26726,74.36055,73.98738,74.152435,369
2022-03-18 00:00:00,0,0.493368484183703,0.5066315158162971,Hold,74.173965,74.76959,74.02326,74.74806,983
2022-03-18 01:00:00,0,0.4871912404805353,0.5128087595194647,Hold,74.76959,75.93932,74.561485,75.57333,2690
2022-03-18 02:00:00,0,0.4816617468979961,0.5183382531020039,Hold,75.58769,75.96803,75.13558,75.7671,977
2022-03-18 03:00:00,0,0.49082893440900366,0.5091710655909963,Hold,75.75275,76.061325,75.60204,76.003914,559
2022-03-18 04:00:00,0,0.48439861071899926,0.5156013892810007,Hold,76.018265,76.12591,75.73839,75.9178,552
2022-03-18 05:00:00,0,0.4773038148222985,0.5226961851777014,Hold,75.89627,75.89627,75.44416,75.60204,838
2022-03-18 06:00:00,0,0.5158884010684291,0.48411159893157085,Sell,75.609215,76.26943,75.55181,76.23355,954
2022-03-18 07:00:00,0,0.49584126758799385,0.5041587324120061,Hold,76.22638,76.22638,74.54713,75.08535,1243
2022-03-18 08:00:00,0,0.5116100589307985,0.4883899410692015,Sell,75.07817,75.279106,74.54713,74.54713,1083
2022-03-18 09:00:00,0,0.5209818955292019,0.47901810447079807,Sell,74.61889,74.827,74.130905,74.81265,895
2022-03-18 10:00:00,0,0.5114457369917539,0.4885542630082461,Sell,74.80547,75.0997,74.61172,74.905945,693
2022-03-18 11:00:00,0,0.5206898497128924,0.47931015028710755,Sell,74.898766,75.05665,74.01608,74.539955,1086
2022-03-18 12:00:00,0,0.44829347802445585,0.5517065219755442,Hold,74.532776,74.532776,73.41328,74.130905,1878
2022-03-18 13:00:00,0,0.43549830995207506,0.5645016900479249,Hold,74.15961,75.13558,73.8008,73.88691,2896
2022-03-18 14:00:00,0,0.4429914772151115,0.5570085227848884,Hold,73.87256,74.827,73.772095,74.46101,3162
2022-03-18 15:00:00,0,0.46428812006359427,0.5357118799364058,Hold,74.41078,74.63325,73.86539,74.46101,2914
2022-03-18 16:00:00,0,0.39869365721880984,0.6013063427811902,Hold,74.46101,75.12123,74.28878,74.862885,2408
2022-03-18 17:00:00,0,0.4078803890065538,0.5921196109934461,Hold,74.84853,75.35087,74.76959,74.862885,1777
2022-03-18 18:00:00,0,0.378939470202305,0.621060529797695,Hold,74.877235,75.329346,74.77677,75.2217,2774
2022-03-18 19:00:00,0,0.3404469907303432,0.6595530092696569,Hold,75.20017,75.271935,74.97771,75.02794,346
2022-03-18 20:00:00,0,0.3233072892116456,0.6766927107883545,Hold,75.02794,75.88909,74.84853,75.42264,684
2022-03-20 22:00:00,0,0.31375577538825344,0.6862442246117466,Hold,75.42264,76.04861,74.58558,75.94671,3399
2022-03-20 23:00:00,0,0.30958497580737326,0.6904150241926268,Hold,75.94671,76.37615,75.93943,76.20874,1928
2022-03-21 00:00:00,0,0.2963112267528801,0.70368877324712,Hold,76.2233,76.929344,76.2233,76.59452,2923
2022-03-21 01:00:00,0,0.33647398798980743,0.6635260120101926,Hold,76.616356,77.48981,76.59452,77.25688,4949
2022-03-21 02:00:00,0,0.35207948891975493,0.6479205110802451,Hold,77.22777,77.44614,77.14043,77.40974,2293
2022-03-21 03:00:00,0,0.33082266312667236,0.6691773368733276,Hold,77.43157,77.60627,77.147705,77.33695,2319
2022-03-21 04:00:00,0,0.35454020155644167,0.6454597984435584,Hold,77.33695,77.679054,77.33695,77.54076,1896
2022-03-21 05:00:00,0,0.35955184430306464,0.6404481556969354,Hold,77.53348,77.810074,77.46069,77.5262,1821
2022-03-21 06:00:00,0,0.36987371833739546,0.6301262816626045,Hold,77.54076,77.88286,77.32967,77.40974,3390
2022-03-21 07:00:00,0,0.40312387687294043,0.5968761231270596,Hold,77.40974,78.17401,77.34423,78.028435,4248
2022-03-21 08:00:00,0,0.4114197694370751,0.5885802305629249,Hold,78.05027,78.56706,77.96293,78.52339,8271
2022-03-21 09:00:00,0,0.4087109833183412,0.5912890166816588,Hold,78.53067,78.74903,77.51892,77.86102,6951
2022-03-21 10:00:00,0,0.4227228090976416,0.5772771909023584,Hold,77.8683,78.49428,77.75184,78.41421,3884
2022-03-21 11:00:00,0,0.3716607491594591,0.6283392508405409,Hold,78.457886,78.69808,77.65722,78.079384,10741
2022-03-21 12:00:00,0,0.3839600650483401,0.6160399349516599,Hold,78.072105,78.39965,77.77368,78.38509,7137
2022-03-21 13:00:00,0,0.3792971757719935,0.6207028242280065,Hold,78.38509,79.382286,77.86102,79.12753,20598
2022-03-21 14:00:00,0,0.39514745299006915,0.6048525470099309,Hold,79.12753,79.74622,79.02563,79.14937,21705
2022-03-21 15:00:00,0,0.4026302893705119,0.5973697106294882,Hold,79.163925,79.44779,78.41421,79.258545,16926
2022-03-21 16:00:00,0,0.35461583830972476,0.6453841616902752,Hold,79.2731,79.97187,78.76359,78.8291,19760
2022-03-21 17:00:00,0,0.3464137306411025,0.6535862693588975,Hold,78.83638,79.57881,78.632576,79.44779,13282
2022-03-21 18:00:00,0,0.34568794717058693,0.6543120528294131,Hold,79.45507,80.350365,79.24399,80.24846,19802
2022-03-21 19:00:00,0,0.3810751900864807,0.6189248099135193,Hold,80.25574,80.8526,80.2339,80.69247,6501
2022-03-21 20:00:00,0,0.39759609677352414,0.6024039032264759,Hold,80.69247,80.82349,80.299416,80.743416,2632
2022-03-21 22:00:00,0,0.36286452240436534,0.6371354775956346,Hold,80.72886,80.81621,80.437706,80.58328,1247
2022-03-21 23:00:00,1,0.4386181696915857,0.5613818303084144,Hold,80.576004,81.82796,80.54689,81.6751,3953
2022-03-22 00:00:00,1,0.38762622210959063,0.6123737778904094,Hold,81.6751,82.02448,81.056404,81.755165,6562
2022-03-22 01:00:00,1,0.40026378710150595,0.599736212898494,Hold,81.76972,82.29379,81.449455,82.24284,6303
2022-03-22 02:00:00,1,0.41460199722281804,0.5853980027771819,Hold,82.25012,82.2574,81.71877,81.95169,2719
2022-03-22 03:00:00,0,0.4029480801018184,0.5970519198981816,Hold,81.93713,82.19917,81.5732,81.660545,3225
2022-03-22 04:00:00,1,0.40090505282611777,0.5990949471738822,Hold,81.66782,82.184616,81.65327,82.16278,2392
2022-03-22 05:00:00,1,0.40103878541270543,0.5989612145872946,Hold,82.16278,82.50488,81.886185,82.37386,4553
2022-03-22 06:00:00,1,0.4184690936941492,0.5815309063058508,Hold,82.35931,82.48304,81.68966,81.87163,4945
2022-03-22 07:00:00,1,0.3791822849622975,0.6208177150377026,Hold,81.85707,82.16278,81.01273,81.17287,7667
2022-03-22 08:00:00,0,0.30620847076642094,0.693791529233579,Hold,81.180145,81.231094,78.8291,79.338615,19703
2022-03-22 09:00:00,0,0.26798086349847494,0.7320191365015251,Hold,79.35317,79.39684,77.95565,78.552505,11845
2022-03-22 10:00:00,0,0.30916353618669307,0.6908364638133069,Hold,78.56706,79.97187,78.47244,79.57881,10113
2022-03-22 11:00:00,0,0.3514204324264328,0.6485795675735673,Hold,79.57881,80.41587,79.433235,79.913635,9196
2022-03-22 12:00:00,0,0.32367601491066716,0.6763239850893328,Hold,79.92091,80.90355,79.81174,80.46682,12310
2022-03-22 13:00:00,0,0.28339562015276437,0.7166043798472357,Hold,80.45954,80.53961,79.09113,79.22215,28049
2022-03-22 14:00:00,0,0.24975696966419217,0.7502430303358079,Hold,79.214874,79.52786,78.29775,79.31678,27866
2022-03-22 15:00:00,0,0.1980077238890297,0.8019922761109703,Hold,79.3095,79.62248,78.44332,78.931,23115
2022-03-22 16:00:00,0,0.22249445959390798,0.777505540406092,Hold,78.93828,79.13481,78.421486,78.61073,16704
2022-03-22 17:00:00,0,0.2583514156326451,0.7416485843673549,Hold,78.639854,80.67063,78.50156,79.819016,22757
2022-03-22 18:00:00,0,0.28931123601695086,0.7106887639830491,Hold,79.819016,80.37948,79.36773,79.54242,20759
2022-03-22 19:00:00,0,0.29530460908909234,0.7046953909109077,Hold,79.54242,79.607925,79.120255,79.433235,4195
2022-03-22 20:00:00,0,0.2596828842260311,0.740317115773969,Hold,79.433235,79.48419,78.80727,79.15665,2865
2022-03-22 22:00:00,0,0.2815328652520452,0.7184671347479548,Hold,79.22943,79.6516,78.9674,79.57153,1997
2022-03-22 23:00:00,0,0.2937863720663416,0.7062136279336584,Hold,79.57153,79.62248,79.06202,79.120255,1106
2022-03-23 00:00:00,0,0.2929328832536554,0.7070671167463446,Hold,79.11297,79.44051,78.88733,79.382286,2185
2022-03-23 01:00:00,0,0.3455576125871651,0.6544423874128349,Hold,79.389565,80.05193,79.32406,79.993706,4295
2022-03-23 02:00:00,0,0.35580080042843587,0.6441991995715641,Hold,79.98643,80.568726,79.92091,80.45954,3519
2022-03-23 03:00:00,0,0.4174405073733442,0.5825594926266557,Hold,80.46682,81.049126,80.444984,80.53233,4659
2022-03-23 04:00:00,0,0.4076151895430504,0.5923848104569496,Hold,80.53961,80.77981,80.45954,80.525055,1550
2022-03-23 05:00:00,0,0.36981083639786777,0.6301891636021322,Hold,80.5105,80.64152,80.22662,80.27757,3517
2022-03-23 06:00:00,0,0.3855115432083248,0.6144884567916752,Hold,80.299416,80.33581,79.37501,79.55698,5776
2022-03-23 07:00:00,0,0.40757232820635425,0.5924276717936457,Hold,79.564255,80.41587,79.55698,80.35764,5579
2022-03-23 08:00:00,0,0.3800613984048446,0.6199386015951553,Hold,80.33581,80.5105,80.01554,80.16112,6769
2022-03-23 09:00:00,0,0.451511965668646,0.5484880343313541,Hold,80.14656,81.08552,79.913635,80.84532,8283
2022-03-23 10:00:00,0,0.48681857493667774,0.5131814250633222,Hold,80.8526,81.59503,80.68519,81.52225,9238
2022-03-23 11:00:00,0,0.45310534678730424,0.5468946532126957,Hold,81.529526,81.78428,81.180145,81.55864,7715
2022-03-23 12:00:00,0,0.49223611413274704,0.507763885867253,Hold,81.56592,82.584946,81.42762,82.30835,15037
2022-03-23 13:00:00,0,0.4732418279340336,0.5267581720659664,Hold,82.33019,83.32738,82.08999,82.78147,29545
2022-03-23 14:00:00,0,0.4951779526802385,0.5048220473197615,Hold,82.77419,83.83689,82.366585,83.76411,32796
2022-03-23 15:00:00,0,0.48907027886841603,0.510929721131584,Hold,83.771385,83.997025,83.15269,83.41473,21945
2022-03-23 16:00:00,0,0.49201116412647494,0.5079888358735251,Hold,83.40017,83.727715,82.85426,82.88338,18733
2022-03-23 17:00:00,0,0.4769724903751805,0.5230275096248195,Hold,82.88338,83.26187,82.56311,82.80331,13941
2022-03-23 18:00:00,0,0.4558591821431668,0.5441408178568332,Hold,82.810585,83.90968,82.69413,83.65492,19040
2022-03-23 19:00:00,0,0.42436402601495,0.5756359739850501,Hold,83.647644,83.727715,83.23276,83.30554,5226
2022-03-23 20:00:00,0,0.41927233772957134,0.5807276622704287,Hold,83.290985,83.5603,83.10902,83.23276,2351
2022-03-23 22:00:00,0,0.4688684318422352,0.5311315681577649,Hold,83.3201,83.43656,82.99984,83.43656,1275
2022-03-23 23:00:00,0,0.43548117872265035,0.5645188212773496,Hold,83.41473,83.44384,83.23276,83.34922,671
2022-03-24 00:00:00,1,0.555995085605771,0.44400491439422896,Sell,83.371056,84.8996,83.3565,84.557495,8438
2022-03-24 01:00:00,1,0.538659225207661,0.46134077479233904,Sell,84.557495,84.7613,84.09893,84.44831,4956
2022-03-24 02:00:00,1,0.5558094690488563,0.4441905309511437,Sell,84.44831,84.83408,83.3565,83.40745,6003
2022-03-24 03:00:00,0,0.5233456865156491,0.47665431348435094,Sell,83.422005,83.69132,82.51216,82.86154,7104
2022-03-24 04:00:00,0,0.5343016038748509,0.46569839612514907,Sell,82.86882,83.240036,82.65045,82.95616,2920
2022-03-24 05:00:00,1,0.5521373893760965,0.44786261062390353,Sell,82.941605,83.61125,82.846985,83.57486,3201
2022-03-24 06:00:00,0,0.5221478948435404,0.4778521051564596,Sell,83.57486,83.79322,82.13366,82.366585,6900
2022-03-24 07:00:00,1,0.5211504777596181,0.4788495222403819,Sell,82.3957,83.69132,82.366585,83.51663,7391
2022-03-24 08:00:00,1,0.5467377920582537,0.4532622079417463,Sell,83.49479,84.22267,83.247314,84.05526,8820
2022-03-24 09:00:00,1,0.4658088755913189,0.5341911244086811,Hold,84.077095,84.22995,82.73052,83.422005,9119
2022-03-24 10:00:00,1,0.42962126784115584,0.5703787321588442,Hold,83.41473,83.92424,82.99255,83.53119,5999
2022-03-24 11:00:00,1,0.450403764054693,0.549596235945307,Hold,83.53847,84.09893,83.159966,83.60397,8764
2022-03-24 12:00:00,1,0.4620102449181517,0.5379897550818483,Hold,83.61853,83.74955,83.26915,83.48023,7777
2022-03-24 13:00:00,0,0.4090898925290696,0.5909101074709304,Hold,83.49479,83.50935,81.9153,82.20645,28703
2022-03-24 14:00:00,0,0.4078137896228994,0.5921862103771006,Hold,82.191895,83.40745,81.55864,83.23276,30662
2022-03-24 15:00:00,0,0.3739445666283598,0.6260554333716402,Hold,83.23276,83.26915,81.26749,81.55136,28265
2022-03-24 16:00:00,0,0.3741204335775703,0.6258795664224297,Hold,81.55864,82.366585,81.398506,82.184616,18002
2022-03-24 17:00:00,0,0.40082350074799744,0.5991764992520026,Hold,82.191895,82.78147,81.9153,82.51944,14489
2022-03-24 18:00:00,0,0.3197636252782212,0.6802363747217788,Hold,82.51216,82.62134,80.5105,80.88899,23523
2022-03-24 19:00:00,0,0.32596531624416947,0.6740346837558305,Hold,80.874435,81.21654,80.73614,81.005455,5793
2022-03-24 20:00:00,0,0.3420784261326214,0.6579215738673786,Hold,81.02001,81.20198,80.918106,80.9909,2119
2022-03-24 22:00:00,0,0.3587498498361485,0.6412501501638515,Hold,81.34028,81.42762,80.68519,81.223816,1803
2022-03-24 23:00:00,0,0.35703289991523246,0.6429671000847675,Hold,81.20198,81.842514,81.20198,81.529526,1905
2022-03-25 00:00:00,0,0.35308013258800747,0.6469198674119925,Hold,81.52225,81.5732,80.6124,80.93266,4547
2022-03-25 01:00:00,0,0.3922416216397468,0.6077583783602531,Hold,80.93266,81.73333,80.48866,81.47858,5887
2022-03-25 02:00:00,0,0.43439919489479106,0.5656008051052089,Hold,81.47858,81.98809,81.34028,81.60959,5152
2022-03-25 03:00:00,0,0.43378501955962534,0.5662149804403747,Hold,81.60231,82.09727,81.55864,81.835236,3421
2022-03-25 04:00:00,0,0.43833976270234304,0.5616602372976569,Hold,81.835236,81.929855,81.449455,81.59503,2051
2022-03-25 05:00:00,0,0.4626683029529338,0.5373316970470662,Hold,81.60231,81.81339,81.26749,81.704216,3723
2022-03-25 06:00:00,0,0.4509302155527594,0.5490697844472405,Hold,81.711494,82.02448,81.52225,81.798836,3263
2022-03-25 07:00:00,0,0.3945884264545395,0.6054115735454605,Hold,81.777,81.9153,80.350365,80.525055,6587
2022-03-25 08:00:00,0,0.3629132297884493,0.6370867702115507,Hold,80.51778,80.794365,79.44051,79.72439,13515
2022-03-25 09:00:00,0,0.4052427623729375,0.5947572376270625,Hold,79.72439,80.68519,79.564255,80.648796,9381
2022-03-25 10:00:00,0,0.3824924895935372,0.6175075104064628,Hold,80.63423,81.45673,80.28485,80.31397,11036
2022-03-25 11:00:00,0,0.37196081245777773,0.6280391875422222,Hold,80.32125,80.576004,79.54242,80.08105,8001
2022-03-25 12:00:00,0,0.3229131248129603,0.6770868751870397,Hold,80.06649,80.270294,79.10569,79.70983,14306
2022-03-25 13:00:00,0,0.37989021148280044,0.6201097885171996,Hold,79.72439,80.81621,79.1712,80.14656,24427
2022-03-25 14:00:00,0,0.37930883559499057,0.6206911644050095,Hold,80.13928,80.918106,79.59337,80.86716,24146
2022-03-25 15:00:00,1,0.4358489937286538,0.5641510062713462,Hold,80.86716,82.99984,80.81621,82.366585,45550
2022-03-25 16:00:00,1,0.4465261079001116,0.5534738920998884,Hold,82.37386,82.86154,82.191895,82.43209,21666
2022-03-25 17:00:00,1,0.3870534583364806,0.6129465416635194,Hold,82.43937,82.70141,81.777,82.060875,14416
2022-03-25 18:00:00,1,0.4723036100962355,0.5276963899037646,Hold,82.0536,83.065346,81.842514,82.417534,19941
2022-03-25 19:00:00,1,0.41507799708973053,0.5849220029102695,Hold,82.43209,82.665016,82.03176,82.14094,4929
2022-03-25 20:00:00,1,0.4335285656839088,0.5664714343160913,Hold,82.12638,82.286514,81.81339,81.95897,3957
2022-03-27 22:00:00,1,0.40525166567176096,0.594748334328239,Hold,82.191895,82.19917,79.993706,80.75797,9206
2022-03-27 23:00:00,1,0.36921243596041403,0.6307875640395859,Hold,80.750694,80.85988,80.38676,80.58328,2507
2022-03-28 00:00:00,1,0.36994376519212047,0.6300562348078795,Hold,80.6124,80.6124,79.59337,80.088326,6410
2022-03-28 01:00:00,1,0.3833512710973608,0.6166487289026392,Hold,80.095604,80.48866,79.55698,80.43043,6344
2022-03-28 02:00:00,1,0.4081478960282846,0.5918521039717154,Hold,80.437706,80.72158,80.175674,80.72158,3732
2022-03-28 03:00:00,1,0.40714415687367245,0.5928558431263276,Hold,80.699745,80.830765,80.15384,80.32125,3368
2022-03-28 04:00:00,1,0.41618632899448277,0.5838136710055173,Hold,80.33581,80.568726,80.299416,80.36492,1254
2022-03-28 05:00:00,1,0.4206530920880019,0.5793469079119982,Hold,80.36492,80.46682,79.48419,79.738945,4269
2022-03-28 06:00:00,1,0.36613653284101105,0.6338634671589889,Hold,79.73167,79.97187,78.814545,79.49875,7983
2022-03-28 07:00:00,1,0.40644297349173014,0.5935570265082699,Hold,79.49875,79.92091,79.214874,79.607925,6370
2022-03-28 08:00:00,1,0.3941961381842286,0.6058038618157714,Hold,79.62977,79.89908,79.10569,79.70983,7320
2022-03-28 09:00:00,1,0.37623981955279157,0.6237601804472084,Hold,79.70983,79.993706,79.31678,79.68072,6197
2022-03-28 10:00:00,1,0.3394610366592465,0.6605389633407535,Hold,79.66616,79.738945,78.989235,79.207596,6378
2022-03-28 11:00:00,1,0.2688797932616994,0.7311202067383006,Hold,79.18576,79.23671,77.74456,78.35598,13479
2022-03-28 12:00:00,1,0.28605130479155505,0.713948695208445,Hold,78.3487,79.22943,78.1449,78.36326,16615
2022-03-28 13:00:00,0,0.2677092586268325,0.7322907413731675,Hold,78.36326,78.52339,76.24513,76.45622,39767
2022-03-28 14:00:00,0,0.23409361076578786,0.7659063892342122,Hold,76.45622,77.51164,76.06316,76.230576,35776
2022-03-28 15:00:00,1,0.33513239608871914,0.6648676039112809,Hold,76.2233,78.246796,76.11412,78.18857,30838
2022-03-28 16:00:00,1,0.2937102379660983,0.7062897620339017,Hold,78.19585,78.94556,77.78824,77.92653,21656
2022-03-28 17:00:00,0,0.2788867889481898,0.7211132110518101,Hold,77.93381,78.11578,77.067635,77.32967,16442
2022-03-28 18:00:00,0,0.2764525651924649,0.723547434807535,Hold,77.322395,77.548035,76.35432,76.35432,29898
2022-03-28 19:00:00,0,0.2587623968512583,0.7412376031487418,Hold,76.36887,76.448944,74.84761,75.21155,18957
2022-03-28 20:00:00,0,0.2310736619214568,0.7689263380785432,Hold,75.21883,75.46631,75.01502,75.32801,3889
2022-03-28 22:00:00,0,0.21838633841879693,0.781613661581203,Hold,75.31345,75.97582,75.306175,75.662834,1663
2022-03-28 23:00:00,0,0.19479971532207377,0.8052002846779263,Hold,75.67011,75.786575,75.61916,75.72106,725
2022-03-29 00:00:00,0,0.20750334564276124,0.7924966543572387,Hold,75.7429,76.667305,75.71378,76.448944,5165
2022-03-29 01:00:00,0,0.19831871487399147,0.8016812851260086,Hold,76.43439,76.86383,75.77202,76.230576,5952
2022-03-29 02:00:00,0,0.21224801009288496,0.787751989907115,Hold,76.21602,76.55812,75.95399,76.441666,3297
2022-03-29 03:00:00,0,0.21375970117499596,0.786240298825004,Hold,76.45622,76.7037,76.15051,76.186905,3052
2022-03-29 04:00:00,0,0.2017822050458259,0.7982177949541741,Hold,76.15779,76.35432,75.91031,75.961266,2226
2022-03-29 05:00:00,0,0.241961228408134,0.758038771591866,Hold,75.95399,76.99485,75.917595,76.81288,5657
2022-03-29 06:00:00,0,0.22593892130936827,0.7740610786906317,Hold,76.798325,76.85655,76.2233,76.43439,4991
2022-03-29 07:00:00,0,0.2739956009790817,0.7260043990209183,Hold,76.42711,77.57715,76.3252,77.38062,8344
2022-03-29 08:00:00,1,0.30450134615348584,0.6954986538465142,Hold,77.40246,78.01388,77.39518,77.88286,12401
2022-03-29 09:00:00,0,0.29842445099430137,0.7015755490056986,Hold,77.897415,78.377815,76.5654,77.39518,15493
2022-03-29 10:00:00,1,0.3091194685501662,0.6908805314498339,Hold,77.373344,78.49428,77.00213,77.69361,8743
2022-03-29 11:00:00,0,0.2505578701405809,0.7494421298594192,Hold,77.71545,78.38509,73.28268,75.21155,33088
2022-03-29 12:00:00,0,0.24884579445872948,0.7511542055412705,Hold,75.18971,75.28434,71.65223,72.889626,51251
2022-03-29 13:00:00,0,0.23451669025578642,0.7654833097442135,Hold,72.91874,73.7558,72.198135,73.66845,34645
2022-03-29 14:00:00,0,0.2163130930835005,0.7836869069164996,Hold,73.65389,75.15332,73.14438,74.86217,36918
2022-03-29 15:00:00,0,0.21742320396685716,0.7825767960331429,Hold,74.85489,75.34257,74.301704,74.389046,23800
2022-03-29 16:00:00,0,0.2221775936394168,0.7778224063605832,Hold,74.389046,75.45903,74.0979,74.89856,18241
2022-03-29 17:00:00,0,0.24223839566800412,0.7577616043319959,Hold,74.89856,76.45622,74.65836,76.15051,17646
2022-03-29 18:00:00,0,0.23286197856163024,0.7671380214383697,Hold,76.12868,76.76921,75.357124,75.968544,18271
2022-03-29 19:00:00,0,0.20610370702825256,0.7938962929717475,Hold,75.99038,76.536285,75.97582,76.42711,4855
2022-03-29 20:00:00,0,0.20987919363469193,0.790120806365308,Hold,76.43439,76.73281,76.317924,76.543564,2567
2022-03-29 22:00:00,0,0.23009030254135088,0.7699096974586491,Hold,76.6018,77.69361,76.16507,77.58443,3271
2022-03-29 23:00:00,0,0.21844454226312557,0.7815554577368744,Hold,77.56259,77.591705,77.16954,77.35879,1823
2022-03-30 00:00:00,0,0.2603859434035438,0.7396140565964562,Hold,77.34423,77.548035,76.4635,77.22777,4874
2022-03-30 01:00:00,0,0.2523493344337086,0.7476506655662913,Hold,77.21321,77.23505,76.09956,76.38343,6963
2022-03-30 02:00:00,0,0.26071837025806327,0.7392816297419367,Hold,76.38343,76.66003,76.186905,76.405266,2882
2022-03-30 03:00:00,0,0.26749182025961193,0.7325081797403881,Hold,76.38343,76.67458,76.2233,76.492615,2096
2022-03-30 04:00:00,0,0.2764264855211433,0.7235735144788566,Hold,76.52173,76.667305,76.33248,76.59452,1354
2022-03-30 05:00:00,0,0.2947291922233271,0.705270807776673,Hold,76.587234,76.66003,76.30337,76.623634,2019
2022-03-30 06:00:00,0,0.31239366744866276,0.6876063325513373,Hold,76.63091,77.977486,76.448944,77.90469,9135
2022-03-30 07:00:00,0,0.2912602054368963,0.7087397945631038,Hold,77.91197,78.08666,77.30056,77.3879,6951
2022-03-30 08:00:00,0,0.3153861553022244,0.6846138446977756,Hold,77.39518,77.71545,76.84927,77.60627,9772
2022-03-30 09:00:00,0,0.28824708069242827,0.7117529193075718,Hold,77.61355,78.10122,77.104034,77.366066,8703
2022-03-30 10:00:00,0,0.2902649280061162,0.7097350719938837,Hold,77.33695,77.846466,77.016685,77.75912,7325
2022-03-30 11:00:00,0,0.27053756999169454,0.7294624300083055,Hold,77.75184,78.08666,77.278725,77.42429,11945
2022-03-30 12:00:00,1,0.3450096362122139,0.6549903637877861,Hold,77.44614,78.69808,77.30056,78.53067,16457
2022-03-30 13:00:00,1,0.38176140515860707,0.6182385948413929,Hold,78.53067,79.15665,78.17401,78.92372,28528
2022-03-30 14:00:00,1,0.35107368944538486,0.6489263105546151,Hold,78.92372,79.040184,78.2104,78.85094,24836
2022-03-30 15:00:00,1,0.3282814369166592,0.6717185630833409,Hold,78.858215,79.0693,77.93381,78.61802,22597
2022-03-30 16:00:00,1,0.2937889956441214,0.7062110043558786,Hold,78.61073,78.67625,77.46069,77.71545,16962
2022-03-30 17:00:00,1,0.3365203877747345,0.6634796122252655,Hold,77.71545,78.16673,77.48981,78.04299,11718
2022-03-30 18:00:00,1,0.3357856960621173,0.6642143039378827,Hold,78.05027,78.58162,77.70089,78.30503,14824
2022-03-30 19:00:00,1,0.33666705811542524,0.6633329418845748,Hold,78.30503,78.334145,77.94837,78.028435,3226
2022-03-30 20:00:00,1,0.3066368564850459,0.6933631435149541,Hold,78.028435,78.3487,78.0066,78.21768,1860
2022-03-30 22:00:00,1,0.3271506034597029,0.6728493965402971,Hold,78.2104,78.377815,78.05755,78.18129,854
2022-03-30 23:00:00,1,0.3357298957575044,0.6642701042424957,Hold,78.18129,78.39237,78.152176,78.26863,723
2022-03-31 00:00:00,0,0.27788045316610055,0.7221195468338995,Hold,78.26863,78.465164,74.16341,75.306175,27999
2022-03-31 01:00:00,0,0.24236763789738644,0.7576323621026135,Hold,75.33529,75.45175,74.607414,75.13876,10292
2022-03-31 02:00:00,0,0.22933480327416852,0.7706651967258314,Hold,75.131485,75.262505,73.60294,73.646614,8967
2022-03-31 03:00:00,0,0.23778265542813418,0.7622173445718659,Hold,73.639336,74.41817,73.40642,74.10518,7141
2022-03-31 04:00:00,0,0.21963860271285898,0.780361397287141,Hold,74.119736,74.425446,73.66117,73.82858,4505
2022-03-31 05:00:00,0,0.23514375383547512,0.7648562461645249,Hold,73.814026,74.54918,73.17349,74.49823,8510
2022-03-31 06:00:00,0,0.24382218515452353,0.7561778148454765,Hold,74.48367,75.255226,74.20708,75.03686,8095
2022-03-31 07:00:00,0,0.23697426160518975,0.7630257383948102,Hold,75.044136,75.226105,74.425446,74.78938,9340
2022-03-31 08:00:00,0,0.22299926378530144,0.7770007362146986,Hold,74.81122,75.1606,74.08334,74.301704,11899
2022-03-31 09:00:00,0,0.25019671301329693,0.7498032869867031,Hold,74.301704,74.55646,73.54471,73.77763,9777
2022-03-31 10:00:00,0,0.23516959774347398,0.764830402256526,Hold,73.77763,73.952324,72.90418,73.53743,11796
2022-03-31 11:00:00,0,0.2508783976195999,0.7491216023804002,Hold,73.53015,74.59286,73.37002,73.90865,13907
2022-03-31 12:00:00,0,0.24399499382978926,0.7560050061702107,Hold,73.91593,74.432724,73.20261,74.13429,18816
2022-03-31 13:00:00,0,0.2529954814307174,0.7470045185692826,Hold,74.13429,76.2233,74.08334,75.80841,42712
2022-03-31 14:00:00,0,0.24503262854706107,0.7549673714529389,Hold,75.79385,75.8448,73.988716,74.774826,42041
2022-03-31 15:00:00,0,0.2514822800375168,0.7485177199624832,Hold,74.76027,75.7793,74.62925,75.480865,29354
2022-03-31 16:00:00,0,0.25459292225988117,0.7454070777401188,Hold,75.49542,75.93215,74.89128,75.21883,15572
2022-03-31 17:00:00,0,0.25138402486681527,0.7486159751331847,Hold,75.24066,75.24066,74.05422,74.33082,17381
2022-03-31 18:00:00,0,0.24026799232506918,0.7597320076749308,Hold,74.32354,74.32354,72.54024,73.44281,41827
2022-03-31 19:00:00,0,0.21640856720965138,0.7835914327903486,Hold,73.42825,73.57383,73.18805,73.26812,5622
2022-03-31 20:00:00,0,0.26237067383042995,0.7376293261695701,Hold,73.28268,73.770355,73.2754,73.66117,3635
2022-03-31 22:00:00,0,0.2537160510150342,0.7462839489849658,Hold,73.68301,74.0615,73.37002,73.54471,2105
2022-03-31 23:00:00,0,0.2460264641208446,0.7539735358791554,Hold,73.55199,73.7194,73.035194,73.50104,2235
2022-04-01 00:00:00,0,0.24170176612584252,0.7582982338741575,Hold,73.515594,73.53015,72.40195,72.853226,5183
2022-04-01 01:00:00,0,0.21560581977373353,0.7843941802262665,Hold,72.83139,73.26812,72.234535,72.896904,7145
2022-04-01 02:00:00,0,0.22207795597569407,0.777922044024306,Hold,72.88234,73.18805,72.43834,72.49657,4723
2022-04-01 03:00:00,0,0.2444216382393524,0.7555783617606476,Hold,72.503845,72.860504,72.43106,72.795,2697
2022-04-01 04:00:00,0,0.22453534351346657,0.7754646564865334,Hold,72.78772,72.809555,72.48201,72.5548,1755
2022-04-01 05:00:00,0,0.25474515734312997,0.74525484265687,Hold,72.54752,72.66398,71.754135,71.92155,6015
2022-04-01 06:00:00,0,0.25976375237332766,0.7402362476266724,Hold,71.928825,72.409225,71.797806,71.972496,7027
2022-04-01 07:00:00,0,0.2552608053576614,0.7447391946423386,Hold,71.96522,72.21998,71.17183,71.98705,13920
2022-04-01 08:00:00,0,0.25546046704038006,0.7445395329596199,Hold,71.99433,72.62759,71.95794,72.59847,11915
2022-04-01 09:00:00,0,0.25477933448173534,0.7452206655182647,Hold,72.61303,73.88681,72.591194,73.209885,16465
2022-04-01 10:00:00,0,0.2831295981619078,0.7168704018380923,Hold,73.209885,73.37002,72.66398,72.83139,9365
2022-04-01 11:00:00,0,0.24323639900987662,0.7567636009901234,Hold,72.82411,73.05704,71.60856,71.72502,12287
2022-04-01 12:00:00,0,0.25115555243339704,0.748844447566603,Hold,71.72502,72.5548,71.63767,72.35827,14688
2022-04-01 13:00:00,0,0.24201112209446954,0.7579888779055305,Hold,72.35827,73.515594,71.95066,73.209885,27819
2022-04-01 14:00:00,0,0.23196061302659982,0.7680393869734001,Hold,73.19533,73.2754,72.24181,72.75133,22929
2022-04-01 15:00:00,0,0.22358338073748057,0.7764166192625195,Hold,72.758606,73.471924,72.53296,72.57664,20661
2022-04-01 16:00:00,0,0.2047820066796034,0.7952179933203967,Hold,72.57664,72.62759,71.885155,72.46745,14795
2022-04-01 17:00:00,0,0.20307854175611217,0.7969214582438878,Hold,72.460175,72.6567,71.95794,72.110794,13630
2022-04-01 18:00:00,0,0.21363212646014076,0.7863678735398593,Hold,72.103516,72.62031,72.09624,72.35099,17042
2022-04-01 19:00:00,0,0.20980992073545246,0.7901900792645475,Hold,72.35099,72.53296,72.14719,72.460175,4600
2022-04-01 20:00:00,0,0.21637026128017722,0.7836297387198228,Hold,72.46745,72.49657,72.2127,72.36555,1778
2022-04-03 22:00:00,0,0.20847505837923735,0.7915249416207626,Hold,72.023445,72.30732,71.36836,71.76141,4609
2022-04-03 23:00:00,0,0.204194409297465,0.795805590702535,Hold,71.76141,71.82692,71.48482,71.594,1614
2022-04-04 00:00:00,0,0.22190441250812562,0.7780955874918744,Hold,71.60856,72.038,71.52849,71.95066,1940
2022-04-04 01:00:00,0,0.21295629307109812,0.7870437069289019,Hold,71.95794,72.21998,71.710464,71.81964,2997
2022-04-04 02:00:00,0,0.24698488342422942,0.7530151165757706,Hold,71.81236,72.14719,71.73958,71.94338,1913
2022-04-04 03:00:00,0,0.22447135710261285,0.7755286428973871,Hold,71.928825,72.49657,71.89243,72.42378,2742
2022-04-04 04:00:00,0,0.2380965650255944,0.7619034349744056,Hold,72.43106,72.43106,72.205414,72.39467,1464
2022-04-04 05:00:00,0,0.26985632129258347,0.7301436787074165,Hold,72.38011,72.83867,72.2127,72.78044,2901
2022-04-04 06:00:00,0,0.29593355787736636,0.7040664421226337,Hold,72.77316,73.19533,72.72949,72.88234,5030
2022-04-04 07:00:00,0,0.30372015236593913,0.6962798476340608,Hold,72.88234,73.32635,72.71493,72.78044,6476
2022-04-04 08:00:00,0,0.33084131600242284,0.6691586839975772,Hold,72.765884,72.9988,72.591194,72.9333,8337
2022-04-04 09:00:00,0,0.29654912790086657,0.7034508720991335,Hold,72.9333,73.064316,71.58672,71.797806,10885
2022-04-04 10:00:00,0,0.27274592010871834,0.7272540798912817,Hold,71.81236,72.56208,71.76141,72.29276,7196
2022-04-04 11:00:00,0,0.34443815614105444,0.6555618438589456,Hold,72.278206,73.29723,72.2127,73.166214,8287
2022-04-04 12:00:00,0,0.3604280279247241,0.6395719720752759,Hold,73.17349,74.78938,73.07887,74.49095,21032
2022-04-04 13:00:00,0,0.3477063905015626,0.6522936094984374,Hold,74.48367,75.39352,74.25803,75.255226,24845
2022-04-04 14:00:00,0,0.3465595660206107,0.6534404339793893,Hold,75.255226,75.488144,74.51279,75.0223,21305
2022-04-04 15:00:00,0,0.3762492279057167,0.6237507720942833,Hold,75.044136,75.44447,73.6175,74.076065,30446
2022-04-04 16:00:00,0,0.3101104473234403,0.6898895526765597,Hold,74.06879,74.53462,73.68301,74.01055,15912
2022-04-04 17:00:00,0,0.3439123759632773,0.6560876240367227,Hold,74.01055,74.5783,73.79947,74.45456,10645
2022-04-04 18:00:00,0,0.359869584797076,0.640130415202924,Hold,74.46184,75.34257,74.38177,75.24795,21454
2022-04-04 19:00:00,0,0.3385408393241014,0.6614591606758986,Hold,75.24066,75.655556,75.18971,75.3644,5714
2022-04-04 20:00:00,0,0.3758089239466097,0.6241910760533903,Hold,75.357124,75.58277,75.33529,75.44447,1774
2022-04-04 22:00:00,1,0.41965256736405127,0.5803474326359488,Hold,75.45175,76.38343,75.41536,76.20874,2736
2022-04-04 23:00:00,0,0.3697370544028201,0.6302629455971799,Hold,76.21602,76.21602,75.88847,75.91031,973
2022-04-05 00:00:00,1,0.34475888385275005,0.65524111614725,Hold,75.917595,76.76193,75.88847,76.52173,4663
2022-04-05 01:00:00,1,0.35114254223071745,0.6488574577692825,Hold,76.52901,76.85655,76.15779,76.361595,3496
2022-04-05 02:00:00,1,0.35274595043705026,0.6472540495629497,Hold,76.37615,76.623634,76.2233,76.317924,3102
2022-04-05 03:00:00,1,0.3469905958205634,0.6530094041794365,Hold,76.317924,76.33248,75.968544,76.2233,2368
2022-04-05 04:00:00,1,0.3308598485162836,0.6691401514837164,Hold,76.21602,76.29609,76.012215,76.16507,1563
2022-04-05 05:00:00,1,0.3440408346819804,0.6559591653180197,Hold,76.15779,76.2597,75.89575,76.17963,2306
2022-04-05 06:00:00,1,0.3428455565456677,0.6571544434543324,Hold,76.17963,76.64547,76.16507,76.33976,4203
2022-04-05 07:00:00,0,0.35633812149882366,0.6436618785011763,Hold,76.33976,76.34704,75.531815,75.7793,8236
2022-04-05 08:00:00,1,0.3572071567565133,0.6427928432434866,Hold,75.79385,76.48534,75.400795,76.36887,9925
2022-04-05 09:00:00,0,0.3347212253226455,0.6652787746773545,Hold,76.37615,76.59452,75.59005,75.641,8120
2022-04-05 10:00:00,1,0.3578477802034335,0.6421522197965666,Hold,75.63372,76.25241,75.34257,76.12868,8506
2022-04-05 11:00:00,1,0.33322091254517305,0.666779087454827,Hold,76.12868,76.186905,75.437195,75.86664,8381
2022-04-05 12:00:00,1,0.30897458194722827,0.6910254180527717,Hold,75.85936,76.52173,75.306175,76.492615,19759
2022-04-05 13:00:00,1,0.2925704909447648,0.7074295090552352,Hold,76.48534,76.50717,75.44447,75.7793,18078
2022-04-05 14:00:00,0,0.29298403163273085,0.7070159683672692,Hold,75.77202,75.77202,74.13429,74.55646,30135
2022-04-05 15:00:00,0,0.2942357953319702,0.7057642046680298,Hold,74.54918,75.524536,74.46184,74.73115,22051
2022-04-05 16:00:00,1,0.3095477714103626,0.6904522285896374,Hold,74.71659,75.1606,74.61469,74.884,8923
2022-04-05 17:00:00,1,0.27860865525314044,0.7213913447468596,Hold,74.89128,75.641,74.782104,75.007744,11564
2022-04-05 18:00:00,0,0.2114352534999998,0.7885647465000002,Hold,75.000465,75.14604,73.82858,74.0615,20785
2022-04-05 19:00:00,0,0.19137806710798122,0.8086219328920188,Hold,74.06879,74.08334,72.70037,72.96241,13092
2022-04-05 20:00:00,0,0.20051973505678852,0.7994802649432114,Hold,72.96241,73.814026,72.9333,73.79219,4206
2022-04-05 22:00:00,0,0.1569640180421001,0.8430359819578999,Hold,73.690285,74.076065,73.31907,73.340904,1653
2022-04-05 23:00:00,0,0.19205181233307267,0.8079481876669273,Hold,73.333626,73.58111,73.28268,73.54471,970
2022-04-06 00:00:00,0,0.22404224634230263,0.7759577536576974,Hold,73.53743,73.74852,73.05704,73.68301,4708
2022-04-06 01:00:00,0,0.24968421391219622,0.7503157860878038,Hold,73.67573,74.0615,73.3773,73.93777,6514
2022-04-06 02:00:00,0,0.2579948293053864,0.7420051706946136,Hold,73.945045,74.345375,73.89409,74.08334,4863
2022-04-06 03:00:00,0,0.24805860393350918,0.7519413960664908,Hold,74.11246,74.301704,73.995995,74.15613,1911
2022-04-06 04:00:00,0,0.25052854493070376,0.7494714550692962,Hold,74.15613,74.345375,74.0615,74.19252,1507
2022-04-06 05:00:00,0,0.29030483419818054,0.7096951658018195,Hold,74.19252,74.607414,73.995995,74.36721,3125
2022-04-06 06:00:00,0,0.2636849793697691,0.7363150206302309,Hold,74.35265,74.563736,74.22891,74.3381,4293
2022-04-06 07:00:00,0,0.3391129878438677,0.6608870121561323,Hold,74.3381,74.96407,74.02511,74.825775,8494
2022-04-06 08:00:00,1,0.3224384314941489,0.6775615685058511,Hold,74.825775,75.31345,74.825775,75.05869,8805
2022-04-06 09:00:00,1,0.3693988238845036,0.6306011761154964,Hold,75.06597,75.71378,74.75299,75.357124,8864
2022-04-06 10:00:00,1,0.3078904115688832,0.6921095884311168,Hold,75.3644,75.662834,75.175156,75.56821,6364
2022-04-06 11:00:00,1,0.29746307763575847,0.7025369223642415,Hold,75.575485,75.59733,74.84033,75.01502,6995
2022-04-06 12:00:00,1,0.3293597642423958,0.6706402357576042,Hold,74.99319,75.24066,74.65836,74.97135,9420
2022-04-06 13:00:00,0,0.27071706723323213,0.7292829327667678,Hold,74.956795,75.182434,73.55199,73.79947,28061
2022-04-06 14:00:00,1,0.2735632927921499,0.7264367072078501,Hold,73.79219,74.72387,73.384575,73.7558,28136
2022-04-06 15:00:00,1,0.22799918160238433,0.7720008183976157,Hold,73.76308,74.0979,71.805084,72.38739,42028
2022-04-06 16:00:00,1,0.21483516999240837,0.7851648300075916,Hold,72.36555,72.69309,71.57217,72.34371,19654
2022-04-06 17:00:00,0,0.21153876986374498,0.788461230136255,Hold,72.34371,72.35099,70.03635,70.40756,28194
2022-04-06 18:00:00,0,0.2146500747164331,0.785349925283567,Hold,70.38573,70.86613,69.67968,70.82973,33536
2022-04-06 19:00:00,0,0.19186898518283207,0.8081310148171679,Hold,70.81517,70.96075,70.45851,70.70599,6846
2022-04-06 20:00:00,0,0.18478805256719838,0.8152119474328017,Hold,70.69143,70.75694,70.42212,70.58225,2179
2022-04-06 22:00:00,0,0.17619054416211752,0.8238094558378825,Hold,70.72055,71.6959,70.72055,71.17183,2718
2022-04-06 23:00:00,0,0.18709008563620033,0.8129099143637997,Hold,71.193665,71.222786,70.20376,70.47307,2345
2022-04-07 00:00:00,0,0.24759674287309896,0.752403257126901,Hold,70.47307,71.06265,70.043625,70.93163,5632
2022-04-07 01:00:00,0,0.26698968351674446,0.7330103164832555,Hold,70.917076,71.38292,70.662315,71.12816,4594
2022-04-07 02:00:00,0,0.2802698793359017,0.7197301206640982,Hold,71.10632,71.55761,70.917076,71.492096,3798
2022-04-07 03:00:00,0,0.2602022301083548,0.7397977698916451,Hold,71.492096,71.66679,71.03354,71.06993,3523
2022-04-07 04:00:00,0,0.26018806379667847,0.7398119362033215,Hold,71.08449,71.273735,70.82973,71.06993,2043
2022-04-07 05:00:00,0,0.28165913571462003,0.7183408642853799,Hold,71.06993,71.20095,70.66959,71.06993,3922
2022-04-07 06:00:00,0,0.27964716943224754,0.7203528305677525,Hold,71.09177,71.404755,70.837006,71.142715,5648
2022-04-07 07:00:00,0,0.2691279707627835,0.7308720292372165,Hold,71.13544,71.317406,70.1892,70.312935,6425
2022-04-07 08:00:00,0,0.2644539601740168,0.7355460398259832,Hold,70.312935,70.42212,69.46132,70.312935,11935
2022-04-07 09:00:00,0,0.2808084223024007,0.7191915776975992,Hold,70.32749,70.95347,70.1892,70.742386,6422
2022-04-07 10:00:00,0,0.2769911126335933,0.7230088873664067,Hold,70.72783,71.36836,70.67687,71.12816,5878
2022-04-07 11:00:00,0,0.2549565764087848,0.7450434235912152,Hold,71.142715,71.89243,70.64776,71.56489,12525
2022-04-07 12:00:00,0,0.27097264234564944,0.7290273576543506,Hold,71.57217,71.928825,70.574974,70.65504,13064
2022-04-07 13:00:00,0,0.23385312664350133,0.7661468733564987,Hold,70.67687,71.43387,70.42212,70.72055,22432
2022-04-07 14:00:00,0,0.23413003979650004,0.7658699602035,Hold,70.72783,70.873405,69.89805,70.13097,22876
2022-04-07 15:00:00,0,0.24646739522813743,0.7535326047718626,Hold,70.138245,70.41484,68.52236,68.78439,35598
2022-04-07 16:00:00,0,0.22161993393880275,0.7783800660611973,Hold,68.78439,69.54867,68.28216,69.41765,20643
2022-04-07 17:00:00,0,0.23741577744747505,0.762584222552525,Hold,69.432205,70.181915,69.14105,69.4686,17965
2022-04-07 18:00:00,0,0.19857246392368805,0.8014275360763119,Hold,69.475876,70.24015,69.39581,70.02179,19982
2022-04-07 19:00:00,0,0.20622762705991607,0.793772372940084,Hold,70.02179,70.698715,69.963554,70.5313,4973
2022-04-07 20:00:00,0,0.23358595084201025,0.7664140491579897,Hold,70.5313,70.77878,70.47307,70.698715,1667
2022-04-07 22:00:00,0,0.19995351434920997,0.8000464856507901,Hold,70.72783,70.793335,70.21104,70.34205,1847
2022-04-07 23:00:00,0,0.21558765811593544,0.7844123418840645,Hold,70.36389,70.70599,70.28382,70.58225,1053
2022-04-08 00:00:00,0,0.22826201503170565,0.7717379849682944,Hold,70.574974,70.742386,70.16008,70.312935,2065
2022-04-08 01:00:00,0,0.26410019315835603,0.735899806841644,Hold,70.29838,70.41484,69.79614,70.312935,4768
2022-04-08 02:00:00,0,0.29049429307528396,0.709505706924716,Hold,70.29838,70.29838,69.35942,69.781586,5205
2022-04-08 03:00:00,0,0.2674322438303674,0.7325677561696327,Hold,69.788864,69.84709,69.483154,69.686966,2623
2022-04-08 04:00:00,0,0.28734986471438523,0.7126501352856147,Hold,69.686966,69.73064,69.50499,69.657845,1119
2022-04-08 05:00:00,0,0.29746412766227437,0.7025358723377256,Hold,69.650566,70.32749,69.46132,70.10913,6533
2022-04-08 06:00:00,0,0.2848515133883839,0.7151484866116161,Hold,70.094574,70.64048,69.98539,70.48035,4500
2022-04-08 07:00:00,0,0.2763931566686382,0.7236068433313618,Hold,70.48035,70.77878,70.02907,70.72783,6630
2022-04-08 08:00:00,0,0.25576788868127126,0.7442321113187287,Hold,70.742386,71.13544,70.1528,70.35661,11498
2022-04-08 09:00:00,0,0.2837106220098853,0.7162893779901147,Hold,70.36389,70.837006,70.13097,70.45123,5637
2022-04-08 10:00:00,0,0.31279340434423775,0.6872065956557623,Hold,70.47307,70.64048,69.83981,69.94172,6025
2022-04-08 11:00:00,0,0.320324984508476,0.679675015491524,Hold,69.94172,70.34933,69.70152,70.16008,6527
2022-04-08 12:00:00,0,0.3655231029434677,0.6344768970565323,Hold,70.181915,71.04082,70.087296,70.880684,13127
2022-04-08 13:00:00,0,0.3341871158570311,0.6658128841429689,Hold,70.880684,71.186386,69.75247,70.17464,24602
2022-04-08 14:00:00,0,0.29338490232586806,0.7066150976741319,Hold,70.16736,70.62592,69.614174,69.70152,19356
2022-04-08 15:00:00,0,0.3019872240381513,0.6980127759618486,Hold,69.694244,70.96075,69.59962,70.29838,20492
2022-04-08 16:00:00,0,0.290191609561677,0.709808390438323,Hold,70.29838,70.82245,70.1528,70.40756,10742
2022-04-08 17:00:00,0,0.3238661518443232,0.6761338481556768,Hold,70.40756,70.95347,70.22559,70.56042,9880
2022-04-08 18:00:00,1,0.39461345753431465,0.6053865424656854,Hold,70.567696,71.885155,70.487625,71.36836,27757
2022-04-08 19:00:00,1,0.40246002562586175,0.5975399743741383,Hold,71.36836,71.52849,71.186386,71.222786,3202
2022-04-08 20:00:00,1,0.4138344059490345,0.5861655940509656,Hold,71.222786,71.41203,71.12816,71.25918,1957
2022-04-10 22:00:00,1,0.38168994375186166,0.6183100562481383,Hold,71.623116,71.710464,70.844284,71.23734,2495
2022-04-10 23:00:00,0,0.34098788966292004,0.65901211033708,Hold,71.23734,71.26646,70.28382,70.41484,2814
2022-04-11 00:00:00,0,0.35628716998784066,0.6437128300121593,Hold,70.42212,70.68415,70.02907,70.261986,4400
2022-04-11 01:00:00,0,0.3075123883482134,0.6924876116517866,Hold,70.269264,70.443954,69.8107,69.94172,4916
2022-04-11 02:00:00,0,0.3104672803497702,0.6895327196502298,Hold,69.956276,69.97083,69.29391,69.85438,7091
2022-04-11 03:00:00,0,0.34391344205424856,0.6560865579457514,Hold,69.868935,70.16008,69.686966,69.80342,2532
2022-04-11 04:00:00,0,0.36769973296357866,0.6323002670364213,Hold,69.80342,69.97811,69.55595,69.92716,1871
2022-04-11 05:00:00,0,0.35922870380789207,0.6407712961921079,Hold,69.92716,70.17464,69.75975,70.16008,2215
2022-04-11 06:00:00,0,0.3606997380819912,0.6393002619180088,Hold,70.16736,70.28382,69.82526,70.02907,4287
2022-04-11 07:00:00,0,0.37503320450519084,0.6249667954948092,Hold,70.02179,70.181915,69.40309,69.97083,8047
2022-04-11 08:00:00,0,0.38926789721156607,0.6107321027884339,Hold,69.97811,70.54586,69.650566,69.91988,8826
2022-04-11 09:00:00,0,0.3784319502436854,0.6215680497563145,Hold,69.93444,70.087296,69.519554,69.686966,5318
2022-04-11 10:00:00,0,0.3527517953645866,0.6472482046354133,Hold,69.694244,69.86166,68.733444,69.06827,7327
2022-04-11 11:00:00,0,0.32664979483315565,0.6733502051668443,Hold,69.07555,69.19929,67.72897,67.75809,15513
2022-04-11 12:00:00,0,0.2986047778599416,0.7013952221400583,Hold,67.74353,68.58787,67.641624,68.39862,14281
2022-04-11 13:00:00,0,0.3119742333415301,0.6880257666584699,Hold,68.4059,69.002754,68.1657,68.6097,20376
2022-04-11 14:00:00,0,0.2895581242408357,0.7104418757591643,Hold,68.6097,69.483154,68.38406,69.3303,20457
2022-04-11 15:00:00,0,0.28402384276236525,0.7159761572376347,Hold,69.3303,69.788864,68.69705,68.86446,20362
2022-04-11 16:00:00,0,0.28071030333612657,0.7192896966638734,Hold,68.87174,68.951805,68.35495,68.45685,11750
2022-04-11 17:00:00,0,0.3124184284522278,0.6875815715477722,Hold,68.471405,68.828064,68.4059,68.551476,7711
2022-04-11 18:00:00,0,0.33804083484657216,0.6619591651534278,Hold,68.551476,69.19929,68.34039,68.507805,21545
2022-04-11 19:00:00,0,0.41888829376379666,0.5811117062362033,Hold,68.51508,69.13377,68.48596,69.039154,5226
2022-04-11 20:00:00,0,0.4119462057586029,0.588053794241397,Hold,69.04643,69.29391,68.95908,69.27935,2635
2022-04-11 22:00:00,0,0.3694856614657134,0.6305143385342866,Hold,69.27207,69.49043,69.170166,69.17745,1167
2022-04-11 23:00:00,0,0.40016950636635673,0.5998304936336433,Hold,69.19201,69.475876,69.11194,69.3667,1036
2022-04-12 00:00:00,0,0.47111480397950783,0.5288851960204921,Hold,69.37398,69.6724,69.031876,69.5705,3099
2022-04-12 01:00:00,0,0.48792869922992826,0.5120713007700717,Hold,69.54867,69.82526,69.40309,69.67968,3411
2022-04-12 02:00:00,0,0.5265315957546753,0.47346840424532466,Sell,69.67968,70.23287,69.45404,70.13097,4488
2022-04-12 03:00:00,0,0.4579305846680266,0.5420694153319734,Hold,70.12369,70.34205,69.97083,70.007225,2307
2022-04-12 04:00:00,0,0.46647416449537665,0.5335258355046233,Hold,70.02907,70.08002,69.781586,69.80342,1732
2022-04-12 05:00:00,0,0.511333117988722,0.48866688201127795,Sell,69.81798,70.37117,69.71608,70.261986,3065
2022-04-12 06:00:00,0,0.5835928673595615,0.4164071326404385,Sell,70.269264,70.99714,70.10913,70.837006,8142
2022-04-12 07:00:00,0,0.4935537603168628,0.5064462396831372,Hold,70.81517,71.099045,70.19648,70.218315,7294
2022-04-12 08:00:00,0,0.5685413650888396,0.43145863491116043,Sell,70.218315,70.880684,69.90533,70.85884,11788
2022-04-12 09:00:00,0,0.5087915080212899,0.4912084919787101,Sell,70.86613,71.13544,70.48035,70.72055,8095
2022-04-12 10:00:00,0,0.54013655148791,0.45986344851209005,Sell,70.73511,71.65951,70.68415,71.39748,9386
2022-04-12 11:00:00,0,0.5215241956557808,0.4784758043442192,Sell,71.39748,71.64495,71.12088,71.492096,6674
2022-04-12 12:00:00,0,0.5018886498087454,0.49811135019125463,Sell,71.499374,71.79053,71.09177,71.24462,13287
2022-04-12 13:00:00,0,0.560303228890782,0.439696771109218,Sell,71.23734,72.634865,71.048096,72.62759,34132
2022-04-12 14:00:00,0,0.5779531456060221,0.42204685439397793,Sell,72.634865,73.57383,72.19086,73.17349,28344
2022-04-12 15:00:00,0,0.5661670139722543,0.43383298602774567,Sell,73.166214,73.770355,73.071594,73.58839,20407
2022-04-12 16:00:00,0,0.5047299004535013,0.4952700995464987,Sell,73.58839,73.63206,72.94785,73.29723,12361
2022-04-12 17:00:00,0,0.4808514445023453,0.5191485554976547,Hold,73.31179,73.690285,72.86778,73.10071,10617
2022-04-12 18:00:00,0,0.504351473249337,0.49564852675066295,Sell,73.09343,73.57383,73.064316,73.2754,20498
2022-04-12 19:00:00,0,0.47911364367819387,0.5208863563218061,Hold,73.2754,73.2754,72.95513,73.22445,4825
2022-04-12 20:00:00,0,0.5080114588531812,0.4919885411468188,Sell,73.22445,73.53743,73.18805,73.50104,2791
2022-04-12 22:00:00,0,0.516163220942278,0.48383677905772204,Sell,73.45009,74.2362,73.333626,73.92321,2178
2022-04-12 23:00:00,0,0.5039010469528094,0.49609895304719065,Sell,73.92321,74.02511,73.74124,73.814026,892
2022-04-13 00:00:00,0,0.4967095483016519,0.5032904516983481,Hold,73.84314,73.945045,73.55927,73.6175,2305
2022-04-13 01:00:00,0,0.5076443060686691,0.49235569393133094,Sell,73.63206,73.83586,73.20261,73.60294,4152
2022-04-13 02:00:00,0,0.4628847835967155,0.5371152164032845,Hold,73.58839,73.68301,73.39914,73.61022,2195
2022-04-13 03:00:00,0,0.46093237493167155,0.5390676250683284,Hold,73.61022,73.66845,73.09343,73.17349,2552
2022-04-13 04:00:00,0,0.4756755255299942,0.5243244744700057,Hold,73.17349,73.21716,72.91874,72.91874,2375
2022-04-13 05:00:00,0,0.5137427755838047,0.48625722441619534,Sell,72.91874,73.66117,72.74405,73.42825,4913
2022-04-13 06:00:00,0,0.4881708038419029,0.5118291961580971,Hold,73.45009,73.45737,73.00608,73.18805,4540
2022-04-13 07:00:00,0,0.48547625970634106,0.5145237402936589,Hold,73.18077,73.20261,72.69309,73.035194,5648
2022-04-13 08:00:00,0,0.4862805314500396,0.5137194685499604,Hold,73.027916,73.65389,72.94785,73.40642,10529
2022-04-13 09:00:00,0,0.5165872998053898,0.48341270019461025,Sell,73.4137,73.595665,73.12254,73.515594,4415
2022-04-13 10:00:00,0,0.5213630600576923,0.4786369399423077,Sell,73.53015,74.55646,73.45737,74.170685,10880
2022-04-13 11:00:00,0,0.5266597700489185,0.4733402299510815,Sell,74.16341,74.89128,73.87225,74.14157,8606
2022-04-13 12:00:00,0,0.5139970673443922,0.4860029326556078,Sell,74.14157,74.73115,73.77763,74.54918,10685
2022-04-13 13:00:00,0,0.4175229584034472,0.5824770415965528,Hold,74.55646,74.825775,74.03239,74.250755,14416
2022-04-13 14:00:00,0,0.40250880808772416,0.5974911919122758,Hold,74.25803,74.73115,73.25356,74.33082,23521
2022-04-13 15:00:00,0,0.47274930297159057,0.5272506970284094,Hold,74.32354,75.11693,74.16341,75.044136,20537
2022-04-13 16:00:00,0,0.3880554512889535,0.6119445487110464,Hold,75.044136,75.14604,74.68748,75.000465,9953
2022-04-13 17:00:00,0,0.4937375147964453,0.5062624852035547,Hold,75.007744,76.012215,74.956795,75.80841,17460
2022-04-13 18:00:00,0,0.4543649165073515,0.5456350834926484,Hold,75.80841,76.00494,75.56093,75.99766,20286
2022-04-13 19:00:00,0,0.37766369438676545,0.6223363056132345,Hold,76.00494,76.04133,75.76474,75.90303,3817
2022-04-13 20:00:00,0,0.4149486220931699,0.58505137790683,Hold,75.91031,75.968544,75.7429,75.80841,2569
2022-04-13 22:00:00,0,0.38112442896680643,0.6188755710331936,Hold,75.8448,75.93943,75.306175,75.56821,1976
2022-04-13 23:00:00,0,0.3780780364029067,0.6219219635970933,Hold,75.56093,75.69195,75.45175,75.531815,703
2022-04-14 00:00:00,0,0.3643438687840125,0.6356561312159875,Hold,75.49542,75.63372,75.33529,75.56821,1817
2022-04-14 01:00:00,0,0.3699454870860316,0.6300545129139684,Hold,75.56093,75.56093,75.13876,75.175156,2401
2022-04-14 02:00:00,0,0.3758922391715805,0.6241077608284196,Hold,75.16788,75.37168,75.080536,75.32801,2983
2022-04-14 03:00:00,0,0.3944748343267177,0.6055251656732823,Hold,75.32801,75.7429,75.19699,75.40807,2720
2022-04-14 04:00:00,0,0.4145672401297484,0.5854327598702516,Hold,75.400795,75.67011,75.28434,75.42992,2723
2022-04-14 05:00:00,0,0.3522254149453893,0.6477745850546107,Hold,75.437195,75.47359,74.84033,74.96407,3068
2022-04-14 06:00:00,0,0.4195714362662885,0.5804285637337114,Hold,74.97135,75.23338,74.79666,74.93496,4288
2022-04-14 07:00:00,0,0.4240709762771538,0.5759290237228463,Hold,74.94224,75.15332,74.5783,74.94952,5179
2022-04-14 08:00:00,0,0.4456588327169033,0.5543411672830967,Hold,74.956795,75.47359,74.869446,75.32801,6845
2022-04-14 09:00:00,0,0.4308185391082525,0.5691814608917475,Hold,75.32801,75.641,75.10237,75.19699,4664
2022-04-14 10:00:00,0,0.43627770423321727,0.5637222957667827,Hold,75.182434,75.226105,74.738434,75.06597,6368
2022-04-14 11:00:00,0,0.43266542968994953,0.5673345703100505,Hold,75.051414,75.31345,74.6802,74.86217,7320
2022-04-14 12:00:00,0,0.4176515154678994,0.5823484845321005,Hold,74.85489,75.087814,74.44,74.48367,6955
2022-04-14 13:00:00,0,0.4467374441570154,0.5532625558429847,Hold,74.49095,75.175156,74.33082,74.913124,13917
2022-04-14 14:00:00,0,0.4098747998480964,0.5901252001519036,Hold,74.89128,75.45175,74.86217,75.09509,10951
2022-04-14 15:00:00,0,0.42468561964841595,0.5753143803515841,Hold,75.087814,75.575485,74.73115,75.3644,13094
2022-04-14 16:00:00,0,0.4820346670269084,0.5179653329730916,Hold,75.37168,76.68186,75.226105,76.587234,23027
2022-04-14 17:00:00,0,0.4535690133206879,0.5464309866793121,Hold,76.6018,77.48253,76.57268,77.35151,14372
2022-04-14 18:00:00,0,0.4609049504207876,0.5390950495792124,Hold,77.34423,78.3487,77.278725,77.51892,23084
2022-04-14 19:00:00,0,0.41135026025655386,0.5886497397434461,Hold,77.51164,77.5262,77.16226,77.33695,4798
2022-04-14 20:00:00,0,0.4457719302210033,0.5542280697789967,Hold,77.32967,77.61355,77.278725,77.548035,1915
2022-04-17 22:00:00,0,0.4040177864473746,0.5959822135526254,Hold,77.90469,78.82182,77.87558,78.61802,1812
2022-04-17 23:00:00,0,0.35260326496625466,0.6473967350337453,Hold,78.61073,78.91644,78.44332,78.603455,665
2022-04-18 00:00:00,0,0.4066939264900032,0.5933060735099969,Hold,78.58162,78.78543,78.38509,78.75631,476
2022-04-18 01:00:00,0,0.39828038397714616,0.6017196160228538,Hold,78.71992,79.01107,78.457886,78.79271,1133
2022-04-18 02:00:00,0,0.3876142383112327,0.6123857616887673,Hold,78.78543,78.80727,78.2104,78.26135,602
2022-04-18 03:00:00,0,0.4594479714117985,0.5405520285882015,Hold,78.246796,78.5889,78.203125,78.559784,260
2022-04-18 04:00:00,0,0.41950708564231604,0.580492914357684,Hold,78.552505,78.64713,78.49428,78.52339,350
2022-04-18 05:00:00,0,0.3893972939722022,0.6106027060277979,Hold,78.51611,78.53795,77.81735,77.853745,522
2022-04-18 06:00:00,0,0.4166949187224554,0.5833050812775447,Hold,77.846466,78.18129,77.64266,78.072105,634
2022-04-18 07:00:00,0,0.41848064947322283,0.5815193505267772,Hold,78.028435,78.03571,77.15498,77.30784,1473
2022-04-18 08:00:00,0,0.42555698548472537,0.5744430145152746,Hold,77.22777,77.77368,77.1841,77.63538,758
2022-04-18 09:00:00,0,0.41954560544138797,0.580454394558612,Hold,77.65722,77.73,77.34423,77.60627,531
2022-04-18 10:00:00,0,0.4402703684024476,0.5597296315975524,Hold,77.628105,78.01388,77.51892,77.63538,783
2022-04-18 11:00:00,0,0.41101562804101033,0.5889843719589897,Hold,77.63538,77.99932,77.40246,77.722725,744
2022-04-18 12:00:00,0,0.42596778744575275,0.5740322125542472,Hold,77.722725,78.35598,77.69361,78.246796,1863
2022-04-18 13:00:00,0,0.46655985312346515,0.5334401468765348,Hold,78.23224,79.083855,78.17401,78.83638,4041
2022-04-18 14:00:00,0,0.4209976150905032,0.5790023849094967,Hold,78.89461,78.97468,78.3487,78.57434,1703
2022-04-18 15:00:00,0,0.38381221765974327,0.6161877823402567,Hold,78.5889,78.70536,77.95565,78.457886,1624
2022-04-18 16:00:00,1,0.41813751448293984,0.5818624855170602,Hold,78.44332,79.65888,78.43604,79.5497,1919
2022-04-18 17:00:00,1,0.42272667974913036,0.5772733202508696,Hold,79.55698,79.92819,79.258545,79.52786,1679
2022-04-18 18:00:00,1,0.44961050680832526,0.5503894931916747,Hold,79.513306,79.63705,78.11578,78.70536,4072
2022-04-18 19:00:00,0,0.3327543284519809,0.6672456715480191,Hold,78.66897,78.778145,78.428764,78.54523,359
2022-04-18 20:00:00,0,0.33769875472837524,0.6623012452716248,Hold,78.54523,78.66169,78.08666,78.31231,486
2022-04-18 22:00:00,0,0.40683938519082385,0.5931606148091761,Hold,78.428764,78.428764,78.13034,78.22496,80
2022-04-18 23:00:00,0,0.4259625027922599,0.5740374972077401,Hold,78.31231,78.552505,78.283195,78.52339,23
2022-04-19 00:00:00,0,0.4514511287625004,0.5485488712374996,Hold,78.487,78.79999,78.326866,78.5889,139
2022-04-19 01:00:00,1,0.4725875104068744,0.5274124895931256,Hold,78.52339,78.74175,78.22496,78.74175,139
2022-04-19 02:00:00,1,0.4539334265670861,0.546066573432914,Hold,78.77087,79.07658,78.69808,79.07658,90
2022-04-19 03:00:00,1,0.42790087677632094,0.5720991232236791,Hold,79.05474,79.28038,78.85094,78.931,187
2022-04-19 04:00:00,1,0.4768624998849988,0.5231375001150012,Hold,78.92372,78.96012,78.76359,78.78543,42
2022-04-19 05:00:00,1,0.5081841903910033,0.49181580960899673,Sell,78.85094,78.86549,78.43604,78.465164,127
2022-04-19 06:00:00,1,0.506263462798535,0.49373653720146504,Sell,78.421486,78.71992,78.108505,78.21768,320
2022-04-19 07:00:00,1,0.5019215780968411,0.4980784219031589,Sell,78.246796,78.54523,77.78096,77.93381,655
2022-04-19 08:00:00,1,0.4809858245126514,0.5190141754873485,Hold,77.95565,78.23952,77.60627,77.65722,465
2022-04-19 09:00:00,1,0.4454989397098784,0.5545010602901216,Hold,77.628105,77.71545,77.00941,77.591705,525
2022-04-19 10:00:00,1,0.47515394209744455,0.5248460579025555,Hold,77.591705,77.91197,77.42429,77.61355,230
2022-04-19 11:00:00,1,0.4814847965333486,0.5185152034666514,Hold,77.62083,77.89014,77.504364,77.55531,288
2022-04-19 12:00:00,1,0.42424944350410676,0.5757505564958932,Hold,77.5262,77.54076,76.59452,76.74009,727
2022-04-19 13:00:00,1,0.41569078593373604,0.584309214066264,Hold,76.7037,77.00941,75.46631,75.85208,1124
2022-04-19 14:00:00,0,0.39268464148761434,0.6073153585123856,Hold,75.830246,75.917595,75.044136,75.51726,879
2022-04-19 15:00:00,0,0.3386440619336372,0.6613559380663627,Hold,75.531815,75.655556,74.31626,74.58558,883
2022-04-19 16:00:00,0,0.3466492948849148,0.6533507051150852,Hold,74.58558,74.98591,74.396324,74.71659,638
2022-04-19 17:00:00,0,0.3225035151760847,0.6774964848239153,Hold,74.600136,75.31345,74.57102,75.11693,525
2022-04-19 18:00:00,0,0.26909310618429927,0.7309068938157007,Hold,75.14604,75.44447,74.3381,74.432724,1218
2022-04-19 19:00:00,0,0.2800542223484314,0.7199457776515685,Hold,74.425446,74.83305,74.425446,74.62925,91
2022-04-19 20:00:00,0,0.2860071575730825,0.7139928424269175,Hold,74.63653,74.825775,74.476395,74.702034,90
2022-04-19 22:00:00,0,0.30780819411430077,0.6921918058856993,Hold,75.007744,75.007744,74.84761,74.84761,10
2022-04-19 23:00:00,0,0.34190385263694145,0.6580961473630585,Hold,75.02958,75.67011,74.97863,75.51726,45
2022-04-20 00:00:00,0,0.3113970565317156,0.6886029434682843,Hold,75.51726,75.700165,75.07829,75.15877,2784
2022-04-20 01:00:00,0,0.30250394191993485,0.6974960580800651,Hold,75.1734,75.297775,74.56616,74.873436,5004
2022-04-20 02:00:00,0,0.3311494410227569,0.6688505589772431,Hold,74.8588,75.55384,74.77101,75.524574,4274
2022-04-20 03:00:00,0,0.29102734434908784,0.7089726556509122,Hold,75.51726,75.656265,75.4002,75.42947,5670
2022-04-20 04:00:00,0,0.2836941455937794,0.7163058544062206,Hold,75.42947,75.524574,75.18072,75.341675,4318
2022-04-20 05:00:00,0,0.3291963548631806,0.6708036451368193,Hold,75.33436,75.78796,75.231926,75.26851,4702
2022-04-20 06:00:00,0,0.34138759688073966,0.6586124031192604,Hold,75.26119,75.627,74.86612,75.49531,6443
2022-04-20 07:00:00,1,0.374450613254356,0.625549386745644,Hold,75.49531,75.82454,75.30509,75.634315,6873
2022-04-20 08:00:00,0,0.34118304763033874,0.6588169523696612,Hold,75.64895,75.809906,75.188034,75.40752,8808
2022-04-20 09:00:00,0,0.33639192074698987,0.6636080792530101,Hold,75.42947,75.568474,75.05634,75.26119,4753
2022-04-20 10:00:00,0,0.3720574865528774,0.6279425134471226,Hold,75.26119,75.480675,75.188034,75.26851,4275
2022-04-20 11:00:00,1,0.40915128727439093,0.590848712725609,Hold,75.275826,75.93428,75.253876,75.84649,6559
2022-04-20 12:00:00,0,0.3720071571533752,0.6279928428466248,Hold,75.83917,76.058655,75.22461,75.38557,9773
2022-04-20 13:00:00,0,0.35881874381766654,0.6411812561823335,Hold,75.39288,75.64895,75.06366,75.26851,15596
2022-04-20 14:00:00,0,0.33597950202905524,0.6640204979709448,Hold,75.26119,75.58311,74.27351,75.26119,33671
2022-04-20 15:00:00,0,0.4285609946913346,0.5714390053086654,Hold,75.253876,75.55384,73.241936,73.512634,33340
2022-04-20 16:00:00,0,0.4293893014759732,0.5706106985240268,Hold,73.52727,74.54421,73.07367,74.50031,19252
2022-04-20 17:00:00,0,0.43149468490804455,0.5685053150919555,Hold,74.50763,75.480675,74.47836,75.04903,20725
2022-04-20 18:00:00,0,0.40691699719247487,0.5930830028075251,Hold,75.05634,75.19535,74.41252,74.74906,19239
2022-04-20 19:00:00,0,0.40909365138265136,0.5909063486173487,Hold,74.741745,75.43678,74.741745,74.98318,5255
2022-04-20 20:00:00,0,0.4594914991403573,0.5405085008596426,Hold,74.99049,75.15877,74.88075,74.95392,1829
2022-04-20 22:00:00,0,0.4454337553788066,0.5545662446211934,Hold,74.99049,75.07098,74.63932,74.73443,1187
2022-04-20 23:00:00,0,0.44808347911502566,0.5519165208849743,Hold,74.72711,74.91002,74.68322,74.86612,446
2022-04-21 00:00:00,0,0.4359733517690132,0.5640266482309868,Hold,74.873436,75.166084,74.632,74.99781,2454
2022-04-21 01:00:00,0,0.4503896992215805,0.5496103007784194,Hold,75.00513,75.47336,74.807594,75.39288,3028
2022-04-21 02:00:00,0,0.45172784758561113,0.5482721524143889,Hold,75.39288,75.700165,75.38557,75.4441,4963
2022-04-21 03:00:00,0,0.45462512851117387,0.5453748714888261,Hold,75.43678,75.60505,75.319725,75.37825,3694
2022-04-21 04:00:00,0,0.44802278485278463,0.5519772151472153,Hold,75.37093,75.45873,75.34898,75.37825,2522
2022-04-21 05:00:00,0,0.49581597492090224,0.5041840250790978,Hold,75.38557,75.83917,75.32704,75.80259,3031
2022-04-21 06:00:00,0,0.48914068757254586,0.5108593124274541,Hold,75.80259,75.9416,75.612366,75.78064,4973
2022-04-21 07:00:00,0,0.5413103925113004,0.4586896074886996,Sell,75.76601,76.32204,75.55384,76.10255,7193
2022-04-21 08:00:00,0,0.4933948968235565,0.5066051031764436,Hold,76.09524,76.168396,75.231926,75.56116,8776
2022-04-21 09:00:00,0,0.47968625203909704,0.520313747960903,Hold,75.56116,75.78064,75.18072,75.48799,5719
2022-04-21 10:00:00,0,0.45326290531594066,0.5467370946840593,Hold,75.47336,75.634315,75.13682,75.31241,5187
2022-04-21 11:00:00,0,0.5012538879716941,0.4987461120283059,Sell,75.30509,75.627,75.1734,75.43678,4945
2022-04-21 12:00:00,0,0.47513925780335137,0.5248607421966487,Hold,75.42215,75.627,74.829544,74.9027,9920
2022-04-21 13:00:00,1,0.5255662137603139,0.47443378623968613,Sell,74.91002,76.65126,74.77833,76.61468,30707
2022-04-21 14:00:00,1,0.5309951050838327,0.46900489491616726,Sell,76.61468,77.12681,75.89038,75.91233,27993
2022-04-21 15:00:00,1,0.53482775958421,0.46517224041579,Sell,75.91233,76.373245,75.568474,76.25619,22495
2022-04-21 16:00:00,0,0.5370905920725737,0.4629094079274263,Sell,76.25619,76.570786,75.07829,75.29046,17809
2022-04-21 17:00:00,0,0.550095941501792,0.449904058498208,Sell,75.30509,75.861115,75.02708,75.32704,15282
2022-04-21 18:00:00,1,0.4762208321090682,0.5237791678909318,Hold,75.33436,76.32204,74.785645,75.96355,22663
2022-04-21 19:00:00,1,0.46795276510848566,0.5320472348915144,Hold,75.95623,75.97817,75.43678,75.89038,6342
2022-04-21 20:00:00,1,0.47085458942141056,0.5291454105785894,Hold,75.89038,76.263504,75.86843,76.10986,3435
2022-04-21 22:00:00,1,0.4565714755984885,0.5434285244015116,Hold,76.13913,76.18303,75.73674,75.79527,1094
2022-04-21 23:00:00,1,0.4971305277292394,0.5028694722707606,Hold,75.79527,75.87575,75.612366,75.80259,819
2022-04-22 00:00:00,1,0.508195905600054,0.491804094399946,Sell,75.82454,76.24887,75.81722,75.94891,1898
2022-04-22 01:00:00,1,0.5201779220758539,0.4798220779241461,Sell,75.96355,75.97817,75.08561,75.3563,4802
2022-04-22 02:00:00,1,0.5186362618449749,0.4813637381550251,Sell,75.3563,75.56116,75.18072,75.209984,3727
2022-04-22 03:00:00,1,0.5639477259994323,0.4360522740005677,Sell,75.2173,75.29046,75.01976,75.1734,4189
2022-04-22 04:00:00,1,0.58747389789744,0.41252610210256,Sell,75.188034,75.231926,75.01976,75.15145,1942
2022-04-22 05:00:00,0,0.5914372030627285,0.4085627969372715,Sell,75.15145,75.28314,74.88075,75.08561,4325
2022-04-22 06:00:00,1,0.6454319561353014,0.35456804386469865,Sell,75.07098,75.43678,74.741745,75.32704,7001
2022-04-22 07:00:00,1,0.6349936062733936,0.36500639372660637,Sell,75.319725,75.722115,75.20267,75.68553,8485
2022-04-22 08:00:00,0,0.5688061482071689,0.4311938517928311,Sell,75.69285,75.7148,74.05403,74.55153,15959
2022-04-22 09:00:00,0,0.5462028505654904,0.45379714943450955,Sell,74.558846,74.93197,74.251564,74.66127,6355
2022-04-22 10:00:00,1,0.5510739204807718,0.44892607951922825,Sell,74.66859,74.917336,74.27351,74.81491,5829
2022-04-22 11:00:00,1,0.5864875445534016,0.4135124554465984,Sell,74.81491,75.209984,74.66859,74.961235,8595
2022-04-22 12:00:00,1,0.6084864310724294,0.3915135689275706,Sell,74.961235,75.38557,74.77833,75.22461,7034
2022-04-22 13:00:00,1,0.4823705829615444,0.5176294170384557,Hold,75.2173,75.297775,74.18572,74.97586,21657
2022-04-22 14:00:00,1,0.5180264030783025,0.4819735969216975,Sell,74.961235,75.275826,74.383255,74.48568,19337
2022-04-22 15:00:00,1,0.511048246811866,0.488951753188134,Sell,74.48568,74.95392,74.35399,74.536896,18589
2022-04-22 16:00:00,1,0.5336150332103003,0.46638496678969965,Sell,74.536896,75.15145,74.52958,74.807594,11868
2022-04-22 17:00:00,1,0.5511455193970665,0.44885448060293354,Sell,74.807594,74.895386,74.41984,74.763695,9540
2022-04-22 18:00:00,1,0.5208216537842352,0.4791783462157648,Sell,74.763695,74.807594,74.30278,74.44179,17525
2022-04-22 19:00:00,1,0.5539457146169079,0.4460542853830921,Sell,74.43447,74.57348,74.32473,74.35399,6332
2022-04-22 20:00:00,1,0.5360543899601617,0.46394561003983825,Sell,74.35399,74.47105,73.93697,74.44179,3685
2022-04-24 22:00:00,1,0.4638236576586134,0.5361763423413866,Hold,74.17109,74.29546,73.18341,73.57848,3768
2022-04-24 23:00:00,1,0.4721813412322616,0.5278186587677385,Hold,73.57848,73.73212,73.42484,73.5419,1095
2022-04-25 00:00:00,1,0.46152441362753055,0.5384755863724695,Hold,73.5419,73.80528,73.16878,73.35168,3576
2022-04-25 01:00:00,1,0.4459801084849962,0.5540198915150039,Hold,73.37363,73.37363,72.48837,72.6347,9249
2022-04-25 02:00:00,1,0.45077053496027625,0.5492294650397238,Hold,72.64201,72.751755,72.437164,72.53959,4258
2022-04-25 03:00:00,1,0.45709263797910044,0.5429073620208995,Hold,72.546906,72.68591,72.37863,72.546906,4759
2022-04-25 04:00:00,1,0.40915131942506006,0.59084868057494,Hold,72.53959,72.61275,72.28352,72.35668,3733
2022-04-25 05:00:00,1,0.4169814315387776,0.5830185684612224,Hold,72.364,72.78834,72.19573,72.4079,5728
2022-04-25 06:00:00,0,0.40083066041288196,0.599169339587118,Hold,72.393265,72.524956,71.632385,71.81529,11790
2022-04-25 07:00:00,0,0.37565441818478595,0.624345581815214,Hold,71.80066,72.10062,71.60312,71.60312,8889
2022-04-25 08:00:00,0,0.3577177366527678,0.6422822633472323,Hold,71.60312,71.6836,70.98856,71.03978,13958
2022-04-25 09:00:00,0,0.39975153345149983,0.6002484665485002,Hold,71.03978,71.60312,70.85687,71.52996,9655
2022-04-25 10:00:00,0,0.3434800886420889,0.6565199113579111,Hold,71.52996,71.71286,71.17147,71.51533,5549
2022-04-25 11:00:00,0,0.3190949125916763,0.6809050874083237,Hold,71.49338,71.85187,70.61544,70.86419,11828
2022-04-25 12:00:00,0,0.376271337743382,0.623728662256618,Hold,70.849556,71.50801,70.65934,71.23731,11028
2022-04-25 13:00:00,0,0.3141614826549317,0.6858385173450683,Hold,71.25926,71.500694,70.01552,70.90809,32278
2022-04-25 14:00:00,0,0.3200845298202144,0.6799154701797856,Hold,70.90077,71.03978,70.24963,70.32279,21384
2022-04-25 15:00:00,0,0.3157317266259373,0.6842682733740627,Hold,70.315475,70.57154,69.70824,70.205734,27422
2022-04-25 16:00:00,0,0.3448218447564419,0.655178155243558,Hold,70.21305,70.97393,70.03747,70.944664,16483
2022-04-25 17:00:00,0,0.35661442559237877,0.6433855744076212,Hold,70.937355,71.295845,70.66666,71.06173,14499
2022-04-25 18:00:00,0,0.3761047029960645,0.6238952970039355,Hold,71.06173,72.729805,70.79103,72.46642,27483
2022-04-25 19:00:00,0,0.3466504169813872,0.6533495830186128,Hold,72.45911,72.78102,72.20304,72.45911,5763
2022-04-25 20:00:00,0,0.3280802653723754,0.6719197346276247,Hold,72.45911,72.524956,72.00551,72.15183,2975
2022-04-25 22:00:00,0,0.3606378400794992,0.6393621599205008,Hold,72.166466,72.26889,71.93967,72.22499,1045
2022-04-25 23:00:00,0,0.3343364467444179,0.6656635532555821,Hold,72.239624,72.24694,72.04941,72.15183,332
2022-04-26 00:00:00,0,0.40057838683668906,0.599421613163311,Hold,72.15915,72.393265,72.07867,72.327415,2002
2022-04-26 01:00:00,0,0.4384503816388534,0.5615496183611466,Hold,72.33473,72.48837,71.8665,72.35668,4676
2022-04-26 02:00:00,0,0.5139686009094258,0.48603139909057425,Sell,72.371315,72.96392,72.29084,72.81029,3612
2022-04-26 03:00:00,0,0.491857436992,0.508142563008,Hold,72.82492,73.02977,72.729805,72.773705,3392
2022-04-26 04:00:00,0,0.5064702194307525,0.49352978056924746,Sell,72.773705,72.83223,72.67128,72.817604,1664
2022-04-26 05:00:00,0,0.49660101379182775,0.5033989862081722,Hold,72.81029,72.905396,72.6347,72.76639,2759
2022-04-26 06:00:00,0,0.45779215887888963,0.5422078411211104,Hold,72.751755,72.927345,72.188416,72.371315,5085
2022-04-26 07:00:00,0,0.4715891302099561,0.5284108697900439,Hold,72.37863,72.69323,71.46411,71.588486,8784
2022-04-26 08:00:00,0,0.4316662404005641,0.5683337595994359,Hold,71.5958,71.81529,71.3251,71.49338,11040
2022-04-26 09:00:00,0,0.46296678768218574,0.5370332123178143,Hold,71.500694,71.676285,71.01051,71.58117,7690
2022-04-26 10:00:00,0,0.44707739383902595,0.552922606160974,Hold,71.588486,72.47374,71.52996,72.393265,8383
2022-04-26 11:00:00,0,0.4385462290190682,0.5614537709809317,Hold,72.40058,72.81029,72.1372,72.598114,8652
2022-04-26 12:00:00,0,0.462263351756817,0.537736648243183,Hold,72.598114,73.30047,72.48837,72.707855,22953
2022-04-26 13:00:00,0,0.487953609763934,0.512046390236066,Hold,72.707855,73.48337,72.64201,72.91271,23161
2022-04-26 14:00:00,0,0.46274870718086614,0.5372512928191339,Hold,72.927345,73.41753,72.22499,73.12488,31365
2022-04-26 15:00:00,0,0.3854019672791594,0.6145980327208407,Hold,73.110245,74.39057,73.10293,74.11256,35684
2022-04-26 16:00:00,0,0.3918235450530404,0.6081764549469596,Hold,74.12719,74.785645,73.797966,74.21498,24133
2022-04-26 17:00:00,0,0.32881800850978266,0.6711819914902173,Hold,74.2223,75.19535,74.18572,74.92465,20628
2022-04-26 18:00:00,0,0.32004450565853776,0.6799554943414623,Hold,74.939285,74.9466,74.068665,74.24425,23077
2022-04-26 19:00:00,0,0.35112303005134665,0.6488769699486534,Hold,74.23693,74.80028,74.17109,74.68322,5835
2022-04-26 20:00:00,0,0.3039009393440533,0.6960990606559467,Hold,74.69054,74.939285,74.27351,74.41252,4285
2022-04-26 22:00:00,0,0.30473282940892005,0.69526717059108,Hold,74.449104,74.66127,74.383255,74.43447,747
2022-04-26 23:00:00,0,0.3605241418006088,0.6394758581993911,Hold,74.43447,74.6759,74.41984,74.632,696
2022-04-27 00:00:00,0,0.4252355447462946,0.5747644552537055,Hold,74.610054,75.144135,74.58811,74.99781,2609
2022-04-27 01:00:00,0,0.474910707900092,0.525089292099908,Hold,75.00513,75.34898,74.873436,75.11487,4758
2022-04-27 02:00:00,0,0.45183700461796056,0.5481629953820395,Hold,75.11487,75.15145,74.6759,74.99781,3040
2022-04-27 03:00:00,0,0.47105638991427334,0.5289436100857267,Hold,75.00513,75.04171,74.37594,74.50031,3626
2022-04-27 04:00:00,0,0.46450555345158934,0.5354944465484106,Hold,74.50763,74.62469,74.44179,74.55153,1411
2022-04-27 05:00:00,0,0.46291845375244023,0.5370815462475598,Hold,74.558846,74.75638,74.48568,74.63932,2304
2022-04-27 06:00:00,0,0.4815744370483559,0.5184255629516441,Hold,74.63932,75.15877,74.52958,75.1295,6152
2022-04-27 07:00:00,0,0.45705592459722666,0.5429440754027733,Hold,75.11487,75.26119,74.48568,74.50763,8889
2022-04-27 08:00:00,0,0.460783769279579,0.539216230720421,Hold,74.514946,74.98318,74.17109,74.9466,12571
2022-04-27 09:00:00,0,0.4293717072215476,0.5706282927784524,Hold,74.95392,75.07829,74.59542,74.95392,5915
2022-04-27 10:00:00,0,0.4332333707509405,0.5667666292490595,Hold,74.95392,75.07829,74.449104,74.58811,5821
2022-04-27 11:00:00,0,0.47580608938383395,0.524193910616166,Hold,74.58811,74.895386,74.33205,74.36862,5483
2022-04-27 12:00:00,0,0.5782055932053817,0.4217944067946183,Sell,74.35399,74.48568,73.55653,73.82723,13437
2022-04-27 13:00:00,0,0.5630274508948594,0.4369725491051406,Sell,73.83454,74.0833,73.01514,73.38826,25612
2022-04-27 14:00:00,0,0.43795976147495985,0.5620402385250401,Hold,73.38826,74.48568,73.198044,74.31741,32321
2022-04-27 15:00:00,0,0.538707377976944,0.461292622023056,Sell,74.3101,74.58811,73.56385,73.7248,22418
2022-04-27 16:00:00,0,0.5138455339095712,0.4861544660904288,Sell,73.73943,73.92966,73.41753,73.819916,12683
2022-04-27 17:00:00,0,0.43205140478137616,0.5679485952186238,Hold,73.819916,74.88075,73.490685,74.84417,14556
2022-04-27 18:00:00,0,0.42892874034151296,0.571071259658487,Hold,74.85149,74.9466,74.32473,74.47836,14627
2022-04-27 19:00:00,0,0.42036591492095227,0.5796340850790478,Hold,74.48568,74.82223,74.34667,74.719795,3651
2022-04-27 20:00:00,0,0.4487887565661188,0.5512112434338812,Hold,74.70517,74.81491,74.60274,74.69054,1737
2022-04-27 22:00:00,0,0.4466948523412718,0.5533051476587282,Hold,74.70517,74.719795,74.16377,74.52958,1219
2022-04-27 23:00:00,0,0.46407016912514204,0.5359298308748579,Hold,74.514946,74.57348,74.427155,74.493,324
2022-04-28 00:00:00,0,0.48611396681426855,0.5138860331857315,Hold,74.52958,74.70517,74.20767,74.558846,1636
2022-04-28 01:00:00,0,0.5034510536188427,0.4965489463811573,Sell,74.56616,74.580795,74.10524,74.19304,3070
2022-04-28 02:00:00,0,0.5207341572285459,0.4792658427714541,Sell,74.19304,74.251564,73.56385,73.59311,3864
2022-04-28 03:00:00,0,0.4985387575505591,0.5014612424494409,Hold,73.57848,73.8126,73.27852,73.56385,3408
2022-04-28 04:00:00,0,0.5198630374173702,0.48013696258262983,Sell,73.56385,73.70286,73.44679,73.68091,1604
2022-04-28 05:00:00,0,0.5166450644373709,0.4833549355626291,Sell,73.67359,73.75407,73.25657,73.54922,4110
2022-04-28 06:00:00,0,0.49682343628874964,0.5031765637112504,Hold,73.56385,74.25888,73.38826,74.20767,5005
2022-04-28 07:00:00,0,0.5095796554885464,0.49042034451145355,Sell,74.200356,74.84417,74.13451,74.75638,7357
2022-04-28 08:00:00,0,0.5452719879760588,0.4547280120239412,Sell,74.75638,75.3563,74.28083,75.231926,12544
2022-04-28 09:00:00,0,0.4723213880227683,0.5276786119772316,Hold,75.231926,75.39288,74.66859,74.80028,8490
2022-04-28 10:00:00,0,0.5825235142973083,0.4174764857026917,Sell,74.80028,74.98318,74.3101,74.33205,5415
2022-04-28 11:00:00,0,0.5495785889516529,0.4504214110483471,Sell,74.33205,74.427155,73.87844,73.92966,7304
2022-04-28 12:00:00,0,0.5426780921285991,0.4573219078714009,Sell,73.92234,74.75638,73.84186,74.43447,10485
2022-04-28 13:00:00,0,0.5063293647262695,0.49367063527373045,Sell,74.427155,75.01244,74.34667,74.99781,16554
2022-04-28 14:00:00,0,0.47566893144323713,0.5243310685567628,Hold,74.99781,76.17571,74.2223,76.02939,37682
2022-04-28 15:00:00,0,0.4285547793843979,0.5714452206156021,Hold,76.02939,76.35861,75.612366,75.97817,22948
2022-04-28 16:00:00,0,0.41132555849948754,0.5886744415005125,Hold,75.97817,76.797585,75.9416,76.27082,16648
2022-04-28 17:00:00,0,0.4229572643478124,0.5770427356521877,Hold,76.27082,76.8049,76.190346,76.5342,11403
2022-04-28 18:00:00,0,0.43937971036753914,0.5606202896324608,Hold,76.54152,77.31703,76.461044,77.178024,28268
2022-04-28 19:00:00,0,0.38703426230004084,0.6129657376999591,Hold,77.178024,77.2585,76.841484,77.19266,5550
2022-04-28 20:00:00,0,0.3624473190369631,0.637552680963037,Hold,77.19266,77.19266,76.82685,76.96586,1995
2022-04-28 22:00:00,0,0.41988706177105906,0.5801129382289409,Hold,76.94391,76.98049,76.753685,76.819534,887
2022-04-28 23:00:00,0,0.4410894570988213,0.5589105429011787,Hold,76.81222,76.907326,76.62931,76.82685,771
2022-04-29 00:00:00,0,0.4129523581087962,0.5870476418912038,Hold,76.8488,76.98049,76.54152,76.570786,2172
2022-04-29 01:00:00,0,0.37540481538307074,0.6245951846169293,Hold,76.570786,77.20729,76.48299,76.621994,5358
2022-04-29 02:00:00,0,0.4231304200751259,0.5768695799248741,Hold,76.62931,76.885376,76.54152,76.8488,3040
2022-04-29 03:00:00,0,0.4379499034613408,0.5620500965386592,Hold,76.86343,77.14876,76.81222,76.98049,3165
2022-04-29 04:00:00,0,0.4910347594055121,0.5089652405944879,Hold,76.99512,77.58773,76.973175,77.558464,5929
2022-04-29 05:00:00,0,0.4712376660312672,0.5287623339687328,Hold,77.558464,77.88769,77.45604,77.5731,6504
2022-04-29 06:00:00,0,0.4575535968234927,0.5424464031765073,Hold,77.56578,77.63894,77.221924,77.41946,6385
2022-04-29 07:00:00,0,0.5132638659905532,0.4867361340094468,Sell,77.41946,77.69747,76.98049,77.63894,7437
2022-04-29 08:00:00,0,0.5092896400326824,0.4907103599673176,Sell,77.65357,77.97549,77.14876,77.712105,8179
2022-04-29 09:00:00,0,0.5369264122395685,0.4630735877604315,Sell,77.72674,78.18765,77.690155,78.092545,7067
2022-04-29 10:00:00,0,0.4871639478490069,0.5128360521509931,Hold,78.092545,78.13644,77.65357,77.88769,5327
2022-04-29 11:00:00,0,0.4885422884601509,0.5114577115398491,Hold,77.873055,78.09986,77.646255,77.77795,5822
2022-04-29 12:00:00,0,0.4996400551253292,0.5003599448746707,Hold,77.77063,77.88769,77.514565,77.78526,9394
2022-04-29 13:00:00,0,0.5121879659517737,0.48781203404822626,Sell,77.78526,78.2096,77.69747,78.180336,18943
2022-04-29 14:00:00,1,0.5271021160822896,0.47289788391771037,Sell,78.1657,79.00706,78.1657,78.64857,25755
2022-04-29 15:00:00,1,0.5357214785981409,0.4642785214018591,Sell,78.6632,78.831474,77.734055,77.90964,18855
2022-04-29 16:00:00,1,0.5481239796607559,0.4518760203392441,Sell,77.916954,78.33398,77.756,78.15107,12582
2022-04-29 17:00:00,1,0.5628531662242142,0.4371468337757858,Sell,78.14375,78.385185,77.243866,77.28045,14136
2022-04-29 18:00:00,1,0.4132925389471544,0.5867074610528455,Hold,77.287766,77.31703,76.23424,76.47568,30035
2022-04-29 19:00:00,1,0.4587865248655486,0.5412134751344514,Hold,76.48299,76.49762,75.92696,76.28545,8217
2022-04-29 20:00:00,0,0.4571360423862102,0.5428639576137898,Hold,76.27814,76.4903,76.13913,76.168396,2395
2022-05-01 22:00:00,1,0.49723526999201045,0.5027647300079896,Hold,76.08792,76.8049,75.70748,76.43178,4146
2022-05-01 23:00:00,1,0.5376619457099554,0.4623380542900446,Sell,76.44641,76.93659,76.43178,76.592735,2106
2022-05-02 00:00:00,1,0.5048410368083918,0.49515896319160824,Sell,76.58542,76.70979,76.18303,76.592735,3723
2022-05-02 01:00:00,0,0.48412677620651334,0.5158732237934867,Hold,76.58542,76.66589,75.831856,75.91965,2457
2022-05-02 02:00:00,0,0.4843532790477871,0.5156467209522129,Hold,75.91965,75.97086,75.6709,75.905014,2693
2022-05-02 03:00:00,0,0.4986683502185489,0.5013316497814511,Hold,75.883064,76.15376,75.883064,76.036705,1430
2022-05-02 04:00:00,1,0.497260079233534,0.502739920766466,Hold,76.02939,76.11718,75.91233,76.07329,1041
2022-05-02 05:00:00,0,0.4993360511342836,0.5006639488657164,Hold,76.06597,76.08792,75.76601,76.014755,1704
2022-05-02 06:00:00,1,0.5166212161487321,0.48337878385126787,Sell,76.00744,76.263504,75.51726,76.08792,3779
2022-05-02 07:00:00,1,0.5160632088521975,0.4839367911478025,Sell,76.08792,76.65858,75.87575,76.07329,6398
2022-05-02 08:00:00,0,0.3856415811068617,0.6143584188931384,Hold,76.080605,76.17571,73.90771,74.58811,16550
2022-05-02 09:00:00,0,0.4015257515987265,0.5984742484012735,Hold,74.60274,74.65395,74.11256,74.3101,6374
2022-05-02 10:00:00,0,0.39125932811657316,0.6087406718834268,Hold,74.28815,74.61737,73.95161,74.27351,6901
2022-05-02 11:00:00,0,0.4226788822813451,0.5773211177186549,Hold,74.27351,74.536896,73.36631,73.76138,9773
2022-05-02 12:00:00,0,0.4044530417484824,0.5955469582515176,Hold,73.75407,74.12719,73.54922,73.688225,10042
2022-05-02 13:00:00,0,0.439073868265208,0.560926131734792,Hold,73.688225,74.50763,73.45411,74.06135,18410
2022-05-02 14:00:00,0,0.3991200739235037,0.6008799260764963,Hold,74.068665,74.93197,73.67359,74.12719,20233
2022-05-02 15:00:00,0,0.49075687913019855,0.5092431208698014,Hold,74.14182,76.761,74.024765,76.31472,26762
2022-05-02 16:00:00,0,0.529466578836125,0.470533421163875,Sell,76.32204,76.90001,76.22692,76.40983,14898
2022-05-02 17:00:00,0,0.5438904840322604,0.45610951596773963,Sell,76.417145,77.33898,76.32204,77.287766,12762
2022-05-02 18:00:00,0,0.5045183547613342,0.4954816452386658,Sell,77.287766,77.31703,76.43178,76.797585,18197
2022-05-02 19:00:00,0,0.49444471740879564,0.5055552825912044,Hold,76.819534,77.50725,76.78295,77.44141,5161
2022-05-02 20:00:00,0,0.4391804749694012,0.5608195250305987,Hold,77.41946,77.463356,76.78295,76.885376,2329
2022-05-02 22:00:00,0,0.4554643831031892,0.5445356168968107,Hold,76.87806,77.104866,76.761,77.00243,578
2022-05-02 23:00:00,0,0.43506385273515324,0.5649361472648468,Hold,77.00975,77.0317,76.86343,76.9878,400
2022-05-03 00:00:00,0,0.5459422181211788,0.4540577818788212,Sell,76.9878,77.40482,76.86343,77.40482,2155
2022-05-03 01:00:00,0,0.4676308043465351,0.5323691956534649,Hold,77.39019,77.40482,76.951225,77.09755,1494
2022-05-03 02:00:00,0,0.459781193699837,0.540218806300163,Hold,77.09023,77.22924,76.96586,77.112175,1541
2022-05-03 03:00:00,0,0.4838046976543891,0.516195302345611,Hold,77.112175,77.14876,76.60736,76.68784,2133
2022-05-03 04:00:00,0,0.4506813117042461,0.5493186882957539,Hold,76.68784,76.93659,76.621994,76.73905,1426
2022-05-03 05:00:00,0,0.5176577617233501,0.4823422382766499,Sell,76.72443,77.00243,76.65858,76.87806,1441
2022-05-03 06:00:00,0,0.47971092814167093,0.5202890718583291,Hold,76.89269,77.03902,76.395195,76.55615,3104
2022-05-03 07:00:00,0,0.4753809172492226,0.5246190827507774,Hold,76.55615,76.89269,76.19766,76.592735,7303
2022-05-03 08:00:00,0,0.47086619442575456,0.5291338055742454,Hold,76.592735,76.731735,75.656265,76.20498,11082
2022-05-03 09:00:00,0,0.4548208223207311,0.5451791776792689,Hold,76.212296,76.40251,75.83917,75.96355,5665
2022-05-03 10:00:00,0,0.44639729978253617,0.5536027002174638,Hold,75.95623,76.65858,75.6709,75.6709,8003
2022-05-03 11:00:00,0,0.4956562905743775,0.5043437094256225,Hold,75.6709,76.34399,75.59042,76.3074,6644
2022-05-03 12:00:00,0,0.45537001650782843,0.5446299834921715,Hold,76.31472,76.87806,75.809906,76.10255,12653
2022-05-03 13:00:00,0,0.46619835750581745,0.5338016424941825,Hold,76.10255,76.731735,75.166084,76.65126,20935
2022-05-03 14:00:00,0,0.457403992383712,0.542596007616288,Hold,76.68053,76.819534,76.10255,76.31472,17018
2022-05-03 15:00:00,0,0.4288284749755202,0.5711715250244798,Hold,76.3074,76.439095,75.39288,75.91965,20213
2022-05-03 16:00:00,0,0.46834816728580797,0.531651832714192,Hold,75.905014,76.036705,75.30509,75.75869,10264
2022-05-03 17:00:00,0,0.44136942461907835,0.5586305753809216,Hold,75.78064,75.80259,74.91002,75.31241,11027
2022-05-03 18:00:00,0,0.39697702993077605,0.603022970069224,Hold,75.30509,75.41483,74.69785,75.341675,17134
2022-05-03 19:00:00,0,0.4109266683127853,0.5890733316872148,Hold,75.341675,75.43678,75.06366,75.26851,3159
2022-05-03 20:00:00,0,0.4203821921792762,0.5796178078207238,Hold,75.29046,75.74406,74.9027,75.74406,3009
2022-05-03 22:00:00,0,0.4615746771387799,0.5384253228612201,Hold,75.722115,75.883064,75.57579,75.678215,1605
2022-05-03 23:00:00,0,0.45109371486077043,0.5489062851392296,Hold,75.700165,75.722115,75.627,75.68553,301
2022-05-04 00:00:00,0,0.4396809545521577,0.5603190454478423,Hold,75.69285,75.74406,75.3563,75.40752,2920
2022-05-04 01:00:00,0,0.4607834527764833,0.5392165472235166,Hold,75.4002,75.612366,75.319725,75.58311,1998
2022-05-04 02:00:00,0,0.48784311656308965,0.5121568834369103,Hold,75.59042,75.73674,75.55384,75.60505,1518
2022-05-04 03:00:00,0,0.5048846256486579,0.4951153743513421,Sell,75.612366,75.86843,75.60505,75.73674,1741
2022-05-04 04:00:00,0,0.46958501826867455,0.5304149817313255,Hold,75.74406,75.861115,75.6709,75.700165,919
2022-05-04 05:00:00,0,0.5298789765706877,0.4701210234293123,Sell,75.7148,75.95623,75.678215,75.89038,1931
2022-05-04 06:00:00,0,0.5264252121384063,0.4735747878615937,Sell,75.8977,76.570786,75.831856,76.42446,5369
2022-05-04 07:00:00,0,0.5855122481985481,0.4144877518014519,Sell,76.42446,77.21461,76.417145,76.93659,8960
2022-05-04 08:00:00,0,0.5909665165344623,0.4090334834655377,Sell,76.94391,77.88037,76.87806,77.514565,12482
2022-05-04 09:00:00,0,0.5593230569919532,0.44067694300804683,Sell,77.52188,77.72674,77.22924,77.60968,6478
2022-05-04 10:00:00,0,0.5947271517462044,0.4052728482537956,Sell,77.61699,77.99743,77.45604,77.66089,7824
2022-05-04 11:00:00,0,0.6302427293762721,0.3697572706237279,Sell,77.66089,78.35593,77.624306,78.11449,8952
2022-05-04 12:00:00,0,0.5691740758446564,0.4308259241553436,Sell,78.11449,78.44372,77.52188,78.06328,16258
2022-05-04 13:00:00,0,0.5917545002687975,0.4082454997312025,Sell,78.070595,78.582726,77.624306,77.690155,21772
2022-05-04 14:00:00,0,0.5552643632626469,0.44473563673735306,Sell,77.70479,77.93159,77.29508,77.7999,19513
2022-05-04 15:00:00,0,0.5497545761181245,0.4502454238818755,Sell,77.79258,77.90964,77.29508,77.734055,18081
2022-05-04 16:00:00,0,0.5219920104039147,0.47800798959608526,Sell,77.712105,78.451035,77.58773,78.31934,14293
2022-05-04 17:00:00,0,0.5133298672610231,0.48667013273897686,Sell,78.32666,79.116806,78.32666,78.897316,18929
2022-05-04 18:00:00,0,0.5174457587350342,0.4825542412649658,Sell,78.90463,79.46066,78.48762,79.22655,24181
2022-05-04 19:00:00,0,0.4462963626528913,0.5537036373471087,Hold,79.21923,79.255806,78.81684,78.95585,5766
2022-05-04 20:00:00,0,0.4857633305603719,0.5142366694396281,Hold,78.97048,79.05827,78.62662,78.68515,2666
2022-05-04 22:00:00,0,0.5578387891568557,0.4421612108431443,Sell,78.7071,78.99974,78.64125,78.985115,875
2022-05-04 23:00:00,0,0.5911484300946884,0.4088515699053116,Sell,78.97048,79.189964,78.94853,79.146065,1200
2022-05-05 00:00:00,0,0.5394630531370901,0.4605369468629099,Sell,79.146065,79.35092,78.90463,79.255806,1935
2022-05-05 01:00:00,0,0.5003024443575776,0.49969755564242235,Sell,79.26312,79.69478,78.87537,78.92658,5147
2022-05-05 02:00:00,0,0.5101668201725976,0.4898331798274024,Sell,78.92658,79.146065,78.809525,79.05827,3169
2022-05-05 03:00:00,0,0.5181231931847697,0.48187680681523026,Sell,79.05096,79.233864,78.9778,79.02169,1831
2022-05-05 04:00:00,0,0.5440227799869001,0.4559772200130999,Sell,79.03632,79.189964,78.985115,79.10949,1104
2022-05-05 05:00:00,0,0.6203555835541231,0.3796444164458769,Sell,79.10217,79.548454,79.08754,79.48261,2577
2022-05-05 06:00:00,0,0.5714418809090525,0.42855811909094754,Sell,79.475296,79.745995,79.18265,79.24849,3580
2022-05-05 07:00:00,0,0.5565582907752478,0.44344170922475223,Sell,79.24849,79.32897,78.78026,78.9778,6018
2022-05-05 08:00:00,0,0.52598061424705,0.47401938575295,Sell,78.9778,79.211914,78.538826,78.69247,8464
2022-05-05 09:00:00,0,0.5867989502661705,0.41320104973382954,Sell,78.69247,79.10217,78.64857,78.99243,4101
2022-05-05 10:00:00,0,0.6034151587231122,0.39658484127688776,Sell,78.94853,79.38018,78.83879,79.08754,4873
2022-05-05 11:00:00,0,0.691979002359744,0.30802099764025603,Sell,79.08022,80.03132,78.941216,79.99474,8967
2022-05-05 12:00:00,0,0.675937587842504,0.324062412157496,Sell,79.99474,80.214226,79.73136,79.95816,11071
2022-05-05 13:00:00,1,0.6669650516324048,0.3330349483675952,Sell,79.96548,81.47992,79.702095,80.90194,36439
2022-05-05 14:00:00,0,0.5804693105280168,0.41953068947198324,Sell,80.89462,81.223854,78.919266,79.37287,34319
2022-05-05 15:00:00,0,0.5148845399173517,0.4851154600826483,Sell,79.365555,79.65088,77.88037,78.23887,27277
2022-05-05 16:00:00,0,0.5584227637556517,0.4415772362443483,Sell,78.23155,78.62662,78.026695,78.57541,13957
2022-05-05 17:00:00,0,0.6008022982348844,0.3991977017651156,Sell,78.582726,79.15338,78.4364,79.06559,12155
2022-05-05 18:00:00,0,0.5663065227045847,0.4336934772954153,Sell,79.09486,79.475296,78.95585,79.211914,16653
2022-05-05 19:00:00,0,0.5847651552805491,0.41523484471945094,Sell,79.21923,79.40945,79.02901,79.189964,4376
2022-05-05 20:00:00,0,0.5924773606845741,0.40752263931542587,Sell,79.18265,79.497246,79.168015,79.46066,1357
2022-05-05 22:00:00,0,0.5707903143263208,0.42920968567367923,Sell,79.526505,79.82647,79.38018,79.67283,912
2022-05-05 23:00:00,0,0.4979299629853682,0.5020700370146318,Hold,79.68746,79.73868,79.46798,79.548454,428
2022-05-06 00:00:00,0,0.590868336142175,0.40913166385782496,Sell,79.51919,79.6143,78.83879,79.01437,2475
2022-05-06 01:00:00,0,0.6377326072022272,0.36226739279777276,Sell,79.02169,79.497246,78.45835,79.46798,5693
2022-05-06 02:00:00,0,0.6373185675627536,0.3626814324372464,Sell,79.46798,79.78989,79.30702,79.70941,2751
2022-05-06 03:00:00,0,0.6193119612665527,0.38068803873344725,Sell,79.70941,79.91426,79.56309,79.680145,2126
2022-05-06 04:00:00,0,0.6369643501580536,0.36303564984194636,Sell,79.680145,79.78989,79.42408,79.475296,1730
2022-05-06 05:00:00,0,0.6681130823303382,0.33188691766966183,Sell,79.475296,79.67283,79.29239,79.44603,2284
2022-05-06 06:00:00,0,0.673255774178393,0.326744225821607,Sell,79.43871,80.16301,79.42408,79.73868,4133
2022-05-06 07:00:00,0,0.6323473122764055,0.3676526877235945,Sell,79.73868,79.97279,79.124115,79.39481,5412
2022-05-06 08:00:00,0,0.6852447774614995,0.3147552225385005,Sell,79.41676,80.645874,79.26312,80.43371,8917
2022-05-06 09:00:00,1,0.6804684430395371,0.31953155696046287,Sell,80.441025,81.07021,80.35323,81.03363,6423
2022-05-06 10:00:00,1,0.6091033304013981,0.3908966695986019,Sell,81.04095,81.09948,80.75562,80.953156,5476
2022-05-06 11:00:00,0,0.6291381618853843,0.3708618381146157,Sell,80.93852,81.03363,80.31665,80.33128,6263
2022-05-06 12:00:00,0,0.5893917801069439,0.41060821989305607,Sell,80.34592,80.77025,79.84842,79.97279,10584
2022-05-06 13:00:00,0,0.6018444656005401,0.39815553439945994,Sell,79.98743,80.45566,79.343605,79.43871,21354
2022-05-06 14:00:00,1,0.6633417302999578,0.3366582697000422,Sell,79.45335,80.975105,79.18265,80.80683,23122
2022-05-06 15:00:00,1,0.6416326591124641,0.35836734088753586,Sell,80.7922,81.34091,80.63125,80.98974,21143
2022-05-06 16:00:00,1,0.6169248122164929,0.38307518778350713,Sell,80.98974,81.28238,80.550766,80.77025,12080
2022-05-06 17:00:00,0,0.5659891938910443,0.4340108061089557,Sell,80.78488,81.09948,79.928894,80.11912,12283
2022-05-06 18:00:00,1,0.5723426035302389,0.4276573964697611,Sell,80.11912,80.8361,79.73868,80.68977,19951
2022-05-06 19:00:00,1,0.5878737166413904,0.41212628335860957,Sell,80.68246,80.96047,80.572716,80.88,4725
2022-05-06 20:00:00,1,0.6017097868942501,0.39829021310574986,Sell,80.865364,80.953156,80.594666,80.92389,2157
2022-05-08 22:00:00,0,0.5799506252174403,0.42004937478255966,Sell,80.7922,80.8361,79.76062,79.81184,3644
2022-05-08 23:00:00,0,0.5791261769009076,0.4208738230990924,Sell,79.81184,80.00206,79.59967,79.86305,1817
2022-05-09 00:00:00,0,0.5439473414273743,0.45605265857262567,Sell,79.86305,79.98743,79.658195,79.680145,1737
2022-05-09 01:00:00,0,0.5666414429989801,0.4333585570010199,Sell,79.680145,80.126434,78.97048,79.99474,8165
2022-05-09 02:00:00,1,0.608452881587162,0.39154711841283796,Sell,80.00206,80.616615,79.81184,80.49956,4709
2022-05-09 03:00:00,1,0.6183977088043306,0.38160229119566935,Sell,80.51418,80.7922,80.27275,80.40444,4035
2022-05-09 04:00:00,1,0.572001680393587,0.427998319606413,Sell,80.41176,80.47761,80.265434,80.33128,1334
2022-05-09 05:00:00,1,0.5495945459889673,0.4504054540110327,Sell,80.33128,80.65319,79.95816,80.00937,3848
2022-05-09 06:00:00,1,0.49115833684290955,0.5088416631570905,Hold,80.00206,80.14838,79.55577,79.57772,4270
2022-05-09 07:00:00,1,0.5229310148648892,0.47706898513511076,Sell,79.570404,79.78257,79.05827,79.64356,8451
2022-05-09 08:00:00,1,0.4684251475580289,0.5315748524419711,Hold,79.65088,79.95816,79.10217,79.365555,9107
2022-05-09 09:00:00,1,0.4614077963640524,0.5385922036359476,Hold,79.38018,79.51919,78.32666,78.787575,11149
2022-05-09 10:00:00,0,0.461711931642405,0.538288068357595,Hold,78.78026,78.97048,78.07791,78.36324,8963
2022-05-09 11:00:00,0,0.4378964684612144,0.5621035315387857,Hold,78.37055,78.55346,77.74136,78.08523,9670
2022-05-09 12:00:00,1,0.4489880988439048,0.5510119011560952,Hold,78.07791,78.72173,77.93159,78.42177,11093
2022-05-09 13:00:00,1,0.355727200087486,0.644272799912514,Hold,78.41445,79.18265,77.76331,78.03401,24904
2022-05-09 14:00:00,1,0.3576097959684918,0.6423902040315081,Hold,78.03401,78.36324,76.33667,76.58542,32445
2022-05-09 15:00:00,1,0.31507893642195606,0.6849210635780439,Hold,76.5781,76.99512,75.51726,76.241554,31734
2022-05-09 16:00:00,1,0.37875240909717467,0.6212475909028253,Hold,76.24887,76.67321,75.700165,75.75869,17083
2022-05-09 17:00:00,0,0.36293435613543035,0.6370656438645697,Hold,75.75869,75.96355,75.09292,75.36362,18049
2022-05-09 18:00:00,0,0.3317969922630309,0.6682030077369692,Hold,75.34898,75.74406,74.95392,75.188034,27016
2022-05-09 19:00:00,0,0.3087883468705774,0.6912116531294226,Hold,75.188034,75.39288,74.719795,74.9027,7385
2022-05-09 20:00:00,0,0.32494698460654897,0.6750530153934511,Hold,74.88807,75.209984,74.81491,74.88075,2535
2022-05-09 22:00:00,0,0.3382705977267477,0.6617294022732523,Hold,75.100235,75.634315,75.01976,75.100235,1495
2022-05-09 23:00:00,0,0.33444160313662336,0.6655583968633767,Hold,75.09292,75.28314,74.939285,75.18072,1137
2022-05-10 00:00:00,0,0.3449274354351887,0.6550725645648112,Hold,75.20267,75.30509,74.57348,74.9027,3944
2022-05-10 01:00:00,0,0.39492734919799777,0.6050726508020022,Hold,74.91002,74.91002,73.48337,74.01013,10662
2022-05-10 02:00:00,0,0.4196952188444457,0.5803047811555543,Hold,74.0394,74.83686,73.980865,74.12719,5857
2022-05-10 03:00:00,0,0.45968095856360497,0.540319041436395,Hold,74.11987,74.47105,73.86381,74.41252,3192
2022-05-10 04:00:00,0,0.4250148843855535,0.5749851156144465,Hold,74.405205,74.60274,74.33205,74.55153,1701
2022-05-10 05:00:00,0,0.3954395478325503,0.6045604521674497,Hold,74.55153,75.144135,74.361305,74.39057,4777
2022-05-10 06:00:00,0,0.4242981171929823,0.5757018828070177,Hold,74.405205,75.19535,74.405205,75.01244,4667
2022-05-10 07:00:00,1,0.3831548495232925,0.6168451504767075,Hold,75.01976,75.79527,75.00513,75.74406,7696
2022-05-10 08:00:00,1,0.3392894983104957,0.6607105016895043,Hold,75.74406,76.20498,75.60505,75.87575,9325
2022-05-10 09:00:00,0,0.388292011684835,0.611707988315165,Hold,75.89038,76.00744,74.13451,74.17109,11938
2022-05-10 10:00:00,0,0.3973837330894372,0.6026162669105628,Hold,74.17109,74.36862,73.68091,74.17109,9312
2022-05-10 11:00:00,0,0.4340100058954879,0.5659899941045121,Hold,74.18572,75.100235,73.95161,74.65395,8728
2022-05-10 12:00:00,1,0.4476360785896516,0.5523639214103484,Hold,74.64664,75.83917,74.33205,75.568474,13703
2022-05-10 13:00:00,0,0.4156732491045391,0.5843267508954608,Hold,75.57579,75.8538,74.514946,75.08561,27695
2022-05-10 14:00:00,0,0.39026833506904207,0.6097316649309579,Hold,75.08561,75.68553,74.17109,74.6759,27504
2022-05-10 15:00:00,0,0.34155470169692714,0.6584452983030729,Hold,74.66127,74.79296,72.5908,73.19073,36749
2022-05-10 16:00:00,0,0.3220010733648935,0.6779989266351065,Hold,73.19073,73.75407,72.598114,72.72249,22385
2022-05-10 17:00:00,0,0.365853779771687,0.634146220228313,Hold,72.707855,73.8126,72.327415,73.67359,21551
2022-05-10 18:00:00,0,0.3130308971647504,0.6869691028352496,Hold,73.68091,73.71017,72.6786,73.16878,22096
2022-05-10 19:00:00,0,0.33218315674905974,0.6678168432509403,Hold,73.176094,73.34436,72.751755,72.817604,4464
2022-05-10 20:00:00,0,0.34423695310340874,0.6557630468965913,Hold,72.817604,73.25657,72.51764,72.74444,2772
2022-05-10 22:00:00,0,0.3546199366949434,0.6453800633050566,Hold,72.42985,72.795654,72.42985,72.6347,1138
2022-05-10 23:00:00,0,0.3404978272040517,0.6595021727959482,Hold,72.6347,72.73712,71.84455,72.31279,1883
2022-05-11 00:00:00,0,0.35500067218656056,0.6449993278134394,Hold,72.349365,72.82492,72.15915,72.32011,3123
2022-05-11 01:00:00,0,0.3993251394748831,0.6006748605251169,Hold,72.30547,74.01013,72.30547,73.96623,6936
2022-05-11 02:00:00,0,0.3849428514805358,0.6150571485194642,Hold,73.95892,74.41984,73.78333,74.39789,4589
2022-05-11 03:00:00,0,0.35484055901152506,0.6451594409884749,Hold,74.383255,74.493,74.11987,74.2662,2320
2022-05-11 04:00:00,0,0.30619911244921433,0.6938008875507857,Hold,74.25888,74.34667,74.178406,74.31741,830
2022-05-11 05:00:00,0,0.34737711531004645,0.6526228846899536,Hold,74.32473,75.09292,74.32473,74.580795,5365
2022-05-11 06:00:00,0,0.3472906537724538,0.6527093462275462,Hold,74.558846,75.1295,74.55153,74.58811,4375
2022-05-11 07:00:00,0,0.38773223221389014,0.6122677677861099,Hold,74.60274,74.77101,74.21498,74.63932,5419
2022-05-11 08:00:00,0,0.3874326158097623,0.6125673841902377,Hold,74.63932,75.612366,74.59542,75.50994,11873
2022-05-11 09:00:00,0,0.3493442230828962,0.6506557769171037,Hold,75.524574,75.60505,74.968544,75.36362,6944
2022-05-11 10:00:00,0,0.3557756186984175,0.6442243813015824,Hold,75.36362,75.656265,75.04903,75.51726,6772
2022-05-11 11:00:00,0,0.339486441117862,0.660513558882138,Hold,75.524574,76.25619,75.341675,75.87575,9273
2022-05-11 12:00:00,0,0.3159544962312425,0.6840455037687575,Hold,75.87575,76.02207,74.50031,75.07098,19539
2022-05-11 13:00:00,0,0.30870568912087726,0.6912943108791227,Hold,75.06366,77.178024,74.99049,76.61468,35297
2022-05-11 14:00:00,0,0.2843956101067692,0.7156043898932307,Hold,76.60736,77.29508,76.00012,76.91464,30967
2022-05-11 15:00:00,0,0.32960523088008337,0.6703947691199166,Hold,76.92196,77.14144,76.38788,76.98049,17761
2022-05-11 16:00:00,0,0.34404446812076994,0.6559555318792301,Hold,76.9878,77.80721,76.885376,77.47067,19227
2022-05-11 17:00:00,0,0.3054553557455296,0.6945446442544704,Hold,77.47067,77.873055,76.65858,77.18534,15827
2022-05-11 18:00:00,0,0.33683152340335903,0.663168476596641,Hold,77.19266,77.41214,76.92196,77.04633,19636
2022-05-11 19:00:00,0,0.2964271431054119,0.703572856894588,Hold,77.04633,77.18534,76.78295,76.91464,4015
2022-05-11 20:00:00,0,0.3249981808850818,0.6750018191149182,Hold,76.90001,77.32435,76.83417,77.25118,1923
2022-05-11 22:00:00,0,0.3371183301566411,0.6628816698433588,Hold,77.28045,77.50725,77.18534,77.33898,671
2022-05-11 23:00:00,0,0.3150615357298113,0.6849384642701887,Hold,77.309715,77.492615,77.20729,77.37556,659
2022-05-12 00:00:00,0,0.3563694009188251,0.6436305990811749,Hold,77.37556,77.74868,76.83417,77.19266,4985
2022-05-12 01:00:00,0,0.34271292976754375,0.6572870702324562,Hold,77.199974,77.32435,76.68784,76.929276,3964
2022-05-12 02:00:00,0,0.3596332743762127,0.6403667256237873,Hold,76.94391,76.94391,76.241554,76.4903,4399
2022-05-12 03:00:00,0,0.37206216251453406,0.6279378374854659,Hold,76.48299,76.60005,76.24887,76.461044,2385
2022-05-12 04:00:00,0,0.3698078762834449,0.6301921237165551,Hold,76.461044,76.50494,76.3074,76.3513,1075
2022-05-12 05:00:00,0,0.37897189336313974,0.6210281066368603,Hold,76.3513,76.45373,75.700165,76.395195,5965
2022-05-12 06:00:00,0,0.35948968975851625,0.6405103102414837,Hold,76.38056,76.592735,75.96355,76.23424,4704
2022-05-12 07:00:00,0,0.3608190498663277,0.6391809501336723,Hold,76.22692,76.241554,75.10755,75.81722,9509
2022-05-12 08:00:00,0,0.33972774235467507,0.6602722576453249,Hold,75.83917,75.91233,75.231926,75.40752,7274
2022-05-12 09:00:00,0,0.3620452482762284,0.6379547517237716,Hold,75.42215,76.263504,75.31241,76.058655,7601
2022-05-12 10:00:00,0,0.33808184204898273,0.6619181579510173,Hold,76.04402,76.417145,75.83917,76.3513,6897
2022-05-12 11:00:00,0,0.31715781038681573,0.6828421896131842,Hold,76.34399,76.731735,75.87575,76.080605,9277
2022-05-12 12:00:00,0,0.3211188161202075,0.6788811838797926,Hold,76.07329,76.46836,75.700165,76.13181,11397
2022-05-12 13:00:00,0,0.3528392011596908,0.6471607988403092,Hold,76.11718,77.734055,76.08792,77.40482,27153
2022-05-12 14:00:00,0,0.3508098234074012,0.6491901765925988,Hold,77.41946,78.39982,77.0317,78.29739,24032
2022-05-12 15:00:00,0,0.35995735895808295,0.6400426410419171,Hold,78.29008,78.55346,77.55115,77.668205,16312
2022-05-12 16:00:00,0,0.3497004814669969,0.6502995185330032,Hold,77.65357,78.29739,77.353615,77.63894,12142
2022-05-12 17:00:00,0,0.36095269073896014,0.6390473092610398,Hold,77.61699,77.70479,76.98049,77.199974,14576
2022-05-12 18:00:00,0,0.39120101202382446,0.6087989879761755,Hold,77.20729,78.026695,76.87806,77.78526,15800
2022-05-12 19:00:00,0,0.3911846241904114,0.6088153758095887,Hold,77.77795,78.23887,77.624306,78.21692,3774
2022-05-12 20:00:00,0,0.3201772586115172,0.6798227413884828,Hold,78.2096,78.21692,78.004745,78.01206,1600
2022-05-12 22:00:00,0,0.3332762056360758,0.6667237943639241,Hold,78.026695,78.19497,77.88037,78.08523,791
2022-05-12 23:00:00,0,0.4219421899715171,0.5780578100284829,Hold,78.06328,78.31934,78.01938,78.29739,597
2022-05-13 00:00:00,0,0.4638848296393114,0.5361151703606886,Hold,78.29739,78.65588,78.09986,78.62662,2718
2022-05-13 01:00:00,0,0.445140654636369,0.554859345363631,Hold,78.633934,79.10949,78.42177,78.451035,5657
2022-05-13 02:00:00,0,0.4446741786077178,0.5553258213922823,Hold,78.46567,78.7071,78.275444,78.37055,2752
2022-05-13 03:00:00,0,0.5214188784716205,0.4785811215283795,Sell,78.36324,78.919266,78.31203,78.81684,2868
2022-05-13 04:00:00,0,0.5392906485171285,0.4607093514828715,Sell,78.81684,79.10217,78.743675,79.01437,2959
2022-05-13 05:00:00,0,0.4919527510205242,0.5080472489794758,Hold,79.01437,79.05096,78.59736,78.67783,2598
2022-05-13 06:00:00,0,0.4979945413235722,0.5020054586764278,Hold,78.67783,78.73637,78.13644,78.17302,3194
2022-05-13 07:00:00,0,0.48882356217052814,0.5111764378294719,Hold,78.1657,78.538826,77.916954,78.202286,5769
2022-05-13 08:00:00,0,0.5102423225289093,0.48975767747109067,Sell,78.21692,78.39982,77.76331,78.1218,6351
2022-05-13 09:00:00,0,0.5858800545791479,0.41411994542085206,Sell,78.11449,78.853424,78.048645,78.809525,4981
2022-05-13 10:00:00,0,0.5712816113722194,0.42871838862778056,Sell,78.809525,79.35092,78.67783,79.116806,5881
2022-05-13 11:00:00,0,0.5233699191686056,0.47663008083139435,Sell,79.10949,79.19728,78.80221,78.809525,3683
2022-05-13 12:00:00,0,0.6170543315467284,0.3829456684532716,Sell,78.809525,79.76794,78.80221,79.724045,8669
2022-05-13 13:00:00,0,0.5614900735370265,0.4385099264629735,Sell,79.724045,80.07522,79.2046,79.33629,22480
2022-05-13 14:00:00,0,0.6083057385718236,0.3916942614281764,Sell,79.33629,80.45566,79.233864,80.38981,23131
2022-05-13 15:00:00,0,0.5870817786466592,0.4129182213533408,Sell,80.397125,80.63125,80.104485,80.50687,14611
2022-05-13 16:00:00,0,0.5773330694428878,0.42266693055711224,Sell,80.50687,80.91657,80.3386,80.72636,10346
2022-05-13 17:00:00,0,0.5654356078869955,0.43456439211300446,Sell,80.73367,80.85073,80.265434,80.58003,9275
2022-05-13 18:00:00,0,0.5667598029040389,0.43324019709596107,Sell,80.58003,80.94584,80.287384,80.72636,14830
2022-05-13 19:00:00,0,0.5071226116481449,0.49287738835185513,Sell,80.72636,80.7922,80.50687,80.77025,3497
2022-05-13 20:00:00,0,0.5091364212189936,0.4908635787810064,Sell,80.75562,80.8361,80.49224,80.594666,1767
2022-05-15 22:00:00,0,0.5624833511037443,0.43751664889625574,Sell,81.19459,81.62624,80.8361,81.43602,4913
2022-05-15 23:00:00,0,0.5159700029550589,0.4840299970449411,Sell,81.42139,81.55308,81.223854,81.487236,1233
2022-05-16 00:00:00,0,0.5075572739653709,0.49244272603462913,Sell,81.49455,81.72867,80.88,81.1068,3315
2022-05-16 01:00:00,0,0.5070785015227948,0.49292149847720523,Sell,81.11411,81.49455,80.13374,80.19959,6882
2022-05-16 02:00:00,0,0.46308459841387856,0.5369154015861215,Hold,80.17764,80.20691,79.62162,79.86305,5594
2022-05-16 03:00:00,0,0.4602148574237811,0.5397851425762189,Hold,79.86305,79.97279,79.41676,79.702095,3206
2022-05-16 04:00:00,0,0.4791596043953056,0.5208403956046944,Hold,79.702095,79.80452,79.18265,79.233864,2760
2022-05-16 05:00:00,0,0.47910579482722737,0.5208942051727726,Hold,79.24118,79.87037,79.09486,79.78989,4212
2022-05-16 06:00:00,0,0.4877716040907854,0.5122283959092147,Hold,79.78257,80.17033,79.548454,80.082535,3832
2022-05-16 07:00:00,0,0.48264564738189253,0.5173543526181075,Hold,80.082535,80.55808,79.80452,79.84842,6371
2022-05-16 08:00:00,0,0.49826105249740776,0.5017389475025922,Hold,79.84842,80.484924,79.58504,80.3386,7915
2022-05-16 09:00:00,0,0.5195428133875662,0.48045718661243375,Sell,80.35323,80.85073,80.30933,80.3386,6343
2022-05-16 10:00:00,0,0.5261755834867263,0.47382441651327367,Sell,80.35323,80.63856,79.92158,79.93621,4914
2022-05-16 11:00:00,0,0.5396726535633839,0.4603273464366161,Sell,79.93621,80.28007,79.6143,80.192276,6829
2022-05-16 12:00:00,0,0.5640607135104752,0.43593928648952485,Sell,80.192276,80.77025,79.95816,80.65319,9586
2022-05-16 13:00:00,0,0.540724394810547,0.459275605189453,Sell,80.65319,81.11411,80.397125,80.88,19899
2022-05-16 14:00:00,0,0.655186729276547,0.344813270723453,Sell,80.865364,81.918884,80.78488,81.54576,18514
2022-05-16 15:00:00,0,0.6490027810344242,0.3509972189655758,Sell,81.538445,82.35054,81.245804,82.26275,17106
2022-05-16 16:00:00,0,0.6054565578131449,0.3945434421868551,Sell,82.27006,82.943146,82.26275,82.92851,12203
2022-05-16 17:00:00,0,0.552994127275078,0.447005872724922,Sell,82.92851,83.879616,82.811455,83.5577,18253
2022-05-16 18:00:00,0,0.5567702131105456,0.44322978688945436,Sell,83.550385,84.062515,83.03825,83.07484,17137
2022-05-16 19:00:00,0,0.5419068776380034,0.4580931223619966,Sell,83.08215,83.616234,83.008995,83.6016,4690
2022-05-16 20:00:00,0,0.535134234460371,0.464865765539629,Sell,83.6016,83.6016,83.20653,83.323586,1820
2022-05-16 22:00:00,0,0.5421950197201332,0.4578049802798668,Sell,83.30895,83.54307,83.148,83.51381,889
2022-05-16 23:00:00,0,0.5208080769228741,0.4791919230771259,Sell,83.49186,83.725975,83.3309,83.43333,1078
2022-05-17 00:00:00,0,0.39591247851390704,0.604087521486093,Hold,83.45528,83.660126,83.12605,83.46991,2067
2022-05-17 01:00:00,0,0.3879296268853279,0.6120703731146722,Hold,83.47723,84.12105,83.24311,83.60892,5179
2022-05-17 02:00:00,0,0.3881359649817509,0.6118640350182492,Hold,83.616234,83.68939,83.03094,83.17726,2790
2022-05-17 03:00:00,0,0.3658369213608483,0.6341630786391517,Hold,83.15531,83.43333,83.08947,83.148,2329
2022-05-17 04:00:00,0,0.377801361676691,0.622198638323309,Hold,83.140686,83.367485,83.12605,83.25043,803
2022-05-17 05:00:00,0,0.4311817647732002,0.5688182352267999,Hold,83.235794,83.57965,83.0602,83.5577,1778
2022-05-17 06:00:00,0,0.4205925277508879,0.579407472249112,Hold,83.550385,83.67476,83.16263,83.5577,2905
2022-05-17 07:00:00,0,0.40118523433812225,0.5988147656618777,Hold,83.56502,83.660126,83.12605,83.36017,4264
2022-05-17 08:00:00,0,0.4361706496081631,0.5638293503918369,Hold,83.3748,84.00399,83.27238,83.80645,6403
2022-05-17 09:00:00,1,0.47397559896968205,0.5260244010303179,Hold,83.82108,84.25274,83.62355,84.062515,5747
2022-05-17 10:00:00,1,0.4479418821674669,0.5520581178325331,Hold,84.062515,84.45027,83.83572,84.12105,6067
2022-05-17 11:00:00,1,0.46386123153447884,0.5361387684655212,Hold,84.11373,84.54538,83.89425,84.36248,5318
2022-05-17 12:00:00,0,0.42450439481585356,0.5754956051841464,Hold,84.34785,84.39906,83.22116,83.74061,16630
2022-05-17 13:00:00,1,0.42566959098008983,0.5743304090199102,Hold,83.75524,84.442955,83.44064,84.3698,17035
2022-05-17 14:00:00,1,0.3668936273131625,0.6331063726868376,Hold,84.37711,84.51612,83.89425,84.02594,12778
2022-05-17 15:00:00,0,0.37943297370978596,0.6205670262902141,Hold,84.01862,84.143,82.97973,83.213844,16634
2022-05-17 16:00:00,0,0.34890700062722674,0.6510929993727732,Hold,83.213844,83.704025,82.54807,83.41869,14628
2022-05-17 17:00:00,0,0.3311670788861589,0.6688329211138411,Hold,83.41869,83.71866,83.11874,83.41869,8986
2022-05-17 18:00:00,0,0.30669884521554164,0.6933011547844583,Hold,83.44064,83.53575,82.05789,82.29201,25663
2022-05-17 19:00:00,0,0.27827632723207446,0.7217236727679255,Hold,82.30664,82.37981,81.757935,82.072525,3448
2022-05-17 20:00:00,0,0.3466114891133591,0.6533885108866408,Hold,82.08716,83.15531,81.81646,83.15531,3417
2022-05-17 22:00:00,0,0.38337489423840354,0.6166251057615965,Hold,83.15531,83.6016,83.09679,83.49186,711
2022-05-17 23:00:00,0,0.3769359906428483,0.6230640093571518,Hold,83.47723,83.528435,83.11142,83.26506,319
2022-05-18 00:00:00,0,0.3461954575283,0.6538045424717001,Hold,83.27238,83.80645,83.12605,83.301636,979
2022-05-18 01:00:00,0,0.33679293352988154,0.6632070664701184,Hold,83.33822,83.56502,82.64319,82.89925,1591
2022-05-18 02:00:00,0,0.35139214700460564,0.6486078529953944,Hold,82.90656,83.20653,82.61392,83.03825,995
2022-05-18 03:00:00,0,0.36538112892954044,0.6346188710704596,Hold,83.0602,83.140686,82.82609,82.89194,617
2022-05-18 04:00:00,0,0.3386226299209327,0.6613773700790673,Hold,82.89925,82.99436,82.6944,82.7383,299
2022-05-18 05:00:00,0,0.4155330637635623,0.5844669362364376,Hold,82.72366,83.39675,82.72366,83.31627,814
2022-05-18 06:00:00,0,0.37338180011333894,0.6266181998866611,Hold,83.301636,83.323586,82.53344,82.73098,1700
2022-05-18 07:00:00,0,0.46368322006806967,0.5363167799319304,Hold,82.70171,83.67476,82.70171,83.63087,1868
2022-05-18 08:00:00,0,0.4568221553084691,0.543177844691531,Hold,83.6455,83.91619,83.49186,83.63818,2510
2022-05-18 09:00:00,0,0.5065263519589535,0.49347364804104654,Sell,83.6455,83.71866,83.18458,83.31627,2044
2022-05-18 10:00:00,0,0.465501818893736,0.534498181106264,Hold,83.29432,83.550385,82.99436,83.11874,1323
2022-05-18 11:00:00,1,0.5478251332115464,0.45217486678845364,Sell,83.140686,84.04788,83.03825,84.040565,2139
2022-05-18 12:00:00,1,0.5598994987008917,0.44010050129910827,Sell,84.02594,84.442955,83.49186,83.550385,3218
2022-05-18 13:00:00,0,0.41837481752704203,0.5816251824729579,Hold,83.550385,83.769875,82.14568,82.23348,6014
2022-05-18 14:00:00,1,0.33339234249808564,0.6666076575019144,Hold,82.21885,83.07484,81.1068,81.39944,8770
2022-05-18 15:00:00,1,0.2994945255796687,0.7005054744203313,Hold,81.41407,81.58966,80.36055,80.78488,4809
2022-05-18 16:00:00,1,0.27827729648784116,0.7217227035121588,Hold,80.72636,81.00437,80.16301,80.54345,2799
2022-05-18 17:00:00,0,0.30414884818983207,0.695851151810168,Hold,80.54345,80.6093,79.833786,80.024,2442
2022-05-18 18:00:00,0,0.31242729424758336,0.6875727057524166,Hold,80.038635,80.35323,79.35092,79.6143,4870
2022-05-18 19:00:00,0,0.28841437394001673,0.7115856260599833,Hold,79.59967,80.11912,79.54114,79.95816,1196
2022-05-18 20:00:00,0,0.3412625597022828,0.6587374402977172,Hold,79.97279,80.00206,79.60699,79.91426,381
2022-05-18 22:00:00,0,0.3264440274848872,0.6735559725151128,Hold,79.81184,80.082535,79.78257,79.884995,117
2022-05-18 23:00:00,0,0.33569399555297735,0.6643060044470226,Hold,79.86305,79.86305,78.71442,79.09486,154
2022-05-19 00:00:00,0,0.35001781314350056,0.6499821868564994,Hold,79.05827,79.95816,79.05827,79.94353,196
2022-05-19 01:00:00,1,0.32664810847701786,0.6733518915229821,Hold,80.060585,80.72636,80.024,80.60198,160
2022-05-19 02:00:00,1,0.3199056624160491,0.6800943375839509,Hold,80.63125,80.92389,80.42639,80.74099,175
2022-05-19 03:00:00,1,0.3387789720132547,0.6612210279867453,Hold,80.77025,81.136055,80.572716,80.843414,129
2022-05-19 04:00:00,1,0.36678505453738997,0.63321494546261,Hold,80.82878,81.05558,80.82878,80.909256,119
2022-05-19 05:00:00,1,0.39056762680167045,0.6094323731983295,Hold,80.865364,80.865364,80.37518,80.419075,194
2022-05-19 06:00:00,1,0.39182588842188215,0.6081741115781178,Hold,80.484924,80.843414,80.35323,80.62393,83
2022-05-19 07:00:00,1,0.3842397019760551,0.6157602980239449,Hold,80.58735,80.88,79.8411,80.30933,233
2022-05-19 08:00:00,0,0.35265799555064814,0.6473420044493519,Hold,80.36787,80.37518,79.124115,79.22655,610
2022-05-19 09:00:00,0,0.35096697459901127,0.6490330254009887,Hold,79.299706,79.44603,78.12912,78.18765,592
2022-05-19 10:00:00,0,0.3288746568160902,0.6711253431839098,Hold,78.1657,79.22655,78.06328,79.05096,621
2022-05-19 11:00:00,0,0.30186898408116414,0.6981310159188359,Hold,79.01437,79.31434,78.65588,78.89,315
2022-05-19 12:00:00,0,0.3009805225755842,0.6990194774244158,Hold,78.86806,79.255806,76.91464,76.929276,610
2022-05-19 13:00:00,0,0.3333617401569919,0.6666382598430081,Hold,76.98049,79.69478,76.98049,78.787575,1250
2022-05-19 14:00:00,0,0.326793926739647,0.673206073260353,Hold,78.831474,80.09717,78.68515,79.84842,662
2022-05-19 15:00:00,0,0.3041865109117829,0.695813489088217,Hold,79.745995,80.96047,79.745995,80.462975,772
2022-05-19 16:00:00,0,0.3088667301276669,0.6911332698723331,Hold,80.50687,80.85073,80.17764,80.36055,694
2022-05-19 17:00:00,0,0.3582314306954107,0.6417685693045894,Hold,80.484924,81.604294,80.462975,81.52381,429
2022-05-19 18:00:00,0,0.4115960031104956,0.5884039968895044,Hold,81.648186,82.27006,81.52381,82.26275,684
2022-05-19 19:00:00,0,0.3011899245053458,0.6988100754946542,Hold,82.28469,82.39443,81.4726,81.53113,173
2022-05-19 20:00:00,0,0.3386146084479847,0.6613853915520154,Hold,81.47992,81.68477,81.4287,81.68477,70
2022-05-19 22:00:00,0,0.3944758620715111,0.6055241379284889,Hold,81.538445,81.538445,81.53113,81.53113,2
2022-05-20 00:00:00,0,0.4005405744445709,0.5994594255554291,Hold,81.53113,81.71787,81.38174,81.41161,2467
2022-05-20 01:00:00,0,0.42195242625069496,0.578047573749305,Hold,81.42656,81.99425,81.13524,81.702934,5692
2022-05-20 02:00:00,0,0.41379036358259275,0.5862096364174072,Hold,81.695465,81.702934,80.769226,81.06055,5458
2022-05-20 03:00:00,0,0.4065486734504325,0.5934513265495676,Hold,81.068016,81.27716,80.94103,81.05307,2080
2022-05-20 04:00:00,0,0.4492823452644758,0.5507176547355241,Hold,81.0456,81.44897,81.0456,81.396675,1257
2022-05-20 05:00:00,0,0.4310375226471092,0.5689624773528907,Hold,81.41161,81.82992,81.18006,81.471375,2972
2022-05-20 06:00:00,0,0.4511030037792122,0.5488969962207878,Hold,81.48631,81.80004,81.25475,81.53113,2928
2022-05-20 07:00:00,0,0.47347689163578816,0.5265231083642119,Hold,81.53113,81.94943,81.35186,81.86726,5218
2022-05-20 08:00:00,0,0.46445482336774646,0.5355451766322535,Hold,81.8822,82.19593,81.48631,81.927025,8185
2022-05-20 09:00:00,0,0.43320690056034783,0.5667930994396522,Hold,81.934494,82.04654,81.66558,81.80751,4977
2022-05-20 10:00:00,0,0.46355071105691453,0.5364492889430854,Hold,81.80004,82.33785,81.777626,82.23328,6163
2022-05-20 11:00:00,0,0.48919906814044883,0.5108009318595512,Hold,82.240746,82.45737,82.10629,82.36026,5764
2022-05-20 12:00:00,0,0.4369226653822967,0.5630773346177034,Hold,82.36773,82.53207,81.859795,81.88967,7759
2022-05-20 13:00:00,0,0.47992544157930056,0.5200745584206994,Hold,81.87473,82.90555,81.47884,82.472305,24770
2022-05-20 14:00:00,0,0.43602617627774753,0.5639738237222525,Hold,82.479774,82.629166,81.852325,82.15858,16343
2022-05-20 15:00:00,0,0.4851007811210234,0.5148992188789766,Hold,82.17352,82.68893,81.94943,82.315445,15021
2022-05-20 16:00:00,0,0.44605785363053085,0.5539421463694691,Hold,82.322914,82.33785,81.56101,82.009186,15878
2022-05-20 17:00:00,0,0.4473218594820866,0.5526781405179134,Hold,82.009186,82.8906,81.22488,82.88313,18524
2022-05-20 18:00:00,0,0.39611992771263854,0.6038800722873614,Hold,82.88313,82.942894,82.06148,82.50965,18319
2022-05-20 19:00:00,0,0.3783769614894751,0.6216230385105249,Hold,82.50218,82.68146,82.27062,82.68146,3718
2022-05-20 20:00:00,0,0.35587671740585675,0.6441232825941432,Hold,82.66652,82.82338,82.315445,82.42749,2976
2022-05-22 22:00:00,0,0.31921898490601147,0.6807810150939886,Hold,82.58435,82.59182,81.80004,81.9569,1913
2022-05-22 23:00:00,0,0.3398704960548605,0.6601295039451395,Hold,81.97184,82.49471,81.94196,82.41255,1277
2022-05-23 00:00:00,0,0.3368456245062708,0.6631543754937292,Hold,82.405075,82.66652,82.23328,82.57688,1976
2022-05-23 01:00:00,0,0.36840950021499297,0.631590499785007,Hold,82.56941,83.06241,82.49471,82.74121,6086
2022-05-23 02:00:00,0,0.3846562104358426,0.6153437895641574,Hold,82.75615,82.85326,82.56194,82.7188,3262
2022-05-23 03:00:00,0,0.3981787375132028,0.6018212624867971,Hold,82.711334,82.91302,82.65905,82.76362,2004
2022-05-23 04:00:00,0,0.3644209459029897,0.6355790540970103,Hold,82.77109,82.89807,82.74121,82.77109,845
2022-05-23 05:00:00,0,0.4259112726899061,0.5740887273100939,Hold,82.77109,83.20433,82.65157,83.099754,3962
2022-05-23 06:00:00,0,0.40444499529362,0.59555500470638,Hold,83.10722,83.20433,82.78603,82.927956,5164
2022-05-23 07:00:00,0,0.4737712280666846,0.5262287719333154,Hold,82.927956,83.2865,82.860725,83.27903,4754
2022-05-23 08:00:00,0,0.42598804137188784,0.5740119586281122,Hold,83.27156,83.36866,82.45737,82.81591,9311
2022-05-23 09:00:00,0,0.5100674890961197,0.48993251090388035,Sell,82.83085,83.51806,82.703865,83.3836,6514
2022-05-23 10:00:00,0,0.47076029955187937,0.5292397004481206,Hold,83.3836,83.6301,83.12963,83.37613,3901
2022-05-23 11:00:00,0,0.4409983466858605,0.5590016533141395,Hold,83.36866,83.49564,82.90555,82.942894,5212
2022-05-23 12:00:00,0,0.4375446742562333,0.5624553257437668,Hold,82.95036,83.35372,82.85326,82.927956,8608
2022-05-23 13:00:00,0,0.3957939155601114,0.6042060844398887,Hold,82.927956,83.084816,82.05401,82.52459,19850
2022-05-23 14:00:00,0,0.3451208616301186,0.6548791383698813,Hold,82.52459,82.52459,81.53113,81.89714,24104
2022-05-23 15:00:00,0,0.41455598672678223,0.5854440132732177,Hold,81.89714,82.76362,81.8822,82.44243,13773
2022-05-23 16:00:00,0,0.36746137464796097,0.6325386253520391,Hold,82.45737,82.82338,81.98678,82.10629,8371
2022-05-23 17:00:00,0,0.3678519462891167,0.6321480537108832,Hold,82.1287,82.30051,81.87473,82.10629,7992
2022-05-23 18:00:00,0,0.4150392201367174,0.5849607798632825,Hold,82.09882,82.59929,81.934494,82.41255,11923
2022-05-23 19:00:00,0,0.40345930125774304,0.596540698742257,Hold,82.42002,82.703865,82.255684,82.56194,3516
2022-05-23 20:00:00,0,0.41200144677547684,0.5879985532245231,Hold,82.56941,82.73374,82.472305,82.60676,2088
2022-05-23 22:00:00,0,0.350347268520162,0.6496527314798379,Hold,82.472305,82.56941,82.016655,82.024124,1364
2022-05-23 23:00:00,0,0.31551071823337357,0.6844892817666264,Hold,82.03159,82.03906,81.67306,81.94943,1461
2022-05-24 00:00:00,0,0.355713481792913,0.6442865182070869,Hold,81.94196,82.15858,81.60583,82.024124,2441
2022-05-24 01:00:00,0,0.33766712448810177,0.6623328755118982,Hold,82.016655,82.17352,81.54607,81.792564,5803
2022-05-24 02:00:00,0,0.31881385162256126,0.6811861483774387,Hold,81.81498,82.03159,81.687996,81.934494,2241
2022-05-24 03:00:00,0,0.3447215353698779,0.6552784646301222,Hold,81.919556,82.1287,81.88967,81.94943,1632
2022-05-24 04:00:00,0,0.33978476100251676,0.6602152389974832,Hold,81.96437,81.98678,81.792564,81.80004,1005
2022-05-24 05:00:00,0,0.3599460413651207,0.6400539586348792,Hold,81.80004,81.97184,81.35186,81.463905,3681
2022-05-24 06:00:00,0,0.3579120758106793,0.6420879241893207,Hold,81.463905,81.48631,81.12777,81.32945,4365
2022-05-24 07:00:00,0,0.3734861449636333,0.6265138550363667,Hold,81.32198,81.792564,81.20247,81.777626,5213
2022-05-24 08:00:00,0,0.3831185291618508,0.6168814708381491,Hold,81.77016,82.33038,81.71787,82.05401,8904
2022-05-24 09:00:00,0,0.3781357741827634,0.6218642258172367,Hold,82.05401,82.36026,81.934494,82.12123,5409
2022-05-24 10:00:00,0,0.4419837880731746,0.5580162119268254,Hold,82.11376,82.7188,81.89714,82.65905,7160
2022-05-24 11:00:00,0,0.4199674823298853,0.5800325176701147,Hold,82.65905,82.82338,82.50218,82.636635,5927
2022-05-24 12:00:00,0,0.42787781215887005,0.57212218784113,Hold,82.644104,82.87566,82.33785,82.6217,7952
2022-05-24 13:00:00,0,0.41446095487519047,0.5855390451248095,Hold,82.629166,83.23421,82.09882,82.91302,23277
2022-05-24 14:00:00,0,0.43428407459899104,0.5657159254010089,Hold,82.92049,83.04747,82.17352,82.629166,18660
2022-05-24 15:00:00,0,0.41370220409652075,0.5862977959034792,Hold,82.6217,82.72627,81.66558,82.091354,20797
2022-05-24 16:00:00,0,0.3908557130089442,0.6091442869910557,Hold,82.076416,82.21834,81.65064,82.04654,11600
2022-05-24 17:00:00,0,0.4109904214528554,0.5890095785471445,Hold,82.04654,82.06148,81.5386,82.024124,9434
2022-05-24 18:00:00,0,0.454119934106623,0.545880065893377,Hold,82.04654,82.39014,81.50125,82.307976,15475
2022-05-24 19:00:00,0,0.40640456951217113,0.5935954304878288,Hold,82.29304,82.464836,82.10629,82.26315,3195
2022-05-24 20:00:00,0,0.42698011610104636,0.5730198838989536,Hold,82.27062,82.472305,81.919556,82.36026,2418
2022-05-24 22:00:00,0,0.4297636130088218,0.5702363869911782,Hold,82.45737,82.66652,82.27062,82.547005,1368
2022-05-24 23:00:00,0,0.4622557895551402,0.5377442104448598,Hold,82.547005,82.87566,82.53207,82.60676,988
2022-05-25 00:00:00,0,0.44712684049316054,0.5528731595068395,Hold,82.6217,82.629166,82.39014,82.51712,1917
2022-05-25 01:00:00,0,0.48918527902749137,0.5108147209725087,Hold,82.50218,82.95036,82.3752,82.927956,3242
2022-05-25 02:00:00,0,0.4643330805696338,0.5356669194303663,Hold,82.92049,83.04,82.711334,82.942894,2851
2022-05-25 03:00:00,0,0.4858096309114609,0.5141903690885391,Hold,82.92049,83.04747,82.84579,82.942894,1959
2022-05-25 04:00:00,0,0.48090353123594315,0.5190964687640569,Hold,82.95783,83.02506,82.935425,82.99518,677
2022-05-25 05:00:00,0,0.4625038824454659,0.5374961175545341,Hold,82.99518,83.05494,82.53207,82.68146,2609
2022-05-25 06:00:00,0,0.44383448533968123,0.5561655146603188,Hold,82.65905,82.91302,82.35279,82.78603,3888
2022-05-25 07:00:00,0,0.4385080585170851,0.5614919414829149,Hold,82.7935,82.97277,82.56941,82.78603,4645
2022-05-25 08:00:00,0,0.5248833467494897,0.47511665325051033,Sell,82.7935,83.00265,82.66652,82.85326,6677
2022-05-25 09:00:00,0,0.5164310421874583,0.4835689578125417,Sell,82.85326,83.42095,82.68146,83.2118,7601
2022-05-25 10:00:00,0,0.48626885004721526,0.5137311499527848,Hold,83.2118,83.30891,82.95036,83.05494,3612
2022-05-25 11:00:00,0,0.49026440665046644,0.5097355933495336,Hold,83.05494,83.15205,82.77109,82.99518,4422
2022-05-25 12:00:00,0,0.4998847450256183,0.5001152549743817,Hold,82.99518,83.12963,82.81591,83.05494,5792
2022-05-25 13:00:00,0,0.4785283067757949,0.5214716932242052,Hold,83.05494,83.05494,82.33038,82.56941,16901
2022-05-25 14:00:00,0,0.4301792171700213,0.5698207828299787,Hold,82.57688,82.9653,82.15111,82.248215,17396
2022-05-25 15:00:00,0,0.4415870195614843,0.5584129804385157,Hold,82.255684,82.38267,81.59089,81.68053,20838
2022-05-25 16:00:00,0,0.4268542110137708,0.5731457889862293,Hold,81.687996,82.405075,81.60583,82.27809,10160
2022-05-25 17:00:00,0,0.42037701732371635,0.5796229826762836,Hold,82.27062,82.36026,81.97931,82.2034,7506
2022-05-25 18:00:00,0,0.4593216345599406,0.5406783654400594,Hold,82.19593,82.65905,82.18099,82.56194,11603
2022-05-25 19:00:00,0,0.4831860644921861,0.5168139355078138,Hold,82.554474,82.78603,82.52459,82.778564,3389
2022-05-25 20:00:00,0,0.49076430243606994,0.5092356975639301,Hold,82.778564,82.83085,82.6217,82.7188,1608
2022-05-25 22:00:00,0,0.4676415255021329,0.5323584744978671,Hold,82.68146,82.87566,82.629166,82.7935,824
2022-05-25 23:00:00,0,0.4137100695471045,0.5862899304528955,Hold,82.80097,82.83832,82.68893,82.68893,358
2022-05-26 00:00:00,0,0.4426946636611929,0.5573053363388071,Hold,82.703865,83.05494,82.696396,82.91302,1925
2022-05-26 01:00:00,0,0.37118790193597584,0.6288120980640242,Hold,82.91302,82.91302,82.36773,82.405075,3275
2022-05-26 02:00:00,0,0.46330676699647166,0.5366932330035283,Hold,82.397606,82.935425,82.39014,82.8906,3273
2022-05-26 03:00:00,0,0.45506349616589126,0.5449365038341087,Hold,82.89807,82.9653,82.74868,82.85326,1805
2022-05-26 04:00:00,0,0.43483404809916737,0.5651659519008326,Hold,82.87566,82.90555,82.74868,82.76362,875
2022-05-26 05:00:00,0,0.44363186431455254,0.5563681356854475,Hold,82.778564,82.935425,82.636635,82.78603,2406
2022-05-26 06:00:00,0,0.471348664469407,0.5286513355305931,Hold,82.80844,82.90555,82.53207,82.85326,2659
2022-05-26 07:00:00,0,0.45997629191812195,0.540023708081878,Hold,82.84579,83.1371,82.65905,83.084816,4841
2022-05-26 08:00:00,0,0.4801407234785895,0.5198592765214105,Hold,83.092285,83.12963,82.81591,82.860725,4416
2022-05-26 09:00:00,0,0.48582940870053654,0.5141705912994634,Hold,82.868195,83.264084,82.868195,83.14457,4255
2022-05-26 10:00:00,0,0.5049460816653859,0.4950539183346141,Sell,83.14457,83.24168,83.04747,83.159515,3235
2022-05-26 11:00:00,0,0.49768544709378604,0.502314552906214,Hold,83.159515,83.18939,82.935425,83.07735,2787
2022-05-26 12:00:00,0,0.46326111550948,0.53673888449052,Hold,83.06988,83.092285,82.7188,83.04,6407
2022-05-26 13:00:00,0,0.4472138063932309,0.5527861936067691,Hold,83.04747,84.45176,82.85326,84.25008,31825
2022-05-26 14:00:00,0,0.4637127611013508,0.5362872388986493,Hold,84.26502,85.333176,84.2202,85.251015,29735
2022-05-26 15:00:00,0,0.4501275823522023,0.5498724176477977,Hold,85.251015,85.51245,85.0568,85.400406,18152
2022-05-26 16:00:00,0,0.37728158531723954,0.6227184146827605,Hold,85.400406,85.77389,85.2286,85.258484,12876
2022-05-26 17:00:00,0,0.3720153011048039,0.627984698895196,Hold,85.26595,85.45269,85.07921,85.407875,8731
2022-05-26 18:00:00,0,0.3122449986768346,0.6877550013231655,Hold,85.400406,85.70666,85.07174,85.29583,15141
2022-05-26 19:00:00,0,0.3090986293385835,0.6909013706614164,Hold,85.28836,85.28836,84.9821,85.08668,5598
2022-05-26 20:00:00,0,0.3257916586373582,0.6742083413626418,Hold,85.09415,85.407875,84.9821,85.348114,1943
2022-05-26 22:00:00,0,0.3115755146325586,0.6884244853674414,Hold,85.3033,85.43028,85.168846,85.243546,1005
2022-05-26 23:00:00,0,0.31582824445112473,0.6841717555488753,Hold,85.243546,85.38547,85.183784,85.183784,726
2022-05-27 00:00:00,0,0.4123765889334992,0.5876234110665008,Hold,85.183784,85.27342,85.019455,85.08668,2303
2022-05-27 01:00:00,0,0.4629181321524739,0.5370818678475261,Hold,85.09415,85.70666,84.952225,85.38547,5768
2022-05-27 02:00:00,0,0.4577469857688215,0.5422530142311786,Hold,85.38547,85.42281,85.07921,85.168846,2666
2022-05-27 03:00:00,0,0.4467343597022881,0.5532656402977119,Hold,85.176315,85.38547,85.11656,85.243546,1575
2022-05-27 04:00:00,0,0.4573492249090973,0.5426507750909026,Hold,85.243546,85.378,85.243546,85.333176,803
2022-05-27 05:00:00,0,0.45766442350973824,0.5423355764902618,Hold,85.31077,85.38547,85.06427,85.09415,2329
2022-05-27 06:00:00,0,0.4559363968319307,0.5440636031680692,Hold,85.09415,85.19872,84.91488,85.03439,3651
2022-05-27 07:00:00,0,0.5076047891110994,0.4923952108889006,Sell,85.019455,85.42281,84.86259,85.31824,5804
2022-05-27 08:00:00,0,0.5168952700836871,0.4831047299163129,Sell,85.32571,85.646904,85.176315,85.415344,7305
2022-05-27 09:00:00,0,0.49567990534824763,0.5043200946517523,Hold,85.42281,85.8934,85.400406,85.415344,9016
2022-05-27 10:00:00,0,0.5132477664277144,0.4867522335722856,Sell,85.42281,85.43775,84.51899,84.959694,12186
2022-05-27 11:00:00,0,0.47918952125740233,0.5208104787425977,Hold,84.96716,84.98957,84.54887,84.77296,6322
2022-05-27 12:00:00,0,0.4984774821055503,0.5015225178944497,Hold,84.780426,85.026924,84.2949,85.011986,12124
2022-05-27 13:00:00,0,0.5387631143373741,0.4612368856626259,Sell,85.019455,85.43028,84.787895,85.251015,17014
2022-05-27 14:00:00,0,0.4796402723425988,0.5203597276574012,Hold,85.251015,85.44522,84.89247,84.93729,13153
2022-05-27 15:00:00,0,0.5324422571738319,0.46755774282616813,Sell,84.92982,85.572205,84.58621,85.52739,17142
2022-05-27 16:00:00,0,0.5097524236879,0.49024757631210003,Sell,85.51992,86.04279,85.44522,85.5498,14964
2022-05-27 17:00:00,0,0.5259476270692016,0.4740523729307984,Sell,85.564735,85.796295,85.340645,85.71413,7492
2022-05-27 18:00:00,0,0.5426252620014517,0.45737473799854833,Sell,85.70666,86.12496,85.55727,85.81123,14572
2022-05-27 19:00:00,0,0.5490602125460067,0.4509397874539933,Sell,85.8187,86.05026,85.76642,86.027855,2840
2022-05-27 20:00:00,0,0.45530659324723616,0.5446934067527638,Hold,86.020386,86.0652,85.87846,85.953156,2079
2022-05-29 22:00:00,0,0.47700904715555814,0.5229909528444419,Hold,85.870995,86.22954,85.796295,86.11002,1452
2022-05-29 23:00:00,0,0.49176678498020926,0.5082332150197908,Hold,86.09508,86.50591,86.09508,86.34905,1217
2022-05-30 00:00:00,0,0.5333248883068296,0.46667511169317044,Sell,86.34905,86.50591,86.22207,86.423744,1890
2022-05-30 01:00:00,0,0.5613355229441744,0.43866447705582556,Sell,86.416275,86.722534,86.266884,86.62543,4939
2022-05-30 02:00:00,0,0.5973387184466481,0.4026612815533519,Sell,86.60302,86.93915,86.54326,86.81963,3338
2022-05-30 03:00:00,0,0.5777898710085191,0.4222101289914809,Sell,86.812164,86.93168,86.573135,86.640366,2644
2022-05-30 04:00:00,0,0.5753111791081372,0.4246888208918628,Sell,86.640366,86.78976,86.61796,86.67024,933
2022-05-30 05:00:00,0,0.5458084859358647,0.45419151406413527,Sell,86.67771,86.84205,86.45362,86.58808,2970
2022-05-30 06:00:00,0,0.5690966894104857,0.43090331058951425,Sell,86.60302,86.76735,86.3864,86.483505,3053
2022-05-30 07:00:00,0,0.5849371042585718,0.4150628957414282,Sell,86.490974,86.56567,86.22954,86.56567,3817
2022-05-30 08:00:00,0,0.5954493189663352,0.40455068103366476,Sell,86.573135,86.812164,86.192184,86.29676,6304
2022-05-30 09:00:00,0,0.5872790033174228,0.4127209966825772,Sell,86.29676,86.52085,86.22954,86.33411,3569
2022-05-30 10:00:00,0,0.5806630372849702,0.41933696271502985,Sell,86.33411,86.44615,86.192184,86.43868,2867
2022-05-30 11:00:00,0,0.5746704808544778,0.4253295191455222,Sell,86.43121,86.647835,86.3117,86.52085,3988
2022-05-30 12:00:00,0,0.5438299802242871,0.4561700197757129,Sell,86.52085,86.61796,86.40134,86.51338,3398
2022-05-30 13:00:00,0,0.5548154214037836,0.4451845785962164,Sell,86.49844,86.61796,86.266884,86.54326,6489
2022-05-30 14:00:00,0,0.6047961416544605,0.3952038583455395,Sell,86.55073,86.77482,86.34905,86.490974,6571
2022-05-30 15:00:00,0,0.6385914048976338,0.3614085951023662,Sell,86.49844,86.92421,86.483505,86.81963,8038
2022-05-30 16:00:00,0,0.6377174542367605,0.3622825457632395,Sell,86.804695,87.52925,86.69265,87.45456,5524
2022-05-30 17:00:00,0,0.6337074904903827,0.36629250950961734,Sell,87.45456,87.54419,87.223,87.45456,3132
2022-05-30 18:00:00,0,0.6176479237481354,0.3823520762518646,Sell,87.43961,87.656235,87.40227,87.52178,833
2022-05-30 22:00:00,0,0.6067158592529687,0.39328414074703133,Sell,87.813095,87.9102,87.3948,87.7384,3325
2022-05-30 23:00:00,0,0.635385581519575,0.364614418480425,Sell,87.723465,88.00731,87.656235,87.85045,1433
2022-05-31 00:00:00,0,0.5990133583925262,0.40098664160747377,Sell,87.84298,88.07454,87.499374,87.57407,7619
2022-05-31 01:00:00,0,0.6052971239852474,0.3947028760147526,Sell,87.58901,88.00731,87.31263,87.92514,5214
2022-05-31 02:00:00,0,0.6088686374084512,0.3911313625915488,Sell,87.92514,88.276215,87.74587,88.20152,3882
2022-05-31 03:00:00,0,0.6025910814468999,0.3974089185531001,Sell,88.22393,88.35838,88.09695,88.350914,2905
2022-05-31 04:00:00,0,0.6280497680118051,0.3719502319881949,Sell,88.343445,88.79162,88.2314,88.78415,4803
2022-05-31 05:00:00,0,0.584866356621967,0.41513364337803305,Sell,88.79162,88.86632,88.492836,88.739334,4131
2022-05-31 06:00:00,0,0.6246977220224931,0.3753022779775069,Sell,88.7468,89.20245,88.739334,88.881256,9130
2022-05-31 07:00:00,0,0.600809160220234,0.399190839779766,Sell,88.87379,89.045586,88.492836,89.00824,9344
2022-05-31 08:00:00,0,0.6189758009138757,0.3810241990861243,Sell,89.00824,89.20992,88.75427,88.93355,10866
2022-05-31 09:00:00,0,0.6218746130789262,0.3781253869210738,Sell,88.94102,89.02318,88.268745,88.9933,9690
2022-05-31 10:00:00,0,0.637780331279582,0.362219668720418,Sell,88.98583,89.02318,88.52271,88.59741,5033
2022-05-31 11:00:00,0,0.6405897283119781,0.35941027168802187,Sell,88.58994,88.86632,88.29862,88.71693,9446
2022-05-31 12:00:00,0,0.6526678090364143,0.3473321909635857,Sell,88.70946,89.2398,88.41814,89.01571,12728
2022-05-31 13:00:00,1,0.6503250931000855,0.34967490689991454,Sell,89.02318,89.62075,88.4779,88.69452,27442
2022-05-31 14:00:00,1,0.591535535816323,0.408464464183677,Sell,88.67958,88.739334,87.68611,87.79816,25672
2022-05-31 15:00:00,0,0.5082674061606811,0.4917325938393189,Sell,87.805626,87.955025,86.98397,87.30516,32580
2022-05-31 16:00:00,1,0.49526181349323783,0.5047381865067622,Hold,87.29769,88.044655,87.200584,87.91767,12209
2022-05-31 17:00:00,0,0.3706645020563465,0.6293354979436535,Hold,87.92514,87.99237,85.39294,85.572205,33121
2022-05-31 18:00:00,0,0.3904965142847418,0.6095034857152581,Hold,85.564735,86.416275,85.26595,86.05026,46291
2022-05-31 19:00:00,0,0.34690571052179187,0.6530942894782081,Hold,86.04279,86.29676,85.87846,86.027855,4513
2022-05-31 20:00:00,0,0.36623561007519567,0.6337643899248043,Hold,86.027855,86.16231,85.77389,86.09508,2050
2022-05-31 22:00:00,0,0.3497294902444712,0.6502705097555288,Hold,86.19965,86.32664,85.93075,86.01292,901
2022-05-31 23:00:00,0,0.3569589134039851,0.6430410865960149,Hold,86.00545,86.12496,85.90834,85.94569,579
2022-06-01 00:00:00,0,0.37944553690271243,0.6205544630972876,Hold,85.953156,86.39387,85.93822,86.39387,2879
2022-06-01 01:00:00,0,0.3893548272495967,0.6106451727504033,Hold,86.39387,86.416275,85.953156,86.31917,4620
2022-06-01 02:00:00,0,0.36123102036915233,0.6387689796308477,Hold,86.3117,86.3117,85.90087,86.05026,3107
2022-06-01 03:00:00,0,0.364704933231713,0.6352950667682871,Hold,86.035324,86.0652,85.803764,85.968094,2330
2022-06-01 04:00:00,0,0.37854703300678993,0.6214529669932101,Hold,85.968094,86.05026,85.81123,85.92328,1410
2022-06-01 05:00:00,0,0.3845561209081322,0.6154438790918678,Hold,85.93822,86.16978,85.58714,85.73654,3783
2022-06-01 06:00:00,0,0.46338056800121047,0.5366194319987896,Hold,85.73654,86.722534,85.70666,86.715065,6194
2022-06-01 07:00:00,0,0.526214975253301,0.47378502474669903,Sell,86.715065,87.260345,86.59555,87.1483,7863
2022-06-01 08:00:00,0,0.49183125315282217,0.5081687468471778,Hold,87.17071,87.34998,86.75988,86.804695,9917
2022-06-01 09:00:00,0,0.462401757447819,0.537598242552181,Hold,86.81963,87.20806,86.76735,87.1483,5948
2022-06-01 10:00:00,0,0.45580537005055355,0.5441946299494465,Hold,87.14083,87.23794,86.43868,86.54326,6656
2022-06-01 11:00:00,0,0.40984973553325466,0.5901502644667453,Hold,86.55073,86.9018,86.12496,86.22954,8638
2022-06-01 12:00:00,0,0.44694817172801693,0.5530518282719831,Hold,86.20712,87.25288,86.12496,86.76735,14038
2022-06-01 13:00:00,1,0.4573410924790259,0.5426589075209741,Hold,86.75988,88.044655,86.75241,87.55166,29073
2022-06-01 14:00:00,0,0.4752642123266275,0.5247357876733725,Hold,87.5666,87.67117,86.54326,86.76735,23539
2022-06-01 15:00:00,1,0.439031498633772,0.560968501366228,Hold,86.75241,87.193115,86.54326,86.81963,17670
2022-06-01 16:00:00,1,0.41146435373651963,0.5885356462634803,Hold,86.8271,87.260345,86.3864,87.23047,14773
2022-06-01 17:00:00,1,0.39857311291803454,0.6014268870819655,Hold,87.24541,87.52178,86.37893,86.44615,13325
2022-06-01 18:00:00,0,0.3689201268273924,0.6310798731726076,Hold,86.43868,86.73,85.76642,86.192184,20778
2022-06-01 19:00:00,0,0.36671635444007256,0.6332836455599274,Hold,86.19965,86.54326,85.77389,85.84858,6273
2022-06-01 20:00:00,0,0.33436462561347824,0.6656353743865218,Hold,85.85606,85.870995,85.61703,85.74401,2640
2022-06-01 22:00:00,0,0.35848109693580454,0.6415189030641955,Hold,85.75148,85.88593,84.67585,84.69826,3516
2022-06-01 23:00:00,0,0.30072403889140453,0.6992759611085955,Hold,84.67585,84.91488,84.45923,84.51152,2451
2022-06-02 00:00:00,0,0.288444353013235,0.711555646986765,Hold,84.53393,84.92982,83.39107,83.61516,13016
2022-06-02 01:00:00,0,0.2705209076298169,0.729479092370183,Hold,83.60769,84.13057,83.57781,84.02599,6664
2022-06-02 02:00:00,0,0.277573896683165,0.722426103316835,Hold,84.03346,84.47417,83.74214,84.19779,6170
2022-06-02 03:00:00,0,0.2735071405819396,0.7264928594180604,Hold,84.19779,84.638504,84.19032,84.36959,3800
2022-06-02 04:00:00,0,0.2806117676543001,0.7193882323456999,Hold,84.36212,84.53393,84.27249,84.496574,1902
2022-06-02 05:00:00,0,0.28114452325381856,0.7188554767461814,Hold,84.51899,84.952225,84.2202,84.795364,4361
2022-06-02 06:00:00,0,0.29852899695523627,0.7014710030447637,Hold,84.795364,84.86259,84.332245,84.51899,6933
2022-06-02 07:00:00,0,0.27339647784707066,0.7266035221529293,Hold,84.51152,84.69079,84.18285,84.27996,6952
2022-06-02 08:00:00,0,0.2714439227042626,0.7285560772957373,Hold,84.28743,84.556335,83.712265,84.52646,10468
2022-06-02 09:00:00,0,0.3047288110281457,0.6952711889718544,Hold,84.53393,84.638504,83.869125,84.175385,6686
2022-06-02 10:00:00,0,0.32542079956126946,0.6745792004387305,Hold,84.19032,84.2949,83.68986,83.7272,8218
2022-06-02 11:00:00,0,0.3053271209961726,0.6946728790038275,Hold,83.73467,84.19032,83.59275,83.7272,11636
2022-06-02 12:00:00,0,0.3095167713709215,0.6904832286290785,Hold,83.74214,85.81123,83.06241,85.49751,34947
2022-06-02 13:00:00,0,0.29934497823544853,0.7006550217645515,Hold,85.49751,86.96903,85.00452,86.92421,34405
2022-06-02 14:00:00,0,0.3104045146444662,0.6895954853555337,Hold,86.91674,87.036255,85.572205,85.796295,23225
2022-06-02 15:00:00,0,0.28498745911231327,0.7150125408876867,Hold,85.8187,87.432144,85.8187,87.21553,23139
2022-06-02 16:00:00,0,0.2842640551958875,0.7157359448041125,Hold,87.223,87.813095,87.06613,87.29769,13156
2022-06-02 17:00:00,0,0.3117715590031336,0.6882284409968664,Hold,87.31263,87.52178,87.110954,87.3201,8488
2022-06-02 18:00:00,0,0.29437036026511276,0.7056296397348872,Hold,87.3201,87.35745,87.08855,87.24541,11315
2022-06-02 19:00:00,0,0.3160840368949938,0.6839159631050062,Hold,87.25288,87.62636,87.223,87.54419,3446
2022-06-02 20:00:00,0,0.33199061643259503,0.668009383567405,Hold,87.53672,87.96996,87.50684,87.805626,2939
2022-06-02 22:00:00,0,0.3312487130621233,0.6687512869378767,Hold,87.805626,87.9102,87.4695,87.58154,2136
2022-06-02 23:00:00,0,0.33771575339050935,0.6622842466094907,Hold,87.5666,87.79816,87.5666,87.68611,1041
2022-06-03 00:00:00,0,0.37949935885133884,0.6205006411486611,Hold,87.67864,87.70853,87.260345,87.31263,2275
2022-06-03 01:00:00,0,0.3459543910807922,0.6540456089192078,Hold,87.31263,87.37986,87.036255,87.0736,2612
2022-06-03 02:00:00,0,0.3943977260009839,0.6056022739990161,Hold,87.06613,87.24541,87.05119,87.15577,1345
2022-06-03 03:00:00,0,0.41783671298016695,0.582163287019833,Hold,87.1483,87.16324,87.02132,87.08855,1609
2022-06-03 04:00:00,0,0.38997726825143814,0.6100227317485618,Hold,87.096016,87.13336,86.804695,86.83458,1632
2022-06-03 05:00:00,0,0.39595435024890674,0.6040456497510933,Hold,86.8271,86.99891,86.804695,86.96903,1455
2022-06-03 06:00:00,0,0.41561161246852985,0.5843883875314702,Hold,86.96156,87.432144,86.812164,87.200584,4418
2022-06-03 07:00:00,0,0.4113861283923294,0.5886138716076705,Hold,87.21553,87.21553,86.22954,86.341576,8082
2022-06-03 08:00:00,0,0.39948089962208605,0.600519100377914,Hold,86.34905,86.98397,86.07267,86.60302,10716
2022-06-03 09:00:00,0,0.35875268661392545,0.6412473133860745,Hold,86.61049,86.84205,86.408806,86.76735,4344
2022-06-03 10:00:00,0,0.3279291099038821,0.6720708900961179,Hold,86.78229,86.85699,86.43121,86.69265,4025
2022-06-03 11:00:00,0,0.3583019049479402,0.6416980950520599,Hold,86.70012,87.193115,86.58808,86.84952,5679
2022-06-03 12:00:00,0,0.42189695078006195,0.578103049219938,Hold,86.83458,87.955025,86.76735,87.91767,12059
2022-06-03 13:00:00,0,0.42429328202599315,0.5757067179740069,Hold,87.91767,88.09695,87.20806,87.955025,21164
2022-06-03 14:00:00,0,0.4583088791703144,0.5416911208296856,Hold,87.947556,88.888725,87.82057,88.79909,20282
2022-06-03 15:00:00,0,0.4114653111467103,0.5885346888532896,Hold,88.79909,89.20245,88.500305,88.54512,17414
2022-06-03 16:00:00,0,0.40118242851435826,0.5988175714856417,Hold,88.55259,89.127754,88.492836,88.79909,11248
2022-06-03 17:00:00,0,0.37194126168756453,0.6280587383124354,Hold,88.79909,89.10535,88.6497,88.70199,9405
2022-06-03 18:00:00,0,0.394508267342811,0.6054917326571889,Hold,88.71693,89.47136,88.425606,89.32197,17262
2022-06-03 19:00:00,0,0.40545091148885287,0.5945490885111471,Hold,89.32197,89.979294,89.194984,89.84484,9538
2022-06-03 20:00:00,0,0.37812359752768193,0.621876402472318,Hold,89.84484,89.95689,89.63569,89.8299,2448
2022-06-05 22:00:00,0,0.4257715483877411,0.5742284516122589,Hold,90.2482,90.37518,89.82243,89.93448,3234
2022-06-05 23:00:00,0,0.442239027078842,0.557760972921158,Hold,89.95689,90.05399,89.8299,89.8299,939
2022-06-06 00:00:00,0,0.4512008501353517,0.5487991498646483,Hold,89.85231,90.00917,89.55353,89.56847,2537
2022-06-06 01:00:00,0,0.5058952471108054,0.49410475288919464,Sell,89.575935,89.59087,88.85885,89.33691,8675
2022-06-06 02:00:00,0,0.4727115118035982,0.5272884881964017,Hold,89.32944,89.60581,89.32197,89.53111,2737
2022-06-06 03:00:00,0,0.48467557903972486,0.5153244209602752,Hold,89.53111,89.800026,89.36678,89.47136,2586
2022-06-06 04:00:00,0,0.47496549921740955,0.5250345007825905,Hold,89.47136,89.55353,89.32944,89.36678,1132
2022-06-06 05:00:00,0,0.4626421635322071,0.5373578364677929,Hold,89.37425,89.47136,89.22486,89.38919,2000
2022-06-06 06:00:00,0,0.4886548012057001,0.5113451987942998,Hold,89.359314,89.45642,89.120285,89.20992,3399
2022-06-06 07:00:00,0,0.4970728145978166,0.5029271854021834,Hold,89.20992,89.54606,89.00077,89.25474,5921
2022-06-06 08:00:00,0,0.4434439978729924,0.5565560021270076,Hold,89.26221,89.59834,89.02318,89.068,8724
2022-06-06 09:00:00,0,0.48448190924689116,0.5155180907531088,Hold,89.08294,89.56847,88.963425,89.47136,5756
2022-06-06 10:00:00,0,0.44113063499846056,0.5588693650015395,Hold,89.47883,89.54606,89.10535,89.194984,4251
2022-06-06 11:00:00,0,0.4064073987028192,0.5935926012971808,Hold,89.20992,89.38919,88.724396,88.98583,7864
2022-06-06 12:00:00,0,0.4003525949916904,0.5996474050083096,Hold,88.97836,89.01571,88.28368,88.68705,14902
2022-06-06 13:00:00,0,0.40784376393197425,0.5921562360680257,Hold,88.67958,89.508705,88.48537,88.58994,20752
2022-06-06 14:00:00,0,0.46806040877052096,0.5319395912294791,Hold,88.58994,88.896194,88.31357,88.70946,15079
2022-06-06 15:00:00,0,0.38431173940962143,0.6156882605903786,Hold,88.71693,88.739334,87.86539,88.62729,22370
2022-06-06 16:00:00,0,0.333837543793813,0.666162456206187,Hold,88.62729,89.02318,88.335976,88.47043,10307
2022-06-06 17:00:00,0,0.3727313288788669,0.627268671121133,Hold,88.4779,88.79162,88.24634,88.61235,10724
2022-06-06 18:00:00,0,0.3478839110043873,0.6521160889956127,Hold,88.63476,88.86632,88.24634,88.32851,14211
2022-06-06 19:00:00,0,0.339806696779727,0.6601933032202729,Hold,88.32851,88.47043,88.119354,88.41067,3599
2022-06-06 20:00:00,0,0.43869495364862837,0.5613050463513716,Hold,88.4032,89.25474,88.35838,89.187515,4020
2022-06-06 22:00:00,0,0.39281451019618996,0.60718548980381,Hold,88.963425,89.112816,88.739334,88.79162,1299
2022-06-06 23:00:00,0,0.3979907300910849,0.6020092699089151,Hold,88.77668,88.9186,88.75427,88.87379,556
2022-06-07 00:00:00,0,0.3693849992428253,0.6306150007571747,Hold,88.888725,88.91113,88.39573,88.664635,2078
2022-06-07 01:00:00,0,0.3834433803234534,0.6165566196765466,Hold,88.664635,89.2398,88.63476,89.120285,4187
2022-06-07 02:00:00,0,0.33814197760599435,0.6618580223940056,Hold,89.127754,89.20992,89.05306,89.068,1798
2022-06-07 03:00:00,0,0.3967177152778974,0.6032822847221027,Hold,89.068,89.20992,88.92608,89.112816,2094
2022-06-07 04:00:00,0,0.3736819170517515,0.6263180829482484,Hold,89.10535,89.194984,89.06053,89.09788,1266
2022-06-07 05:00:00,0,0.40759982272390227,0.5924001772760977,Hold,89.10535,89.180046,88.75427,88.76921,2606
2022-06-07 06:00:00,0,0.4507539821366435,0.5492460178633565,Hold,88.75427,89.26221,88.61982,89.194984,4404
2022-06-07 07:00:00,0,0.4580943760010549,0.541905623998945,Hold,89.180046,89.25474,88.76921,88.98583,6282
2022-06-07 08:00:00,0,0.46186327996977056,0.5381367200302294,Hold,88.97836,89.21739,88.51524,88.567535,9824
2022-06-07 09:00:00,0,0.36799969389699877,0.6320003061030013,Hold,88.567535,88.657166,87.962494,88.23887,8179
2022-06-07 10:00:00,0,0.39907024166395144,0.6009297583360486,Hold,88.23887,88.575005,88.111885,88.44802,4570
2022-06-07 11:00:00,0,0.3545992489632087,0.6454007510367913,Hold,88.45549,88.567535,87.93261,88.343445,6977
2022-06-07 12:00:00,0,0.3649784183057303,0.6350215816942697,Hold,88.32851,88.58247,88.06707,88.54512,7935
2022-06-07 13:00:00,0,0.44123819167123857,0.5587618083287614,Hold,88.54512,89.72533,88.02972,89.46389,28857
2022-06-07 14:00:00,0,0.4027361493797632,0.5972638506202368,Hold,89.47136,89.8299,89.09041,89.15016,23162
2022-06-07 15:00:00,0,0.4019987491076887,0.5980012508923114,Hold,89.15016,89.44895,88.77668,89.2398,20580
2022-06-07 16:00:00,0,0.4331312041826297,0.5668687958173704,Hold,89.23233,89.29209,88.78415,89.10535,11086
2022-06-07 17:00:00,0,0.3500306219434148,0.6499693780565852,Hold,89.09788,89.13522,87.499374,88.2314,24563
2022-06-07 18:00:00,0,0.37542507817603366,0.6245749218239663,Hold,88.23887,89.76267,88.12682,89.71039,29508
2022-06-07 19:00:00,0,0.33542909011450706,0.6645709098854929,Hold,89.70292,89.904594,89.59087,89.72533,7124
2022-06-07 20:00:00,0,0.34600564176581095,0.653994358234189,Hold,89.72533,89.72533,89.23233,89.46389,3719
2022-06-07 22:00:00,0,0.34930158108147585,0.6506984189185241,Hold,89.47883,89.59087,89.2398,89.30703,1840
2022-06-07 23:00:00,0,0.34344647317498034,0.6565535268250197,Hold,89.3145,89.32944,89.112816,89.25474,1091
2022-06-08 00:00:00,0,0.3245112204697747,0.6754887795302253,Hold,89.25474,89.54606,89.13522,89.39666,2168
2022-06-08 01:00:00,0,0.36632809344462025,0.6336719065553797,Hold,89.39666,89.53859,89.20245,89.277145,4038
2022-06-08 02:00:00,0,0.3408275178589014,0.6591724821410986,Hold,89.284615,89.76267,89.25474,89.62075,3585
2022-06-08 03:00:00,0,0.37801345493421556,0.6219865450657844,Hold,89.60581,89.65063,89.277145,89.43401,2356
2022-06-08 04:00:00,0,0.38190336150045334,0.6180966384995467,Hold,89.43401,89.575935,89.40413,89.561,1176
2022-06-08 05:00:00,0,0.4032663906450494,0.5967336093549507,Hold,89.55353,89.77761,89.54606,89.77761,3112
2022-06-08 06:00:00,0,0.40104380069991014,0.5989561993000898,Hold,89.77761,89.800026,89.54606,89.76267,3339
2022-06-08 07:00:00,0,0.41248978732452923,0.5875102126754708,Hold,89.77014,89.971825,89.46389,89.747734,7384
2022-06-08 08:00:00,0,0.4816735610559692,0.5183264389440307,Hold,89.7552,89.91207,89.351845,89.87472,7826
2022-06-08 09:00:00,0,0.5300207696329242,0.4699792303670758,Sell,89.88219,90.651566,89.65063,90.53952,10036
2022-06-08 10:00:00,0,0.4883164091298079,0.5116835908701921,Hold,90.54699,90.659035,90.10628,90.15109,7569
2022-06-08 11:00:00,0,0.455320699520267,0.544679300479733,Hold,90.15857,90.188446,89.979294,90.136154,5753
2022-06-08 12:00:00,0,0.44345982884879864,0.5565401711512014,Hold,90.128685,90.39012,89.91954,90.188446,11191
2022-06-08 13:00:00,0,0.4309621874796097,0.5690378125203903,Hold,90.188446,90.22579,89.508705,89.54606,22403
2022-06-08 14:00:00,0,0.43946867980058263,0.5605313201994173,Hold,89.55353,90.18098,89.21739,90.15109,30882
2022-06-08 15:00:00,0,0.41625994372354325,0.5837400562764568,Hold,90.15857,90.96529,89.971825,90.93541,26000
2022-06-08 16:00:00,0,0.37646897500993465,0.6235310249900654,Hold,90.95035,91.68237,90.85324,91.57033,20469
2022-06-08 17:00:00,0,0.3270980294131639,0.6729019705868361,Hold,91.57033,92.01104,91.443344,91.5778,20235
2022-06-08 18:00:00,0,0.31303649614795964,0.6869635038520403,Hold,91.585266,91.891525,91.01758,91.510574,25782
2022-06-08 19:00:00,0,0.2917885443368037,0.7082114556631963,Hold,91.48069,91.674904,91.24913,91.659966,5345
2022-06-08 20:00:00,0,0.2910466582417083,0.7089533417582917,Hold,91.6525,91.6525,91.42094,91.435875,2088
2022-06-08 22:00:00,0,0.29225839067624304,0.707741609323757,Hold,91.45081,91.48816,91.30142,91.42094,1295
2022-06-08 23:00:00,0,0.28539178621987965,0.7146082137801204,Hold,91.42094,91.428406,91.211784,91.211784,734
2022-06-09 00:00:00,0,0.2978433523488335,0.7021566476511665,Hold,91.21925,91.45828,91.09227,91.13709,4187
2022-06-09 01:00:00,0,0.33111174010235783,0.6688882598976422,Hold,91.14456,91.667435,91.03252,91.443344,7101
2022-06-09 02:00:00,1,0.3122494187415414,0.6877505812584586,Hold,91.45081,91.51804,91.18938,91.47322,3478
2022-06-09 03:00:00,1,0.31034857911155334,0.6896514208884467,Hold,91.46575,91.48816,91.30142,91.41347,1405
2022-06-09 04:00:00,1,0.31632055561769684,0.6836794443823031,Hold,91.41347,91.443344,91.32383,91.39106,865
2022-06-09 05:00:00,1,0.3231225622462992,0.6768774377537008,Hold,91.39106,91.51804,91.24913,91.30889,3234
2022-06-09 06:00:00,0,0.31507963843772463,0.6849203615622754,Hold,91.30142,91.33877,90.77108,90.80096,5832
2022-06-09 07:00:00,0,0.3250681197498352,0.6749318802501648,Hold,90.80096,90.95035,90.62915,90.913,5801
2022-06-09 08:00:00,0,0.3293688711101338,0.6706311288898662,Hold,90.90553,91.1595,90.659035,91.09227,6738
2022-06-09 09:00:00,0,0.3507796865255112,0.6492203134744887,Hold,91.09227,91.32383,90.84577,91.02505,7562
2022-06-09 10:00:00,0,0.30687949095931844,0.6931205090406816,Hold,91.02505,91.129616,90.815895,91.12215,4228
2022-06-09 11:00:00,0,0.3372001434279102,0.6627998565720898,Hold,91.12215,91.28648,90.90553,91.06986,5481
2022-06-09 12:00:00,0,0.3555756237252707,0.6444243762747293,Hold,91.07733,91.35371,90.78602,90.88312,11467
2022-06-09 13:00:00,0,0.3544310872824684,0.6455689127175316,Hold,90.86818,90.94288,90.22579,90.87565,29434
2022-06-09 14:00:00,0,0.36319284815791525,0.6368071518420848,Hold,90.87565,91.196846,90.80096,90.980225,19555
2022-06-09 15:00:00,0,0.3635738981361055,0.6364261018638945,Hold,90.972755,91.1595,90.67397,90.99516,16170
2022-06-09 16:00:00,0,0.32246695943580506,0.6775330405641949,Hold,90.99516,91.03252,90.48723,90.90553,12331
2022-06-09 17:00:00,0,0.33163710239574185,0.6683628976042582,Hold,90.89806,91.06986,90.756134,91.047455,8140
2022-06-09 18:00:00,0,0.28968548783384646,0.7103145121661536,Hold,91.047455,91.0848,90.584335,90.79349,17397
2022-06-09 19:00:00,0,0.244150381967192,0.755849618032808,Hold,90.78602,90.823364,90.33037,90.67397,5672
2022-06-09 20:00:00,0,0.265215384706803,0.7347846152931969,Hold,90.67397,90.73373,90.45735,90.68144,2129
2022-06-09 22:00:00,0,0.2628080370136035,0.7371919629863966,Hold,90.72626,90.815895,90.44988,90.509636,1088
2022-06-09 23:00:00,0,0.2849696863267307,0.7150303136732693,Hold,90.509636,90.741196,90.48723,90.61421,629
2022-06-10 00:00:00,0,0.29245718307546925,0.7075428169245308,Hold,90.62168,90.69638,90.53952,90.576866,991
2022-06-10 01:00:00,0,0.32805366581367984,0.6719463341863201,Hold,90.56193,90.576866,89.70292,90.00917,8285
2022-06-10 02:00:00,0,0.3239501269562329,0.6760498730437672,Hold,90.0017,90.26314,89.87472,90.25567,2966
2022-06-10 03:00:00,0,0.29986482638195355,0.7001351736180464,Hold,90.26314,90.360245,90.14362,90.22579,1766
2022-06-10 04:00:00,0,0.29043111877712874,0.7095688812228713,Hold,90.22579,90.30796,90.09881,90.25567,1618
2022-06-10 05:00:00,0,0.3187290499414832,0.6812709500585168,Hold,90.26314,90.5694,90.203384,90.52458,2594
2022-06-10 06:00:00,0,0.29401540320994907,0.7059845967900509,Hold,90.517105,90.666504,90.427475,90.44988,3206
2022-06-10 07:00:00,0,0.2963691961197875,0.7036308038802125,Hold,90.44241,90.48723,90.02411,90.21085,6605
2022-06-10 08:00:00,0,0.4266406253248844,0.5733593746751156,Hold,90.195915,91.06239,90.15109,90.85324,10174
2022-06-10 09:00:00,0,0.4758357719340419,0.5241642280659581,Hold,90.86818,91.31636,90.78602,91.196846,9215
2022-06-10 10:00:00,1,0.47836448461954817,0.5216355153804518,Hold,91.196846,91.53298,91.17444,91.41347,6810
2022-06-10 11:00:00,1,0.4424639408523349,0.557536059147665,Hold,91.428406,91.5778,91.22672,91.361176,7679
2022-06-10 12:00:00,1,0.43580248651465814,0.5641975134853419,Hold,91.376114,91.68984,90.46482,90.71879,16625
2022-06-10 13:00:00,1,0.4144922678331523,0.5855077321668477,Hold,90.73373,90.92794,89.87472,90.80096,31870
2022-06-10 14:00:00,0,0.40054122548844795,0.599458774511552,Hold,90.79349,90.84577,88.61982,89.17258,37303
2022-06-10 15:00:00,0,0.383056297766425,0.616943702233575,Hold,89.17258,89.77761,88.38826,89.284615,28362
2022-06-10 16:00:00,0,0.39725971063714266,0.6027402893628573,Hold,89.284615,89.76267,89.03065,89.732796,12540
2022-06-10 17:00:00,0,0.40173087067579377,0.5982691293242062,Hold,89.72533,90.27061,89.47883,89.83737,15111
2022-06-10 18:00:00,0,0.44288588806892853,0.5571141119310714,Hold,89.84484,90.427475,89.732796,90.0764,18173
2022-06-10 19:00:00,0,0.3687354644329351,0.631264535567065,Hold,90.08387,90.15857,89.77761,90.00917,3606
2022-06-10 20:00:00,0,0.3536673295076029,0.6463326704923971,Hold,90.02411,90.14362,89.77761,89.98676,2678
2022-06-12 22:00:00,0,0.3562689434430798,0.6437310565569202,Hold,89.77761,89.8299,88.6497,88.8215,5577
2022-06-12 23:00:00,0,0.3415026780090738,0.6584973219909263,Hold,88.82897,89.01571,88.731865,88.76174,1530
2022-06-13 00:00:00,0,0.3347995987758841,0.665200401224116,Hold,88.76921,88.82897,88.26128,88.55259,4250
2022-06-13 01:00:00,0,0.3650768624188508,0.6349231375811493,Hold,88.54512,89.02318,88.32851,88.35838,7036
2022-06-13 02:00:00,0,0.3854128923480752,0.6145871076519248,Hold,88.35838,88.963425,88.32851,88.94849,3459
2022-06-13 03:00:00,0,0.36600720299698397,0.633992797003016,Hold,88.955956,88.970894,88.731865,88.806564,1537
2022-06-13 04:00:00,0,0.38104046539532294,0.618959534604677,Hold,88.81403,88.970894,88.63476,88.657166,1421
2022-06-13 05:00:00,0,0.39676920567082513,0.6032307943291748,Hold,88.657166,89.045586,88.58247,88.75427,2759
2022-06-13 06:00:00,0,0.36330644711820664,0.6366935528817934,Hold,88.739334,88.76174,88.23887,88.59741,5714
2022-06-13 07:00:00,0,0.3581364948658872,0.6418635051341128,Hold,88.58994,88.85885,88.14176,88.60488,9886
2022-06-13 08:00:00,0,0.3113740549534008,0.6886259450465992,Hold,88.60488,88.739334,88.20899,88.46296,12756
2022-06-13 09:00:00,0,0.38253753570833837,0.6174624642916616,Hold,88.47043,89.29956,88.47043,88.61982,9280
2022-06-13 10:00:00,0,0.4061337692902424,0.5938662307097575,Hold,88.62729,88.963425,88.45549,88.84391,7121
2022-06-13 11:00:00,0,0.3917098512434274,0.6082901487565726,Hold,88.85138,89.00824,88.500305,88.59741,5499
2022-06-13 12:00:00,0,0.39012570712246025,0.6098742928775398,Hold,88.60488,89.07547,88.58247,88.83644,8540
2022-06-13 13:00:00,0,0.3415707929441466,0.6584292070558534,Hold,88.82897,89.70292,88.575005,89.501236,25145
2022-06-13 14:00:00,0,0.326245453344344,0.673754546655656,Hold,89.508705,89.561,87.74587,87.94009,37217
2022-06-13 15:00:00,0,0.33482698392471566,0.6651730160752843,Hold,87.93261,90.68891,87.85792,90.56193,37040
2022-06-13 16:00:00,0,0.35900214520598317,0.6409978547940168,Hold,90.5694,91.31636,90.427475,90.92047,23598
2022-06-13 17:00:00,0,0.3483312076371067,0.6516687923628933,Hold,90.913,91.06239,90.06146,90.50217,14876
2022-06-13 18:00:00,0,0.3162305079681368,0.6837694920318632,Hold,90.50217,90.53205,89.8299,90.039055,18824
2022-06-13 19:00:00,0,0.3265817480754546,0.6734182519245454,Hold,90.039055,90.47976,89.53111,90.427475,8385
2022-06-13 20:00:00,0,0.2921316367763912,0.7078683632236088,Hold,90.434944,90.44988,90.203384,90.44988,2816
2022-06-13 22:00:00,0,0.3154694692196292,0.6845305307803708,Hold,90.44988,90.50217,90.11375,90.2482,1250
2022-06-13 23:00:00,0,0.32859032194247684,0.6714096780575232,Hold,90.24073,90.28555,89.99423,90.06146,853
2022-06-14 00:00:00,0,0.409870539373331,0.5901294606266689,Hold,90.06146,90.45735,89.91954,90.34531,2497
2022-06-14 01:00:00,0,0.4359415971922135,0.5640584028077865,Hold,90.33784,90.576866,89.964355,90.195915,5973
2022-06-14 02:00:00,0,0.4282252050553543,0.5717747949446457,Hold,90.203384,90.54699,90.188446,90.4947,2847
2022-06-14 03:00:00,0,0.43704975937737967,0.5629502406226203,Hold,90.47229,90.52458,90.10628,90.15109,2245
2022-06-14 04:00:00,0,0.428845654425716,0.571154345574284,Hold,90.15857,90.27061,90.09881,90.21832,1377
2022-06-14 05:00:00,0,0.46222866671216034,0.5377713332878397,Hold,90.21832,90.748665,90.16604,90.67397,3156
2022-06-14 06:00:00,0,0.42777677715148194,0.572223222848518,Hold,90.68144,91.16697,90.68144,90.890594,5333
2022-06-14 07:00:00,0,0.4316074824314997,0.5683925175685003,Hold,90.890594,91.406,90.79349,91.15203,7776
2022-06-14 08:00:00,0,0.40245145228023965,0.5975485477197604,Hold,91.13709,91.15203,90.83083,90.980225,7286
2022-06-14 09:00:00,0,0.40643065014492846,0.5935693498550716,Hold,90.99516,91.12215,90.53952,90.98769,7001
2022-06-14 10:00:00,0,0.4069619906845614,0.5930380093154386,Hold,90.99516,91.2566,90.756134,91.129616,5275
2022-06-14 11:00:00,0,0.3986212034070121,0.6013787965929879,Hold,91.11468,91.17444,90.591805,90.62915,6181
2022-06-14 12:00:00,0,0.4416296379015735,0.5583703620984265,Hold,90.62168,91.56286,90.46482,91.48816,13470
2022-06-14 13:00:00,1,0.393907965709468,0.606092034290532,Hold,91.48816,92.279945,91.1595,92.15296,30763
2022-06-14 14:00:00,1,0.38329521964797897,0.616704780352021,Hold,92.16043,92.38452,91.68984,92.205246,23907
2022-06-14 15:00:00,1,0.36500496105200764,0.6349950389479924,Hold,92.205246,92.3397,91.24166,91.56286,19044
2022-06-14 16:00:00,1,0.3932049065038582,0.6067950934961418,Hold,91.56286,91.56286,91.02505,91.14456,12071
2022-06-14 17:00:00,1,0.3120150853899802,0.6879849146100199,Hold,91.129616,91.26408,89.52364,90.11375,25900
2022-06-14 18:00:00,0,0.28982444865497325,0.7101755513450267,Hold,90.11375,90.23326,88.25381,88.30609,36691
2022-06-14 19:00:00,0,0.2642533420706937,0.7357466579293064,Hold,88.32104,88.76921,87.110954,88.44802,19224
2022-06-14 20:00:00,0,0.2997307083613515,0.7002692916386485,Hold,88.44802,88.963425,88.2314,88.94102,4290
2022-06-14 22:00:00,0,0.2682179250182533,0.7317820749817467,Hold,88.94102,89.1651,88.45549,88.567535,2416
2022-06-14 23:00:00,1,0.27447913141626523,0.7255208685837348,Hold,88.58247,88.70199,88.30609,88.6497,1284
2022-06-15 00:00:00,1,0.26837879205009507,0.7316212079499049,Hold,88.6497,88.9933,88.59741,88.739334,3358
2022-06-15 01:00:00,1,0.2711955047632711,0.728804495236729,Hold,88.76174,89.344376,88.731865,88.97836,6261
2022-06-15 02:00:00,1,0.24323964103985568,0.7567603589601444,Hold,88.98583,89.1651,88.896194,88.896194,1734
2022-06-15 03:00:00,1,0.24584934399002173,0.7541506560099782,Hold,88.90366,89.01571,88.6497,88.92608,2072
2022-06-15 04:00:00,1,0.25891900993412703,0.741080990065873,Hold,88.9186,89.00824,88.90366,88.94102,751
2022-06-15 05:00:00,1,0.2558888413060545,0.7441111586939455,Hold,88.92608,89.30703,88.91113,89.15763,2348
2022-06-15 06:00:00,1,0.27861180702409,0.7213881929759101,Hold,89.1651,89.26968,88.94102,88.94102,2744
2022-06-15 07:00:00,1,0.2519857069913409,0.7480142930086591,Hold,88.94102,89.01571,88.51524,88.94849,6579
2022-06-15 08:00:00,1,0.29999839937974193,0.7000016006202581,Hold,88.955956,89.15763,88.276215,88.38079,7698
2022-06-15 09:00:00,0,0.2835606256239468,0.7164393743760532,Hold,88.39573,88.41067,87.52925,87.78322,10454
2022-06-15 10:00:00,0,0.2504933684630834,0.7495066315369165,Hold,87.78322,88.02972,87.38733,87.68611,7588
2022-06-15 11:00:00,1,0.28601361279284276,0.7139863872071572,Hold,87.67117,88.63476,87.6413,88.500305,7740
2022-06-15 12:00:00,1,0.2717580775531626,0.7282419224468374,Hold,88.51524,88.92608,88.22393,88.58994,8625
2022-06-15 13:00:00,1,0.278487753140527,0.721512246859473,Hold,88.567535,88.806564,87.79816,88.38079,17503
2022-06-15 14:00:00,1,0.29337716017352244,0.7066228398264776,Hold,88.38826,88.59741,87.096016,87.805626,22159
2022-06-15 15:00:00,0,0.24768611238084207,0.752313887619158,Hold,87.79816,88.425606,87.53672,87.63383,17846
2022-06-15 16:00:00,0,0.2558227057203623,0.7441772942796376,Hold,87.6413,88.01478,87.29022,87.52178,10515
2022-06-15 17:00:00,1,0.3113660006354069,0.6886339993645931,Hold,87.53672,87.82057,86.75988,87.715996,14797
2022-06-15 18:00:00,0,0.29306101311979116,0.7069389868802088,Hold,87.70106,88.44802,85.60208,86.483505,46076
2022-06-15 19:00:00,0,0.22090060951028134,0.7790993904897187,Hold,86.490974,87.44708,86.40134,86.43121,8971
2022-06-15 20:00:00,0,0.22325567013545938,0.7767443298645407,Hold,86.44615,86.73747,86.28182,86.52085,2537
2022-06-15 22:00:00,0,0.27505573114802584,0.7249442688519742,Hold,86.6329,86.9018,86.45362,86.77482,1292
2022-06-15 23:00:00,0,0.2615706131444448,0.7384293868555551,Hold,86.75988,87.17818,86.75988,87.02132,604
2022-06-16 00:00:00,0,0.24734660315766716,0.7526533968423328,Hold,87.00638,87.27528,86.78976,87.1483,3611
2022-06-16 01:00:00,0,0.2615336324104857,0.7384663675895142,Hold,87.14083,87.36492,86.99891,87.02132,2199
2022-06-16 02:00:00,0,0.27619469867023333,0.7238053013297667,Hold,87.036255,87.185646,86.74494,86.84205,1495
2022-06-16 03:00:00,1,0.28947696230146097,0.710523037698539,Hold,86.84952,87.02132,86.78976,86.9018,1054
2022-06-16 04:00:00,1,0.2827548691133595,0.7172451308866405,Hold,86.88686,86.89433,86.61049,86.67771,1436
2022-06-16 05:00:00,0,0.24631652920140173,0.7536834707985982,Hold,86.67024,86.78976,86.483505,86.52832,1760
2022-06-16 06:00:00,1,0.2917719427560548,0.7082280572439452,Hold,86.55073,87.028786,86.50591,86.91674,2858
2022-06-16 07:00:00,0,0.24659624998235935,0.7534037500176407,Hold,86.90927,87.103485,86.29676,86.51338,4210
2022-06-16 08:00:00,0,0.23621685225229655,0.7637831477477035,Hold,86.52085,86.69265,86.00545,86.020386,3477
2022-06-16 09:00:00,0,0.2370786123195087,0.7629213876804913,Hold,86.020386,86.177246,85.407875,86.08014,5638
2022-06-16 10:00:00,0,0.21749278623845358,0.7825072137615464,Hold,86.09508,86.14737,85.06427,85.19125,4440
2022-06-16 11:00:00,0,0.19915054825480727,0.8008494517451927,Hold,85.19125,85.51245,84.45176,84.75055,4171
2022-06-16 12:00:00,0,0.22132281599421375,0.7786771840057862,Hold,84.75802,85.77389,84.25008,85.51245,6070
2022-06-16 13:00:00,0,0.18400581147890763,0.8159941885210924,Hold,85.51992,85.803764,84.07081,84.4667,11346
2022-06-16 14:00:00,0,0.1778430358212299,0.82215696417877,Hold,84.44429,86.51338,83.89154,86.07267,16105
2022-06-16 15:00:00,0,0.1515310609538695,0.8484689390461305,Hold,86.09508,86.73747,85.572205,86.43868,11447
2022-06-16 16:00:00,0,0.14211518306537538,0.8578848169346246,Hold,86.423744,87.15577,86.16978,87.08855,7102
2022-06-16 17:00:00,0,0.17240627751976656,0.8275937224802334,Hold,87.096016,88.12682,87.08855,87.813095,7247
2022-06-16 18:00:00,1,0.1690476115501411,0.8309523884498589,Hold,87.82804,88.20152,87.30516,88.00731,7516
2022-06-16 19:00:00,0,0.1686782958926647,0.8313217041073353,Hold,88.02225,88.14176,87.260345,87.327576,1482
2022-06-16 20:00:00,0,0.1465345154547152,0.8534654845452848,Hold,87.34998,87.58901,87.24541,87.43961,872
2022-06-16 22:00:00,0,0.14290862202053276,0.8570913779794672,Hold,87.45456,87.78322,87.20806,87.3201,455
2022-06-16 23:00:00,0,0.16396183376064538,0.8360381662393546,Hold,87.342514,87.55913,87.27528,87.3948,286
2022-06-17 00:00:00,0,0.210698196807539,0.789301803192461,Hold,87.40974,87.46203,86.89433,87.05866,372
2022-06-17 01:00:00,0,0.2155357489941886,0.7844642510058114,Hold,87.15577,87.5666,86.93915,87.432144,423
2022-06-17 02:00:00,0,0.21591821570069872,0.7840817842993013,Hold,87.46203,87.484436,87.14083,87.29022,301
2022-06-17 03:00:00,0,0.23090000514835943,0.7690999948516406,Hold,87.28275,87.28275,87.02132,87.15577,147
2022-06-17 04:00:00,0,0.23653485987604286,0.7634651401239572,Hold,87.14083,87.40974,87.14083,87.3201,179
2022-06-17 05:00:00,0,0.2712022950318196,0.7287977049681804,Hold,87.36492,87.76828,87.12589,87.59648,376
2022-06-17 06:00:00,0,0.29010290609879014,0.7098970939012099,Hold,87.61889,88.02225,87.3948,87.872856,595
2022-06-17 07:00:00,1,0.3392505725573141,0.6607494274426859,Hold,87.83551,88.51524,87.58154,88.30609,1092
2022-06-17 08:00:00,1,0.3309972303417128,0.6690027696582872,Hold,88.31357,88.61982,88.044655,88.44055,506
2022-06-17 09:00:00,1,0.32109671021222097,0.678903289787779,Hold,88.44055,88.77668,88.4032,88.70199,420
2022-06-17 10:00:00,1,0.3106393773639217,0.6893606226360782,Hold,88.68705,88.86632,87.947556,88.05959,665
2022-06-17 11:00:00,1,0.2572104677643295,0.7427895322356706,Hold,88.00731,88.05959,87.35745,87.663704,1023
2022-06-17 12:00:00,1,0.25488417913223427,0.7451158208677657,Hold,87.656235,87.656235,86.83458,86.84205,1478
2022-06-17 13:00:00,1,0.22143268896718923,0.7785673110328107,Hold,86.812164,86.94662,85.19125,85.258484,4538
2022-06-17 14:00:00,0,0.24759557007471258,0.7524044299252874,Hold,85.28089,85.50498,82.636635,83.03253,6380
2022-06-17 15:00:00,0,0.26453395306344596,0.735466046936554,Hold,83.05494,83.555405,82.322914,83.2118,3080
2022-06-17 16:00:00,0,0.2836251665783501,0.71637483342165,Hold,83.20433,83.36119,81.635704,82.13617,2578
2022-06-17 17:00:00,0,0.25592644169399154,0.7440735583060085,Hold,82.12123,82.48724,81.03066,81.18006,2512
2022-06-17 18:00:00,0,0.24944257692363378,0.7505574230763662,Hold,81.15018,82.00172,80.858864,81.66558,3183
2022-06-17 19:00:00,0,0.21701813804093162,0.7829818619590684,Hold,81.68053,82.43496,81.68053,82.076416,417
2022-06-17 20:00:00,0,0.24960884270400016,0.7503911572959998,Hold,82.083885,82.52459,81.84486,82.52459,181
2022-06-19 22:00:00,0,0.2904347740290392,0.7095652259709608,Hold,82.52459,82.98749,82.372826,82.873665,2768
2022-06-19 23:00:00,0,0.26888050809288566,0.7311194919071143,Hold,82.88125,82.89643,82.53977,82.691536,1455
2022-06-20 00:00:00,0,0.26855817871447857,0.7314418212855214,Hold,82.691536,82.8509,82.20588,82.4563,5188
2022-06-20 01:00:00,0,0.3015495455936926,0.6984504544063074,Hold,82.44112,82.48665,81.439445,81.576035,9862
2022-06-20 02:00:00,0,0.31329078116880604,0.686709218831194,Hold,81.576035,82.0617,81.37873,81.75057,5284
2022-06-20 03:00:00,0,0.3059612098697545,0.6940387901302455,Hold,81.76575,81.95546,81.613976,81.74298,2361
2022-06-20 04:00:00,0,0.34079379076131683,0.6592062092386832,Hold,81.74298,81.94787,81.64433,81.87957,1492
2022-06-20 05:00:00,0,0.3297824950087969,0.6702175049912031,Hold,81.87199,82.66119,81.834045,82.57012,4209
2022-06-20 06:00:00,0,0.354318909340918,0.645681090659082,Hold,82.56254,82.691536,82.06928,82.07687,3951
2022-06-20 07:00:00,0,0.3354235578026055,0.6645764421973945,Hold,82.09964,82.52459,81.75057,82.07687,4963
2022-06-20 08:00:00,0,0.31944730571621927,0.6805526942837807,Hold,82.06928,82.16794,81.06002,81.64433,8659
2022-06-20 09:00:00,0,0.3511879779383166,0.6488120220616834,Hold,81.64433,82.27417,81.34079,82.19829,5054
2022-06-20 10:00:00,0,0.3384295175642868,0.6615704824357131,Hold,82.19829,82.258995,81.40909,82.05411,4744
2022-06-20 11:00:00,0,0.31380729343789765,0.6861927065621023,Hold,82.04652,82.52459,81.95546,82.38041,4596
2022-06-20 12:00:00,0,0.30776137955452454,0.6922386204454755,Hold,82.372826,82.59289,81.76575,82.03893,6672
2022-06-20 13:00:00,0,0.32578592848835414,0.6742140715116458,Hold,82.04652,82.26659,81.469795,81.49256,9591
2022-06-20 14:00:00,0,0.32294626695201967,0.6770537330479803,Hold,81.50774,82.07687,81.29526,81.9934,11191
2022-06-20 15:00:00,0,0.2954209894800049,0.7045790105199952,Hold,81.978226,82.64601,81.720215,82.228645,12152
2022-06-20 16:00:00,0,0.27227228208533094,0.7277277179146691,Hold,82.23623,82.80537,82.12999,82.60048,5605
2022-06-20 17:00:00,0,0.27956937948625316,0.7204306205137468,Hold,82.60048,82.82054,82.43353,82.47147,2364
2022-06-20 18:00:00,0,0.3011767227801924,0.6988232772198075,Hold,82.46388,82.66119,82.46388,82.53977,784
2022-06-20 22:00:00,0,0.3367507883049641,0.6632492116950359,Hold,82.60806,82.77501,82.48665,82.7143,1002
2022-06-20 23:00:00,0,0.3096143308869647,0.6903856691130352,Hold,82.70672,82.7143,82.547356,82.59289,664
2022-06-21 00:00:00,0,0.29520162637538916,0.7047983736246108,Hold,82.59289,83.57939,82.59289,83.374504,8080
2022-06-21 01:00:00,1,0.3019067837489295,0.6980932162510705,Hold,83.35932,83.88293,83.2455,83.844986,5996
2022-06-21 02:00:00,0,0.30259207445197334,0.6974079255480267,Hold,83.85258,84.04229,83.62492,83.6401,4372
2022-06-21 03:00:00,0,0.2825424852021009,0.7174575147978991,Hold,83.6401,83.75392,83.49592,83.549034,2929
2022-06-21 04:00:00,1,0.3059558622248369,0.6940441377751632,Hold,83.54145,83.807045,83.52627,83.77669,1597
2022-06-21 05:00:00,0,0.3157015896614583,0.6842984103385417,Hold,83.77669,83.81464,83.29103,83.42762,3330
2022-06-21 06:00:00,0,0.32305554102397904,0.676944458976021,Hold,83.42762,83.54145,83.055786,83.07096,4742
2022-06-21 07:00:00,0,0.3417605870513605,0.6582394129486395,Hold,83.06338,83.68563,82.84331,83.67804,9890
2022-06-21 08:00:00,0,0.2779538927297669,0.7220461072702331,Hold,83.67045,83.92087,83.404854,83.71598,11712
2022-06-21 09:00:00,1,0.3570372127805267,0.6429627872194733,Hold,83.73116,83.951225,83.56422,83.913284,6364
2022-06-21 10:00:00,0,0.31586402592213914,0.6841359740778609,Hold,83.913284,84.06505,83.412445,83.43521,7055
2022-06-21 11:00:00,0,0.3386759530146178,0.6613240469853823,Hold,83.42762,83.71598,83.1772,83.67045,7476
2022-06-21 12:00:00,0,0.3255324168627252,0.6744675831372748,Hold,83.65527,84.08023,83.442795,83.54145,11858
2022-06-21 13:00:00,0,0.3751028156129854,0.6248971843870146,Hold,83.54145,84.07264,83.268265,83.7084,24483
2022-06-21 14:00:00,1,0.36440450226824544,0.6355954977317546,Hold,83.7084,84.35342,83.36691,83.943634,26270
2022-06-21 15:00:00,1,0.37646779140570424,0.6235322085942958,Hold,83.93605,83.99676,82.60048,82.96472,24454
2022-06-21 16:00:00,1,0.2998510573108239,0.700148942689176,Hold,82.95714,83.23032,82.66119,83.07855,14040
2022-06-21 17:00:00,1,0.3254331379634556,0.6745668620365444,Hold,83.07096,83.374504,82.7143,82.93437,16457
2022-06-21 18:00:00,1,0.3091594616617609,0.6908405383382391,Hold,82.92678,83.518684,82.615654,82.88125,29751
2022-06-21 19:00:00,1,0.35340990020368857,0.6465900997963114,Hold,82.89643,83.154434,82.82813,83.07855,2803
2022-06-21 20:00:00,1,0.3702508124557078,0.6297491875442922,Hold,83.07096,83.404854,83.07096,83.20756,2150
2022-06-21 22:00:00,1,0.3194294620938773,0.6805705379061227,Hold,83.124084,83.29103,82.7826,82.82054,2439
2022-06-21 23:00:00,1,0.35143439201773696,0.648565607982263,Hold,82.82054,82.89643,82.729485,82.84331,904
2022-06-22 00:00:00,1,0.34750936248708875,0.6524906375129113,Hold,82.8509,82.91919,81.56086,82.008575,6285
2022-06-22 01:00:00,1,0.36279050239201976,0.6372094976079803,Hold,81.9934,82.12999,80.90825,80.99931,9449
2022-06-22 02:00:00,0,0.33195116617460346,0.6680488338253965,Hold,80.99931,81.15108,79.67892,80.00522,16107
2022-06-22 03:00:00,1,0.34389131443029536,0.6561086855697047,Hold,80.0204,80.27082,79.91416,80.25564,4116
2022-06-22 04:00:00,1,0.3161440636672932,0.6838559363327068,Hold,80.248055,80.36947,79.997635,80.316345,2612
2022-06-22 05:00:00,1,0.31478317049127486,0.6852168295087251,Hold,80.30876,80.45294,79.86104,79.90657,4057
2022-06-22 06:00:00,0,0.31234989337635855,0.6876501066236415,Hold,79.90657,80.05834,78.79865,78.950424,13351
2022-06-22 07:00:00,0,0.34405764254082366,0.6559423574591763,Hold,78.950424,79.33743,78.312996,79.132545,16754
2022-06-22 08:00:00,0,0.33756696822490123,0.6624330317750988,Hold,79.14014,79.66374,78.87454,79.22361,11890
2022-06-22 09:00:00,0,0.3000203055009547,0.6999796944990453,Hold,79.2312,79.420906,78.85936,79.15531,6589
2022-06-22 10:00:00,0,0.33774683754988183,0.6622531624501182,Hold,79.14773,79.54233,78.83659,79.33743,8069
2022-06-22 11:00:00,0,0.3264038982757099,0.6735961017242901,Hold,79.345024,79.58027,78.75312,78.82142,9832
2022-06-22 12:00:00,0,0.338729325144579,0.661270674855421,Hold,78.806244,79.246376,77.67556,77.97151,26567
2022-06-22 13:00:00,0,0.32726442531664657,0.6727355746833534,Hold,77.9791,78.25987,77.045715,78.07016,50218
2022-06-22 14:00:00,0,0.3602607845234648,0.6397392154765351,Hold,78.054985,79.633385,77.50861,79.489204,37892
2022-06-22 15:00:00,0,0.4220273578487496,0.5779726421512503,Hold,79.48162,80.50606,78.844185,80.36947,32937
2022-06-22 16:00:00,0,0.2915007903450081,0.7084992096549919,Hold,80.36188,80.968956,80.316345,80.8096,22112
2022-06-22 17:00:00,0,0.32648039444163823,0.6735196055583618,Hold,80.8096,81.325615,79.89898,81.219376,23341
2022-06-22 18:00:00,0,0.31759509468862596,0.6824049053113741,Hold,81.22697,81.41668,79.97487,80.55159,24233
2022-06-22 19:00:00,0,0.3224163663958208,0.6775836336041792,Hold,80.55918,80.55918,79.86863,79.91416,4629
2022-06-22 20:00:00,0,0.3094283608953967,0.6905716391046033,Hold,79.89898,79.959694,78.99596,79.14773,5163
2022-06-22 22:00:00,0,0.31983981658028615,0.6801601834197138,Hold,79.238785,79.640976,78.99596,79.208435,1783
2022-06-22 23:00:00,0,0.3453005240748565,0.6546994759251434,Hold,79.2312,79.238785,78.38888,78.813835,2733
2022-06-23 00:00:00,0,0.3103709733552271,0.6896290266447729,Hold,78.82901,79.47403,78.65447,79.30708,4311
2022-06-23 01:00:00,0,0.3414423996482688,0.6585576003517313,Hold,79.29949,79.57268,78.092926,78.1081,8010
2022-06-23 02:00:00,0,0.33057527835477507,0.6694247216452249,Hold,78.11569,78.61653,77.64521,78.411644,9719
2022-06-23 03:00:00,0,0.3049575276069266,0.6950424723930734,Hold,78.40405,78.66206,78.04739,78.47235,4685
2022-06-23 04:00:00,0,0.3119371582892551,0.6880628417107448,Hold,78.47235,79.07184,78.23711,78.85936,3597
2022-06-23 05:00:00,0,0.28303166746681196,0.716968332533188,Hold,78.851776,79.54233,78.77589,79.54233,4531
2022-06-23 06:00:00,0,0.2642694515218126,0.7357305484781874,Hold,79.51197,79.777565,79.314674,79.54991,4725
2022-06-23 07:00:00,0,0.2951708906593562,0.7048291093406438,Hold,79.5575,79.5575,78.707596,79.20084,9099
2022-06-23 08:00:00,0,0.2799624906341252,0.7200375093658749,Hold,79.21602,79.54233,78.51029,78.571,11532
2022-06-23 09:00:00,0,0.3087232703129156,0.6912767296870844,Hold,78.58618,79.80033,78.51788,79.777565,8115
2022-06-23 10:00:00,0,0.3377052064147776,0.6622947935852224,Hold,79.76998,80.27082,79.671326,80.2177,9872
2022-06-23 11:00:00,0,0.35078841374706166,0.6492115862529384,Hold,80.21011,80.72613,80.08869,80.60471,8082
2022-06-23 12:00:00,0,0.29185965760099575,0.7081403423990043,Hold,80.59712,80.83995,80.11905,80.24046,13312
2022-06-23 13:00:00,0,0.28996807330386515,0.7100319266961348,Hold,80.24046,81.23455,79.83827,80.065926,33853
2022-06-23 14:00:00,0,0.29894598018003266,0.7010540198199673,Hold,80.07352,80.50606,79.43609,80.05834,28963
2022-06-23 15:00:00,0,0.3111163140091864,0.6888836859908136,Hold,80.08869,80.24046,79.58785,79.959694,19630
2022-06-23 16:00:00,0,0.3147476011082837,0.6852523988917163,Hold,79.9521,80.035576,78.71518,78.813835,22342
2022-06-23 17:00:00,0,0.3081435390948109,0.6918564609051892,Hold,78.82142,79.959694,78.62412,79.58027,18399
2022-06-23 18:00:00,0,0.3092802179430733,0.6907197820569266,Hold,79.565094,79.739624,78.85936,79.0339,18154
2022-06-23 19:00:00,0,0.331973691202727,0.668026308797273,Hold,79.01113,79.276726,78.79107,78.844185,4362
2022-06-23 20:00:00,0,0.3397055881576387,0.6602944118423613,Hold,78.844185,79.14773,78.806244,78.94283,2185
2022-06-23 22:00:00,0,0.29364910558345675,0.7063508944165433,Hold,78.91248,79.26155,78.82142,79.25396,1431
2022-06-23 23:00:00,0,0.3333590273833771,0.6666409726166229,Hold,79.25396,79.345024,79.11737,79.22361,811
2022-06-24 00:00:00,0,0.392948482407808,0.607051517592192,Hold,79.21602,79.883804,79.15531,79.83069,4051
2022-06-24 01:00:00,0,0.3868912845702305,0.6131087154297695,Hold,79.8231,79.89898,79.0339,79.0339,6260
2022-06-24 02:00:00,0,0.3927121681118806,0.6072878318881194,Hold,79.0339,79.29949,78.74554,79.17049,6925
2022-06-24 03:00:00,0,0.38777931364141116,0.6122206863585888,Hold,79.15531,79.352615,78.87454,79.14773,3762
2022-06-24 04:00:00,0,0.37499625483745197,0.6250037451625481,Hold,79.15531,79.420906,79.132545,79.29949,2161
2022-06-24 05:00:00,0,0.38416736895662135,0.6158326310433786,Hold,79.29191,79.86104,79.26155,79.527145,4468
2022-06-24 06:00:00,0,0.3704812569133784,0.6295187430866216,Hold,79.53474,79.671326,78.98078,79.08701,5156
2022-06-24 07:00:00,0,0.38253640330975014,0.6174635966902499,Hold,79.07943,79.32985,78.64689,79.29949,8259
2022-06-24 08:00:00,0,0.3840193676006758,0.6159806323993242,Hold,79.29191,79.86104,78.99596,79.84586,9146
2022-06-24 09:00:00,0,0.3917169186970668,0.6082830813029332,Hold,79.84586,80.354294,79.603035,80.19493,7697
2022-06-24 10:00:00,0,0.3901890173078062,0.6098109826921938,Hold,80.19493,80.58953,79.97487,80.16458,6701
2022-06-24 11:00:00,0,0.4244162184509651,0.5755837815490349,Hold,80.15699,80.63506,80.11905,80.415,7575
2022-06-24 12:00:00,0,0.44109260429953934,0.5589073957004607,Hold,80.40741,81.02966,80.32394,80.83237,10265
2022-06-24 13:00:00,0,0.41995197309364274,0.5800480269063573,Hold,80.83237,80.91584,79.603035,79.76239,24891
2022-06-24 14:00:00,0,0.4176612897547033,0.5823387102452967,Hold,79.78516,82.39559,79.76239,82.32729,42027
2022-06-24 15:00:00,0,0.3944587771789253,0.6055412228210747,Hold,82.3197,82.35006,81.45462,81.62157,24922
2022-06-24 16:00:00,0,0.3794444621851454,0.6205555378148546,Hold,81.62915,81.758156,80.74889,81.15867,18744
2022-06-24 17:00:00,0,0.4261793375207344,0.5738206624792657,Hold,81.15108,81.439445,80.66542,81.15108,15262
2022-06-24 18:00:00,0,0.40961304420809885,0.5903869557919011,Hold,81.15867,81.78851,80.92342,81.5305,16482
2022-06-24 19:00:00,0,0.4118813643813307,0.5881186356186693,Hold,81.52292,81.689865,81.39391,81.67468,3179
2022-06-24 20:00:00,0,0.4144383565734814,0.5855616434265186,Hold,81.65951,81.70504,81.211784,81.24214,2263
2022-06-26 22:00:00,0,0.3539172400129279,0.6460827599870721,Hold,81.363556,81.48497,80.33153,80.77166,4567
2022-06-26 23:00:00,0,0.34863038254250944,0.6513696174574906,Hold,80.786835,80.931015,80.59712,80.79442,1645
2022-06-27 00:00:00,0,0.3536179476539108,0.6463820523460893,Hold,80.817184,81.05243,80.134224,80.3467,4178
2022-06-27 01:00:00,0,0.35323702900120896,0.646762970998791,Hold,80.33153,81.73539,80.30117,81.583626,9106
2022-06-27 02:00:00,0,0.3992427837921597,0.6007572162078403,Hold,81.583626,82.221054,81.469795,82.03134,5364
2022-06-27 03:00:00,0,0.319382206977723,0.680617793022277,Hold,82.03893,82.04652,81.5988,81.69745,2710
2022-06-27 04:00:00,0,0.3302362656385653,0.6697637343614347,Hold,81.71262,81.7961,81.5305,81.67468,1471
2022-06-27 05:00:00,0,0.33315710252283476,0.6668428974771652,Hold,81.6671,81.75057,81.325615,81.59121,3576
2022-06-27 06:00:00,0,0.3411114475062127,0.6588885524937873,Hold,81.59121,81.758156,81.333206,81.60639,3489
2022-06-27 07:00:00,0,0.4333236219087113,0.5666763780912887,Hold,81.60639,82.14517,81.35597,82.06928,7890
2022-06-27 08:00:00,0,0.38507122192040616,0.6149287780795938,Hold,82.0617,82.07687,81.037254,81.09796,10003
2022-06-27 09:00:00,0,0.42076950904135596,0.5792304909586441,Hold,81.11314,81.91752,81.075195,81.89475,6364
2022-06-27 10:00:00,0,0.40252819568399323,0.5974718043160068,Hold,81.88716,81.95546,81.6671,81.84163,4905
2022-06-27 11:00:00,0,0.4499968799997166,0.5500031200002834,Hold,81.84163,82.16035,81.75057,82.06928,5969
2022-06-27 12:00:00,0,0.3783627928758237,0.6216372071241762,Hold,82.07687,82.16794,81.71262,81.80369,8133
2022-06-27 13:00:00,0,0.331825342974271,0.668174657025729,Hold,81.81886,82.56254,80.46812,80.93861,33426
2022-06-27 14:00:00,0,0.36192843721162404,0.638071562788376,Hold,80.931015,83.03302,80.92342,82.99508,30867
2022-06-27 15:00:00,0,0.35356052759686607,0.6464394724031339,Hold,83.00266,83.22273,82.57012,82.767426,21691
2022-06-27 16:00:00,0,0.41064929859442756,0.5893507014055724,Hold,82.767426,83.82222,82.4563,83.7084,22013
2022-06-27 17:00:00,0,0.40745191689705174,0.5925480831029483,Hold,83.72357,83.88293,83.23791,83.65527,11986
2022-06-27 18:00:00,0,0.41158184687870375,0.5884181531212962,Hold,83.65527,83.67045,82.89643,82.941956,16059
2022-06-27 19:00:00,0,0.4024148570882615,0.5975851429117385,Hold,82.93437,83.46556,82.91919,83.336555,4427
2022-06-27 20:00:00,0,0.39210702610294584,0.6078929738970542,Hold,83.34415,83.42003,83.22273,83.32897,1998
2022-06-27 22:00:00,0,0.4063600832631514,0.5936399167368487,Hold,83.60974,83.67045,83.3138,83.54145,1277
2022-06-27 23:00:00,0,0.3977250681122133,0.6022749318877867,Hold,83.51109,83.7084,83.49592,83.7084,909
2022-06-28 00:00:00,0,0.37824235809522067,0.6217576419047793,Hold,83.7084,84.057465,83.60974,83.75392,3734
2022-06-28 01:00:00,0,0.4056336411038152,0.5943663588961847,Hold,83.76151,84.11058,83.74634,84.01193,5607
2022-06-28 02:00:00,0,0.4010164529885057,0.5989835470114944,Hold,83.99676,84.231995,83.89811,84.17129,4287
2022-06-28 03:00:00,0,0.3801449610483742,0.6198550389516257,Hold,84.17888,84.209236,83.93605,84.08023,2279
2022-06-28 04:00:00,0,0.3786409885253171,0.621359011474683,Hold,84.08023,84.21682,84.0347,84.07264,1623
2022-06-28 05:00:00,0,0.3657639878327748,0.6342360121672252,Hold,84.07264,84.201645,83.85258,83.9664,3175
2022-06-28 06:00:00,0,0.42350292710097914,0.5764970728990209,Hold,83.9664,84.65695,83.913284,84.558304,7704
2022-06-28 07:00:00,0,0.33618466685598575,0.6638153331440142,Hold,84.558304,84.778366,83.92087,84.11058,10260
2022-06-28 08:00:00,0,0.36740765042964546,0.6325923495703545,Hold,84.11817,84.43689,83.81464,84.26235,8572
2022-06-28 09:00:00,0,0.3886199163861709,0.6113800836138291,Hold,84.26235,84.52795,84.11817,84.452065,6328
2022-06-28 10:00:00,0,0.3755913119385901,0.6244086880614099,Hold,84.46724,84.76319,84.345825,84.634186,7177
2022-06-28 11:00:00,0,0.31174488506291964,0.6882551149370804,Hold,84.6266,84.68731,84.29271,84.490005,6707
2022-06-28 12:00:00,0,0.27360634307362985,0.7263936569263701,Hold,84.46724,84.68731,84.06505,84.482414,13433
2022-06-28 13:00:00,0,0.2767964556925784,0.7232035443074216,Hold,84.490005,84.56589,83.71598,83.99676,26851
2022-06-28 14:00:00,0,0.3012160178032893,0.6987839821967107,Hold,84.00434,84.64936,83.18479,83.59457,35290
2022-06-28 15:00:00,0,0.31225931857012273,0.6877406814298772,Hold,83.60216,84.482414,83.54145,84.103,24767
2022-06-28 16:00:00,0,0.34946978661467737,0.6505302133853226,Hold,84.103,85.15779,83.844986,84.960495,18581
2022-06-28 17:00:00,0,0.28650082467754695,0.7134991753224531,Hold,84.96808,85.08191,84.42171,84.86184,13122
2022-06-28 18:00:00,0,0.30615174796360967,0.6938482520363903,Hold,84.86943,85.01361,84.44447,84.83907,15264
2022-06-28 19:00:00,0,0.3020553268797439,0.6979446731202561,Hold,84.83907,84.93773,84.65695,84.7556,2582
2022-06-28 20:00:00,0,0.32962059527625365,0.6703794047237464,Hold,84.76319,85.135025,84.68731,84.86943,3083
2022-06-28 22:00:00,0,0.32443726386794236,0.6755627361320576,Hold,84.884605,84.98325,84.7556,84.93773,709
2022-06-28 23:00:00,0,0.2952511160501361,0.7047488839498639,Hold,84.91496,85.0212,84.86184,84.89978,670
2022-06-29 00:00:00,0,0.3512066775424012,0.6487933224575988,Hold,84.87702,85.37027,84.86184,84.98325,3664
2022-06-29 01:00:00,0,0.35548075921300887,0.6445192407869911,Hold,84.98325,85.01361,84.41412,84.4976,6947
2022-06-29 02:00:00,0,0.3660326909798793,0.6339673090201208,Hold,84.4976,84.57348,84.209236,84.35342,4316
2022-06-29 03:00:00,0,0.38564899545743564,0.6143510045425644,Hold,84.361,84.39894,84.06505,84.28512,2911
2022-06-29 04:00:00,0,0.403153304143272,0.596846695856728,Hold,84.27753,84.4976,84.27753,84.383766,1711
2022-06-29 05:00:00,0,0.40117067813297386,0.5988293218670262,Hold,84.383766,84.58865,84.13335,84.52036,3987
2022-06-29 06:00:00,0,0.3746071387599892,0.6253928612400108,Hold,84.52795,84.846664,84.163704,84.239586,6632
2022-06-29 07:00:00,0,0.3932213097542265,0.6067786902457735,Hold,84.239586,84.854256,84.15611,84.83149,5661
2022-06-29 08:00:00,0,0.3868065183859453,0.6131934816140547,Hold,84.83907,85.05155,84.4976,84.61142,9905
2022-06-29 09:00:00,0,0.4286578063985624,0.5713421936014376,Hold,84.61901,85.33233,84.57348,85.04396,8931
2022-06-29 10:00:00,0,0.5146290741681634,0.4853709258318366,Sell,85.05155,85.51445,85.0212,85.45374,6139
2022-06-29 11:00:00,0,0.4942723531116006,0.5057276468883993,Hold,85.46133,86.0077,85.393036,85.87111,10326
2022-06-29 12:00:00,1,0.485859697052346,0.514140302947654,Hold,85.87111,86.4706,85.80281,86.318825,16899
2022-06-29 13:00:00,1,0.39046575773573167,0.6095342422642683,Hold,86.318825,86.34159,85.55239,86.22018,25897
2022-06-29 14:00:00,1,0.4108285751078612,0.5891714248921388,Hold,86.212585,86.54648,85.29438,85.643456,30061
2022-06-29 15:00:00,1,0.3765210525487268,0.6234789474512732,Hold,85.65863,85.673805,84.65695,85.04396,27477
2022-06-29 16:00:00,1,0.36188279259211165,0.6381172074078884,Hold,85.028786,85.11226,84.383766,84.854256,18015
2022-06-29 17:00:00,1,0.31903149068873426,0.6809685093112657,Hold,84.846664,84.87702,83.981575,84.24718,17008
2022-06-29 18:00:00,1,0.2216699802289983,0.7783300197710017,Hold,84.231995,84.35342,82.96472,83.14685,28562
2022-06-29 19:00:00,0,0.21602939711630806,0.7839706028836919,Hold,83.14685,83.18479,82.88125,82.89643,6485
2022-06-29 20:00:00,1,0.2151513828139588,0.7848486171860412,Hold,82.904015,83.21514,82.88125,83.192375,2891
2022-06-29 22:00:00,1,0.21471943630489312,0.7852805636951069,Hold,83.2455,83.298615,82.99508,83.22273,1423
2022-06-29 23:00:00,1,0.24968041240823222,0.7503195875917678,Hold,83.23032,83.298615,83.13926,83.27585,757
2022-06-30 00:00:00,0,0.20028251466995348,0.7997174853300465,Hold,83.268265,83.298615,82.729485,83.02543,2812
2022-06-30 01:00:00,1,0.22619915963283782,0.7738008403671621,Hold,83.010254,83.57939,82.84331,83.42762,6571
2022-06-30 02:00:00,1,0.2569576443585145,0.7430423556414856,Hold,83.42762,83.81464,83.32897,83.769104,3527
2022-06-30 03:00:00,1,0.21753245175916608,0.7824675482408339,Hold,83.76151,83.79945,83.35174,83.450386,2639
2022-06-30 04:00:00,1,0.20139097623260552,0.7986090237673945,Hold,83.46556,83.556625,83.29103,83.29103,1541
2022-06-30 05:00:00,1,0.23566217838631887,0.7643378216136811,Hold,83.28344,83.65527,83.13926,83.45798,3974
2022-06-30 06:00:00,0,0.1862078122578129,0.8137921877421871,Hold,83.45798,83.556625,82.904015,82.94955,4133
2022-06-30 07:00:00,1,0.20693435703929366,0.7930656429607064,Hold,82.94955,83.306206,82.74466,83.13926,7583
2022-06-30 08:00:00,1,0.2557237389472032,0.7442762610527969,Hold,83.13926,83.62492,82.44112,83.412445,15647
2022-06-30 09:00:00,1,0.2245270634892255,0.7754729365107745,Hold,83.404854,83.586975,82.99508,83.25308,9114
2022-06-30 10:00:00,1,0.22030936158881198,0.779690638411188,Hold,83.23791,83.3138,82.691536,82.7143,5677
2022-06-30 11:00:00,0,0.21091586495286435,0.7890841350471356,Hold,82.7143,83.00266,82.258995,82.3197,9201
2022-06-30 12:00:00,1,0.2922406589025883,0.7077593410974117,Hold,82.31212,83.18479,82.12999,83.00266,15578
2022-06-30 13:00:00,0,0.214035252378537,0.7859647476214631,Hold,83.010254,83.1772,81.52292,81.62915,34550
2022-06-30 14:00:00,0,0.19208909242061836,0.8079109075793817,Hold,81.62157,81.71262,79.7548,80.498474,48610
2022-06-30 15:00:00,0,0.21824051941789688,0.7817594805821031,Hold,80.498474,81.363556,79.94451,81.2725,31429
2022-06-30 16:00:00,0,0.22505942960477193,0.7749405703952281,Hold,81.287674,81.84922,80.786835,81.34838,20090
2022-06-30 17:00:00,0,0.23134654270795754,0.7686534572920425,Hold,81.325615,81.333206,80.285995,80.47571,16447
2022-06-30 18:00:00,0,0.2063139614183507,0.7936860385816493,Hold,80.46812,80.72613,80.08111,80.21011,24978
2022-06-30 19:00:00,0,0.21395093237024992,0.78604906762975,Hold,80.2177,80.46053,80.0204,80.36947,4585
2022-06-30 20:00:00,0,0.2248618538847457,0.7751381461152543,Hold,80.36947,80.46812,80.26323,80.44535,3362
2022-06-30 22:00:00,0,0.23513216338338788,0.7648678366166122,Hold,80.44535,80.54401,80.23287,80.33153,994
2022-06-30 23:00:00,0,0.22962060959104955,0.7703793904089504,Hold,80.36188,80.61989,80.3467,80.59712,706
2022-07-01 00:00:00,0,0.2277097017290256,0.7722902982709744,Hold,80.59712,80.98413,80.55918,80.893074,3514
2022-07-01 01:00:00,0,0.2302689895247923,0.7697310104752078,Hold,80.88548,80.91584,80.415,80.71095,5255
2022-07-01 02:00:00,0,0.2197169278442355,0.7802830721557645,Hold,80.71095,80.94619,80.15699,80.316345,4493
2022-07-01 03:00:00,0,0.21328927945190465,0.7867107205480953,Hold,80.32394,80.52124,80.05834,80.15699,4061
2022-07-01 04:00:00,0,0.21461533785602174,0.7853846621439783,Hold,80.1494,80.2177,79.92934,80.00522,2216
2022-07-01 05:00:00,0,0.18857271762466737,0.8114272823753326,Hold,80.00522,80.15699,79.345024,79.44367,6399
2022-07-01 06:00:00,0,0.2504402384345362,0.7495597615654638,Hold,79.44367,79.997635,79.43609,79.709274,5176
2022-07-01 07:00:00,0,0.2774889174735334,0.7225110825264667,Hold,79.69409,80.33153,79.48162,79.98245,8446
2022-07-01 08:00:00,0,0.2685208134008587,0.7314791865991412,Hold,79.98245,81.56086,79.76998,81.23455,15041
2022-07-01 09:00:00,0,0.3207943547333178,0.6792056452666821,Hold,81.23455,81.94028,81.23455,81.77334,8918
2022-07-01 10:00:00,0,0.3251656604261181,0.6748343395738818,Hold,81.758156,82.12999,81.40909,82.008575,8395
2022-07-01 11:00:00,0,0.3469528820150437,0.6530471179849563,Hold,82.01617,82.59289,81.62915,82.43353,11034
2022-07-01 12:00:00,0,0.33426268664053366,0.6657373133594664,Hold,82.44112,82.66878,82.152756,82.19829,16670
2022-07-01 13:00:00,0,0.34592020251568223,0.6540797974843178,Hold,82.18311,82.50183,81.47739,81.60639,25204
2022-07-01 14:00:00,0,0.30279871059653884,0.6972012894034612,Hold,81.62157,81.902336,81.10555,81.59121,25157
2022-07-01 15:00:00,0,0.3187321498693876,0.6812678501306124,Hold,81.59121,82.09964,81.38632,81.81128,16296
2022-07-01 16:00:00,0,0.38213240101686685,0.6178675989831331,Hold,81.834045,82.60806,81.81886,82.00099,14784
2022-07-01 17:00:00,0,0.4246682447012338,0.5753317552987662,Hold,82.008575,82.97231,81.90993,82.63842,15645
2022-07-01 18:00:00,0,0.365478536758651,0.634521463241349,Hold,82.63083,82.84331,81.89475,82.24382,16007
2022-07-01 19:00:00,0,0.39240177972292545,0.6075982202770746,Hold,82.25141,82.3197,81.96304,82.1907,2801
2022-07-01 20:00:00,0,0.411070393833705,0.588929606166295,Hold,82.17552,82.365234,82.10722,82.30453,1910
2022-07-03 22:00:00,0,0.4064730289348868,0.5935269710651132,Hold,82.56254,82.64601,82.09964,82.296936,1331
2022-07-03 23:00:00,0,0.32352336175291546,0.6764766382470846,Hold,82.28176,82.39559,82.05411,82.09205,876
2022-07-04 00:00:00,0,0.3123204927732645,0.6876795072267354,Hold,82.09205,82.221054,81.720215,81.80369,2056
2022-07-04 01:00:00,0,0.35022331390221306,0.6497766860977869,Hold,81.80369,82.084465,81.38632,82.03893,5190
2022-07-04 02:00:00,0,0.33560858067205984,0.6643914193279401,Hold,82.03893,82.23623,81.91752,82.008575,2934
2022-07-04 03:00:00,0,0.35154632553779175,0.6484536744622083,Hold,82.008575,82.27417,82.008575,82.114815,1779
2022-07-04 04:00:00,0,0.35987529838920157,0.6401247016107985,Hold,82.122406,82.24382,82.02375,82.228645,934
2022-07-04 05:00:00,0,0.43545148296469044,0.5645485170353095,Hold,82.228645,82.691536,82.13758,82.63083,3332
2022-07-04 06:00:00,0,0.39981431700837183,0.6001856829916281,Hold,82.63083,82.759834,82.39559,82.509415,3324
2022-07-04 07:00:00,0,0.36821040540327377,0.6317895945967262,Hold,82.49424,82.517006,82.152756,82.28935,4050
2022-07-04 08:00:00,0,0.3638624468720576,0.6361375531279424,Hold,82.296936,82.31212,81.44703,81.74298,7980
2022-07-04 09:00:00,0,0.4022463463964734,0.5977536536035266,Hold,81.73539,82.09205,81.41668,81.98581,5068
2022-07-04 10:00:00,0,0.39136354433589865,0.6086364556641013,Hold,81.98581,82.517006,81.834045,82.41836,3881
2022-07-04 11:00:00,0,0.4621115607586611,0.5378884392413389,Hold,82.42594,83.048195,82.42594,82.941956,6113
2022-07-04 12:00:00,0,0.459228676945133,0.540771323054867,Hold,82.941956,83.47315,82.873665,83.35932,8251
2022-07-04 13:00:00,0,0.37748253255561687,0.6225174674443832,Hold,83.36691,83.61733,83.055786,83.27585,10160
2022-07-04 14:00:00,0,0.4316939791030597,0.5683060208969404,Hold,83.268265,84.0347,83.26067,83.74634,13333
2022-07-04 15:00:00,0,0.37039178954026036,0.6296082104597396,Hold,83.769104,83.89811,83.59457,83.78428,7451
2022-07-04 16:00:00,0,0.3858736147941649,0.6141263852058352,Hold,83.79187,84.057465,83.67045,83.7084,4184
2022-07-04 17:00:00,0,0.39559727827587343,0.6044027217241266,Hold,83.7084,83.93605,83.53386,83.75392,1525
2022-07-04 18:00:00,0,0.37173295652118965,0.6282670434788103,Hold,83.75392,83.97399,83.72357,83.97399,658
2022-07-04 22:00:00,0,0.3872598303893614,0.6127401696106386,Hold,84.04229,84.04229,83.77669,83.85258,836
2022-07-04 23:00:00,0,0.374724364470424,0.625275635529576,Hold,83.85258,83.95882,83.76151,83.77669,866
2022-07-05 00:00:00,0,0.3979282776711489,0.6020717223288511,Hold,83.769104,83.95882,83.5035,83.92846,3126
2022-07-05 01:00:00,1,0.46446557801790184,0.5355344219820981,Hold,83.93605,84.57348,83.93605,84.51277,7010
2022-07-05 02:00:00,1,0.3912781902740224,0.6087218097259777,Hold,84.52036,84.54313,83.60216,83.68563,4589
2022-07-05 03:00:00,1,0.389415374142893,0.610584625857107,Hold,83.67804,83.76151,83.39727,83.60216,2939
2022-07-05 04:00:00,1,0.38374825956205527,0.6162517404379447,Hold,83.57939,83.807045,83.56422,83.769104,1217
2022-07-05 05:00:00,1,0.3165616389371582,0.6834383610628418,Hold,83.769104,83.913284,83.39727,83.5718,2750
2022-07-05 06:00:00,0,0.31565019844360365,0.6843498015563964,Hold,83.5718,83.67804,83.124084,83.22273,4450
2022-07-05 07:00:00,1,0.37505688591949665,0.6249431140805033,Hold,83.22273,83.79945,83.154434,83.75392,7006
2022-07-05 08:00:00,1,0.30811929196341936,0.6918807080365806,Hold,83.76151,83.89811,83.18479,83.23032,9948
2022-07-05 09:00:00,1,0.2566063184321913,0.7433936815678087,Hold,83.23791,83.268265,82.09964,82.44112,12840
2022-07-05 10:00:00,0,0.2751458465002369,0.7248541534997631,Hold,82.44112,82.64601,81.78851,82.0617,9222
2022-07-05 11:00:00,1,0.3110368262095382,0.6889631737904618,Hold,82.05411,82.17552,81.81886,82.13758,7514
2022-07-05 12:00:00,1,0.27726456854391396,0.7227354314560861,Hold,82.12999,82.69913,81.98581,82.07687,11502
2022-07-05 13:00:00,1,0.24750764769516834,0.7524923523048317,Hold,82.09964,82.114815,77.622444,78.343346,81234
2022-07-05 14:00:00,1,0.2515205406513003,0.7484794593486996,Hold,78.32817,78.94283,76.70424,76.84842,48250
2022-07-05 15:00:00,0,0.2118748372000018,0.7881251627999982,Hold,76.85601,76.96224,74.60982,75.679794,69205
2022-07-05 16:00:00,0,0.21791508803556367,0.7820849119644363,Hold,75.6722,75.8771,74.51117,74.59464,32675
2022-07-05 17:00:00,0,0.196593266882205,0.803406733117795,Hold,74.602234,74.883,73.93445,74.22281,33073
2022-07-05 18:00:00,0,0.19666600380106547,0.8033339961989345,Hold,74.22281,75.83915,74.1621,75.23208,31886
2022-07-05 19:00:00,0,0.18272661255405406,0.8172733874459459,Hold,75.22449,75.8771,75.171364,75.535614,9087
2022-07-05 20:00:00,0,0.17609165318776646,0.8239083468122336,Hold,75.535614,75.679794,75.52044,75.543205,2212
2022-07-05 22:00:00,0,0.22206000236710965,0.7779399976328903,Hold,76.15787,76.80289,76.09716,76.438644,4463
2022-07-05 23:00:00,1,0.2254131358909178,0.7745868641090822,Hold,76.43105,76.80289,76.42346,76.77254,2177
2022-07-06 00:00:00,1,0.3311807805601186,0.6688192194398814,Hold,76.78012,77.50861,76.78012,76.88636,8355
2022-07-06 01:00:00,0,0.2638819477976859,0.7361180522023141,Hold,76.87877,77.17472,75.77086,75.88468,10800
2022-07-06 02:00:00,0,0.23529992479679407,0.7647000752032059,Hold,75.89227,76.294464,75.60391,75.679794,6799
2022-07-06 03:00:00,0,0.2827317794150659,0.7172682205849341,Hold,75.6722,76.09716,75.535614,75.930214,4884
2022-07-06 04:00:00,0,0.28626141325302407,0.7137385867469759,Hold,75.930214,76.294464,75.74809,76.24134,2870
2022-07-06 05:00:00,0,0.2893257106715612,0.7106742893284388,Hold,76.24893,76.37794,75.148605,75.45214,8714
2022-07-06 06:00:00,1,0.3002432405713667,0.6997567594286334,Hold,75.45973,76.689064,75.44455,76.67388,9404
2022-07-06 07:00:00,1,0.3122154368017931,0.6877845631982069,Hold,76.6663,77.16714,76.438644,76.89395,13397
2022-07-06 08:00:00,1,0.2783777409903524,0.7216222590096476,Hold,76.89395,76.93189,76.11993,76.62835,11750
2022-07-06 09:00:00,1,0.27978922465589784,0.7202107753441022,Hold,76.62835,76.757355,75.63426,76.006096,10604
2022-07-06 10:00:00,0,0.2809980618255911,0.7190019381744088,Hold,75.99092,76.05163,75.56596,75.793625,8031
2022-07-06 11:00:00,1,0.3060050061695031,0.6939949938304969,Hold,75.793625,76.11993,75.73291,76.10475,6190
2022-07-06 12:00:00,1,0.3089877096764388,0.6910122903235612,Hold,76.112335,76.400696,75.74809,75.98333,13733
2022-07-06 13:00:00,0,0.36013940365398095,0.6398605963460191,Hold,75.968155,76.17304,74.01792,74.25317,48955
2022-07-06 14:00:00,0,0.31024716482161807,0.6897528351783819,Hold,74.245575,74.68571,72.166336,73.04659,52778
2022-07-06 15:00:00,0,0.2650422651970648,0.7349577348029352,Hold,73.054184,73.737144,72.21945,72.947945,39215
2022-07-06 16:00:00,0,0.2849672700418945,0.7150327299581055,Hold,72.955536,73.8358,72.62164,73.32737,22607
2022-07-06 17:00:00,0,0.23095088297294356,0.7690491170270565,Hold,73.33496,74.784355,73.312195,74.56429,24956
2022-07-06 18:00:00,0,0.24919162498855493,0.750808375011445,Hold,74.56429,75.034775,74.1621,74.920944,23277
2022-07-06 19:00:00,0,0.22487416102806226,0.7751258389719378,Hold,74.928535,75.0196,74.63258,74.86024,5132
2022-07-06 20:00:00,0,0.2354852933419363,0.7645147066580638,Hold,74.85265,74.898186,74.26075,74.46564,3657
2022-07-06 22:00:00,0,0.23750417053535766,0.7624958294646423,Hold,74.533936,74.79953,74.39735,74.54153,1412
2022-07-06 23:00:00,0,0.24010417133647816,0.7598958286635218,Hold,74.54153,74.647766,74.51876,74.57947,543
2022-07-07 00:00:00,0,0.2754051175254434,0.7245948824745566,Hold,74.5567,74.754,73.86615,74.495995,5958
2022-07-07 01:00:00,0,0.31018146341973224,0.6898185365802678,Hold,74.4884,74.68571,73.28184,73.7675,8261
2022-07-07 02:00:00,0,0.27231440840638976,0.7276855915936102,Hold,73.78268,74.80712,73.78268,74.66294,5519
2022-07-07 03:00:00,0,0.26055101249510076,0.7394489875048993,Hold,74.65535,75.45214,74.526344,75.178955,6454
2022-07-07 04:00:00,0,0.26680943185087447,0.7331905681491255,Hold,75.178955,75.2776,74.96648,75.01201,2169
2022-07-07 05:00:00,0,0.27446658390602374,0.7255334160939763,Hold,75.0196,75.467316,74.83747,75.00442,4335
2022-07-07 06:00:00,0,0.29808041133048846,0.7019195886695115,Hold,75.01201,75.09548,74.31387,74.382164,6136
2022-07-07 07:00:00,0,0.30330559786813693,0.6966944021318631,Hold,74.382164,75.30037,74.32905,75.15619,10557
2022-07-07 08:00:00,0,0.2736565447294458,0.7263434552705542,Hold,75.148605,75.31555,74.389755,74.85265,12616
2022-07-07 09:00:00,0,0.29613297106860587,0.7038670289313942,Hold,74.85265,75.60391,74.50358,75.39143,12571
2022-07-07 10:00:00,0,0.27351018726346005,0.72648981273654,Hold,75.39143,75.573555,75.02718,75.323135,6634
2022-07-07 11:00:00,0,0.28703004987323827,0.7129699501267617,Hold,75.323135,75.717735,75.178955,75.65703,8507
2022-07-07 12:00:00,0,0.2982934370643803,0.7017065629356197,Hold,75.65703,75.861916,75.39143,75.6722,10966
2022-07-07 13:00:00,0,0.4539969885727322,0.5460030114272678,Hold,75.679794,78.73036,75.62668,78.593765,56669
2022-07-07 14:00:00,0,0.42735824202062933,0.5726417579793707,Hold,78.60894,79.14014,78.07016,78.47994,34071
2022-07-07 15:00:00,0,0.4298924256233301,0.5701075743766699,Hold,78.47994,79.28432,77.97151,78.98078,33476
2022-07-07 16:00:00,0,0.3893358923222405,0.6106641076777595,Hold,78.97319,79.276726,78.53306,78.76071,17949
2022-07-07 17:00:00,0,0.37319710832811426,0.6268028916718857,Hold,78.76071,79.04907,78.33576,78.51029,14835
2022-07-07 18:00:00,0,0.3620196459866286,0.6379803540133714,Hold,78.50271,78.63171,77.8501,78.13087,21377
2022-07-07 19:00:00,0,0.3258259930423334,0.6741740069576666,Hold,78.11569,78.13087,77.59209,77.622444,4986
2022-07-07 20:00:00,0,0.3005096011867831,0.6994903988132168,Hold,77.61485,77.66798,77.43273,77.523796,2188
2022-07-07 22:00:00,0,0.3577147697858258,0.6422852302141742,Hold,77.56932,77.87286,77.554146,77.72868,1316
2022-07-07 23:00:00,0,0.389107347810438,0.610892652189562,Hold,77.72868,78.03981,77.5845,78.017044,1248
2022-07-08 00:00:00,0,0.4023866801221979,0.5976133198778021,Hold,78.017044,78.092926,77.43273,77.88045,3051
2022-07-08 01:00:00,0,0.3669838162257585,0.6330161837742415,Hold,77.88804,78.191574,77.20508,77.402374,5877
2022-07-08 02:00:00,0,0.38366911225060163,0.6163308877493984,Hold,77.39479,77.96392,77.28855,77.523796,4260
2022-07-08 03:00:00,0,0.41199189030964295,0.5880081096903571,Hold,77.523796,77.97151,77.372025,77.85768,3703
2022-07-08 04:00:00,0,0.4292429187553742,0.5707570812446259,Hold,77.84251,78.74554,77.796974,78.168816,6926
2022-07-08 05:00:00,0,0.3676099994450316,0.6323900005549684,Hold,78.161224,78.487526,77.82733,77.90321,4241
2022-07-08 06:00:00,0,0.37068495732608764,0.6293150426739124,Hold,77.88045,78.18399,77.690735,77.75903,4433
2022-07-08 07:00:00,0,0.4040484712287744,0.5959515287712256,Hold,77.74386,77.81974,77.23543,77.698326,10008
2022-07-08 08:00:00,0,0.3860464242540521,0.6139535757459479,Hold,77.70592,77.93357,77.13678,77.32649,10557
2022-07-08 09:00:00,0,0.46731308413727873,0.5326869158627212,Hold,77.35685,77.87286,77.03054,77.56932,7206
2022-07-08 10:00:00,0,0.4743642731035599,0.5256357268964401,Hold,77.56932,78.39647,77.4555,77.698326,8908
2022-07-08 11:00:00,0,0.46944011176152556,0.5305598882384744,Hold,77.70592,78.18399,77.63003,77.89563,5789
2022-07-08 12:00:00,0,0.4980790349444069,0.5019209650555931,Hold,77.88045,78.49512,77.19749,78.47235,14148
2022-07-08 13:00:00,0,0.4672321021112194,0.5327678978887807,Hold,78.47994,79.80033,78.017044,78.03981,42773
2022-07-08 14:00:00,0,0.45764253236469626,0.5423574676353038,Hold,78.03981,79.28432,77.78939,79.11737,24562
2022-07-08 15:00:00,0,0.4309680774415991,0.5690319225584008,Hold,79.12496,79.59544,78.35094,79.59544,21331
2022-07-08 16:00:00,0,0.48746884753065267,0.5125311524693473,Hold,79.58785,79.7548,79.132545,79.39056,15280
2022-07-08 17:00:00,0,0.5317974973034139,0.46820250269658614,Sell,79.39815,79.86104,79.102196,79.40573,10743
2022-07-08 18:00:00,0,0.5323837141110048,0.4676162858889952,Sell,79.40573,79.815506,78.87454,79.61062,22451
2022-07-08 19:00:00,0,0.5151765069140436,0.4848234930859564,Sell,79.61821,79.67892,79.30708,79.352615,4117
2022-07-08 20:00:00,0,0.5612406443647392,0.4387593556352608,Sell,79.3602,79.58785,79.352615,79.527145,1904
2022-07-10 22:00:00,1,0.5073897844490749,0.4926102155509251,Sell,79.51956,79.51956,78.700005,79.05666,2843
2022-07-10 23:00:00,1,0.5112724213930809,0.48872757860691907,Sell,79.04907,79.382965,79.01872,79.21602,1385
2022-07-11 00:00:00,1,0.538149896376116,0.461850103623884,Sell,79.2312,79.71686,79.10978,79.496796,4356
2022-07-11 01:00:00,1,0.5577907360700797,0.4422092639299203,Sell,79.496796,79.59544,78.54823,78.88972,9494
2022-07-11 02:00:00,1,0.5628190990314791,0.4371809009685209,Sell,78.87454,79.064255,78.60894,78.68483,4076
2022-07-11 03:00:00,1,0.5789706786554835,0.42102932134451654,Sell,78.68483,78.988365,78.63171,78.958015,2214
2022-07-11 04:00:00,1,0.5802143999546975,0.4197856000453025,Sell,78.958015,79.04149,78.7683,78.87454,1799
2022-07-11 05:00:00,0,0.5819785377011646,0.4180214622988354,Sell,78.87454,78.92766,78.39647,78.43441,5538
2022-07-11 06:00:00,0,0.5902065698297729,0.40979343017022707,Sell,78.419235,78.54823,78.06258,78.168816,6526
2022-07-11 07:00:00,0,0.5628797837294222,0.43712021627057784,Sell,78.1764,78.51029,77.34167,77.3872,9618
2022-07-11 08:00:00,0,0.5865966729528073,0.41340332704719274,Sell,77.39479,78.22952,77.159546,78.1764,10320
2022-07-11 09:00:00,0,0.5339666442177788,0.46603335578222116,Sell,78.168816,78.88972,77.409966,77.67556,13260
2022-07-11 10:00:00,0,0.581120738705201,0.418879261294799,Sell,77.64521,78.03981,77.49344,77.796974,5706
2022-07-11 11:00:00,0,0.45968736409251676,0.5403126359074832,Hold,77.796974,77.99428,77.18231,77.409966,6201
2022-07-11 12:00:00,0,0.4727029872823494,0.5272970127176506,Hold,77.42514,77.66798,76.56006,76.81048,16190
2022-07-11 13:00:00,0,0.519558647784425,0.48044135221557505,Sell,76.81806,78.66206,76.67388,78.06258,37872
2022-07-11 14:00:00,0,0.5076485761693015,0.4923514238306985,Sell,78.04739,78.27505,77.25061,77.622444,24051
2022-07-11 15:00:00,1,0.5109982122321219,0.48900178776787806,Sell,77.61485,78.97319,77.50103,78.700005,22749
2022-07-11 16:00:00,1,0.5011378969223849,0.49886210307761514,Sell,78.700005,79.04907,78.35852,78.82142,12915
2022-07-11 17:00:00,1,0.5043440541559262,0.4956559458440738,Sell,78.813835,79.352615,78.64689,78.82142,13944
2022-07-11 18:00:00,1,0.47397343068273995,0.5260265693172601,Hold,78.82901,79.19325,78.40405,78.69241,16970
2022-07-11 19:00:00,1,0.46657079528990647,0.5334292047100935,Hold,78.700005,78.87454,78.47994,78.51788,4048
2022-07-11 20:00:00,1,0.5312288187947307,0.4687711812052693,Sell,78.52547,78.66965,78.38129,78.51029,1557
2022-07-11 22:00:00,1,0.5550133313563731,0.4449866686436269,Sell,78.51029,78.53306,77.95634,78.03222,1694
2022-07-11 23:00:00,1,0.6060640028401051,0.3939359971598949,Sell,78.02463,78.343346,77.910805,78.28264,1298
2022-07-12 00:00:00,1,0.5827005441254606,0.4172994558745394,Sell,78.29023,78.40405,77.68315,77.78939,3530
2022-07-12 01:00:00,1,0.5889363149090833,0.41106368509091673,Sell,77.78939,78.38888,77.516205,78.38129,7588
2022-07-12 02:00:00,1,0.558617997862201,0.441382002137799,Sell,78.35852,78.449585,77.75903,77.92598,4365
2022-07-12 03:00:00,1,0.5796928546263648,0.4203071453736352,Sell,77.918396,77.97151,77.63762,77.82733,2357
2022-07-12 04:00:00,1,0.5748809209960882,0.42511907900391177,Sell,77.83492,77.84251,77.59209,77.652794,1162
2022-07-12 05:00:00,1,0.5302349806605788,0.46976501933942116,Sell,77.652794,77.652794,77.28855,77.47067,3864
2022-07-12 06:00:00,1,0.5172916164211833,0.48270838357881674,Sell,77.44791,77.61485,77.13678,77.27338,4191
2022-07-12 07:00:00,1,0.4745119373191845,0.5254880626808155,Hold,77.258194,77.42514,76.85601,77.21266,9235
2022-07-12 08:00:00,1,0.5368484011311745,0.4631515988688255,Sell,77.19749,77.28855,76.727005,77.09125,7919
2022-07-12 09:00:00,1,0.5583774961480695,0.44162250385193047,Sell,77.09125,77.258194,76.689064,77.05331,6262
2022-07-12 10:00:00,1,0.486393804742946,0.513606195257054,Hold,77.045715,77.151955,74.93613,75.467316,15076
2022-07-12 11:00:00,1,0.4767422509736729,0.523257749026327,Hold,75.467316,75.823975,74.670525,75.51285,19520
2022-07-12 12:00:00,1,0.4923344847592414,0.5076655152407585,Hold,75.51285,75.78603,75.12584,75.535614,14223
2022-07-12 13:00:00,0,0.47097765848718626,0.5290223415128137,Hold,75.52802,75.8771,73.89651,74.1621,45664
2022-07-12 14:00:00,0,0.45269147212975863,0.5473085278702414,Hold,74.14693,74.14693,73.130066,73.39567,35677
2022-07-12 15:00:00,0,0.41164975798508885,0.5883502420149112,Hold,73.40325,73.86615,73.03901,73.28943,26355
2022-07-12 16:00:00,0,0.35856386590707456,0.6414361340929254,Hold,73.28943,73.486725,72.735466,72.735466,18718
2022-07-12 17:00:00,0,0.40341884215472285,0.5965811578452771,Hold,72.74306,73.236305,72.68235,73.12248,13875
2022-07-12 18:00:00,0,0.3663368695369978,0.6336631304630023,Hold,73.11489,73.19078,72.40157,72.53817,25089
2022-07-12 19:00:00,0,0.3782249915903362,0.6217750084096638,Hold,72.53817,72.659584,72.35605,72.60647,5125
2022-07-12 20:00:00,0,0.36279353719501845,0.6372064628049816,Hold,72.61405,72.773415,72.37881,72.57611,3559
2022-07-12 22:00:00,0,0.39822293229507355,0.6017770677049264,Hold,72.76582,72.76582,72.42434,72.62164,1498
2022-07-12 23:00:00,0,0.3787236676828727,0.6212763323171273,Hold,72.62923,72.659584,71.081184,71.63514,6176
2022-07-13 00:00:00,0,0.4281356631881641,0.5718643368118359,Hold,71.64273,72.447105,71.627556,71.91592,6027
2022-07-13 01:00:00,0,0.48250703800636624,0.5174929619936337,Hold,71.900734,72.82653,71.802086,72.553345,7923
2022-07-13 02:00:00,0,0.41099803258490514,0.5890019674150948,Hold,72.560936,73.00107,72.49264,72.83412,4803
2022-07-13 03:00:00,0,0.4258120156850129,0.5741879843149871,Hold,72.85689,72.985886,72.63682,72.68235,2412
2022-07-13 04:00:00,0,0.42835716056458717,0.5716428394354128,Hold,72.68235,72.70512,72.48505,72.61405,1891
2022-07-13 05:00:00,0,0.4429302627377258,0.5570697372622742,Hold,72.60647,72.96312,72.447105,72.48505,3492
2022-07-13 06:00:00,1,0.44080509076590835,0.5591949092340917,Hold,72.46987,73.888916,72.34846,73.65367,9400
2022-07-13 07:00:00,0,0.45161635453924104,0.5483836454607589,Hold,73.64609,73.775085,73.14525,73.3046,7964
2022-07-13 08:00:00,1,0.45953729617998285,0.5404627038200172,Hold,73.312195,73.87374,73.19078,73.82062,7572
2022-07-13 09:00:00,0,0.4620063811941417,0.5379936188058583,Hold,73.82821,73.8358,73.18319,73.22113,5570
2022-07-13 10:00:00,0,0.4194035384336278,0.5805964615663721,Hold,73.22872,73.41084,73.03901,73.22872,4794
2022-07-13 11:00:00,0,0.43099080053686933,0.5690091994631307,Hold,73.22113,73.600555,72.86447,73.054184,9441
2022-07-13 12:00:00,0,0.45155478215340805,0.548445217846592,Hold,73.061775,73.342545,71.68826,72.40157,22910
2022-07-13 13:00:00,0,0.45563213716200335,0.5443678628379967,Hold,72.40157,73.51708,72.25739,73.14525,32156
2022-07-13 14:00:00,1,0.4811281199121209,0.5188718800878791,Hold,73.13766,73.87374,71.93868,73.64609,26865
2022-07-13 15:00:00,0,0.4453873421235874,0.5546126578764126,Hold,73.65367,74.33663,72.46228,72.50023,27147
2022-07-13 16:00:00,1,0.4095568657031272,0.5904431342968728,Hold,72.49264,72.841705,72.196686,72.75823,14781
2022-07-13 17:00:00,1,0.4074017961433651,0.5925982038566349,Hold,72.76582,73.3729,72.447105,73.350136,10372
2022-07-13 18:00:00,1,0.38615129346136784,0.6138487065386322,Hold,73.350136,73.3729,72.67476,73.25907,16363
2022-07-13 19:00:00,1,0.4113932121665182,0.5886067878334817,Hold,73.25149,73.25907,72.62164,72.70512,2855
2022-07-13 20:00:00,1,0.4329936889200182,0.5670063110799818,Hold,72.70512,73.27425,72.60647,73.15283,1868
2022-07-13 22:00:00,1,0.3686448729493865,0.6313551270506135,Hold,73.28184,73.418434,72.75065,72.86447,971
2022-07-13 23:00:00,0,0.37760823748355204,0.6223917625164479,Hold,72.841705,72.917595,72.5154,72.76582,906
2022-07-14 00:00:00,0,0.40081198093219467,0.5991880190678054,Hold,72.74306,72.955536,72.65199,72.67476,1840
2022-07-14 01:00:00,1,0.43798783282258563,0.5620121671774143,Hold,72.67476,73.28184,72.447105,73.01624,5265
2022-07-14 02:00:00,1,0.4282103502475287,0.5717896497524713,Hold,73.03142,73.494316,72.99348,73.350136,3518
2022-07-14 03:00:00,1,0.4169145557988213,0.5830854442011787,Hold,73.35772,73.60814,73.35772,73.47155,2118
2022-07-14 04:00:00,1,0.4013797277741287,0.5986202722258713,Hold,73.47914,73.524666,73.38808,73.486725,759
2022-07-14 05:00:00,1,0.4095215271704146,0.5904784728295853,Hold,73.494316,73.53226,72.88724,72.99348,2716
2022-07-14 06:00:00,1,0.39975171571353774,0.6002482842864623,Hold,72.9783,73.09972,72.67476,72.7127,4338
2022-07-14 07:00:00,1,0.4269405335568959,0.5730594664431041,Hold,72.70512,72.83412,72.166336,72.57611,7910
2022-07-14 08:00:00,0,0.4082348040046354,0.5917651959953646,Hold,72.591286,72.591286,70.92182,71.14189,14497
2022-07-14 09:00:00,0,0.39740245757192494,0.6025975424280751,Hold,71.12672,71.39231,70.89147,71.37714,8104
2022-07-14 10:00:00,0,0.3686471294579419,0.6313528705420581,Hold,71.38472,71.5289,70.754875,71.19501,7909
2022-07-14 11:00:00,0,0.39840214607644575,0.6015978539235542,Hold,71.16466,71.802086,70.830765,71.58961,9199
2022-07-14 12:00:00,1,0.40746060781154736,0.5925393921884526,Hold,71.58961,72.34846,71.21019,72.21945,12682
2022-07-14 13:00:00,0,0.40136113589190436,0.5986388641080956,Hold,72.21186,72.264984,68.72117,69.677315,44576
2022-07-14 14:00:00,0,0.3537379190661217,0.6462620809338784,Hold,69.66973,70.95218,69.03989,70.64864,35436
2022-07-14 15:00:00,0,0.3464462779491643,0.6535537220508356,Hold,70.65623,71.60479,70.51964,71.506134,26264
2022-07-14 16:00:00,0,0.33215826948428406,0.6678417305157159,Hold,71.506134,72.14357,71.24054,71.73379,20289
2022-07-14 17:00:00,0,0.3536523892946456,0.6463476107053544,Hold,71.74897,72.48505,71.70344,72.21186,11294
2022-07-14 18:00:00,0,0.3807516924468284,0.6192483075531716,Hold,72.20428,73.494316,72.08286,73.27425,23793
2022-07-14 19:00:00,0,0.35976110577154125,0.6402388942284587,Hold,73.28184,73.28943,72.86447,72.985886,4585
2022-07-14 20:00:00,0,0.4011101253452313,0.5988898746547686,Hold,73.00107,73.3046,72.96312,73.205956,1589
2022-07-14 22:00:00,0,0.42141782520751336,0.5785821747924866,Hold,73.14525,73.19078,72.94036,73.168015,836
2022-07-14 23:00:00,0,0.4570109158309237,0.5429890841690763,Hold,73.1756,73.38808,73.00107,73.33496,823
2022-07-15 00:00:00,0,0.40053259173792494,0.599467408262075,Hold,73.31978,73.42602,72.92518,72.94036,2109
2022-07-15 01:00:00,0,0.4427218223377886,0.5572781776622113,Hold,72.93277,73.19078,72.61405,73.130066,4875
2022-07-15 02:00:00,0,0.40458374592353097,0.595416254076469,Hold,73.14525,73.53985,72.96312,73.3046,3824
2022-07-15 03:00:00,0,0.3989423379593551,0.6010576620406449,Hold,73.33496,73.36531,73.023834,73.22872,1996
2022-07-15 04:00:00,0,0.3899830438863639,0.6100169561136362,Hold,73.22872,73.25149,73.054184,73.08454,835
2022-07-15 05:00:00,0,0.42798278156194236,0.5720172184380576,Hold,73.07695,73.27425,72.85689,73.092125,2893
2022-07-15 06:00:00,0,0.4561954494346813,0.5438045505653186,Hold,73.054184,73.25149,72.48505,72.522995,4014
2022-07-15 07:00:00,0,0.4425160448941313,0.5574839551058687,Hold,72.53817,73.01624,72.158745,72.40157,7567
2022-07-15 08:00:00,0,0.4688471958886994,0.5311528041113006,Hold,72.40157,72.96312,71.764145,72.87965,10881
2022-07-15 09:00:00,0,0.42810805665456425,0.5718919433454357,Hold,72.89483,73.08454,72.5837,72.76582,5876
2022-07-15 10:00:00,0,0.5047981947637186,0.49520180523628143,Sell,72.75823,74.4277,72.62164,73.995155,9282
2022-07-15 11:00:00,0,0.5257996656797068,0.4742003343202932,Sell,73.987564,74.12416,73.62332,73.66885,5885
2022-07-15 12:00:00,0,0.5137104315933606,0.4862895684066394,Sell,73.69161,74.79195,73.58538,74.69329,11348
2022-07-15 13:00:00,0,0.5009442711772466,0.4990557288227534,Sell,74.678116,75.148605,73.35772,73.737144,20988
2022-07-15 14:00:00,0,0.49427595663926527,0.5057240433607347,Hold,73.72956,74.87542,73.72956,74.647766,16143
2022-07-15 15:00:00,0,0.4711968294185674,0.5288031705814327,Hold,74.647766,75.09548,74.17728,74.46564,14988
2022-07-15 16:00:00,0,0.4287775201602372,0.5712224798397628,Hold,74.44287,74.647766,73.888916,74.56429,7959
2022-07-15 17:00:00,0,0.4250708070511379,0.574929192948862,Hold,74.57947,74.920944,74.0331,74.245575,9205
2022-07-15 18:00:00,0,0.418433913381321,0.5815660866186789,Hold,74.245575,74.526344,73.79027,74.29111,14254
2022-07-15 19:00:00,0,0.41131582607509787,0.5886841739249021,Hold,74.29111,74.29869,73.80544,74.08622,3347
2022-07-15 20:00:00,0,0.38846945517156195,0.611530544828438,Hold,74.0938,74.22281,73.82821,74.04069,1420
2022-07-17 22:00:00,0,0.46728679800940953,0.5327132019905905,Hold,73.813034,74.389755,73.75991,73.94962,1114
2022-07-17 23:00:00,0,0.4816158880284091,0.5183841119715908,Hold,73.93445,73.987564,73.744736,73.75233,329
2022-07-18 00:00:00,0,0.4376965689794341,0.5623034310205659,Hold,73.75233,73.75233,72.735466,72.94036,1200
2022-07-18 01:00:00,0,0.5285627470623202,0.4714372529376798,Sell,72.91,73.80544,72.79617,73.50949,2318
2022-07-18 02:00:00,0,0.537533532128209,0.462466467871791,Sell,73.50949,74.4277,73.27425,74.29869,1201
2022-07-18 03:00:00,0,0.5272577430019443,0.4727422569980557,Sell,74.30628,74.526344,74.16969,74.36699,505
2022-07-18 04:00:00,0,0.517217452678508,0.48278254732149195,Sell,74.389755,74.420105,74.20004,74.37458,323
2022-07-18 05:00:00,0,0.5956684479244561,0.40433155207554394,Sell,74.36699,75.2776,74.17728,74.94371,1027
2022-07-18 06:00:00,0,0.5906644784447609,0.4093355215552391,Sell,74.93613,76.05163,74.68571,75.793625,1878
2022-07-18 07:00:00,0,0.5568683285185249,0.44313167148147514,Sell,75.74809,76.31722,75.56596,75.86951,1309
2022-07-18 08:00:00,0,0.5577882372956597,0.44221176270434026,Sell,75.8771,76.16546,75.467316,75.70256,1205
2022-07-18 09:00:00,0,0.5364009526954305,0.46359904730456947,Sell,75.72533,75.77844,75.23966,75.323135,761
2022-07-18 10:00:00,0,0.5185394832098444,0.48146051679015556,Sell,75.30796,75.70256,75.23966,75.33073,833
2022-07-18 11:00:00,0,0.5350035129902599,0.46499648700974006,Sell,75.35349,75.7405,74.66294,75.16378,1625
2022-07-18 12:00:00,0,0.6179406387587795,0.38205936124122053,Sell,75.148605,75.937805,75.141014,75.90745,1762
2022-07-18 13:00:00,0,0.6382624139077815,0.3617375860922185,Sell,75.8771,77.7135,75.80121,77.48585,6989
2022-07-18 14:00:00,0,0.5907156576843832,0.40928434231561683,Sell,77.50861,77.53897,76.88636,77.21266,3363
2022-07-18 15:00:00,0,0.5598944142071011,0.44010558579289893,Sell,77.24302,77.48585,76.833244,77.41756,2097
2022-07-18 16:00:00,0,0.5339262991511688,0.46607370084883115,Sell,77.37961,77.48585,76.80289,77.007774,1408
2022-07-18 17:00:00,0,0.528828132126308,0.47117186787369203,Sell,77.02296,77.43273,76.96983,77.02296,2056
2022-07-18 18:00:00,0,0.5634056564500952,0.4365943435499048,Sell,77.00019,78.00945,76.78771,77.75145,4653
2022-07-18 19:00:00,0,0.5245455910517446,0.4754544089482554,Sell,77.72868,77.74386,77.42514,77.5845,572
2022-07-18 20:00:00,0,0.5277338312333584,0.4722661687666416,Sell,77.59968,77.622444,77.43273,77.47067,200
2022-07-18 22:00:00,0,0.554644652177612,0.44535534782238795,Sell,77.402374,77.4555,77.18231,77.3872,309
2022-07-18 23:00:00,0,0.5853893351670288,0.41461066483297115,Sell,77.372025,77.523796,77.31132,77.46308,77
2022-07-19 00:00:00,0,0.5423326621939375,0.4576673378060625,Sell,77.402374,77.516205,77.24302,77.478264,89
2022-07-19 01:00:00,0,0.557444297083012,0.442555702916988,Sell,77.50861,77.88804,77.478264,77.81216,418
2022-07-19 02:00:00,0,0.5381135102960083,0.4618864897039917,Sell,77.7818,78.08534,77.64521,77.7818,220
2022-07-19 03:00:00,0,0.5476177443126307,0.45238225568736934,Sell,77.75145,77.84251,77.61485,77.64521,141
2022-07-19 04:00:00,0,0.5899452960663208,0.41005470393367915,Sell,77.690735,77.7135,77.53138,77.61485,60
2022-07-19 05:00:00,0,0.5961404556800177,0.4038595443199823,Sell,77.61485,78.00187,77.523796,77.63762,114
2022-07-19 06:00:00,0,0.6281745713373456,0.37182542866265444,Sell,77.63003,78.13087,77.59968,77.948746,155
2022-07-19 07:00:00,1,0.6493713487165307,0.3506286512834693,Sell,77.85768,78.46476,77.84251,78.191574,228
2022-07-19 08:00:00,0,0.5543145656541887,0.4456854343458113,Sell,78.18399,78.32058,77.19749,77.3872,446
2022-07-19 09:00:00,0,0.5861862348976467,0.41381376510235335,Sell,77.34926,77.61485,77.24302,77.5845,348
2022-07-19 10:00:00,0,0.5274200785999361,0.4725799214000639,Sell,77.63762,77.910805,76.60559,76.77254,442
2022-07-19 11:00:00,0,0.4769884582273256,0.5230115417726744,Hold,76.598,76.65871,75.77086,76.44623,855
2022-07-19 12:00:00,0,0.515687081828169,0.484312918171831,Sell,76.40829,76.833244,76.08957,76.613174,405
2022-07-19 13:00:00,0,0.5623318083570283,0.43766819164297166,Sell,76.63594,77.53138,75.77086,77.03813,758
2022-07-19 14:00:00,0,0.5293918359275154,0.4706081640724846,Sell,76.98501,77.96392,76.78012,77.61485,682
2022-07-19 15:00:00,0,0.5727664617704403,0.4272335382295597,Sell,77.63762,78.054985,77.13678,78.03981,737
2022-07-19 16:00:00,0,0.5703030407996956,0.4296969592003044,Sell,78.07016,79.0339,77.98669,79.0339,616
2022-07-19 17:00:00,1,0.559527357425375,0.44047264257462504,Sell,79.04149,79.26914,78.74554,78.92007,637
2022-07-19 18:00:00,1,0.5593668473194942,0.44063315268050585,Sell,78.94283,79.14014,78.7683,78.988365,819
2022-07-19 19:00:00,1,0.5174303153287986,0.4825696846712014,Sell,79.04149,79.064255,78.86695,78.88972,259
2022-07-19 20:00:00,1,0.5173385158873381,0.48266148411266185,Sell,78.950424,79.094604,78.71518,78.806244,157
2022-07-20 00:00:00,1,0.5241748412430687,0.4758251587569313,Sell,78.806244,78.8848,78.63341,78.727684,1885
2022-07-20 01:00:00,1,0.5306739459277278,0.46932605407227224,Sell,78.719826,78.9948,78.39772,78.54699,6170
2022-07-20 02:00:00,1,0.5846787595267646,0.4153212404732354,Sell,78.54699,78.97908,78.48414,78.91623,3986
2022-07-20 03:00:00,1,0.5817044100441868,0.4182955899558132,Sell,78.91623,78.97908,78.68054,78.719826,2466
2022-07-20 04:00:00,1,0.5537607102411503,0.44623928975884974,Sell,78.719826,78.798386,78.507706,78.5627,1913
2022-07-20 05:00:00,0,0.5776021435858354,0.4223978564141646,Sell,78.54699,78.578415,78.04418,78.05204,5428
2022-07-20 06:00:00,0,0.5549614161128282,0.44503858388717177,Sell,78.05204,78.20131,77.808495,78.06776,7084
2022-07-20 07:00:00,0,0.5558167236964389,0.44418327630356114,Sell,78.06776,78.232735,77.47853,77.792786,8597
2022-07-20 08:00:00,0,0.5682161915711783,0.4317838084288217,Sell,77.800644,78.53127,77.800644,78.2563,9310
2022-07-20 09:00:00,0,0.5629958155771339,0.43700418442286615,Sell,78.26416,78.42129,77.90277,78.16988,4901
2022-07-20 10:00:00,0,0.5453235029769476,0.45467649702305235,Sell,78.16988,78.22488,77.588524,77.98919,9905
2022-07-20 11:00:00,0,0.5563548143451921,0.4436451856548079,Sell,77.98919,78.17774,77.502106,78.04418,8750
2022-07-20 12:00:00,0,0.5173445624244097,0.48265543757559026,Sell,78.03633,78.20917,77.38426,77.81635,12685
2022-07-20 13:00:00,0,0.5377348092521667,0.46226519074783334,Sell,77.82421,78.16988,77.40783,77.85564,24147
2022-07-20 14:00:00,1,0.5473873505344988,0.45261264946550117,Sell,77.86349,78.64912,77.11714,78.53913,36929
2022-07-20 15:00:00,1,0.5112627892554277,0.4887372107445723,Sell,78.53913,78.62555,78.05204,78.46842,19299
2022-07-20 16:00:00,1,0.5511827976768251,0.4488172023231749,Sell,78.46057,79.12835,78.27202,78.9948,15986
2022-07-20 17:00:00,1,0.5098886627060352,0.49011133729396483,Sell,79.00265,79.05765,78.091324,78.12275,14052
2022-07-20 18:00:00,1,0.5235508459414475,0.4764491540585525,Sell,78.12275,78.60984,77.74564,78.34272,20283
2022-07-20 19:00:00,1,0.51454129036098,0.48545870963902005,Sell,78.34272,78.67268,78.303444,78.40557,4688
2022-07-20 20:00:00,1,0.5358265928093646,0.4641734071906354,Sell,78.38986,78.515564,78.3113,78.41343,1592
2022-07-20 22:00:00,1,0.5227877675472731,0.4772122324527269,Sell,78.49199,78.55484,78.2563,78.28773,696
2022-07-20 23:00:00,1,0.5001951230116889,0.4998048769883111,Sell,78.295586,78.38986,78.1856,78.19345,982
2022-07-21 00:00:00,1,0.5865019980880417,0.4134980019119583,Sell,78.17774,78.31915,78.09918,78.2563,1696
2022-07-21 01:00:00,1,0.5275595060405484,0.47244049395945165,Sell,78.2563,78.34272,77.69065,77.78493,5124
2022-07-21 02:00:00,1,0.5687550440317978,0.4312449559682022,Sell,77.78493,77.88706,77.66708,77.83207,2788
2022-07-21 03:00:00,1,0.6037908515677599,0.3962091484322401,Sell,77.82421,77.97348,77.76922,77.86349,1702
2022-07-21 04:00:00,0,0.5707029674017443,0.4292970325982557,Sell,77.871346,77.8792,77.63566,77.66708,1579
2022-07-21 05:00:00,1,0.5831095251548885,0.41689047484511155,Sell,77.659225,78.0599,77.61209,78.020615,3642
2022-07-21 06:00:00,1,0.5803087057773038,0.41969129422269624,Sell,78.020615,78.19345,77.63566,77.66708,5001
2022-07-21 07:00:00,1,0.5119205073424431,0.4880794926575569,Sell,77.659225,78.020615,76.50436,76.67719,12087
2022-07-21 08:00:00,0,0.44207671119227454,0.5579232888077255,Hold,76.68505,76.7479,75.663734,76.04084,19575
2022-07-21 09:00:00,0,0.41604341919415094,0.5839565808058491,Hold,76.05655,76.06441,74.83883,75.12165,14566
2022-07-21 10:00:00,0,0.39529570927446395,0.604704290725536,Hold,75.12165,75.24735,74.312454,74.85454,14588
2022-07-21 11:00:00,0,0.3820294233928644,0.6179705766071356,Hold,74.85454,75.52232,74.6817,75.1138,13204
2022-07-21 12:00:00,0,0.37744061384270283,0.6225593861572971,Hold,75.090225,75.85229,74.728836,75.55375,15102
2022-07-21 13:00:00,0,0.4468217681113268,0.5531782318886732,Hold,75.56946,76.590775,75.153076,76.33152,32612
2022-07-21 14:00:00,0,0.42580918843736265,0.5741908115626373,Hold,76.3158,76.38651,74.88596,75.868,29322
2022-07-21 15:00:00,0,0.4513236162197642,0.5486763837802358,Hold,75.875854,76.28438,75.027374,76.19011,21325
2022-07-21 16:00:00,0,0.4500923209712126,0.5499076790287873,Hold,76.18225,76.45722,75.88371,76.33938,11997
2022-07-21 17:00:00,0,0.4396714203492199,0.5603285796507801,Hold,76.33938,76.55149,75.92299,76.13511,11989
2022-07-21 18:00:00,0,0.4686335248550435,0.5313664751449565,Hold,76.1194,76.19011,75.514465,75.69516,16146
2022-07-21 19:00:00,0,0.4861815063241414,0.5138184936758585,Hold,75.70302,75.78158,75.49876,75.7423,3697
2022-07-21 20:00:00,0,0.3946098787398831,0.6053901212601169,Hold,75.75015,75.91514,75.62445,75.875854,2243
2022-07-21 22:00:00,0,0.3993557393613527,0.6006442606386473,Hold,75.82086,75.89157,75.71873,75.813,656
2022-07-21 23:00:00,0,0.392940314619856,0.607059685380144,Hold,75.805145,75.813,75.49876,75.49876,987
2022-07-22 00:00:00,0,0.39089144237749673,0.6091085576225033,Hold,75.514465,75.860146,75.514465,75.78158,1661
2022-07-22 01:00:00,1,0.4764927006567266,0.5235072993432734,Hold,75.78158,76.79504,75.585175,76.75576,7499
2022-07-22 02:00:00,1,0.42704667495763043,0.5729533250423695,Hold,76.76361,76.95216,76.55935,76.63006,5133
2022-07-22 03:00:00,1,0.4406451332007215,0.5593548667992785,Hold,76.6222,76.76361,76.34723,76.40222,3077
2022-07-22 04:00:00,1,0.4780292243112621,0.521970775688738,Hold,76.40222,76.50436,76.2451,76.38651,1733
2022-07-22 05:00:00,1,0.5075478280812363,0.49245217191876367,Sell,76.378654,76.590775,76.29224,76.46507,2892
2022-07-22 06:00:00,1,0.5933787254720292,0.4066212745279708,Sell,76.47293,76.936455,76.441505,76.9286,5546
2022-07-22 07:00:00,0,0.4998820794160448,0.5001179205839552,Hold,76.92074,76.95216,75.14522,75.40448,10647
2022-07-22 08:00:00,0,0.5597762583423306,0.4402237416576694,Sell,75.41234,76.14297,75.20022,75.860146,10224
2022-07-22 09:00:00,0,0.5130036305125909,0.4869963694874091,Sell,75.868,76.02512,74.84668,75.24735,9436
2022-07-22 10:00:00,0,0.48891734201170145,0.5110826579882985,Hold,75.24735,75.443756,74.02963,74.6817,13444
2022-07-22 11:00:00,0,0.4784720482310855,0.5215279517689144,Hold,74.68956,75.26307,74.12391,75.01952,10345
2022-07-22 12:00:00,0,0.44547827525262323,0.5545217247473768,Hold,75.03523,75.35734,74.61885,74.95667,11213
2022-07-22 13:00:00,0,0.450990597851273,0.5490094021487271,Hold,74.96453,76.38651,74.64242,75.40448,37138
2022-07-22 14:00:00,0,0.5334463563190501,0.46655364368094987,Sell,75.40448,76.27653,75.13737,76.166534,22883
2022-07-22 15:00:00,0,0.5479745822670412,0.4520254177329588,Sell,76.17439,76.724335,75.954414,76.441505,20475
2022-07-22 16:00:00,0,0.4829636800156656,0.5170363199843344,Hold,76.44936,76.54364,75.663734,75.78944,10724
2022-07-22 17:00:00,0,0.43703720878987623,0.5629627912101238,Hold,75.78944,75.813,74.89382,75.06666,12795
2022-07-22 18:00:00,0,0.41202079260505414,0.5879792073949459,Hold,75.05095,75.09808,74.28889,74.46958,21480
2022-07-22 19:00:00,0,0.38740982734224444,0.6125901726577556,Hold,74.47744,74.51672,74.24175,74.312454,4003
2022-07-22 20:00:00,0,0.44631719504719486,0.5536828049528051,Hold,74.32031,74.81526,74.28889,74.70527,2874
2022-07-24 22:00:00,0,0.42861216212146264,0.5713878378785373,Hold,74.71313,75.07452,74.39887,74.95667,2067
2022-07-24 23:00:00,0,0.38019780209818094,0.6198021979018191,Hold,74.97238,74.9881,74.556,74.56386,1549
2022-07-25 00:00:00,0,0.3956059296542162,0.6043940703457837,Hold,74.56386,75.23164,74.47744,74.69741,3620
2022-07-25 01:00:00,0,0.3827851653377847,0.6172148346622153,Hold,74.6817,74.74455,73.723236,73.73895,10640
2022-07-25 02:00:00,0,0.38097768033567786,0.6190223196643221,Hold,73.75466,73.89607,73.47969,73.809654,5162
2022-07-25 03:00:00,0,0.35590290751036874,0.6440970924896312,Hold,73.809654,73.99035,73.62896,73.801796,3037
2022-07-25 04:00:00,0,0.3814157854718087,0.6185842145281912,Hold,73.793945,73.91179,73.6761,73.793945,1148
2022-07-25 05:00:00,0,0.37613554571782487,0.6238644542821752,Hold,73.77823,73.84108,73.49541,73.793945,3556
2022-07-25 06:00:00,0,0.34793388422974375,0.6520661157702563,Hold,73.78609,73.9275,73.1733,73.597534,6968
2022-07-25 07:00:00,0,0.30501974688897004,0.69498025311103,Hold,73.597534,73.88822,73.11045,73.28329,9431
2022-07-25 08:00:00,0,0.37661165059008,0.6233883494099199,Hold,73.291145,74.375305,73.07117,74.32031,12277
2022-07-25 09:00:00,0,0.40910884252453256,0.5908911574754674,Hold,74.32031,75.46733,74.19461,75.34163,13034
2022-07-25 10:00:00,0,0.38742588431518293,0.612574115684817,Hold,75.34949,75.45947,75.00381,75.3652,7150
2022-07-25 11:00:00,0,0.4101968319741756,0.5898031680258244,Hold,75.3652,75.451614,75.03523,75.14522,6609
2022-07-25 12:00:00,0,0.46344578776483397,0.5365542122351661,Hold,75.153076,76.04869,75.13737,75.57732,14666
2022-07-25 13:00:00,0,0.44150822860624045,0.5584917713937596,Hold,75.585175,76.09583,74.83883,75.1138,24369
2022-07-25 14:00:00,0,0.43646609272692877,0.5635339072730712,Hold,75.10594,75.60088,74.60314,75.302345,22406
2022-07-25 15:00:00,0,0.4622657877224475,0.5377342122775526,Hold,75.302345,75.938705,75.24735,75.67159,17691
2022-07-25 16:00:00,0,0.472987305490703,0.527012694509297,Hold,75.67945,75.77372,75.239494,75.56161,9692
2022-07-25 17:00:00,0,0.5238896470470679,0.47611035295293214,Sell,75.55375,75.938705,75.373055,75.805145,11989
2022-07-25 18:00:00,0,0.5228737148537647,0.47712628514623534,Sell,75.797295,76.15868,75.55375,75.868,16902
2022-07-25 19:00:00,0,0.5033557767584159,0.4966442232415841,Sell,75.875854,76.10368,75.805145,76.00156,2826
2022-07-25 20:00:00,0,0.4460274709446675,0.5539725290553326,Hold,75.98584,76.04869,75.64017,75.77372,2185
2022-07-25 22:00:00,0,0.4893536408551806,0.5106463591448194,Hold,75.67945,75.726585,75.514465,75.6166,1112
2022-07-25 23:00:00,0,0.48783451262351724,0.5121654873764827,Hold,75.60874,75.70302,75.54589,75.585175,717
2022-07-26 00:00:00,0,0.508423379428331,0.49157662057166895,Sell,75.59303,75.71873,75.32591,75.451614,2016
2022-07-26 01:00:00,0,0.6087833667792522,0.39121663322074784,Sell,75.45947,76.70076,75.451614,76.55149,11002
2022-07-26 02:00:00,1,0.5817696186618488,0.41823038133815116,Sell,76.55149,77.39997,76.44936,77.156425,8939
2022-07-26 03:00:00,0,0.5276304569482163,0.4723695430517837,Sell,77.17214,77.289986,76.97573,76.9993,3082
2022-07-26 04:00:00,0,0.5169089811936769,0.4830910188063231,Sell,76.9993,77.11714,76.89717,76.91288,2086
2022-07-26 05:00:00,0,0.5301169582569201,0.46988304174307993,Sell,76.92074,77.14857,76.85789,77.085724,3367
2022-07-26 06:00:00,0,0.5118915702763321,0.48810842972366786,Sell,77.085724,77.33712,76.99145,77.14072,4176
2022-07-26 07:00:00,0,0.47537470172637186,0.5246252982736281,Hold,77.13286,77.54138,76.97573,77.093575,8266
2022-07-26 08:00:00,1,0.4669788314053129,0.5330211685946871,Hold,77.10143,77.53353,77.00716,77.45496,8343
2022-07-26 09:00:00,1,0.3958558752857109,0.6041441247142891,Hold,77.447105,77.77707,77.17214,77.33712,7690
2022-07-26 10:00:00,1,0.46968513505501447,0.5303148649449856,Hold,77.32926,77.56495,76.95216,77.19571,6381
2022-07-26 11:00:00,1,0.5032954377954371,0.49670456220456294,Sell,77.19571,77.49425,77.16428,77.35284,5060
2022-07-26 12:00:00,1,0.4796327357063069,0.5203672642936932,Hold,77.34498,77.53353,76.83432,77.27427,10965
2022-07-26 13:00:00,1,0.4569352342154705,0.5430647657845296,Hold,77.27427,77.439255,76.53578,76.83432,21577
2022-07-26 14:00:00,0,0.4977198174450002,0.5022801825549998,Hold,76.83432,77.11714,76.04869,76.300095,25043
2022-07-26 15:00:00,0,0.5074735813475911,0.49252641865240887,Sell,76.30795,76.43365,74.88596,75.011665,36658
2022-07-26 16:00:00,0,0.5010284292741127,0.49897157072588727,Sell,75.011665,75.38091,74.4853,75.29449,23238
2022-07-26 17:00:00,0,0.4806505062495842,0.5193494937504157,Hold,75.27878,75.451614,75.05095,75.20807,8622
2022-07-26 18:00:00,0,0.4703629765473239,0.5296370234526762,Hold,75.20807,75.3652,74.446014,74.61099,20517
2022-07-26 19:00:00,0,0.44487732978222416,0.5551226702177758,Hold,74.61885,74.76812,74.49315,74.61885,4556
2022-07-26 20:00:00,0,0.4905698544782759,0.509430145521724,Hold,74.61885,75.09808,74.60314,75.0588,3410
2022-07-26 22:00:00,0,0.48755661547766044,0.5124433845223395,Hold,75.10594,75.239494,74.96453,75.1138,1391
2022-07-26 23:00:00,0,0.4448639238625354,0.5551360761374646,Hold,75.1138,75.20022,75.01952,75.04309,771
2022-07-27 00:00:00,0,0.5072892806838365,0.4927107193161635,Sell,75.04309,75.20022,74.92525,75.16879,2453
2022-07-27 01:00:00,0,0.46541855772664525,0.5345814422733548,Hold,75.160934,75.32591,74.556,74.57172,6489
2022-07-27 02:00:00,0,0.4738705795359674,0.5261294204640325,Hold,74.57172,74.90953,74.50101,74.79169,3722
2022-07-27 03:00:00,0,0.48074172731826004,0.51925827268174,Hold,74.799545,74.96453,74.74455,74.799545,2348
2022-07-27 04:00:00,0,0.4857149584467489,0.5142850415532512,Hold,74.8074,74.92525,74.720985,74.88596,1112
2022-07-27 05:00:00,0,0.5068649183723397,0.4931350816276603,Sell,74.878105,75.302345,74.75241,75.27878,3683
2022-07-27 06:00:00,0,0.486944357627238,0.513055642372762,Hold,75.27878,75.53018,74.97238,75.06666,5048
2022-07-27 07:00:00,0,0.45861741484023444,0.5413825851597656,Hold,75.0588,75.71088,74.89382,75.53018,7858
2022-07-27 08:00:00,0,0.45562484851681745,0.5443751514831825,Hold,75.52232,75.938705,75.27092,75.373055,10480
2022-07-27 09:00:00,0,0.4706474786609501,0.52935252133905,Hold,75.373055,75.39662,74.76812,74.81526,6621
2022-07-27 10:00:00,0,0.4582598555759996,0.5417401444240004,Hold,74.799545,75.451614,74.60314,75.41234,7758
2022-07-27 11:00:00,0,0.4629693346284416,0.5370306653715584,Hold,75.42019,75.67159,75.20807,75.38876,7599
2022-07-27 12:00:00,0,0.46254897383816984,0.5374510261618302,Hold,75.38876,75.53803,75.12165,75.47518,8674
2022-07-27 13:00:00,0,0.45750544475942834,0.5424945552405717,Hold,75.47518,76.02512,74.084625,75.373055,40839
2022-07-27 14:00:00,0,0.4400814463216468,0.5599185536783532,Hold,75.38091,76.520065,74.45387,76.30795,34223
2022-07-27 15:00:00,0,0.45062980383649537,0.5493701961635047,Hold,76.28438,76.85789,76.13511,76.58292,23332
2022-07-27 16:00:00,0,0.397876573144191,0.602123426855809,Hold,76.575066,76.7479,76.2451,76.32366,14316
2022-07-27 17:00:00,0,0.4150724087054565,0.5849275912945435,Hold,76.32366,76.99145,76.11154,76.70862,13199
2022-07-27 18:00:00,0,0.3976102825259089,0.6023897174740911,Hold,76.70862,76.99145,76.09583,76.724335,23537
2022-07-27 19:00:00,0,0.41809022468849943,0.5819097753115006,Hold,76.732185,77.45496,76.60649,77.14072,8149
2022-07-27 20:00:00,0,0.3939091481938904,0.6060908518061097,Hold,77.13286,77.21928,77.03072,77.085724,2458
2022-07-27 22:00:00,0,0.40900217151163193,0.5909978284883681,Hold,77.125,77.21928,76.936455,77.0543,1242
2022-07-27 23:00:00,0,0.40610143797944803,0.5938985620205519,Hold,77.0543,77.14857,76.96787,76.99145,662
2022-07-28 00:00:00,0,0.369029171811708,0.630970828188292,Hold,77.00716,77.07001,76.669334,76.71648,2688
2022-07-28 01:00:00,0,0.3907833998425454,0.6092166001574546,Hold,76.70862,77.659225,76.69291,77.6278,9824
2022-07-28 02:00:00,0,0.3568225114342987,0.6431774885657013,Hold,77.63566,77.73779,77.48639,77.57281,3883
2022-07-28 03:00:00,0,0.35979242175716936,0.6402075782428307,Hold,77.580666,77.729935,77.32926,77.38426,3178
2022-07-28 04:00:00,0,0.3960626478352855,0.6039373521647144,Hold,77.38426,77.42354,77.093575,77.21142,2277
2022-07-28 05:00:00,0,0.3834466858596055,0.6165533141403945,Hold,77.21928,77.48639,77.10143,77.40783,3762
2022-07-28 06:00:00,0,0.41478553130725526,0.5852144686927447,Hold,77.40783,77.66708,77.21142,77.596375,4234
2022-07-28 07:00:00,0,0.3884111347071704,0.6115888652928296,Hold,77.60423,77.92634,77.34498,77.45496,8323
2022-07-28 08:00:00,0,0.4298353930656385,0.5701646069343616,Hold,77.46282,77.76922,77.32926,77.729935,6505
2022-07-28 09:00:00,0,0.4129997143803919,0.5870002856196082,Hold,77.729935,78.1856,77.72208,77.8792,7761
2022-07-28 10:00:00,0,0.3907092779072743,0.6092907220927257,Hold,77.86349,78.07561,77.596375,77.7535,5376
2022-07-28 11:00:00,1,0.45025268370298976,0.5497473162970102,Hold,77.76136,78.437,77.7535,78.217026,7410
2022-07-28 12:00:00,0,0.4284123130481763,0.5715876869518237,Hold,78.22488,78.366295,77.47853,77.47853,15070
2022-07-28 13:00:00,0,0.4646162016238038,0.5353837983761962,Hold,77.47853,77.91849,76.362946,76.60649,37892
2022-07-28 14:00:00,0,0.4161659980088572,0.5838340019911428,Hold,76.61434,76.96787,75.585175,76.52792,38526
2022-07-28 15:00:00,0,0.48283718945170245,0.5171628105482975,Hold,76.512215,77.24284,76.3158,77.02287,18760
2022-07-28 16:00:00,0,0.4692447292522183,0.5307552707477817,Hold,77.03072,77.23499,76.21368,76.28438,13871
2022-07-28 17:00:00,0,0.4007957564724729,0.5992042435275271,Hold,76.28438,76.30795,75.60088,76.06441,15592
2022-07-28 18:00:00,0,0.419022779813659,0.580977220186341,Hold,76.07226,76.28438,75.451614,76.2451,25406
2022-07-28 19:00:00,0,0.4194442602254415,0.5805557397745584,Hold,76.23724,76.32366,76.03298,76.23724,5250
2022-07-28 20:00:00,0,0.3965172631300075,0.6034827368699924,Hold,76.229385,76.47293,76.20582,76.441505,2051
2022-07-28 22:00:00,0,0.3956819177699501,0.6043180822300499,Hold,76.441505,76.55149,76.38651,76.45722,925
2022-07-28 23:00:00,0,0.39419518350126337,0.6058048164987366,Hold,76.44936,76.53578,76.38651,76.520065,529
2022-07-29 00:00:00,0,0.5012191408315277,0.49878085916847226,Sell,76.520065,76.70862,76.41008,76.55149,1953
2022-07-29 01:00:00,0,0.5252315601357169,0.4747684398642831,Sell,76.53578,76.8186,76.26867,76.47293,5567
2022-07-29 02:00:00,0,0.5349238354298873,0.4650761645701127,Sell,76.48865,76.4965,76.06441,76.22153,3847
2022-07-29 03:00:00,0,0.49638789633017294,0.5036121036698271,Hold,76.20582,76.33152,75.82086,75.860146,2974
2022-07-29 04:00:00,0,0.541765429101122,0.458234570898878,Sell,75.85229,76.009415,75.83657,75.954414,1144
2022-07-29 05:00:00,0,0.5236576403090996,0.47634235969090044,Sell,75.954414,76.19011,75.7423,76.03298,3225
2022-07-29 06:00:00,0,0.5781025535476959,0.4218974464523041,Sell,76.017265,76.50436,75.813,76.43365,5685
2022-07-29 07:00:00,0,0.5347113703539935,0.4652886296460065,Sell,76.43365,77.26641,76.39437,77.23499,8833
2022-07-29 08:00:00,0,0.5070119000940126,0.49298809990598735,Sell,77.24284,77.439255,76.8186,77.33712,12153
2022-07-29 09:00:00,0,0.5310668890742893,0.46893311092571066,Sell,77.35284,77.57281,77.17214,77.36069,7370
2022-07-29 10:00:00,0,0.5405466176627947,0.45945338233720534,Sell,77.368546,77.63566,76.944305,77.54924,7276
2022-07-29 11:00:00,0,0.4872366133660931,0.512763386633907,Hold,77.53353,77.792786,77.32141,77.46282,7339
2022-07-29 12:00:00,0,0.5007294388369656,0.49927056116303437,Sell,77.47068,77.69851,76.9286,77.659225,12712
2022-07-29 13:00:00,0,0.5193562635179132,0.4806437364820868,Sell,77.66708,78.87695,77.5571,78.32701,39949
2022-07-29 14:00:00,1,0.45480797888434066,0.5451920211156593,Hold,78.31915,80.03968,78.2563,79.82756,39133
2022-07-29 15:00:00,1,0.5244987153023044,0.4755012846976956,Sell,79.82756,80.008255,78.594124,78.727684,28357
2022-07-29 16:00:00,1,0.5176265014977354,0.48237349850226463,Sell,78.719826,78.931946,78.020615,78.13061,17939
2022-07-29 17:00:00,1,0.545053186438902,0.454946813561098,Sell,78.12275,78.16988,77.25856,77.439255,18440
2022-07-29 18:00:00,1,0.5798990941854218,0.42010090581457815,Sell,77.447105,77.77707,77.25856,77.61995,27536
2022-07-29 19:00:00,1,0.5159635749619864,0.4840364250380136,Sell,77.61995,77.61995,77.03858,77.093575,5891
2022-07-29 20:00:00,1,0.5478396971827395,0.4521603028172605,Sell,77.093575,77.3764,76.97573,77.227135,2785
2022-07-31 22:00:00,1,0.48895584375065765,0.5110441562493424,Hold,77.35284,77.502106,76.63792,77.00716,3387
2022-07-31 23:00:00,1,0.4808414043362504,0.5191585956637497,Hold,77.00716,77.06215,76.75576,76.944305,1493
2022-08-01 00:00:00,1,0.510565514108845,0.489434485891155,Sell,76.944305,77.10143,76.70862,76.8186,3067
2022-08-01 01:00:00,0,0.45480835945089065,0.5451916405491093,Hold,76.84218,77.03858,76.25295,76.61434,8234
2022-08-01 02:00:00,1,0.5244217912128146,0.4755782087871854,Sell,76.63006,76.77933,76.32366,76.71648,3627
2022-08-01 03:00:00,0,0.47936240049192474,0.5206375995080752,Hold,76.71648,76.75576,76.33938,76.41794,2406
2022-08-01 04:00:00,0,0.48862948804650486,0.5113705119534951,Hold,76.43365,76.512215,76.378654,76.48865,1156
2022-08-01 05:00:00,0,0.5101515051925936,0.48984849480740644,Sell,76.48865,76.787186,76.34723,76.66148,3589
2022-08-01 06:00:00,1,0.5012889638082128,0.49871103619178725,Sell,76.64577,76.92074,76.45722,76.74004,4917
2022-08-01 07:00:00,1,0.49971590865500554,0.5002840913449944,Hold,76.74004,76.96002,76.48079,76.96002,7703
2022-08-01 08:00:00,0,0.4684981011415382,0.5315018988584618,Hold,76.96787,77.32926,75.52232,75.797295,17754
2022-08-01 09:00:00,1,0.44174467656911864,0.5582553234308814,Hold,75.797295,76.229385,75.70302,76.04869,6101
2022-08-01 10:00:00,1,0.44292162462623,0.55707837537377,Hold,76.05655,76.58292,76.00156,76.166534,5153
2022-08-01 11:00:00,0,0.3391139752533517,0.6608860247466484,Hold,76.15868,76.27653,74.90953,75.12165,10361
2022-08-01 12:00:00,0,0.2978522929570951,0.702147707042905,Hold,75.09808,75.797295,74.49315,74.98024,20354
2022-08-01 13:00:00,0,0.3585776939928355,0.6414223060071644,Hold,74.98024,75.00381,72.96903,73.69967,51713
2022-08-01 14:00:00,0,0.3018227614193142,0.6981772385806858,Hold,73.69181,74.21033,72.60764,73.91965,36380
2022-08-01 15:00:00,0,0.2674444444958664,0.7325555555041336,Hold,73.9275,74.446014,72.9219,73.56611,30252
2022-08-01 16:00:00,0,0.29655254154916766,0.7034474584508323,Hold,73.55826,74.11605,73.26757,73.75466,15580
2022-08-01 17:00:00,0,0.2623223866132292,0.7376776133867708,Hold,73.73895,74.14748,73.27543,73.385414,14712
2022-08-01 18:00:00,0,0.2943096540835362,0.7056903459164638,Hold,73.37756,73.935356,73.220436,73.76252,18334
2022-08-01 19:00:00,0,0.2860766911337784,0.7139233088662216,Hold,73.77038,73.97464,73.47184,73.57397,3956
2022-08-01 20:00:00,0,0.3742067948939682,0.6257932051060318,Hold,73.58968,73.91965,73.58968,73.90393,1596
2022-08-01 22:00:00,0,0.34379569849678954,0.6562043015032104,Hold,73.65253,73.872505,73.61325,73.68395,1441
2022-08-01 23:00:00,0,0.33903880488739285,0.6609611951126071,Hold,73.68395,73.75466,73.5504,73.64468,710
2022-08-02 00:00:00,0,0.2889798516108549,0.7110201483891452,Hold,73.63682,73.97464,73.33042,73.581825,5229
2022-08-02 01:00:00,0,0.2833689414994008,0.7166310585005993,Hold,73.57397,73.69181,73.094734,73.220436,6719
2022-08-02 02:00:00,0,0.2647715425424428,0.7352284574575572,Hold,73.21258,73.40899,72.7412,73.024025,4808
2022-08-02 03:00:00,0,0.3385784490100023,0.6614215509899977,Hold,73.016174,73.369705,72.90618,73.244,3089
2022-08-02 04:00:00,0,0.3026463919300832,0.6973536080699168,Hold,73.25186,73.298996,73.1183,73.1183,1068
2022-08-02 05:00:00,0,0.3305034081565155,0.6694965918434845,Hold,73.1183,73.37756,72.98475,73.20472,3512
2022-08-02 06:00:00,0,0.4019742280588874,0.5980257719411126,Hold,73.18115,74.155334,73.05545,74.09248,7663
2022-08-02 07:00:00,0,0.3795606611106966,0.6204393388893035,Hold,74.07677,74.100334,73.25972,73.77038,9752
2022-08-02 08:00:00,0,0.3403156376836504,0.6596843623163495,Hold,73.77038,73.77038,72.796196,73.52683,12295
2022-08-02 09:00:00,0,0.2913236963575814,0.7086763036424186,Hold,73.518974,73.70753,73.19687,73.27543,5941
2022-08-02 10:00:00,0,0.34074668490614013,0.6592533150938599,Hold,73.25186,73.35399,72.76477,73.298996,6963
2022-08-02 11:00:00,0,0.34702535099684206,0.6529746490031579,Hold,73.298996,74.41459,73.25186,74.13176,14451
2022-08-02 12:00:00,0,0.3269010349401097,0.6730989650598903,Hold,74.13176,74.32817,73.52683,73.9275,11956
2022-08-02 13:00:00,0,0.30584658179704544,0.6941534182029545,Hold,73.951065,74.75241,73.19687,74.13176,32149
2022-08-02 14:00:00,0,0.2791428721301787,0.7208571278698213,Hold,74.12391,74.46958,73.36185,73.50326,23717
2022-08-02 15:00:00,0,0.334896765740714,0.665103234259286,Hold,73.49541,74.78384,73.4247,74.39887,22987
2022-08-02 16:00:00,1,0.3320797889652899,0.6679202110347101,Hold,74.40673,75.35734,74.28103,75.21593,19983
2022-08-02 17:00:00,0,0.30322600461403554,0.6967739953859644,Hold,75.223785,75.78944,74.75241,74.82311,17330
2022-08-02 18:00:00,0,0.32435286955321235,0.6756471304467877,Hold,74.82311,74.85454,73.98249,74.32031,17977
2022-08-02 19:00:00,0,0.3091967169385731,0.6908032830614269,Hold,74.312454,74.34388,73.951065,74.06106,3285
2022-08-02 20:00:00,0,0.30677604102247613,0.6932239589775239,Hold,74.06106,74.06892,73.581825,73.731094,3717
2022-08-02 22:00:00,0,0.3287673021991543,0.6712326978008457,Hold,73.71538,73.77823,73.55826,73.6761,1030
2022-08-02 23:00:00,0,0.36769885891292065,0.6323011410870794,Hold,73.6761,73.88036,73.62111,73.71538,674
2022-08-03 00:00:00,0,0.3668071824779225,0.6331928175220776,Hold,73.71538,73.78609,73.41684,73.65253,2366
2022-08-03 01:00:00,0,0.36869185853106423,0.6313081414689358,Hold,73.65253,74.39887,73.65253,74.34388,5420
2022-08-03 02:00:00,0,0.31290010278009805,0.687099897219902,Hold,74.3596,74.438156,73.88822,73.99035,3224
2022-08-03 03:00:00,0,0.30378418565268095,0.696215814347319,Hold,73.99821,74.084625,73.83322,73.86465,1945
2022-08-03 04:00:00,0,0.34089764211307366,0.6591023578869264,Hold,73.88036,73.9275,73.76252,73.84894,1398
2022-08-03 05:00:00,0,0.3612769214792559,0.6387230785207441,Hold,73.84108,74.3046,73.82537,74.218185,3118
2022-08-03 06:00:00,0,0.3664065596738198,0.6335934403261803,Hold,74.226036,74.27318,73.77823,73.78609,3684
2022-08-03 07:00:00,0,0.32502129573195176,0.6749787042680482,Hold,73.78609,74.02963,73.4247,73.47184,7329
2022-08-03 08:00:00,0,0.305303561517945,0.694696438482055,Hold,73.47184,73.88036,73.086876,73.306854,11983
2022-08-03 09:00:00,0,0.337960559025977,0.662039440974023,Hold,73.306854,73.62896,73.11045,73.57397,6835
2022-08-03 10:00:00,0,0.3411365852640121,0.658863414735988,Hold,73.56611,73.81751,73.306854,73.432556,7139
2022-08-03 11:00:00,0,0.39949307879895335,0.6005069212010467,Hold,73.440414,75.34163,73.36185,75.153076,18768
2022-08-03 12:00:00,1,0.3743682012590329,0.6256317987409671,Hold,75.160934,75.868,75.160934,75.59303,19703
2022-08-03 13:00:00,1,0.435251872878687,0.5647481271213131,Hold,75.585175,75.655876,73.91179,74.1789,40919
2022-08-03 14:00:00,1,0.4505998286157672,0.5494001713842328,Hold,74.1789,74.42245,72.458374,72.62336,50262
2022-08-03 15:00:00,0,0.4784301758500598,0.5215698241499402,Hold,72.62336,72.85905,72.02628,72.1127,36971
2022-08-03 16:00:00,0,0.45221502563348426,0.5477849743665157,Hold,72.1127,72.12056,71.35065,71.90058,27556
2022-08-03 17:00:00,0,0.3930432833307058,0.6069567166692942,Hold,71.88487,72.151985,71.42921,71.81416,15981
2022-08-03 18:00:00,0,0.4051622566717359,0.5948377433282641,Hold,71.81416,71.96343,71.00497,71.35065,25552
2022-08-03 19:00:00,0,0.38171355181838157,0.6182864481816184,Hold,71.33493,71.531334,71.224945,71.224945,4027
2022-08-03 20:00:00,0,0.4185625826540373,0.5814374173459627,Hold,71.224945,71.49206,71.14638,71.42921,1845
2022-08-03 22:00:00,0,0.43726760166114975,0.5627323983388502,Hold,71.452774,71.594185,71.374214,71.57062,1174
2022-08-03 23:00:00,0,0.4140184493845771,0.5859815506154229,Hold,71.55491,71.70418,71.52348,71.53919,915
2022-08-04 00:00:00,1,0.43045463526059474,0.5695453647394053,Hold,71.52348,71.78274,71.452774,71.67275,3152
2022-08-04 01:00:00,1,0.44922395817526284,0.5507760418247372,Hold,71.664894,71.84559,71.04425,71.76703,7234
2022-08-04 02:00:00,1,0.44244641954714686,0.5575535804528531,Hold,71.75917,71.83773,71.42921,71.586334,3327
2022-08-04 03:00:00,0,0.4260123027058927,0.5739876972941074,Hold,71.586334,71.586334,71.303505,71.46849,2140
2022-08-04 04:00:00,0,0.45625708136088666,0.5437429186391134,Hold,71.437065,71.57062,71.287796,71.46063,1459
2022-08-04 05:00:00,0,0.4133635834819256,0.5866364165180744,Hold,71.452774,71.586334,71.20923,71.240654,2844
2022-08-04 06:00:00,0,0.42578962888690863,0.5742103711130914,Hold,71.232796,71.41349,70.949974,71.27208,5632
2022-08-04 07:00:00,0,0.48308553931518794,0.5169144606848121,Hold,71.27208,71.6099,70.82427,71.31136,10977
2022-08-04 08:00:00,0,0.48894209356108587,0.5110579064389141,Hold,71.303505,71.727745,71.162094,71.33493,9117
2022-08-04 09:00:00,1,0.558549450961647,0.441450549038353,Sell,71.33493,71.99486,70.90284,71.90844,10045
2022-08-04 10:00:00,1,0.49971728262033954,0.5002827173796605,Hold,71.90058,72.19912,71.6806,71.83773,7741
2022-08-04 11:00:00,1,0.44822202250254656,0.5517779774974534,Hold,71.84559,71.96343,71.232796,71.531334,7837
2022-08-04 12:00:00,1,0.41900908335819215,0.5809909166418079,Hold,71.54705,71.75131,71.04425,71.39778,10382
2022-08-04 13:00:00,0,0.41323665259598585,0.5867633474040141,Hold,71.38992,71.499916,70.085785,70.517876,36882
2022-08-04 14:00:00,0,0.41673193418344023,0.5832680658165598,Hold,70.525734,70.97354,69.82653,69.96008,31853
2022-08-04 15:00:00,0,0.5000844065316737,0.49991559346832626,Sell,69.96794,70.13292,68.96233,69.11946,36067
2022-08-04 16:00:00,0,0.458805366317125,0.541194633682875,Hold,69.1116,69.38657,68.78165,69.07233,19336
2022-08-04 17:00:00,0,0.4463947018013531,0.5536052981986469,Hold,69.06447,69.65369,69.03304,69.45728,16571
2022-08-04 18:00:00,0,0.42176031678130893,0.5782396832186911,Hold,69.44157,69.81867,69.36301,69.42586,20235
2022-08-04 19:00:00,0,0.41768826555588495,0.5823117344441151,Hold,69.42586,69.56727,69.080185,69.46514,5720
2022-08-04 20:00:00,0,0.4388131116615934,0.5611868883384066,Hold,69.449425,69.52799,68.82878,68.97805,3072
2022-08-04 22:00:00,0,0.501832177959727,0.498167822040273,Sell,69.18231,69.26873,68.98591,69.095894,1022
2022-08-04 23:00:00,0,0.48721254886722354,0.5127874511327765,Hold,69.11946,69.158745,68.97019,69.15089,682
2022-08-05 00:00:00,0,0.455657839844662,0.544342160155338,Hold,69.14303,69.52799,69.12732,69.45728,3489
2022-08-05 01:00:00,0,0.48901561012922096,0.5109843898707791,Hold,69.46514,69.89723,69.33158,69.88152,6914
2022-08-05 02:00:00,0,0.4460007883077418,0.5539992116922582,Hold,69.89723,69.952225,69.77153,69.81867,3007
2022-08-05 03:00:00,0,0.44648232774915747,0.5535176722508426,Hold,69.82653,69.873665,69.68511,69.78725,1737
2022-08-05 04:00:00,0,0.4327692709412354,0.5672307290587646,Hold,69.78725,69.99151,69.78725,69.9758,1428
2022-08-05 05:00:00,0,0.4140356219028636,0.5859643780971364,Hold,69.96794,70.11721,69.82653,70.022934,3342
2022-08-05 06:00:00,0,0.4221589693796419,0.5778410306203581,Hold,70.015076,70.25076,69.83438,70.03079,3933
2022-08-05 07:00:00,0,0.45375133917854915,0.5462486608214508,Hold,70.00722,70.21934,69.88152,70.18791,5002
2022-08-05 08:00:00,0,0.47519402387943194,0.5248059761205681,Hold,70.18791,70.18791,69.590836,69.77153,9035
2022-08-05 09:00:00,0,0.45579746389674547,0.5442025361032545,Hold,69.76368,69.96794,69.237305,69.740105,7112
2022-08-05 10:00:00,0,0.4659052751730784,0.5340947248269217,Hold,69.732254,69.810814,69.13518,69.36301,7556
2022-08-05 11:00:00,0,0.46343733153999744,0.5365626684600026,Hold,69.35515,69.50442,68.88377,69.1666,9503
2022-08-05 12:00:00,0,0.47085453747732864,0.5291454625226714,Hold,69.17445,70.07007,68.93877,69.05661,17933
2022-08-05 13:00:00,0,0.43848320210893227,0.5615167978910678,Hold,69.04876,70.15649,68.35741,70.03864,40625
2022-08-05 14:00:00,0,0.42823464126155014,0.5717653587384499,Hold,70.03079,71.162094,69.810814,71.1071,30934
2022-08-05 15:00:00,0,0.4165172846639822,0.5834827153360178,Hold,71.1071,71.303505,70.447174,70.46288,21214
2022-08-05 16:00:00,0,0.3664628906993706,0.6335371093006295,Hold,70.46288,70.62001,70.148636,70.40789,13669
2022-08-05 17:00:00,0,0.3912914373074496,0.6087085626925504,Hold,70.41575,70.447174,69.52799,70.085785,15863
2022-08-05 18:00:00,0,0.35811970330790593,0.641880296692094,Hold,70.085785,70.34504,69.590836,69.60655,17862
2022-08-05 19:00:00,0,0.34069689012902477,0.6593031098709752,Hold,69.60655,69.6694,69.21374,69.45728,5170
2022-08-05 20:00:00,0,0.3358397591551646,0.6641602408448354,Hold,69.45728,69.62226,69.37872,69.55156,1787
2022-08-07 22:00:00,0,0.30701956710823897,0.692980432891761,Hold,69.49657,69.63798,69.21374,69.237305,2690
2022-08-07 23:00:00,0,0.303699444947008,0.6963005550529919,Hold,69.25302,69.25302,69.025185,69.19803,1724
2022-08-08 00:00:00,0,0.31174922098638613,0.6882507790136139,Hold,69.20588,69.44157,69.1666,69.433716,2427
2022-08-08 01:00:00,0,0.3375632823319319,0.6624367176680681,Hold,69.418,69.96794,69.18231,69.96794,5452
2022-08-08 02:00:00,0,0.3121189668049598,0.6878810331950402,Hold,69.952225,70.13292,69.71654,69.99151,3311
2022-08-08 03:00:00,0,0.3565390997399124,0.6434609002600876,Hold,69.98365,70.25862,69.88937,70.235054,2351
2022-08-08 04:00:00,0,0.3237150074984007,0.6762849925015992,Hold,70.235054,70.455025,69.9208,70.07793,4638
2022-08-08 05:00:00,0,0.35964409599242003,0.6403559040075799,Hold,70.085785,70.455025,70.03079,70.36861,2941
2022-08-08 06:00:00,0,0.39305052979882055,0.6069494702011795,Hold,70.360756,70.62787,70.305756,70.510025,4792
2022-08-08 07:00:00,0,0.3383061131863899,0.6616938868136101,Hold,70.510025,70.83999,69.92866,70.10935,8073
2022-08-08 08:00:00,0,0.39175069127801265,0.6082493087219873,Hold,70.101494,70.24291,69.27659,69.44157,11403
2022-08-08 09:00:00,0,0.3638751260168812,0.6361248739831188,Hold,69.433716,69.70868,69.15089,69.221596,5618
2022-08-08 10:00:00,0,0.36195324380384797,0.638046756196152,Hold,69.21374,69.41014,68.92306,69.26087,6465
2022-08-08 11:00:00,0,0.3405442388862041,0.6594557611137959,Hold,69.26087,69.46514,68.522385,69.26087,11531
2022-08-08 12:00:00,0,0.3533150361983551,0.646684963801645,Hold,69.25302,69.56727,68.9152,69.00162,11288
2022-08-08 13:00:00,0,0.43704840456782773,0.5629515954321722,Hold,69.00162,70.15649,68.69522,69.99937,31545
2022-08-08 14:00:00,0,0.3986583536825155,0.6013416463174845,Hold,70.015076,70.41575,69.370865,70.36861,21092
2022-08-08 15:00:00,0,0.45454871944122477,0.5454512805587752,Hold,70.36861,71.13853,70.33718,70.59644,27939
2022-08-08 16:00:00,0,0.43687735463185934,0.5631226453681406,Hold,70.6043,71.20138,70.42361,70.517876,15634
2022-08-08 17:00:00,0,0.44104375298295845,0.5589562470170415,Hold,70.510025,71.02068,70.47074,70.83213,9823
2022-08-08 18:00:00,0,0.46033513047407576,0.5396648695259243,Hold,70.83999,71.40564,70.58073,71.075676,19492
2022-08-08 19:00:00,0,0.4630766252936779,0.5369233747063221,Hold,71.075676,71.27994,71.028534,71.154236,3490
2022-08-08 20:00:00,0,0.44771032649649534,0.5522896735035047,Hold,71.16995,71.1778,70.89498,71.091385,1600
2022-08-08 22:00:00,0,0.41789424080298015,0.5821057591970198,Hold,71.24851,71.374214,71.03639,71.05996,672
2022-08-08 23:00:00,0,0.4351735903241398,0.5648264096758602,Hold,71.05996,71.14638,70.98926,71.02068,531
2022-08-09 00:00:00,0,0.42686842263622327,0.5731315773637767,Hold,71.028534,71.18566,70.91855,71.03639,1362
2022-08-09 01:00:00,0,0.4134234796587618,0.5865765203412382,Hold,71.03639,71.33493,70.79285,70.83999,4121
2022-08-09 02:00:00,0,0.4098236946017517,0.5901763053982483,Hold,70.83213,71.05996,70.79285,71.028534,1503
2022-08-09 03:00:00,0,0.41402927223152425,0.5859707277684758,Hold,71.04425,71.232796,71.00497,71.19352,1909
2022-08-09 04:00:00,0,0.36699569026178047,0.6330043097382195,Hold,71.19352,71.20138,71.12281,71.162094,635
2022-08-09 05:00:00,0,0.4146186345778884,0.5853813654221116,Hold,71.154236,71.47634,71.1071,71.3585,3279
2022-08-09 06:00:00,0,0.39542703937184476,0.6045729606281552,Hold,71.366356,71.531334,70.659294,70.8557,6473
2022-08-09 07:00:00,0,0.36821250961497604,0.631787490385024,Hold,70.84784,70.89498,70.455025,70.525734,7192
2022-08-09 08:00:00,0,0.352037122079131,0.647962877920869,Hold,70.525734,70.58073,69.96008,70.28219,10050
2022-08-09 09:00:00,0,0.3859359285685616,0.6140640714314384,Hold,70.29005,70.80856,70.101494,70.737854,5851
2022-08-09 10:00:00,0,0.48202584856013364,0.5179741514398664,Hold,70.729996,72.167694,70.70643,71.97129,19391
2022-08-09 11:00:00,0,0.4629570948706987,0.5370429051293013,Hold,71.97129,72.40338,71.939865,72.06557,11707
2022-08-09 12:00:00,1,0.4431088829892484,0.5568911170107516,Hold,72.081276,72.371956,71.97914,72.293396,8735
2022-08-09 13:00:00,1,0.374510850117658,0.625489149882342,Hold,72.301254,72.78834,71.657036,72.19912,34585
2022-08-09 14:00:00,1,0.41803422132554335,0.5819657786744566,Hold,72.19912,72.63122,71.8613,72.01057,21782
2022-08-09 15:00:00,0,0.45112426577127124,0.5488757342287287,Hold,72.01057,72.05771,70.871414,70.99711,23271
2022-08-09 16:00:00,0,0.37599726624495505,0.6240027337550449,Hold,70.98926,70.98926,70.235054,70.64358,18478
2022-08-09 17:00:00,0,0.37936108755816056,0.6206389124418394,Hold,70.63572,71.3585,70.55716,71.29565,13184
2022-08-09 18:00:00,0,0.3343847811360299,0.6656152188639701,Hold,71.29565,71.46063,70.89498,71.16995,19580
2022-08-09 19:00:00,0,0.32028894639959177,0.6797110536004083,Hold,71.1778,71.382065,71.13067,71.16995,3893
2022-08-09 20:00:00,0,0.3012917934229238,0.6987082065770762,Hold,71.162094,71.33493,71.05996,71.13067,1716
2022-08-09 22:00:00,0,0.3198935602780061,0.6801064397219939,Hold,71.1071,71.25637,71.028534,71.14638,900
2022-08-09 23:00:00,0,0.3379449191028761,0.662055080897124,Hold,71.13853,71.20138,71.012825,71.075676,454
2022-08-10 00:00:00,0,0.3662264352519167,0.6337735647480833,Hold,71.075676,71.20138,70.78499,70.863556,1547
2022-08-10 01:00:00,1,0.37746604903393205,0.6225339509660679,Hold,70.84784,71.24851,70.80856,71.05211,3676
2022-08-10 02:00:00,0,0.3719164002608905,0.6280835997391094,Hold,71.04425,71.13853,70.83213,70.89498,2457
2022-08-10 03:00:00,0,0.35384599463698657,0.6461540053630135,Hold,70.879265,70.949974,70.76928,70.816414,1529
2022-08-10 04:00:00,0,0.36177570850835894,0.6382242914916411,Hold,70.816414,70.879265,70.737854,70.863556,784
2022-08-10 05:00:00,0,0.3640361558382381,0.6359638441617619,Hold,70.8557,70.92641,70.4786,70.517876,3327
2022-08-10 06:00:00,0,0.350420459843818,0.649579540156182,Hold,70.50217,70.5493,70.21149,70.43146,4441
2022-08-10 07:00:00,0,0.3375104323262516,0.6624895676737483,Hold,70.42361,70.62001,70.15649,70.58073,6298
2022-08-10 08:00:00,0,0.4008034883299486,0.5991965116700514,Hold,70.588585,71.05996,70.439316,70.737854,9890
2022-08-10 09:00:00,0,0.3766389349184124,0.6233610650815876,Hold,70.74571,70.9814,70.40003,70.455025,7294
2022-08-10 10:00:00,0,0.3661923543265612,0.6338076456734387,Hold,70.447174,70.49431,69.9758,70.18791,6670
2022-08-10 11:00:00,0,0.33857648597818085,0.6614235140218192,Hold,70.18006,70.21149,69.71654,69.92866,8286
2022-08-10 12:00:00,0,0.43241946358133293,0.567580536418667,Hold,69.92866,71.515625,69.8501,71.14638,20813
2022-08-10 13:00:00,0,0.39396733955370067,0.6060326604462993,Hold,71.14638,71.39778,69.55156,69.76368,29578
2022-08-10 14:00:00,0,0.35603889156291224,0.6439611084370878,Hold,69.76368,70.27434,68.868065,69.84224,47344
2022-08-10 15:00:00,0,0.4019453461990206,0.5980546538009794,Hold,69.8501,71.232796,69.63798,71.232796,30993
2022-08-10 16:00:00,0,0.4291760690321424,0.5708239309678576,Hold,71.232796,72.04199,71.16995,72.002716,21293
2022-08-10 17:00:00,0,0.4013688256526332,0.5986311743473668,Hold,72.01057,72.45052,71.955574,72.379814,17664
2022-08-10 18:00:00,0,0.3448493709905064,0.6551506290094936,Hold,72.38767,72.6155,71.90844,71.97914,21793
2022-08-10 19:00:00,0,0.32132849836201793,0.6786715016379821,Hold,71.97914,72.09699,71.81416,71.85345,4045
2022-08-10 20:00:00,0,0.33423799041910196,0.665762009580898,Hold,71.85345,72.018425,71.83773,71.939865,2123
2022-08-10 22:00:00,0,0.35461989638176966,0.6453801036182303,Hold,71.92415,71.97129,71.68846,71.76703,1046
2022-08-10 23:00:00,0,0.3270724301774754,0.6729275698225246,Hold,71.77488,71.94772,71.76703,71.90844,887
2022-08-11 00:00:00,0,0.28691924307604794,0.7130807569239521,Hold,71.90058,72.002716,71.71989,71.94772,1862
2022-08-11 01:00:00,0,0.30087010743708653,0.6991298925629135,Hold,71.939865,72.19912,71.88487,72.04199,4546
2022-08-11 02:00:00,0,0.29935202329583704,0.7006479767041629,Hold,72.04199,72.19912,71.94772,72.06557,2252
2022-08-11 03:00:00,0,0.28690525399408695,0.713094746005913,Hold,72.06557,72.24626,72.06557,72.081276,1681
2022-08-11 04:00:00,0,0.2841621284302971,0.7158378715697029,Hold,72.089134,72.10484,71.88487,71.939865,1038
2022-08-11 05:00:00,0,0.34324417952261455,0.6567558204773855,Hold,71.93201,72.20698,71.869156,72.19912,1982
2022-08-11 06:00:00,0,0.321138589636175,0.6788614103638251,Hold,72.19912,72.40338,72.05771,72.089134,4448
2022-08-11 07:00:00,0,0.33468675821013233,0.6653132417898677,Hold,72.081276,72.2384,71.6806,71.955574,6040
2022-08-11 08:00:00,0,0.3740575192951638,0.6259424807048362,Hold,71.955574,72.70978,71.75131,72.52908,10604
2022-08-11 09:00:00,0,0.38279900843140996,0.6172009915685901,Hold,72.53694,73.11045,72.53694,73.03188,8039
2022-08-11 10:00:00,0,0.38751105063571467,0.6124889493642853,Hold,73.03974,73.0476,72.70978,72.82762,4849
2022-08-11 11:00:00,0,0.4054138435433071,0.5945861564566929,Hold,72.83548,73.12616,72.63907,73.024025,7023
2022-08-11 12:00:00,0,0.4123849563004124,0.5876150436995876,Hold,73.024025,73.47969,72.89833,73.306854,13620
2022-08-11 13:00:00,0,0.38545225063207067,0.6145477493679293,Hold,73.31471,73.77038,73.016174,73.0476,25508
2022-08-11 14:00:00,0,0.36001520389458047,0.6399847961054195,Hold,73.0476,73.20472,72.42695,73.157585,24607
2022-08-11 15:00:00,0,0.3559678826734088,0.6440321173265913,Hold,73.14973,73.660385,73.11045,73.5504,19811
2022-08-11 16:00:00,1,0.36968896647460076,0.6303110335253992,Hold,73.55826,74.56386,73.55826,74.19461,25263
2022-08-11 17:00:00,1,0.3424339036593652,0.6575660963406348,Hold,74.21033,74.59528,74.03749,74.51672,10143
2022-08-11 18:00:00,1,0.334647451216615,0.665352548783385,Hold,74.51672,74.67384,73.8568,74.021774,20359
2022-08-11 19:00:00,0,0.3004251813547062,0.6995748186452938,Hold,74.013916,74.021774,73.6761,73.88822,5655
2022-08-11 20:00:00,0,0.29306814324415587,0.7069318567558441,Hold,73.88822,74.09248,73.83322,73.84108,1764
2022-08-11 22:00:00,0,0.3209023934309782,0.6790976065690217,Hold,73.91965,73.951065,73.78609,73.84108,627
2022-08-11 23:00:00,0,0.3276579001720788,0.6723420998279213,Hold,73.84108,73.88822,73.793945,73.84894,447
2022-08-12 00:00:00,0,0.4046983671099368,0.5953016328900632,Hold,73.84894,74.013916,73.723236,73.78609,1888
2022-08-12 01:00:00,0,0.3532715328476412,0.6467284671523588,Hold,73.76252,73.96678,73.62896,73.660385,3387
2022-08-12 02:00:00,0,0.39220191638988744,0.6077980836101126,Hold,73.660385,73.84108,73.53468,73.793945,2915
2022-08-12 03:00:00,0,0.3913664748622763,0.6086335251377237,Hold,73.78609,73.793945,73.6761,73.77038,979
2022-08-12 04:00:00,0,0.3817888798764378,0.6182111201235623,Hold,73.77823,73.793945,73.660385,73.660385,725
2022-08-12 05:00:00,0,0.3888149404787331,0.6111850595212669,Hold,73.660385,73.872505,73.62111,73.723236,1811
2022-08-12 06:00:00,0,0.4265618651929727,0.5734381348070273,Hold,73.73895,73.96678,73.68395,73.84108,3198
2022-08-12 07:00:00,1,0.4768632340066356,0.5231367659933643,Hold,73.84108,74.296745,73.793945,74.17104,6691
2022-08-12 08:00:00,0,0.41679996860305535,0.5832000313969447,Hold,74.17104,74.28103,73.731094,73.82537,7478
2022-08-12 09:00:00,1,0.5202153358572159,0.4797846641427841,Sell,73.84108,74.4853,73.801796,74.3046,6171
2022-08-12 10:00:00,1,0.4141812816015049,0.5858187183984951,Hold,74.32031,74.32817,73.079025,73.14188,11388
2022-08-12 11:00:00,1,0.39076771366424673,0.6092322863357533,Hold,73.14188,73.16544,72.78834,73.12616,9980
2022-08-12 12:00:00,0,0.3947595039171606,0.6052404960828395,Hold,73.1183,73.18901,72.60764,72.81976,10901
2022-08-12 13:00:00,1,0.3424241851622204,0.6575758148377796,Hold,72.81976,73.46398,72.12056,72.60764,28536
2022-08-12 14:00:00,0,0.3166780090138391,0.683321990986161,Hold,72.59979,72.59979,71.61776,72.293396,27802
2022-08-12 15:00:00,1,0.35593069632508867,0.6440693036749113,Hold,72.301254,72.89047,72.13627,72.717636,19312
2022-08-12 16:00:00,1,0.3496330530897,0.6503669469103,Hold,72.70978,72.804054,72.05771,72.49766,12497
2022-08-12 17:00:00,1,0.33187345099635834,0.6681265490036417,Hold,72.505516,72.70192,72.2384,72.68621,7659
2022-08-12 18:00:00,1,0.3442775293657138,0.6557224706342861,Hold,72.69407,72.85905,72.12056,72.26983,15959
2022-08-12 19:00:00,1,0.36005603190610697,0.639943968093893,Hold,72.26983,72.301254,71.88487,72.301254,4595
2022-08-12 20:00:00,1,0.34788470822142886,0.6521152917785711,Hold,72.27768,72.32482,72.12056,72.18341,1444
2022-08-14 22:00:00,1,0.29380808787350693,0.706191912126493,Hold,72.230545,72.35625,72.018425,72.03414,879
2022-08-14 23:00:00,1,0.2852201359514775,0.7147798640485226,Hold,72.04199,72.159836,71.955574,71.96343,661
2022-08-15 00:00:00,1,0.3572143205370444,0.6427856794629556,Hold,71.97129,72.26197,71.9163,72.17555,1381
2022-08-15 01:00:00,1,0.33824735152524493,0.6617526484747551,Hold,72.167694,72.27768,71.69632,71.99486,3790
2022-08-15 02:00:00,1,0.3261150032192615,0.6738849967807385,Hold,72.01057,72.02628,71.586334,71.67275,2953
2022-08-15 03:00:00,1,0.368896209820823,0.631103790179177,Hold,71.664894,71.78274,71.6099,71.75131,1263
2022-08-15 04:00:00,1,0.35709411416505465,0.6429058858349453,Hold,71.75131,71.76703,71.594185,71.64133,662
2022-08-15 05:00:00,1,0.342375280078517,0.6576247199214831,Hold,71.64133,71.657036,71.499916,71.55491,1615
2022-08-15 06:00:00,1,0.3595165788525185,0.6404834211474815,Hold,71.55491,71.806305,71.452774,71.7356,3635
2022-08-15 07:00:00,1,0.3155320747325886,0.6844679252674114,Hold,71.743454,71.790596,70.91855,71.04425,6553
2022-08-15 08:00:00,1,0.30021211658826874,0.6997878834117313,Hold,71.05211,71.11495,70.64358,70.722145,8312
2022-08-15 09:00:00,0,0.3522596051116281,0.6477403948883719,Hold,70.71429,70.71429,69.26873,69.38657,13057
2022-08-15 10:00:00,0,0.34509561056829796,0.654904389431702,Hold,69.37872,69.512276,68.72665,68.930916,12896
2022-08-15 11:00:00,0,0.3102642246547207,0.6897357753452793,Hold,68.930916,69.04876,68.443825,68.89949,12746
2022-08-15 12:00:00,0,0.332753715541295,0.667246284458705,Hold,68.89949,68.95448,68.20814,68.49096,18455
2022-08-15 13:00:00,0,0.2902269665162918,0.7097730334837082,Hold,68.506676,69.07233,68.302414,69.03304,27924
2022-08-15 14:00:00,0,0.27559704862271744,0.7244029513772825,Hold,69.025185,69.84224,68.63238,69.27659,22937
2022-08-15 15:00:00,0,0.2716013559015314,0.7283986440984687,Hold,69.27659,69.71654,69.0409,69.56727,15125
2022-08-15 16:00:00,0,0.25338469141227804,0.746615308587722,Hold,69.55941,70.27434,69.36301,70.13292,14133
2022-08-15 17:00:00,0,0.21939073567126513,0.7806092643287349,Hold,70.14078,70.376465,69.88937,70.07007,10280
2022-08-15 18:00:00,0,0.23270807235806618,0.7672919276419339,Hold,70.05436,70.39218,69.55156,70.20363,18130
2022-08-15 19:00:00,0,0.23032878496398337,0.7696712150360167,Hold,70.21149,70.24291,69.63012,69.85795,4318
2022-08-15 20:00:00,0,0.2364437145413084,0.7635562854586916,Hold,69.86581,69.92866,68.99376,69.017334,3111
2022-08-15 22:00:00,0,0.26917140886253427,0.7308285911374657,Hold,69.080185,69.598694,69.0409,69.38657,1367
2022-08-15 23:00:00,0,0.2430536854076124,0.7569463145923876,Hold,69.38657,69.449425,69.237305,69.41014,793
2022-08-16 00:00:00,0,0.19751840755863614,0.8024815924413639,Hold,69.39443,69.63012,69.221596,69.53584,1696
2022-08-16 01:00:00,0,0.19641062401888407,0.8035893759811159,Hold,69.53584,69.82653,69.24516,69.590836,4147
2022-08-16 02:00:00,0,0.18234151454560132,0.8176584854543987,Hold,69.582985,69.90509,69.55941,69.78725,1932
2022-08-16 03:00:00,0,0.18869199410952772,0.8113080058904723,Hold,69.78725,69.936516,69.74796,69.75582,1276
2022-08-16 04:00:00,0,0.20312480799989135,0.7968751920001087,Hold,69.76368,69.86581,69.76368,69.86581,562
2022-08-16 05:00:00,0,0.22080240300448806,0.7791975969955119,Hold,69.86581,69.89723,69.63012,69.68511,1720
2022-08-16 06:00:00,0,0.26202451268097715,0.7379754873190228,Hold,69.68511,69.75582,69.48085,69.63012,3569
2022-08-16 07:00:00,0,0.2639715740244193,0.7360284259755807,Hold,69.63012,70.09364,69.590836,69.63798,6416
2022-08-16 08:00:00,0,0.24465468991494246,0.7553453100850576,Hold,69.645836,69.69297,68.99376,69.63012,12126
2022-08-16 09:00:00,0,0.2998803808938253,0.7001196191061747,Hold,69.62226,70.164345,69.40229,69.873665,5465
2022-08-16 10:00:00,0,0.3103369267003972,0.6896630732996027,Hold,69.86581,69.936516,69.3473,69.81867,5825
2022-08-16 11:00:00,1,0.3776783317795972,0.6223216682204028,Hold,69.81867,70.98926,69.75582,70.83999,11046
2022-08-16 12:00:00,0,0.3570334712122309,0.642966528787769,Hold,70.83999,71.21709,70.18006,70.29005,13117
2022-08-16 13:00:00,1,0.33558365729668593,0.6644163427033141,Hold,70.29005,70.675,69.50442,70.510025,24189
2022-08-16 14:00:00,0,0.26007377963625816,0.7399262203637418,Hold,70.49431,70.949974,69.13518,69.27659,29101
2022-08-16 15:00:00,0,0.2724993187017108,0.7275006812982892,Hold,69.2923,69.31587,68.106,68.46739,30242
2022-08-16 16:00:00,0,0.24937629973540174,0.7506237002645982,Hold,68.45953,68.64023,68.14529,68.373116,12294
2022-08-16 17:00:00,0,0.2831031691142864,0.7168968308857135,Hold,68.373116,68.4124,67.50107,67.53249,18179
2022-08-16 18:00:00,0,0.2939669406559199,0.7060330593440801,Hold,67.53249,68.082436,67.3518,67.62677,19251
2022-08-16 19:00:00,0,0.2741647276246796,0.7258352723753204,Hold,67.63463,68.02744,67.61106,67.9803,3826
2022-08-16 20:00:00,0,0.27398330661259307,0.7260166933874069,Hold,67.97245,68.5381,67.878174,68.45168,3533
2022-08-16 22:00:00,0,0.22418756767571482,0.7758124323242852,Hold,68.42811,68.56953,68.20028,68.310265,1117
2022-08-16 23:00:00,0,0.26237087451200736,0.7376291254879926,Hold,68.31812,68.38883,68.20814,68.373116,426
2022-08-17 00:00:00,0,0.2228217089084881,0.7771782910915119,Hold,68.380974,68.47525,68.090294,68.21599,1901
2022-08-17 01:00:00,0,0.23203444859106287,0.7679655514089372,Hold,68.20814,68.24741,67.98816,68.20028,2732
2022-08-17 02:00:00,0,0.2701838599077023,0.7298161400922978,Hold,68.19242,68.45953,68.082436,68.42811,2046
2022-08-17 03:00:00,0,0.24612164131945707,0.7538783586805429,Hold,68.42811,68.49882,68.38883,68.4124,1250
2022-08-17 04:00:00,0,0.25722988664629814,0.7427701133537019,Hold,68.42026,68.663795,68.40454,68.64809,1092
2022-08-17 05:00:00,0,0.23419183505124191,0.765808164948758,Hold,68.655945,68.89163,68.40454,68.89163,2078
2022-08-17 06:00:00,0,0.2376564673641736,0.7623435326358264,Hold,68.86021,68.9152,68.4124,68.54595,2868
2022-08-17 07:00:00,0,0.22877491027815902,0.771225089721841,Hold,68.5381,68.805214,67.941025,68.160995,5735
2022-08-17 08:00:00,0,0.2463136047020568,0.7536863952979432,Hold,68.153145,68.25527,67.46964,68.24741,8870
2022-08-17 09:00:00,0,0.24480510147238457,0.7551948985276155,Hold,68.26313,68.47525,67.728905,68.231705,6233
2022-08-17 10:00:00,0,0.23237631531742123,0.7676236846825788,Hold,68.231705,68.76593,67.807465,68.082436,6229
2022-08-17 11:00:00,0,0.26521871507539124,0.7347812849246087,Hold,68.090294,68.160995,67.62677,67.91745,4525
2022-08-17 12:00:00,0,0.3098099097658938,0.6901900902341063,Hold,67.93317,68.33384,67.736755,68.27099,6173
2022-08-17 13:00:00,0,0.2314505365172678,0.7685494634827322,Hold,68.27884,68.56167,67.81532,68.38883,17205
2022-08-17 14:00:00,0,0.28646063178048564,0.7135393682195144,Hold,68.380974,70.0465,68.27099,69.1116,35201
2022-08-17 15:00:00,0,0.31136425963268266,0.6886357403673173,Hold,69.1116,69.1116,67.70534,67.97245,21230
2022-08-17 16:00:00,0,0.25056316877216994,0.7494368312278301,Hold,67.98816,68.868065,67.91745,68.71094,11144
2022-08-17 17:00:00,0,0.3002613515345616,0.6997386484654384,Hold,68.70308,69.36301,68.70308,68.92306,7104
2022-08-17 18:00:00,0,0.28903658701480206,0.7109634129851979,Hold,68.930916,69.36301,68.930916,68.95448,13905
2022-08-17 19:00:00,0,0.31250106918562437,0.6874989308143756,Hold,68.946625,69.03304,68.75022,68.89163,2421
2022-08-17 20:00:00,0,0.27575042087614415,0.7242495791238559,Hold,68.89163,69.1666,68.506676,68.57738,2391
2022-08-17 22:00:00,0,0.29953380327954515,0.7004661967204548,Hold,68.655945,68.88377,68.60095,68.82878,375
2022-08-17 23:00:00,0,0.33871382267865485,0.6612861773213452,Hold,68.82092,68.946625,68.76593,68.89163,269
2022-08-18 00:00:00,0,0.34167925725758336,0.6583207427424167,Hold,68.89163,68.92306,68.71094,68.75807,275
2022-08-18 01:00:00,0,0.39306790611733095,0.606932093882669,Hold,68.75807,69.28445,68.75807,69.25302,577
2022-08-18 02:00:00,0,0.37266778027188296,0.627332219728117,Hold,69.26873,69.26873,69.080185,69.1666,206
2022-08-18 03:00:00,0,0.4070364391127452,0.5929635608872548,Hold,69.1666,69.38657,69.1666,69.229454,456
2022-08-18 04:00:00,0,0.40932564047326514,0.5906743595267349,Hold,69.229454,69.2923,69.1666,69.26873,191
2022-08-18 05:00:00,0,0.43407612246595967,0.5659238775340403,Hold,69.229454,69.40229,69.17445,69.33944,266
2022-08-18 06:00:00,0,0.3790237167473085,0.6209762832526915,Hold,69.26873,69.2923,68.930916,68.96233,718
2022-08-18 07:00:00,0,0.4350769536988214,0.5649230463011786,Hold,68.95448,69.19803,68.78165,69.13518,1070
2022-08-18 08:00:00,0,0.4702895609742703,0.5297104390257297,Hold,69.18231,70.148636,69.06447,70.11721,2670
2022-08-18 09:00:00,0,0.48683520110276934,0.5131647988972307,Hold,70.101494,70.360756,69.82653,70.101494,1849
2022-08-18 10:00:00,0,0.47853131738441085,0.5214686826155892,Hold,70.09364,70.26648,69.88937,70.05436,1516
2022-08-18 11:00:00,0,0.4571974021435273,0.5428025978564728,Hold,70.0465,70.164345,69.71654,70.06222,1525
2022-08-18 12:00:00,0,0.475864487092128,0.524135512907872,Hold,70.07007,70.61215,69.84224,70.07007,3701
2022-08-18 13:00:00,0,0.4278057510398779,0.5721942489601222,Hold,70.06222,70.96568,69.944374,70.62001,5180
2022-08-18 14:00:00,0,0.4625192263644213,0.5374807736355787,Hold,70.62787,71.14638,70.360756,70.95783,4332
2022-08-18 15:00:00,0,0.4073198174613046,0.5926801825386954,Hold,70.95783,71.11495,70.588585,70.79285,3192
2022-08-18 16:00:00,0,0.32549932270672566,0.6745006772932743,Hold,70.76928,70.84784,70.25076,70.729996,2507
2022-08-18 17:00:00,0,0.44868719261210593,0.5513128073878941,Hold,70.722145,71.85345,70.68286,71.68846,4186
2022-08-18 18:00:00,0,0.4165633769570014,0.5834366230429986,Hold,71.70418,71.806305,70.93426,71.13067,4175
2022-08-18 19:00:00,0,0.37086965587846527,0.6291303441215348,Hold,71.13853,71.24851,71.08353,71.232796,503
2022-08-18 20:00:00,0,0.30994491158114157,0.6900550884188584,Hold,71.232796,71.27208,70.9814,71.00497,424
2022-08-18 22:00:00,0,0.3291636000997761,0.6708363999002239,Hold,71.012825,71.303505,71.012825,71.16995,95
2022-08-18 23:00:00,0,0.33535131399928597,0.664648686000714,Hold,71.13853,71.33493,71.11495,71.31922,53
2022-08-19 00:00:00,0,0.3550318057868995,0.6449681942131005,Hold,71.33493,71.374214,71.08353,71.25637,232
2022-08-19 01:00:00,0,0.3337481187405725,0.6662518812594276,Hold,71.240654,71.35065,70.90284,70.942116,265
2022-08-19 02:00:00,0,0.3566713163221477,0.6433286836778522,Hold,70.942116,71.028534,70.8557,70.91069,73
2022-08-19 03:00:00,0,0.35219901923199615,0.6478009807680039,Hold,70.95783,70.95783,70.77714,70.89498,52
2022-08-19 04:00:00,0,0.3340541372458229,0.6659458627541771,Hold,70.82427,70.871414,70.78499,70.800705,36
2022-08-19 05:00:00,0,0.35775310600670956,0.6422468939932904,Hold,70.80856,70.83999,70.510025,70.76928,208
2022-08-19 06:00:00,0,0.34612145793863597,0.653878542061364,Hold,70.737854,70.737854,70.48645,70.54145,126
2022-08-19 07:00:00,0,0.35045222692816524,0.6495477730718348,Hold,70.50217,70.76928,70.101494,70.68286,366
2022-08-19 08:00:00,0,0.3233360940899341,0.6766639059100659,Hold,70.71429,70.88712,69.92866,70.101494,397
2022-08-19 09:00:00,0,0.37321428579556504,0.626785714204435,Hold,70.1722,70.50217,70.07007,70.28219,200
2022-08-19 10:00:00,0,0.288937337785903,0.711062662214097,Hold,70.297905,70.305756,69.598694,69.76368,332
2022-08-19 11:00:00,0,0.2660301894804495,0.7339698105195505,Hold,69.76368,69.76368,69.433716,69.645836,165
2022-08-19 12:00:00,0,0.30964005845773934,0.6903599415422607,Hold,69.661545,70.19577,69.645836,70.19577,580
2022-08-19 13:00:00,0,0.3174038377962606,0.6825961622037394,Hold,70.20363,71.47634,70.09364,70.949974,2018
2022-08-19 14:00:00,0,0.33773046792809924,0.6622695320719008,Hold,70.91855,71.68846,70.83213,71.24851,1464
2022-08-19 15:00:00,1,0.43158375685116973,0.5684162431488302,Hold,71.26422,72.293396,71.04425,72.19126,2220
2022-08-19 16:00:00,1,0.3621676030268687,0.6378323969731313,Hold,72.214836,72.34839,71.6806,71.82987,970
2022-08-19 17:00:00,0,0.353385750542596,0.646614249457404,Hold,71.82987,71.88487,70.84784,70.92641,1252
2022-08-19 18:00:00,0,0.3584900276887898,0.6415099723112102,Hold,70.90284,71.374214,70.675,71.05996,2163
2022-08-19 19:00:00,0,0.3397408793385089,0.6602591206614912,Hold,71.06782,71.09924,70.74571,70.74571,571
2022-08-19 20:00:00,0,0.32615987464094126,0.6738401253590587,Hold,70.80856,70.80856,70.572876,70.63572,73
2022-08-21 22:00:00,0,0.295074452926378,0.704925547073622,Hold,70.63572,70.63572,70.25745,70.430824,2733
2022-08-21 23:00:00,0,0.30450617461998947,0.6954938253800105,Hold,70.438705,70.57268,70.42294,70.50963,1313
2022-08-22 00:00:00,0,0.28945820270068295,0.7105417972993171,Hold,70.51751,70.52539,70.28896,70.42294,1982
2022-08-22 01:00:00,0,0.34497027539859565,0.6550297246014043,Hold,70.430824,70.69089,70.25745,70.430824,4473
2022-08-22 02:00:00,0,0.31229358505941374,0.6877064149405863,Hold,70.44659,70.63572,70.40718,70.61208,2034
2022-08-22 03:00:00,0,0.36363104789306505,0.6363689521069349,Hold,70.62784,70.63572,70.39142,70.430824,1465
2022-08-22 04:00:00,0,0.35730195146920535,0.6426980485307947,Hold,70.42294,70.42294,70.2338,70.33625,1112
2022-08-22 05:00:00,0,0.3946506638143929,0.605349336185607,Hold,70.32837,70.42294,70.1944,70.33625,1732
2022-08-22 06:00:00,0,0.3711247736800745,0.6288752263199255,Hold,70.32837,70.32837,69.871284,70.1944,5787
2022-08-22 07:00:00,0,0.40045590129684866,0.5995440987031513,Hold,70.186516,70.39142,69.83188,69.997375,7427
2022-08-22 08:00:00,0,0.3638024399059985,0.6361975600940015,Hold,69.989494,70.32837,69.626976,70.15499,10819
2022-08-22 09:00:00,0,0.35895655907027113,0.6410434409297289,Hold,70.15499,70.90367,70.0289,70.801216,9008
2022-08-22 10:00:00,1,0.3677546535425782,0.6322453464574218,Hold,70.8091,71.73904,70.72241,71.534134,10392
2022-08-22 11:00:00,1,0.3956681283953773,0.6043318716046227,Hold,71.534134,71.59718,71.045525,71.19526,7472
2022-08-22 12:00:00,1,0.3475149873065435,0.6524850126934565,Hold,71.21102,71.47109,70.58844,70.6436,11254
2022-08-22 13:00:00,0,0.4069261405326621,0.5930738594673379,Hold,70.65936,70.667244,68.28724,68.444855,54409
2022-08-22 14:00:00,0,0.3985511345396311,0.6014488654603689,Hold,68.444855,68.79161,67.99565,68.61035,29991
2022-08-22 15:00:00,0,0.341393235794363,0.658606764205637,Hold,68.60247,70.864265,68.42121,70.22592,46619
2022-08-22 16:00:00,0,0.3865917219692118,0.6134082780307881,Hold,70.241684,71.171616,70.20228,71.03764,16943
2022-08-22 17:00:00,0,0.3616745327966613,0.6383254672033387,Hold,71.03764,71.06917,70.17075,70.549034,12971
2022-08-22 18:00:00,0,0.3746859054994817,0.6253140945005182,Hold,70.549034,71.32923,70.52539,71.10069,24420
2022-08-22 19:00:00,0,0.38255717015972274,0.6174428298402772,Hold,71.10069,71.52625,71.10069,71.47109,5418
2022-08-22 20:00:00,0,0.38385577395691506,0.6161442260430849,Hold,71.46321,71.49473,71.242546,71.39228,1949
2022-08-22 22:00:00,0,0.4252373268609977,0.5747626731390023,Hold,71.360756,71.5893,71.25831,71.45533,1076
2022-08-22 23:00:00,0,0.455910774731017,0.5440892252689831,Hold,71.46321,71.62083,71.44745,71.57354,700
2022-08-23 00:00:00,0,0.4410893935803588,0.5589106064196412,Hold,71.57354,71.89665,71.47897,71.605064,3158
2022-08-23 01:00:00,0,0.47947210510422617,0.5205278948957739,Hold,71.605064,71.90453,71.33711,71.81785,4643
2022-08-23 02:00:00,0,0.4194608796842938,0.5805391203157062,Hold,71.80997,71.849365,71.55778,71.8336,2311
2022-08-23 03:00:00,0,0.4663695555387806,0.5336304444612194,Hold,71.8336,71.983345,71.69963,71.77844,2511
2022-08-23 04:00:00,0,0.44629206818519235,0.5537079318148077,Hold,71.78632,71.849365,71.731155,71.74692,814
2022-08-23 05:00:00,0,0.4429792486435184,0.5570207513564815,Hold,71.74692,71.82572,71.58142,71.73904,2627
2022-08-23 06:00:00,0,0.5285854447257765,0.4714145552742235,Sell,71.731155,71.76268,71.40804,71.70751,4212
2022-08-23 07:00:00,0,0.5196154850008303,0.4803845149991697,Sell,71.69175,72.471954,71.62083,71.975464,11685
2022-08-23 08:00:00,0,0.4596963727462382,0.5403036272537618,Hold,71.975464,72.48772,71.8336,72.27493,9061
2022-08-23 09:00:00,0,0.49009221598897706,0.5099077840110229,Hold,72.282814,72.56652,72.18824,72.45619,5654
2022-08-23 10:00:00,0,0.4543113416670473,0.5456886583329528,Hold,72.44831,72.65321,72.36162,72.50348,4810
2022-08-23 11:00:00,0,0.421208029458601,0.5787919705413991,Hold,72.48772,72.54288,72.290695,72.41679,5612
2022-08-23 12:00:00,0,0.44688999556535336,0.5531100044346466,Hold,72.41679,72.527115,71.76268,72.39314,12908
2022-08-23 13:00:00,0,0.5119272082743321,0.48807279172566786,Sell,72.39314,73.5595,72.06215,73.37824,37926
2022-08-23 14:00:00,0,0.47412656818217214,0.5258734318178279,Hold,73.38612,74.25301,73.37036,74.10328,37121
2022-08-23 15:00:00,0,0.4161052532348013,0.5838947467651987,Hold,74.11116,74.18997,73.267914,73.81169,27213
2022-08-23 16:00:00,0,0.3648258368918338,0.6351741631081662,Hold,73.81169,73.99295,73.37824,73.96931,12004
2022-08-23 17:00:00,0,0.40238196733334447,0.5976180326666556,Hold,73.96931,74.071754,73.73288,73.961426,11862
2022-08-23 18:00:00,0,0.39525972808587556,0.6047402719141244,Hold,73.961426,74.1348,73.74076,73.74864,14818
2022-08-23 19:00:00,0,0.3983830959015963,0.6016169040984036,Hold,73.75652,73.90626,73.73288,73.79593,3153
2022-08-23 20:00:00,0,0.40847463770897624,0.5915253622910237,Hold,73.79593,74.016594,73.6856,73.89838,3241
2022-08-23 22:00:00,0,0.44886097183926926,0.5511390281607307,Hold,73.90626,73.90626,73.80381,73.843216,768
2022-08-23 23:00:00,0,0.42820190011024983,0.5717980998897502,Hold,73.843216,73.89838,73.78017,73.81957,535
2022-08-24 00:00:00,0,0.40997678428077877,0.5900232157192212,Hold,73.82745,73.835335,73.63043,73.772285,2251
2022-08-24 01:00:00,0,0.3877372645136577,0.6122627354863424,Hold,73.772285,73.92202,73.56738,73.59891,3586
2022-08-24 02:00:00,0,0.42427770842095913,0.5757222915790409,Hold,73.60679,73.85898,73.5595,73.80381,2226
2022-08-24 03:00:00,0,0.37031728659216173,0.6296827134078382,Hold,73.81169,73.882614,73.61467,73.66984,1704
2022-08-24 04:00:00,0,0.3940826642518163,0.6059173357481837,Hold,73.66196,73.6856,73.56738,73.63043,1040
2022-08-24 05:00:00,0,0.409409676432235,0.590590323567765,Hold,73.63831,73.78805,73.59891,73.764404,1766
2022-08-24 06:00:00,0,0.4837507570114727,0.5162492429885273,Hold,73.764404,74.079636,73.583145,74.071754,4906
2022-08-24 07:00:00,0,0.5059730048181622,0.4940269951818378,Sell,74.06387,74.49732,73.882614,74.45792,8050
2022-08-24 08:00:00,0,0.5157295751908182,0.4842704248091818,Sell,74.4658,75.18295,74.323944,74.820435,14635
2022-08-24 09:00:00,0,0.5225574147008076,0.47744258529919237,Sell,74.828316,74.946526,74.513084,74.58401,5660
2022-08-24 10:00:00,0,0.5126658153538298,0.4873341846461702,Sell,74.58401,74.64706,74.19785,74.45792,7690
2022-08-24 11:00:00,0,0.5510068737784349,0.44899312622156506,Sell,74.45792,74.757385,74.22937,74.631294,8448
2022-08-24 12:00:00,0,0.49778184470047615,0.5022181552995238,Hold,74.639175,74.79679,73.74864,73.74864,11938
2022-08-24 13:00:00,0,0.4665814533719727,0.5334185466280272,Hold,73.75652,74.442154,73.51222,74.22149,28238
2022-08-24 14:00:00,0,0.5205918130275922,0.47940818697240783,Sell,74.23725,74.62341,73.401886,74.37123,34167
2022-08-24 15:00:00,0,0.44005028102040084,0.5599497189795992,Hold,74.37911,74.78891,73.12606,73.53586,38651
2022-08-24 16:00:00,0,0.44751128067429474,0.5524887193257053,Hold,73.527985,74.99381,73.16547,73.9299,38064
2022-08-24 17:00:00,0,0.47596829086120107,0.5240317091387989,Hold,73.93778,74.59189,73.89838,74.576126,16296
2022-08-24 18:00:00,0,0.45110032622038376,0.5488996737796162,Hold,74.576126,74.85196,74.37911,74.69434,13534
2022-08-24 19:00:00,0,0.5074695968266129,0.49253040317338714,Sell,74.69434,75.1199,74.69434,75.08838,4300
2022-08-24 20:00:00,0,0.5279569568212273,0.47204304317877266,Sell,75.08838,75.17507,75.0411,75.15931,2157
2022-08-24 22:00:00,0,0.5153705493262326,0.4846294506737674,Sell,75.14355,75.16719,75.017456,75.05686,875
2022-08-24 23:00:00,0,0.5029137813684887,0.49708621863151126,Sell,75.05686,75.08838,75.009575,75.0411,522
2022-08-25 00:00:00,1,0.5240920940450656,0.4759079059549344,Sell,75.0411,75.387856,74.98593,75.27752,2934
2022-08-25 01:00:00,1,0.4966504549440072,0.5033495450559928,Hold,75.2854,75.40362,75.245995,75.34057,2239
2022-08-25 02:00:00,1,0.4835929733642788,0.5164070266357212,Hold,75.33269,75.46666,75.2066,75.23812,2832
2022-08-25 03:00:00,1,0.4840371299021107,0.5159628700978893,Hold,75.23812,75.32481,75.04898,75.11202,2372
2022-08-25 04:00:00,1,0.5119584801954002,0.48804151980459975,Sell,75.11202,75.23024,75.04898,75.14355,1324
2022-08-25 05:00:00,1,0.474741815347502,0.525258184652498,Hold,75.15143,75.21448,74.95441,75.0805,1942
2022-08-25 06:00:00,0,0.4827772457162402,0.5172227542837597,Hold,75.06474,75.36421,74.74162,74.96229,5863
2022-08-25 07:00:00,1,0.5200979585170572,0.4799020414829428,Sell,74.95441,75.29328,74.80467,75.21448,5317
2022-08-25 08:00:00,1,0.4604763631407649,0.5395236368592351,Hold,75.22236,75.26176,74.710106,75.05686,8483
2022-08-25 09:00:00,0,0.43859195985556987,0.5614080401444301,Hold,75.06474,75.17507,74.576126,74.80467,5589
2022-08-25 10:00:00,0,0.4402912760470763,0.5597087239529237,Hold,74.80467,74.95441,74.520966,74.69434,5081
2022-08-25 11:00:00,1,0.5204324525640169,0.47956754743598307,Sell,74.68646,75.17507,74.42639,75.14355,8866
2022-08-25 12:00:00,0,0.4829724400594543,0.5170275599405457,Hold,75.14355,75.2854,74.64706,74.915,11865
2022-08-25 13:00:00,1,0.4628486103060243,0.5371513896939757,Hold,74.915,75.4509,74.64706,74.749504,22677
2022-08-25 14:00:00,1,0.46457482558447316,0.5354251744155268,Hold,74.749504,74.883484,74.00871,74.35547,25763
2022-08-25 15:00:00,1,0.5299942957630065,0.4700057042369935,Sell,74.33971,74.72587,73.78017,74.37911,24992
2022-08-25 16:00:00,1,0.5558846075585296,0.44411539244147036,Sell,74.386986,74.568245,73.91414,74.41851,11857
2022-08-25 17:00:00,0,0.5166277687830418,0.48337223121695816,Sell,74.43427,74.639175,73.19698,73.49646,19912
2022-08-25 18:00:00,0,0.4788386389505947,0.5211613610494052,Hold,73.4807,73.646194,72.73202,73.338844,26088
2022-08-25 19:00:00,0,0.5094431192550392,0.49055688074496084,Sell,73.33096,73.583145,73.22851,73.38612,4449
2022-08-25 20:00:00,0,0.49947477905232485,0.5005252209476752,Hold,73.37824,73.41765,73.023605,73.30732,2241
2022-08-25 22:00:00,0,0.5206467706011766,0.4793532293988234,Sell,73.338844,73.50434,73.19698,73.283676,897
2022-08-25 23:00:00,0,0.5199858067151629,0.4800141932848371,Sell,73.283676,73.29156,73.149704,73.25215,704
2022-08-26 00:00:00,0,0.490744764426616,0.5092552355733839,Hold,73.25215,73.49646,73.24427,73.267914,1814
2022-08-26 01:00:00,0,0.5692112338413853,0.4307887661586147,Sell,73.267914,73.772285,73.1891,73.59891,4003
2022-08-26 02:00:00,0,0.570820308984254,0.42917969101574605,Sell,73.59891,73.725,73.575264,73.654076,2053
2022-08-26 03:00:00,0,0.5531156000021713,0.4468843999978287,Sell,73.654076,73.67772,73.44917,73.583145,1498
2022-08-26 04:00:00,0,0.5971446998364828,0.4028553001635172,Sell,73.59103,73.646194,73.51222,73.527985,828
2022-08-26 05:00:00,0,0.6351831593152059,0.36481684068479414,Sell,73.5201,73.59891,73.338844,73.583145,2072
2022-08-26 06:00:00,1,0.6438557186358481,0.3561442813641519,Sell,73.575264,73.85898,73.56738,73.843216,3603
2022-08-26 07:00:00,1,0.6079755209909551,0.3920244790090449,Sell,73.843216,74.04811,73.53586,74.03236,6664
2022-08-26 08:00:00,0,0.6355437905817765,0.36445620941822354,Sell,74.04024,74.04811,73.07877,73.56738,11581
2022-08-26 09:00:00,0,0.6466249457318527,0.3533750542681473,Sell,73.583145,73.92202,73.29156,73.74864,7101
2022-08-26 10:00:00,1,0.6051271636721585,0.39487283632784154,Sell,73.75652,74.0954,73.69348,73.97719,5163
2022-08-26 11:00:00,1,0.6336818908927879,0.3663181091072121,Sell,73.97719,74.06387,73.67772,73.73288,4555
2022-08-26 12:00:00,0,0.5183229117663748,0.4816770882336252,Sell,73.74076,73.835335,72.1252,72.48772,20084
2022-08-26 13:00:00,0,0.4429431371677319,0.5570568628322681,Hold,72.471954,73.33096,72.18036,72.69261,28870
2022-08-26 14:00:00,0,0.42138140288694204,0.578618597113058,Hold,72.69261,73.267914,71.77844,72.408905,33902
2022-08-26 15:00:00,0,0.5026408335413174,0.4973591664586826,Sell,72.408905,73.11818,72.1252,72.897514,23873
2022-08-26 16:00:00,0,0.4874859953334564,0.5125140046665436,Hold,72.905396,73.03149,72.42467,72.92116,12481
2022-08-26 17:00:00,0,0.47230015685514687,0.5276998431448532,Hold,72.91328,73.07089,72.55864,72.98421,10376
2022-08-26 18:00:00,0,0.5251067745752576,0.47489322542474244,Sell,72.99209,73.50434,72.91328,73.37824,17397
2022-08-26 19:00:00,0,0.4807444030472614,0.5192555969527386,Hold,73.38612,73.44129,73.157585,73.19698,3920
2022-08-26 20:00:00,0,0.49178302754924247,0.5082169724507575,Hold,73.1891,73.32308,73.12606,73.267914,1747
2022-08-28 22:00:00,0,0.520457360150945,0.479542639849055,Sell,73.26003,73.35461,72.73202,73.149704,2794
2022-08-28 23:00:00,0,0.5202390409734554,0.4797609590265446,Sell,73.14182,73.54374,73.11818,73.25215,2311
2022-08-29 00:00:00,0,0.49909613830029775,0.5009038616997022,Hold,73.24427,73.67772,73.14182,73.63043,2265
2022-08-29 01:00:00,0,0.5087180949852892,0.4912819050147108,Sell,73.646194,74.05599,73.38612,74.024475,5486
2022-08-29 02:00:00,0,0.505691935878357,0.49430806412164296,Sell,74.024475,74.33971,73.882614,74.260895,5016
2022-08-29 03:00:00,0,0.4426144558159313,0.5573855441840687,Hold,74.25301,74.331825,74.1348,74.25301,2340
2022-08-29 04:00:00,0,0.41246184055427204,0.587538159445728,Hold,74.25301,74.331825,74.15845,74.22149,1610
2022-08-29 05:00:00,0,0.38139421739444795,0.618605782605552,Hold,74.22149,74.30818,73.953545,73.97719,2611
2022-08-29 06:00:00,0,0.36404185585620147,0.6359581441437985,Hold,73.99295,74.04811,73.53586,73.74076,5062
2022-08-29 07:00:00,0,0.41235349217842693,0.5876465078215731,Hold,73.74864,74.29242,73.71712,74.23725,6223
2022-08-29 08:00:00,0,0.410379785677383,0.589620214322617,Hold,74.23725,74.39487,73.338844,73.41765,10374
2022-08-29 09:00:00,0,0.42732677635068295,0.572673223649317,Hold,73.40977,74.25301,73.346725,73.961426,6606
2022-08-29 10:00:00,0,0.4431214783704061,0.556878521629594,Hold,73.953545,74.11904,73.67772,73.89838,4256
2022-08-29 11:00:00,0,0.43627261952340174,0.5637273804765983,Hold,73.890495,73.91414,73.37824,73.709236,5508
2022-08-29 12:00:00,0,0.5333990078572641,0.46660099214273587,Sell,73.709236,74.59189,73.51222,74.18209,13818
2022-08-29 13:00:00,0,0.5339854123589677,0.4660145876410323,Sell,74.18997,75.41149,73.890495,75.17507,32982
2022-08-29 14:00:00,0,0.48140934491315523,0.5185906550868448,Hold,75.16719,75.89223,75.08838,75.32481,29249
2022-08-29 15:00:00,0,0.5069020878853375,0.4930979121146625,Sell,75.32481,75.994675,75.135666,75.813416,15481
2022-08-29 16:00:00,0,0.46734464969467426,0.5326553503053257,Hold,75.813416,75.93951,75.39574,75.805534,12324
2022-08-29 17:00:00,1,0.4889164974291917,0.5110835025708083,Hold,75.805534,76.44388,75.805534,76.40448,16567
2022-08-29 18:00:00,1,0.48347817872434,0.5165218212756599,Hold,76.40448,76.73547,76.26263,76.38084,22907
2022-08-29 19:00:00,1,0.47006690911722815,0.5299330908827719,Hold,76.372955,76.4754,76.302025,76.38872,5517
2022-08-29 20:00:00,1,0.4361233129915574,0.5638766870084426,Hold,76.38084,76.436,76.2311,76.3966,3189
2022-08-29 22:00:00,0,0.44708356479043077,0.5529164352095692,Hold,76.365074,76.46752,76.16017,76.254745,3314
2022-08-29 23:00:00,0,0.4664965325109157,0.5335034674890843,Hold,76.26263,76.34143,76.191696,76.302025,1550
2022-08-30 00:00:00,0,0.4807807341718449,0.5192192658281551,Hold,76.309906,76.38872,76.20746,76.22322,3261
2022-08-30 01:00:00,0,0.48332968723566855,0.5166703127643315,Hold,76.21534,76.33355,76.07349,76.16805,6039
2022-08-30 02:00:00,0,0.4835516309015346,0.5164483690984654,Hold,76.16017,76.28626,76.120766,76.2311,3081
2022-08-30 03:00:00,0,0.48757418612250064,0.5124258138774993,Hold,76.21534,76.23898,76.03408,76.20746,2586
2022-08-30 04:00:00,0,0.4582978317574368,0.5417021682425631,Hold,76.20746,76.302025,76.105,76.120766,1582
2022-08-30 05:00:00,0,0.5146562870275353,0.4853437129724647,Sell,76.13653,76.491165,76.112885,76.436,3321
2022-08-30 06:00:00,0,0.43110257116112555,0.5688974288388744,Hold,76.42812,76.66454,76.254745,76.302025,4580
2022-08-30 07:00:00,1,0.5226618840189761,0.47733811598102394,Sell,76.309906,76.96401,76.112885,76.66454,10911
2022-08-30 08:00:00,1,0.4623960615003163,0.5376039384996837,Hold,76.66454,76.69607,76.16805,76.27838,10843
2022-08-30 09:00:00,1,0.45541177611498046,0.5445882238850195,Hold,76.28626,76.35719,74.946526,75.135666,19585
2022-08-30 10:00:00,1,0.4481509044678642,0.5518490955321358,Hold,75.127785,75.379974,74.61553,74.6707,11917
2022-08-30 11:00:00,0,0.36817041879940354,0.6318295812005965,Hold,74.6707,74.69434,74.04024,74.19785,14776
2022-08-30 12:00:00,1,0.45083030731043167,0.5491696926895684,Hold,74.18997,74.915,73.90626,74.710106,16674
2022-08-30 13:00:00,1,0.4411782960901019,0.5588217039098982,Hold,74.702225,74.89924,72.968445,73.212746,46003
2022-08-30 14:00:00,1,0.4187413436418247,0.5812586563581753,Hold,73.204865,73.44129,72.590164,73.37036,32972
2022-08-30 15:00:00,0,0.3606093577093243,0.6393906422906757,Hold,73.36248,73.69348,72.101555,72.3695,33044
2022-08-30 16:00:00,0,0.314979777740449,0.685020222259551,Hold,72.345856,72.345856,71.352875,72.1646,34176
2022-08-30 17:00:00,0,0.34749608052552483,0.6525039194744752,Hold,72.15672,72.62957,71.69963,72.3695,19064
2022-08-30 18:00:00,0,0.3346353351248166,0.6653646648751834,Hold,72.3695,72.46407,72.00698,72.290695,19969
2022-08-30 19:00:00,1,0.34799102724443215,0.6520089727555678,Hold,72.29858,72.60593,72.282814,72.534996,5729
2022-08-30 20:00:00,1,0.3577961128887872,0.6422038871112128,Hold,72.527115,72.787186,72.30646,72.716255,3194
2022-08-30 22:00:00,1,0.32845061277872983,0.6715493872212701,Hold,72.74778,73.023605,72.63745,72.661095,1442
2022-08-30 23:00:00,1,0.288317846404953,0.711682153595047,Hold,72.661095,72.668976,72.39314,72.55864,1027
2022-08-31 00:00:00,1,0.3199835419788032,0.6800164580211968,Hold,72.55864,72.80295,72.50348,72.62169,2535
2022-08-31 01:00:00,1,0.3724848570148163,0.6275151429851837,Hold,72.62169,72.716255,72.337975,72.67685,3104
2022-08-31 02:00:00,1,0.3879890345051258,0.6120109654948742,Hold,72.668976,72.95268,72.598045,72.92904,2647
2022-08-31 03:00:00,1,0.3778059267846186,0.6221940732153814,Hold,72.92904,72.99209,72.842354,72.88175,1950
2022-08-31 04:00:00,1,0.367430474567689,0.6325695254323109,Hold,72.88963,73.01573,72.85023,72.91328,1147
2022-08-31 05:00:00,1,0.3751473666746895,0.6248526333253105,Hold,72.905396,73.07877,72.69261,72.897514,2967
2022-08-31 06:00:00,1,0.3344408830520502,0.6655591169479498,Hold,72.905396,73.03937,72.661095,72.897514,3694
2022-08-31 07:00:00,1,0.388058578028929,0.611941421971071,Hold,72.88963,72.88963,71.80997,71.88877,8935
2022-08-31 08:00:00,0,0.3450604165433761,0.6549395834566238,Hold,71.90453,72.101555,70.79334,70.99824,16272
2022-08-31 09:00:00,0,0.36488689601592916,0.6351131039840708,Hold,70.99824,70.99824,69.85552,70.33625,16888
2022-08-31 10:00:00,0,0.3277867976732922,0.6722132023267078,Hold,70.32049,70.46234,69.563934,70.39142,17746
2022-08-31 11:00:00,0,0.308667820014856,0.691332179985144,Hold,70.38354,70.438705,69.98161,70.09983,11412
2022-08-31 12:00:00,0,0.286162997756095,0.713837002243905,Hold,70.07619,70.62784,69.95797,70.485985,13933
2022-08-31 13:00:00,0,0.3083303613048096,0.6916696386951904,Hold,70.493866,71.55778,70.3993,70.96672,36878
2022-08-31 14:00:00,0,0.28302068863900465,0.7169793113609954,Hold,70.95884,71.731155,70.549034,71.20314,34463
2022-08-31 15:00:00,1,0.3493267478329731,0.6506732521670269,Hold,71.21102,72.04639,70.8485,71.86513,29168
2022-08-31 16:00:00,1,0.22856130364520708,0.7714386963547929,Hold,71.86513,72.19612,71.40016,71.69175,15169
2022-08-31 17:00:00,1,0.23783356480268372,0.7621664351973163,Hold,71.69175,71.8336,70.88003,70.90367,16179
2022-08-31 18:00:00,0,0.23954155818745046,0.7604584418125495,Hold,70.90367,71.06917,70.08407,70.375656,25859
2022-08-31 19:00:00,0,0.2437261098210342,0.7562738901789658,Hold,70.367775,70.54115,70.10771,70.15499,5245
2022-08-31 20:00:00,0,0.31443568668529015,0.6855643133147098,Hold,70.16287,70.20228,69.91069,70.02102,4126
2022-08-31 22:00:00,0,0.32636526511807457,0.6736347348819254,Hold,70.00526,70.27321,69.95797,70.25745,1293
2022-08-31 23:00:00,0,0.2746393067287626,0.7253606932712374,Hold,70.25745,70.375656,70.13135,70.304726,1131
2022-09-01 00:00:00,0,0.3159266114895564,0.6840733885104435,Hold,70.31261,70.3993,69.989494,70.09195,2342
2022-09-01 01:00:00,1,0.3005793749438361,0.6994206250561639,Hold,70.08407,70.58844,70.08407,70.34413,4501
2022-09-01 02:00:00,1,0.310621926588238,0.689378073411762,Hold,70.34413,70.63572,70.22592,70.32049,2501
2022-09-01 03:00:00,1,0.3404280760233287,0.6595719239766713,Hold,70.32837,70.51751,70.27321,70.33625,1903
2022-09-01 04:00:00,1,0.33423430478525823,0.6657656952147417,Hold,70.34413,70.41506,70.09195,70.13923,1918
2022-09-01 05:00:00,1,0.37825719007894865,0.6217428099210514,Hold,70.14711,70.25745,70.01314,70.10771,2432
2022-09-01 06:00:00,1,0.3976780315055378,0.6023219684944622,Hold,70.115585,70.241684,69.83976,70.09195,4919
2022-09-01 07:00:00,1,0.39618450149916085,0.6038154985008392,Hold,70.08407,70.21804,69.67426,70.1944,8515
2022-09-01 08:00:00,0,0.3588355578979882,0.6411644421020117,Hold,70.1944,70.2338,68.65764,68.98863,18414
2022-09-01 09:00:00,0,0.364541050762349,0.635458949237651,Hold,68.98075,69.69791,68.94923,69.508766,10243
2022-09-01 10:00:00,0,0.33297237702637017,0.6670276229736298,Hold,69.51665,69.53241,68.68916,68.97287,10442
2022-09-01 11:00:00,0,0.37080373341570483,0.6291962665842952,Hold,68.97287,69.84764,68.704926,69.76884,10108
2022-09-01 12:00:00,0,0.3178939136573655,0.6821060863426345,Hold,69.753075,69.800354,69.0438,69.6585,10996
2022-09-01 13:00:00,0,0.3315563770900048,0.6684436229099953,Hold,69.6585,69.753075,68.41333,68.52367,30845
2022-09-01 14:00:00,0,0.27266221400558743,0.7273377859944126,Hold,68.507904,69.76884,68.46062,68.626114,29416
2022-09-01 15:00:00,0,0.30140544574047917,0.6985945542595209,Hold,68.61823,69.05956,68.2242,68.79949,27512
2022-09-01 16:00:00,0,0.27012314645521196,0.729876853544788,Hold,68.79161,68.97287,68.066574,68.397575,18145
2022-09-01 17:00:00,0,0.25321200316936854,0.7467879968306315,Hold,68.397575,68.66552,67.86168,67.87744,18456
2022-09-01 18:00:00,0,0.25542538286130284,0.7445746171386971,Hold,67.87744,68.35817,67.759224,67.97989,22014
2022-09-01 19:00:00,0,0.28539913932318034,0.7146008606768197,Hold,67.97989,68.200554,67.96413,68.01141,5100
2022-09-01 20:00:00,0,0.3070625297416265,0.6929374702583735,Hold,68.01141,68.137505,67.94048,68.066574,2019
2022-09-01 22:00:00,0,0.32634132599495963,0.6736586740050403,Hold,68.21632,68.27936,68.05082,68.10598,1200
2022-09-01 23:00:00,0,0.3369616674537578,0.6630383325462422,Hold,68.11386,68.84678,68.0587,68.76797,3341
2022-09-02 00:00:00,0,0.3744954756652414,0.6255045243347586,Hold,68.760086,69.16201,68.626114,69.012276,4157
2022-09-02 01:00:00,0,0.37233821708952247,0.6276617829104776,Hold,69.004395,69.256584,68.933464,69.16201,4264
2022-09-02 02:00:00,0,0.41509997260185727,0.5849000273981427,Hold,69.17777,69.40632,69.02016,69.39056,2832
2022-09-02 03:00:00,0,0.4066370267085388,0.5933629732914611,Hold,69.39844,69.65062,69.33539,69.59546,3325
2022-09-02 04:00:00,0,0.42088742371506166,0.5791125762849383,Hold,69.59546,69.73731,69.53241,69.61121,2990
2022-09-02 05:00:00,0,0.38260195322228036,0.6173980467777196,Hold,69.61121,69.690025,69.28022,69.36691,3114
2022-09-02 06:00:00,0,0.4164528024777622,0.5835471975222378,Hold,69.35115,69.626976,69.21718,69.500885,4343
2022-09-02 07:00:00,0,0.416144865681927,0.583855134318073,Hold,69.493004,70.01314,69.46936,69.760956,6996
2022-09-02 08:00:00,0,0.4263470355300515,0.5736529644699485,Hold,69.760956,70.41506,69.493004,70.34413,10923
2022-09-02 09:00:00,0,0.448072931996689,0.551927068003311,Hold,70.34413,70.367775,69.571815,69.71367,7820
2022-09-02 10:00:00,0,0.3912108725109093,0.6087891274890906,Hold,69.71367,70.068306,69.54817,69.73731,6572
2022-09-02 11:00:00,0,0.41711706181891056,0.5828829381810894,Hold,69.73731,69.8634,69.23294,69.437836,7988
2022-09-02 12:00:00,0,0.4142383422712689,0.5857616577287311,Hold,69.42996,70.65936,69.27234,70.35989,16629
2022-09-02 13:00:00,0,0.38037924993518835,0.6196207500648117,Hold,70.367775,70.58844,69.52453,69.760956,25313
2022-09-02 14:00:00,0,0.3786843391237736,0.6213156608762265,Hold,69.76884,70.28109,69.65062,69.76884,16450
2022-09-02 15:00:00,0,0.3899827943627903,0.6100172056372097,Hold,69.76884,69.90281,69.067444,69.59546,22204
2022-09-02 16:00:00,0,0.36589408748698066,0.6341059125130193,Hold,69.61121,69.942215,68.73645,68.76797,15946
2022-09-02 17:00:00,0,0.3587222494248574,0.6412777505751426,Hold,68.77585,69.2881,68.263596,68.389694,18191
2022-09-02 18:00:00,0,0.368314905965712,0.631685094034288,Hold,68.389694,69.09896,68.326645,68.515785,19596
2022-09-02 19:00:00,0,0.346756940450404,0.6532430595495959,Hold,68.515785,68.626114,68.29512,68.452736,4335
2022-09-02 20:00:00,0,0.38247686265079883,0.6175231373492012,Hold,68.46062,68.76797,68.444855,68.760086,2017
2022-09-04 22:00:00,0,0.36978372274943383,0.6302162772505662,Hold,68.43697,69.48512,68.41333,69.33539,3568
2022-09-04 23:00:00,0,0.3875413725427987,0.6124586274572013,Hold,69.35115,69.5797,69.27234,69.54817,1418
2022-09-05 00:00:00,0,0.4234321162950212,0.5765678837049788,Hold,69.55605,69.71367,69.374794,69.374794,2344
2022-09-05 01:00:00,0,0.3739808010106306,0.6260191989893694,Hold,69.39844,69.824,69.33539,69.66638,3547
2022-09-05 02:00:00,0,0.38591970839305717,0.6140802916069428,Hold,69.66638,69.800354,69.33539,69.500885,2167
2022-09-05 03:00:00,0,0.3686386200653608,0.6313613799346391,Hold,69.500885,69.871284,69.48512,69.81612,2056
2022-09-05 04:00:00,0,0.3615113612766059,0.6384886387233941,Hold,69.824,70.00526,69.78459,69.91069,1649
2022-09-05 05:00:00,0,0.35596393447475705,0.644036065525243,Hold,69.91069,69.97373,69.69791,69.824,2312
2022-09-05 06:00:00,0,0.378750958349641,0.621249041650359,Hold,69.808235,70.10771,69.73731,69.997375,3860
2022-09-05 07:00:00,0,0.3730590836356148,0.6269409163643852,Hold,69.98161,70.32837,69.84764,69.96585,6229
2022-09-05 08:00:00,0,0.42587542598772155,0.5741245740122785,Hold,69.98161,70.35201,69.871284,70.22592,6517
2022-09-05 09:00:00,0,0.40782130093398894,0.5921786990660111,Hold,70.2338,70.41506,70.068306,70.304726,6227
2022-09-05 10:00:00,0,0.4076519197638376,0.5923480802361625,Hold,70.31261,70.38354,70.115585,70.22592,3535
2022-09-05 11:00:00,1,0.4583930796637268,0.5416069203362732,Hold,70.2338,71.014,70.21016,70.738174,11221
2022-09-05 12:00:00,1,0.4593125628075785,0.5406874371924215,Hold,70.746056,70.99824,70.38354,70.75394,11863
2022-09-05 13:00:00,1,0.4685125359872898,0.5314874640127102,Hold,70.75394,71.14009,70.44659,70.95884,13188
2022-09-05 14:00:00,1,0.4794312857106564,0.5205687142893436,Hold,70.95096,71.234665,70.8485,70.982475,9281
2022-09-05 15:00:00,1,0.44073653921044964,0.5592634607895504,Hold,70.96672,71.06917,69.91857,70.12347,12841
2022-09-05 16:00:00,1,0.4472152433274492,0.5527847566725508,Hold,70.115585,70.34413,69.85552,70.249565,5885
2022-09-05 17:00:00,1,0.4466323126609111,0.5533676873390889,Hold,70.27321,70.367775,69.800354,70.08407,2974
2022-09-05 18:00:00,1,0.4234315786861159,0.5765684213138841,Hold,70.07619,70.14711,69.91069,69.997375,842
2022-09-05 22:00:00,1,0.4408047770030229,0.5591952229969771,Hold,70.09983,70.296844,70.09195,70.25745,1387
2022-09-05 23:00:00,1,0.4253665763408434,0.5746334236591566,Hold,70.25745,70.28896,70.060425,70.09983,967
2022-09-06 00:00:00,1,0.34473861516349735,0.6552613848365026,Hold,70.10771,70.28896,69.619095,70.241684,3663
2022-09-06 01:00:00,0,0.35515995594869193,0.644840044051308,Hold,70.249565,70.39142,69.800354,69.91069,3724
2022-09-06 02:00:00,0,0.3350254135575777,0.6649745864424224,Hold,69.91069,69.95009,69.67426,69.800354,2735
2022-09-06 03:00:00,0,0.35260999606220184,0.6473900039377982,Hold,69.800354,69.90281,69.73731,69.78459,1488
2022-09-06 04:00:00,0,0.3500130978526426,0.6499869021473574,Hold,69.77671,69.96585,69.71367,69.85552,1527
2022-09-06 05:00:00,0,0.3436768538960358,0.6563231461039643,Hold,69.85552,70.0289,69.808235,69.91069,1996
2022-09-06 06:00:00,1,0.3420556372791368,0.6579443627208632,Hold,69.91069,70.31261,69.824,70.22592,4316
2022-09-06 07:00:00,1,0.33620093057769745,0.6637990694223026,Hold,70.22592,70.51751,70.03678,70.47022,6570
2022-09-06 08:00:00,1,0.33955538956039827,0.6604446104396018,Hold,70.4781,70.485985,69.16989,69.311745,12268
2022-09-06 09:00:00,0,0.2772465842639555,0.7227534157360445,Hold,69.311745,69.319626,68.18479,68.43697,13978
2022-09-06 10:00:00,0,0.2901746453837637,0.7098253546162363,Hold,68.42909,68.47638,67.92472,68.019295,10274
2022-09-06 11:00:00,0,0.2927533991141907,0.7072466008858094,Hold,68.00353,68.40546,67.91684,68.31088,9325
2022-09-06 12:00:00,0,0.2917742448142224,0.7082257551857776,Hold,68.31088,68.80737,68.12174,68.515785,14840
2022-09-06 13:00:00,1,0.2697634731261174,0.7302365268738826,Hold,68.515785,69.36691,68.263596,68.77585,30436
2022-09-06 14:00:00,0,0.29940204321005304,0.700597956789947,Hold,68.760086,68.94923,68.15327,68.53155,26511
2022-09-06 15:00:00,1,0.30723675795966304,0.6927632420403369,Hold,68.53155,69.30386,68.01141,69.17777,26151
2022-09-06 16:00:00,0,0.3461359537119111,0.6538640462880889,Hold,69.16201,69.27234,68.23208,68.46062,15997
2022-09-06 17:00:00,0,0.32437142380954725,0.6756285761904528,Hold,68.444855,68.55519,67.98777,68.05082,13913
2022-09-06 18:00:00,1,0.33637494147402935,0.6636250585259706,Hold,68.0587,68.79949,68.05082,68.52367,18712
2022-09-06 19:00:00,0,0.3121421616242392,0.6878578383757608,Hold,68.53155,68.57095,68.23995,68.24783,3900
2022-09-06 20:00:00,1,0.34925432052541566,0.6507456794745843,Hold,68.263596,68.53155,68.263596,68.53155,2033
2022-09-06 22:00:00,0,0.38066806727342944,0.6193319327265705,Hold,68.507904,68.54731,68.40546,68.46062,692
2022-09-06 23:00:00,0,0.397047298072783,0.602952701927217,Hold,68.46062,68.4685,68.31876,68.41333,601
2022-09-07 00:00:00,0,0.47838708078381714,0.5216129192161829,Hold,68.42121,68.452736,67.97201,68.066574,3516
2022-09-07 01:00:00,0,0.43855487396472537,0.5614451260352746,Hold,68.074455,68.11386,67.467636,67.530685,7837
2022-09-07 02:00:00,0,0.39425573026988026,0.6057442697301197,Hold,67.53857,67.60161,67.12088,67.47552,4413
2022-09-07 03:00:00,0,0.4158433017357633,0.5841566982642368,Hold,67.467636,67.4834,67.21545,67.278496,3331
2022-09-07 04:00:00,0,0.43722991066716255,0.5627700893328375,Hold,67.28638,67.42823,67.12876,67.26273,2612
2022-09-07 05:00:00,0,0.4172583934060072,0.5827416065939928,Hold,67.24697,67.37307,67.09724,67.34943,3284
2022-09-07 06:00:00,0,0.40954567984503204,0.5904543201549679,Hold,67.34943,67.78287,67.04995,67.70406,5924
2022-09-07 07:00:00,0,0.39121768834619275,0.6087823116538073,Hold,67.70406,67.88532,67.26273,67.838036,9529
2022-09-07 08:00:00,0,0.4423454233207789,0.5576545766792211,Hold,67.830154,68.36605,67.759224,68.09022,10068
2022-09-07 09:00:00,1,0.3710602662863324,0.6289397337136676,Hold,68.0981,69.16201,68.074455,68.80737,15411
2022-09-07 10:00:00,1,0.36793504064626986,0.6320649593537302,Hold,68.79949,69.075325,68.704926,68.87042,4635
2022-09-07 11:00:00,1,0.3613232949208299,0.6386767050791702,Hold,68.87042,68.933464,68.2242,68.28724,8115
2022-09-07 12:00:00,1,0.37777690935912717,0.6222230906408728,Hold,68.27936,68.633995,67.60949,67.74346,14003
2022-09-07 13:00:00,0,0.44302691460253857,0.5569730853974615,Hold,67.74346,67.90108,65.355576,65.77326,72553
2022-09-07 14:00:00,0,0.4010343387414067,0.5989656612585933,Hold,65.77326,66.529816,65.418625,65.89147,35088
2022-09-07 15:00:00,0,0.4099047275266216,0.5900952724733783,Hold,65.89147,66.08849,65.418625,65.51319,22471
2022-09-07 16:00:00,0,0.3859376602893338,0.6140623397106661,Hold,65.50531,65.86783,64.84332,64.99306,23977
2022-09-07 17:00:00,0,0.3926505398496378,0.6073494601503622,Hold,64.99306,65.39498,64.78028,64.86697,17223
2022-09-07 18:00:00,0,0.4017728927736781,0.5982271072263219,Hold,64.86697,65.03246,64.38624,64.53597,24513
2022-09-07 19:00:00,0,0.4208803672717204,0.5791196327282796,Hold,64.54385,64.99306,64.480804,64.52021,7010
2022-09-07 20:00:00,0,0.42027790842107526,0.5797220915789247,Hold,64.52809,64.59114,64.22862,64.35471,4951
2022-09-07 22:00:00,0,0.44192249368719105,0.558077506312809,Hold,64.551735,64.68571,64.425644,64.53597,1629
2022-09-07 23:00:00,0,0.4861586020075535,0.5138413979924465,Hold,64.52809,64.69359,64.51233,64.669945,1021
2022-09-08 00:00:00,0,0.4329679840011746,0.5670320159988254,Hold,64.66206,65.10339,64.65418,65.06399,3652
2022-09-08 01:00:00,0,0.4264118491889585,0.5735881508110414,Hold,65.05611,65.3871,65.00094,65.05611,5869
2022-09-08 02:00:00,0,0.458047859515674,0.5419521404843259,Hold,65.05611,65.229485,65.0167,65.21372,2603
2022-09-08 03:00:00,0,0.4433760984423538,0.5566239015576462,Hold,65.21372,65.39498,65.19796,65.31618,2745
2022-09-08 04:00:00,0,0.43274973285573404,0.567250267144266,Hold,65.32406,65.36346,65.048225,65.119156,2506
2022-09-08 05:00:00,0,0.4223991909839157,0.5776008090160842,Hold,65.13492,65.300415,65.00882,65.17432,3020
2022-09-08 06:00:00,0,0.3851443499292455,0.6148556500707545,Hold,65.166435,65.1822,64.79604,64.9773,4941
2022-09-08 07:00:00,0,0.39883097352600516,0.6011690264739948,Hold,64.9773,65.27677,64.74876,65.00882,8014
2022-09-08 08:00:00,0,0.3533893216883414,0.6466106783116585,Hold,65.00882,65.07187,64.134056,64.88273,13628
2022-09-08 09:00:00,0,0.35453134485308724,0.6454686551469128,Hold,64.87485,64.89061,63.9922,64.173454,9322
2022-09-08 10:00:00,0,0.37226838477010876,0.6277316152298913,Hold,64.15769,65.00094,64.11041,64.96154,7721
2022-09-08 11:00:00,0,0.3424779994997506,0.6575220005002493,Hold,64.9773,65.111275,64.63843,64.82756,8240
2022-09-08 12:00:00,0,0.4009937080517141,0.5990062919482859,Hold,64.83544,65.37134,64.54385,65.12704,14507
2022-09-08 13:00:00,0,0.39388367699242105,0.606116323007579,Hold,65.13492,66.13578,65.05611,66.07273,34429
2022-09-08 14:00:00,0,0.37493325279653905,0.625066747203461,Hold,66.08061,66.096375,65.26889,65.418625,20832
2022-09-08 15:00:00,0,0.34635538798955773,0.6536446120104422,Hold,65.43439,66.159424,64.70935,65.82843,30337
2022-09-08 16:00:00,0,0.3336191562416007,0.6663808437583993,Hold,65.83631,66.104256,65.43439,65.82843,16369
2022-09-08 17:00:00,0,0.3547998063045548,0.6452001936954452,Hold,65.82055,66.39584,65.82055,65.986046,18246
2022-09-08 18:00:00,0,0.3127361196628319,0.6872638803371681,Hold,65.99393,66.3328,65.52107,65.56836,17880
2022-09-08 19:00:00,0,0.2793235012975595,0.7206764987024405,Hold,65.56836,65.71021,65.15856,65.166435,4493
2022-09-08 20:00:00,0,0.3213369722322892,0.6786630277677108,Hold,65.17432,65.33981,64.98518,65.19796,2312
2022-09-08 22:00:00,0,0.34257879007776854,0.6574212099222314,Hold,65.25313,65.39498,65.1822,65.36346,811
2022-09-08 23:00:00,0,0.3570901722369607,0.6429098277630393,Hold,65.36346,65.45803,65.27677,65.40286,811
2022-09-09 00:00:00,0,0.40749248757679485,0.5925075124232051,Hold,65.40286,65.7575,65.300415,65.725975,2197
2022-09-09 01:00:00,0,0.4083633518075155,0.5916366481924845,Hold,65.725975,65.986046,65.63141,65.86783,3278
2022-09-09 02:00:00,0,0.4461113546502572,0.5538886453497428,Hold,65.85995,66.19882,65.84419,66.167305,3086
2022-09-09 03:00:00,0,0.41560703329652904,0.584392966703471,Hold,66.159424,66.175186,65.83631,65.97028,2568
2022-09-09 04:00:00,0,0.4693243637156042,0.5306756362843958,Hold,65.97028,66.293396,65.93088,66.26975,1840
2022-09-09 05:00:00,0,0.42261120956863973,0.5773887904313603,Hold,66.26187,66.31704,66.00181,66.06485,2386
2022-09-09 06:00:00,0,0.41966014252777967,0.5803398574722203,Hold,66.06485,66.2067,65.78114,65.796906,3784
2022-09-09 07:00:00,0,0.5256212978642377,0.4743787021357623,Sell,65.796906,66.711075,65.789024,66.663795,9263
2022-09-09 08:00:00,0,0.5132206355656466,0.48677936443435343,Sell,66.663795,67.04995,66.38008,67.02631,11923
2022-09-09 09:00:00,0,0.4872749702680685,0.5127250297319315,Hold,67.02631,67.113,66.72684,66.83717,6940
2022-09-09 10:00:00,0,0.5136105344216061,0.4863894655783939,Sell,66.845055,67.19181,66.774124,67.14452,4906
2022-09-09 11:00:00,0,0.5090097955143555,0.49099020448564445,Sell,67.160286,67.16817,66.81353,66.92386,6065
2022-09-09 12:00:00,0,0.5703592057195981,0.4296407942804019,Sell,66.92386,67.719826,66.82929,67.68042,14629
2022-09-09 13:00:00,0,0.4846025620879016,0.5153974379120985,Hold,67.68042,68.08234,67.22333,67.77499,30230
2022-09-09 14:00:00,0,0.42058762943265277,0.5794123705673473,Hold,67.77499,68.03506,67.467636,67.78287,19315
2022-09-09 15:00:00,0,0.45800810739456116,0.5419918926054388,Hold,67.77499,67.99565,67.54645,67.74346,16218
2022-09-09 16:00:00,0,0.5028770264131414,0.49712297358685864,Sell,67.75134,68.72069,67.68042,68.60247,17184
2022-09-09 17:00:00,0,0.4229539155780481,0.5770460844219518,Hold,68.59459,68.65764,68.12174,68.36605,11661
2022-09-09 18:00:00,0,0.37881099024886866,0.6211890097511313,Hold,68.35817,68.71281,68.11386,68.16115,19343
2022-09-09 19:00:00,0,0.40138512566105067,0.5986148743389493,Hold,68.145386,68.16903,67.948364,68.03506,4057
2022-09-09 20:00:00,0,0.40358000766280544,0.5964199923371946,Hold,68.04294,68.05082,67.838036,67.8538,2194
2022-09-11 22:00:00,0,0.389485683887022,0.610514316112978,Hold,67.97201,68.31876,67.88532,68.12962,1556
2022-09-11 23:00:00,0,0.42140173191030583,0.5785982680896942,Hold,68.12962,68.16115,67.99565,68.019295,1593
2022-09-12 00:00:00,0,0.4610605368459772,0.5389394631540227,Hold,68.03506,68.05082,67.467636,67.51492,2107
2022-09-12 01:00:00,0,0.43547841518925945,0.5645215848107406,Hold,67.522804,67.54645,67.113,67.29426,3066
2022-09-12 02:00:00,0,0.494534915368924,0.505465084631076,Hold,67.30214,67.42823,67.24697,67.42035,1883
2022-09-12 03:00:00,0,0.4808232444010235,0.5191767555989766,Hold,67.42035,67.42035,67.20757,67.36519,1289
2022-09-12 04:00:00,0,0.44386391112610923,0.5561360888738908,Hold,67.36519,67.40459,67.19969,67.270615,1651
2022-09-12 05:00:00,0,0.4964012216065226,0.5035987783934774,Hold,67.278496,67.54645,67.18393,67.4834,2125
2022-09-12 06:00:00,0,0.4679710819199839,0.5320289180800162,Hold,67.4834,67.91684,67.459755,67.90108,3953
2022-09-12 07:00:00,0,0.49995061998244394,0.500049380017556,Hold,67.91684,68.52367,67.82227,68.2242,6845
2022-09-12 08:00:00,0,0.47362893715302334,0.5263710628469767,Hold,68.23208,68.99651,68.066574,68.894066,11213
2022-09-12 09:00:00,0,0.4763136935531988,0.5236863064468011,Hold,68.90195,69.13837,68.86254,69.075325,6078
2022-09-12 10:00:00,0,0.44037320740981584,0.5596267925901841,Hold,69.083206,69.15413,68.8783,68.894066,4894
2022-09-12 11:00:00,0,0.42498288909438975,0.5750171109056103,Hold,68.90195,69.012276,68.71281,68.84678,5218
2022-09-12 12:00:00,0,0.4036246517310211,0.5963753482689789,Hold,68.8389,69.72943,68.72069,69.493004,12770
2022-09-12 13:00:00,0,0.3735762369170448,0.6264237630829552,Hold,69.508766,69.93433,69.18565,69.73731,24198
2022-09-12 14:00:00,0,0.37642897732360336,0.6235710226763966,Hold,69.72943,70.21804,69.46936,69.67426,20056
2022-09-12 15:00:00,1,0.37011117874997346,0.6298888212500265,Hold,69.690025,69.97373,68.941345,69.91069,21747
2022-09-12 16:00:00,0,0.3499368121615451,0.6500631878384548,Hold,69.89493,70.04466,69.083206,69.13837,11974
2022-09-12 17:00:00,0,0.31547278337400225,0.6845272166259977,Hold,69.122604,69.493004,68.96499,69.13837,9206
2022-09-12 18:00:00,0,0.26805907213671903,0.7319409278632809,Hold,69.130486,69.5797,68.84678,69.2093,18052
2022-09-12 19:00:00,0,0.2534395016963249,0.7465604983036751,Hold,69.21718,69.51665,69.18565,69.2093,3387
2022-09-12 20:00:00,0,0.2583226905672376,0.7416773094327624,Hold,69.201416,69.493004,69.18565,69.382675,1448
2022-09-12 22:00:00,0,0.27440347063943143,0.7255965293605686,Hold,69.42208,69.42996,69.2487,69.311745,492
2022-09-12 23:00:00,0,0.2696497764840072,0.7303502235159929,Hold,69.319626,69.46936,69.319626,69.39056,520
2022-09-13 00:00:00,0,0.2059753356862079,0.794024664313792,Hold,69.39056,69.44572,69.083206,69.256584,2110
2022-09-13 01:00:00,0,0.21960683654704233,0.7803931634529577,Hold,69.2487,69.2487,68.27148,68.60247,7225
2022-09-13 02:00:00,0,0.25335597685525085,0.7466440231447491,Hold,68.61035,69.09108,68.55519,69.0438,3448
2022-09-13 03:00:00,0,0.23984056388025696,0.760159436119743,Hold,69.05168,69.4142,68.94923,69.09896,3400
2022-09-13 04:00:00,0,0.2229557094163916,0.7770442905836084,Hold,69.10684,69.17777,68.96499,69.067444,1072
2022-09-13 05:00:00,0,0.23212733629902646,0.7678726637009735,Hold,69.05956,69.319626,68.933464,69.10684,2204
2022-09-13 06:00:00,0,0.23926346993555808,0.760736530064442,Hold,69.09896,69.65062,69.05168,69.26446,5132
2022-09-13 07:00:00,0,0.26352877353600446,0.7364712264639955,Hold,69.26446,69.942215,69.075325,69.760956,7122
2022-09-13 08:00:00,1,0.2643317439748695,0.7356682560251304,Hold,69.76884,70.09983,69.72155,69.989494,8836
2022-09-13 09:00:00,1,0.20957983732677737,0.7904201626732226,Hold,69.98161,70.13923,69.682144,69.942215,6098
2022-09-13 10:00:00,1,0.2524748025849936,0.7475251974150063,Hold,69.95009,70.178635,69.760956,70.12347,4100
2022-09-13 11:00:00,1,0.2539183810548693,0.7460816189451307,Hold,70.13135,70.38354,70.01314,70.13135,8313
2022-09-13 12:00:00,0,0.26631636012026827,0.7336836398797317,Hold,70.13135,70.375656,68.444855,68.90195,25271
2022-09-13 13:00:00,0,0.25310773777851675,0.7468922622214833,Hold,68.90195,69.77671,68.43697,69.34327,30584
2022-09-13 14:00:00,0,0.2642084201155456,0.7357915798844544,Hold,69.34327,69.35115,67.641014,68.09022,28049
2022-09-13 15:00:00,0,0.22732558945275047,0.7726744105472495,Hold,68.08234,68.85466,67.98777,68.08234,19426
2022-09-13 16:00:00,0,0.2177559860790297,0.7822440139209703,Hold,68.074455,68.334526,67.47552,67.61737,11370
2022-09-13 17:00:00,0,0.24921933288319725,0.7507806671168027,Hold,67.61737,68.90195,67.034195,68.73645,31551
2022-09-13 18:00:00,0,0.21369130947733614,0.7863086905226638,Hold,68.73645,69.32751,68.507904,69.03592,20509
2022-09-13 19:00:00,0,0.21030301949273997,0.78969698050726,Hold,69.02804,69.16201,68.86254,68.98863,4036
2022-09-13 20:00:00,0,0.21317576896532633,0.7868242310346737,Hold,68.99651,69.11472,68.95711,69.067444,1862
2022-09-13 22:00:00,0,0.21618004210954686,0.7838199578904531,Hold,69.30386,69.30386,68.95711,69.083206,1134
2022-09-13 23:00:00,0,0.22663230927385453,0.7733676907261455,Hold,69.09108,69.09108,68.95711,69.004395,479
2022-09-14 00:00:00,0,0.2984374614928135,0.7015625385071864,Hold,69.012276,69.21718,68.83102,68.90195,1985
2022-09-14 01:00:00,0,0.3051866086907304,0.6948133913092696,Hold,68.90195,68.97287,68.68916,68.91771,2949
2022-09-14 02:00:00,0,0.30050383175753287,0.6994961682424672,Hold,68.91771,69.083206,68.886185,68.98075,1701
2022-09-14 03:00:00,0,0.3003713916918939,0.699628608308106,Hold,68.97287,69.03592,68.57883,68.59459,2452
2022-09-14 04:00:00,0,0.2890351709478976,0.7109648290521025,Hold,68.59459,68.633995,68.21632,68.47638,3248
2022-09-14 05:00:00,0,0.32797842968896807,0.6720215703110319,Hold,68.48426,68.59459,68.263596,68.46062,3555
2022-09-14 06:00:00,0,0.3367597178341933,0.6632402821658068,Hold,68.452736,68.80737,68.35817,68.58671,3885
2022-09-14 07:00:00,0,0.32618085295500876,0.6738191470449912,Hold,68.58671,68.60247,67.91684,68.444855,9452
2022-09-14 08:00:00,0,0.390939161919309,0.609060838080691,Hold,68.452736,69.03592,68.27936,68.78373,12015
2022-09-14 09:00:00,0,0.3596674203501486,0.6403325796498514,Hold,68.79161,69.2881,68.72857,69.2487,7195
2022-09-14 10:00:00,0,0.3176009545222675,0.6823990454777324,Hold,69.256584,69.374794,68.87042,69.311745,7458
2022-09-14 11:00:00,0,0.3012317302934213,0.6987682697065787,Hold,69.319626,69.34327,68.0981,68.27936,9385
2022-09-14 12:00:00,0,0.3428700011978524,0.6571299988021476,Hold,68.27936,69.10684,68.137505,69.02016,12942
2022-09-14 13:00:00,1,0.4446876195646009,0.5553123804353991,Hold,69.02804,70.63572,68.90195,70.3993,31345
2022-09-14 14:00:00,0,0.3864508641458682,0.6135491358541318,Hold,70.39142,70.556915,69.40632,70.13923,23488
2022-09-14 15:00:00,1,0.44658051237580393,0.553419487624196,Hold,70.12347,70.8091,69.83976,70.58056,24367
2022-09-14 16:00:00,1,0.41271769317926776,0.5872823068207322,Hold,70.57268,71.07705,70.493866,70.7697,14621
2022-09-14 17:00:00,1,0.3369014050004573,0.6630985949995427,Hold,70.7697,70.8091,70.367775,70.41506,8092
2022-09-14 18:00:00,1,0.37718875328847007,0.6228112467115299,Hold,70.40718,70.59632,69.563934,69.63486,20770
2022-09-14 19:00:00,1,0.3741078008177458,0.6258921991822541,Hold,69.63486,69.93433,69.36691,69.91857,4241
2022-09-14 20:00:00,1,0.3756135159329538,0.6243864840670462,Hold,69.91069,70.22592,69.83188,70.12347,1493
2022-09-14 22:00:00,1,0.3876021930063629,0.6123978069936371,Hold,70.068306,70.25745,69.989494,70.21804,860
2022-09-14 23:00:00,1,0.39760368190661927,0.6023963180933807,Hold,70.20228,70.241684,70.068306,70.17075,321
2022-09-15 00:00:00,1,0.4138533041056674,0.5861466958943327,Hold,70.178635,70.21804,69.95797,70.00526,1111
2022-09-15 01:00:00,1,0.4128919653871123,0.5871080346128876,Hold,70.02102,70.09195,69.46148,69.85552,4221
2022-09-15 02:00:00,1,0.43914337165915174,0.5608566283408483,Hold,69.84764,69.88705,69.690025,69.824,1724
2022-09-15 03:00:00,1,0.4580889583294887,0.5419110416705113,Hold,69.824,69.88705,69.72155,69.79247,1081
2022-09-15 04:00:00,1,0.4385631750047002,0.5614368249952998,Hold,69.77671,69.800354,69.65062,69.72155,729
2022-09-15 05:00:00,1,0.4703372876147143,0.5296627123852857,Hold,69.72155,69.942215,69.63486,69.79247,2109
2022-09-15 06:00:00,0,0.4005115709135446,0.5994884290864554,Hold,69.800354,69.84764,69.58758,69.70579,2600
2022-09-15 07:00:00,1,0.4363702985039783,0.5636297014960217,Hold,69.690025,70.13923,69.48512,70.07619,4478
2022-09-15 08:00:00,1,0.4437191017419382,0.5562808982580618,Hold,70.08407,70.21804,69.004395,69.95797,10693
2022-09-15 09:00:00,1,0.4159428437263679,0.5840571562736321,Hold,69.95009,70.0289,69.22506,69.256584,5235
2022-09-15 10:00:00,1,0.3901288054930089,0.6098711945069911,Hold,69.2487,69.39056,69.004395,69.39056,4716
2022-09-15 11:00:00,1,0.29340872857495354,0.7065912714250464,Hold,69.382675,69.4536,68.52367,68.80737,9130
2022-09-15 12:00:00,0,0.3269450431217469,0.6730549568782531,Hold,68.823135,68.87042,68.27148,68.41333,8711
2022-09-15 13:00:00,0,0.3352467531069909,0.6647532468930091,Hold,68.40546,68.752205,67.42823,67.9326,21426
2022-09-15 14:00:00,0,0.3905246667911388,0.6094753332088612,Hold,67.91684,68.01141,66.64803,66.78989,22908
2022-09-15 15:00:00,0,0.38382423936698684,0.6161757606330132,Hold,66.78989,67.42823,66.61651,67.089355,16252
2022-09-15 16:00:00,0,0.3694086869685173,0.6305913130314826,Hold,67.09724,67.55432,66.971146,67.51492,9862
2022-09-15 17:00:00,0,0.34827128916751343,0.6517287108324865,Hold,67.530685,67.69618,67.07359,67.270615,10292
2022-09-15 18:00:00,0,0.3485062796953067,0.6514937203046933,Hold,67.278496,67.35731,66.78989,66.852936,16151
2022-09-15 19:00:00,0,0.35618023350705563,0.6438197664929444,Hold,66.852936,67.26273,66.79777,67.14452,3319
2022-09-15 20:00:00,0,0.34818674978140346,0.6518132502185965,Hold,67.14452,67.17605,66.92386,67.07359,1286
2022-09-15 22:00:00,0,0.3550079138859804,0.6449920861140196,Hold,67.113,67.14452,66.663795,66.75836,525
2022-09-15 23:00:00,0,0.3772431003725875,0.6227568996274124,Hold,66.75048,66.782005,66.50618,66.72684,475
2022-09-16 00:00:00,0,0.3700416978695889,0.6299583021304112,Hold,66.73472,67.12876,66.67168,66.79777,1008
2022-09-16 01:00:00,0,0.41994536445099423,0.5800546355490057,Hold,66.78989,67.41247,66.774124,67.333664,942
2022-09-16 02:00:00,0,0.41212697759543776,0.5878730224045623,Hold,67.32578,67.40459,67.16817,67.24697,403
2022-09-16 03:00:00,0,0.42249283759889356,0.5775071624011064,Hold,67.23909,67.25485,67.081474,67.12876,386
2022-09-16 04:00:00,0,0.4495774679199711,0.5504225320800289,Hold,67.152405,67.32578,67.14452,67.24697,208
2022-09-16 05:00:00,0,0.4158463855448809,0.5841536144551192,Hold,67.26273,67.333664,67.160286,67.22333,402
2022-09-16 06:00:00,0,0.4847086074401866,0.5152913925598134,Hold,67.21545,67.5622,67.12876,67.49916,1044
2022-09-16 07:00:00,0,0.41786249662265007,0.5821375033773499,Hold,67.530685,67.7277,66.78989,66.98691,1741
2022-09-16 08:00:00,0,0.41474077553354904,0.585259224466451,Hold,66.971146,67.05783,66.411606,66.900215,2245
2022-09-16 09:00:00,0,0.4435912135410696,0.5564087864589304,Hold,66.9081,67.278496,66.70319,67.01055,1182
2022-09-16 10:00:00,0,0.48802086893733776,0.5119791310626622,Hold,67.01843,67.641014,66.73472,67.459755,1133
2022-09-16 11:00:00,1,0.438260176965327,0.5617398230346731,Hold,67.44399,67.8538,67.24697,67.719826,1544
2022-09-16 12:00:00,0,0.4507592361425479,0.5492407638574521,Hold,67.719826,67.948364,66.88445,67.04207,2563
2022-09-16 13:00:00,0,0.44312200843636323,0.5568779915636368,Hold,67.04995,68.03506,66.80565,67.19969,5991
2022-09-16 14:00:00,1,0.4268711701167337,0.5731288298832663,Hold,67.19181,68.12962,67.00267,68.027176,5047
2022-09-16 15:00:00,1,0.3630375393897993,0.6369624606102007,Hold,68.027176,68.23995,67.577965,67.8932,5960
2022-09-16 16:00:00,0,0.38173415081638146,0.6182658491836186,Hold,67.90108,67.9326,67.01055,67.09724,2927
2022-09-16 17:00:00,0,0.41528988097296005,0.58471011902704,Hold,67.089355,67.54645,66.79777,67.19969,2972
2022-09-16 18:00:00,0,0.3721547060997774,0.6278452939002226,Hold,67.19181,67.38095,66.963264,67.20757,4740
2022-09-16 19:00:00,0,0.33000501990593506,0.669994980094065,Hold,67.23121,67.388824,67.152405,67.278496,559
2022-09-16 20:00:00,0,0.36667691609885245,0.6333230839011476,Hold,67.23121,67.32578,67.18393,67.30214,311
2022-09-18 22:00:00,1,0.36918129583948556,0.6308187041605144,Hold,67.152405,67.55432,67.12088,67.49916,185
2022-09-18 23:00:00,1,0.3603826882566487,0.6396173117433512,Hold,67.51492,67.577965,67.45187,67.50704,37
2022-09-19 00:00:00,1,0.425373077464802,0.574626922535198,Hold,67.50704,67.92644,67.49913,67.847305,2083
2022-09-19 01:00:00,1,0.4205554181172396,0.5794445818827604,Hold,67.847305,67.95809,67.665306,67.76026,4304
2022-09-19 02:00:00,1,0.3976009761867527,0.6023990238132473,Hold,67.76026,67.784,67.40417,67.50704,4265
2022-09-19 03:00:00,1,0.4143925229755609,0.585607477024439,Hold,67.49913,67.51495,67.34878,67.40417,1744
2022-09-19 04:00:00,1,0.4235312115694756,0.5764687884305244,Hold,67.40417,67.459564,67.30921,67.325035,1119
2022-09-19 05:00:00,1,0.40219116921931414,0.5978088307806859,Hold,67.325035,67.38043,67.07973,67.09556,2469
2022-09-19 06:00:00,1,0.3369092447691557,0.6630907552308443,Hold,67.08765,67.09556,66.494156,66.56538,4651
2022-09-19 07:00:00,0,0.34158395239139105,0.658416047608609,Hold,66.56538,66.60494,66.2172,66.288414,6492
2022-09-19 08:00:00,0,0.3417622712937027,0.6582377287062973,Hold,66.288414,66.47042,65.75823,66.08267,10285
2022-09-19 09:00:00,0,0.34019919355411105,0.6598008064458889,Hold,66.0985,66.20137,65.69493,65.89276,5373
2022-09-19 10:00:00,0,0.34692200212132035,0.6530779978786796,Hold,65.89276,65.98772,65.60789,65.70284,7510
2022-09-19 11:00:00,0,0.3567162468072459,0.6432837531927541,Hold,65.710754,65.78989,65.04605,65.29136,11758
2022-09-19 12:00:00,0,0.34324233896540074,0.6567576610345993,Hold,65.30718,65.41797,64.67413,65.15684,15649
2022-09-19 13:00:00,0,0.3623757956328645,0.6376242043671355,Hold,65.15684,66.37546,64.689964,66.22511,34393
2022-09-19 14:00:00,0,0.3128275790949388,0.6871724209050611,Hold,66.233025,66.98477,65.92441,66.67616,22014
2022-09-19 15:00:00,0,0.33451852301308305,0.665481476986917,Hold,66.684074,67.325035,66.58912,67.016426,15385
2022-09-19 16:00:00,0,0.3287221390307334,0.6712778609692667,Hold,67.008514,67.5387,67.000595,67.28547,11616
2022-09-19 17:00:00,0,0.3030738817178359,0.6969261182821641,Hold,67.28547,67.522865,67.135124,67.4833,7129
2022-09-19 18:00:00,0,0.29634296785407527,0.7036570321459248,Hold,67.49121,67.60991,67.35669,67.467476,10191
2022-09-19 19:00:00,0,0.2583231087538084,0.7416768912461916,Hold,67.4833,67.49913,67.10347,67.34878,5834
2022-09-19 20:00:00,0,0.2233954661397695,0.7766045338602305,Hold,67.35669,67.459564,67.198425,67.28547,2175
2022-09-19 22:00:00,0,0.2546080476210286,0.7453919523789714,Hold,67.27756,67.522865,67.23008,67.451645,1050
2022-09-19 23:00:00,0,0.3045028342649438,0.6954971657350562,Hold,67.459564,67.64156,67.41208,67.62574,693
2022-09-20 00:00:00,0,0.26686775270929197,0.733132247290708,Hold,67.61782,67.86313,67.41208,67.47539,3462
2022-09-20 01:00:00,0,0.300291908891419,0.699708091108581,Hold,67.49121,67.51495,67.1826,67.35669,3894
2022-09-20 02:00:00,0,0.3450023491790583,0.6549976508209416,Hold,67.34878,67.72861,67.325035,67.57034,2428
2022-09-20 03:00:00,0,0.3439617209602075,0.6560382790397925,Hold,67.56243,67.64156,67.50704,67.57034,1163
2022-09-20 04:00:00,0,0.3408861065374478,0.6591138934625522,Hold,67.56243,67.578255,67.396255,67.47539,842
2022-09-20 05:00:00,0,0.4068634689817323,0.5931365310182677,Hold,67.4833,67.68904,67.42,67.62574,2006
2022-09-20 06:00:00,0,0.3716374251525237,0.6283625748474764,Hold,67.61782,67.79983,67.31712,67.38043,4222
2022-09-20 07:00:00,1,0.5116072217383332,0.4883927782616668,Sell,67.37252,68.07679,67.332954,67.76026,9737
2022-09-20 08:00:00,1,0.4883492851111766,0.5116507148888234,Hold,67.76026,68.148,67.586174,67.82356,10596
2022-09-20 09:00:00,0,0.501068453021172,0.498931546978828,Sell,67.82356,67.95809,67.2459,67.4833,7105
2022-09-20 10:00:00,0,0.5049671349154683,0.4950328650845317,Sell,67.49913,67.720695,67.269646,67.42791,5059
2022-09-20 11:00:00,0,0.4777230815291186,0.5222769184708814,Hold,67.42791,67.720695,67.143036,67.47539,7798
2022-09-20 12:00:00,1,0.5046084041749359,0.4953915958250641,Sell,67.4833,68.029305,67.3013,67.79983,12607
2022-09-20 13:00:00,0,0.4301976471419033,0.5698023528580967,Hold,67.80774,67.93435,66.01937,66.07476,33134
2022-09-20 14:00:00,0,0.3918465844899193,0.6081534155100807,Hold,66.07476,66.66033,65.68702,66.32007,32051
2022-09-20 15:00:00,0,0.40854218220441013,0.5914578177955898,Hold,66.31216,66.684074,65.89276,65.979805,22170
2022-09-20 16:00:00,0,0.386824343975612,0.613175656024388,Hold,65.99563,66.557465,65.781975,66.50207,13388
2022-09-20 17:00:00,0,0.32427888582176584,0.6757211141782342,Hold,66.494156,66.810684,65.90067,66.72364,16335
2022-09-20 18:00:00,0,0.330288521843115,0.6697114781568849,Hold,66.72364,66.76321,66.233025,66.367546,18774
2022-09-20 19:00:00,0,0.3390265217706786,0.6609734782293214,Hold,66.37546,66.66033,66.32007,66.58912,3816
2022-09-20 20:00:00,0,0.3451139279045165,0.6548860720954834,Hold,66.57329,66.755295,66.4625,66.70781,2672
2022-09-20 22:00:00,0,0.33404421973597564,0.6659557802640244,Hold,66.66824,66.70781,66.422935,66.43877,1110
2022-09-20 23:00:00,0,0.33452366627900243,0.6654763337209976,Hold,66.43877,66.54955,66.43877,66.50999,551
2022-09-21 00:00:00,0,0.4583234730492366,0.5416765269507634,Hold,66.50999,66.59703,66.169716,66.24885,4585
2022-09-21 01:00:00,0,0.49511626930682645,0.5048837306931735,Hold,66.24094,66.31216,66.05894,66.19346,3767
2022-09-21 02:00:00,0,0.45714745154244557,0.5428525484575544,Hold,66.19346,66.73946,66.18555,66.66033,4143
2022-09-21 03:00:00,0,0.45595732242440523,0.5440426775755948,Hold,66.66824,66.70781,66.47833,66.50207,1669
2022-09-21 04:00:00,0,0.45428874561554783,0.5457112543844522,Hold,66.50207,66.56538,66.422935,66.557465,1017
2022-09-21 05:00:00,0,0.48448521215535156,0.5155147878446484,Hold,66.56538,66.684074,66.43877,66.620766,2842
2022-09-21 06:00:00,0,0.4183497996038338,0.5816502003961662,Hold,66.59703,68.05305,66.5179,68.045135,16408
2022-09-21 07:00:00,1,0.4373209296572317,0.5626790703427683,Hold,68.045135,68.59114,67.99766,68.369576,14275
2022-09-21 08:00:00,0,0.3937008196855515,0.6062991803144485,Hold,68.3854,68.47244,67.23008,67.47539,14652
2022-09-21 09:00:00,1,0.40743924600791026,0.5925607539920897,Hold,67.49121,68.27461,67.40417,68.06096,8866
2022-09-21 10:00:00,1,0.42342123953309,0.5765787604669099,Hold,68.07679,68.40914,67.966,68.37749,6163
2022-09-21 11:00:00,1,0.39604721377452373,0.6039527862254763,Hold,68.37749,68.3854,67.649475,67.98974,8857
2022-09-21 12:00:00,0,0.38286872005593064,0.6171312799440694,Hold,67.98183,68.02139,67.0639,67.43582,14141
2022-09-21 13:00:00,0,0.43737438338140366,0.5626256166185963,Hold,67.43582,67.95809,66.494156,66.52581,25345
2022-09-21 14:00:00,0,0.4515656629668132,0.5484343370331868,Hold,66.52581,66.99268,65.87693,66.043106,33530
2022-09-21 15:00:00,0,0.4106597288182934,0.5893402711817066,Hold,66.035194,66.288414,65.35467,66.01937,31512
2022-09-21 16:00:00,0,0.41720190734207735,0.5827980926579226,Hold,66.01937,66.24094,65.63954,66.22511,12756
2022-09-21 17:00:00,0,0.44828153979652635,0.5517184602034737,Hold,66.24094,66.54955,66.01937,66.106415,12063
2022-09-21 18:00:00,0,0.39227491674181597,0.607725083258184,Hold,66.09058,66.65242,65.275536,66.54163,34464
2022-09-21 19:00:00,0,0.40267448702555303,0.597325512974447,Hold,66.557465,66.6366,65.7978,65.94815,7802
2022-09-21 20:00:00,0,0.404362769577053,0.5956372304229469,Hold,65.93233,66.01937,65.6158,65.718666,2600
2022-09-21 22:00:00,0,0.45067348097429943,0.5493265190257006,Hold,65.7345,65.82945,65.528755,65.54458,1004
2022-09-21 23:00:00,0,0.43998689176374645,0.5600131082362536,Hold,65.528755,65.63954,65.33884,65.57623,1533
2022-09-22 00:00:00,0,0.4376797082745874,0.5623202917254126,Hold,65.57623,65.781975,65.204315,65.37049,3502
2022-09-22 01:00:00,0,0.40768758612570566,0.5923124138742943,Hold,65.36258,66.043106,65.22014,66.035194,4984
2022-09-22 02:00:00,0,0.4302806841517813,0.5697193158482188,Hold,66.035194,66.12224,65.718666,66.0985,3572
2022-09-22 03:00:00,0,0.4059075926131966,0.5940924073868035,Hold,66.0985,66.12224,65.87693,65.9165,2372
2022-09-22 04:00:00,0,0.41167031309663354,0.5883296869033665,Hold,65.908585,65.979805,65.78989,65.7978,1159
2022-09-22 05:00:00,0,0.4584777185778532,0.5415222814221468,Hold,65.78989,66.035194,65.76615,65.99563,1833
2022-09-22 06:00:00,0,0.41619779373495536,0.5838022062650446,Hold,65.98772,66.2172,65.64745,65.69493,4042
2022-09-22 07:00:00,0,0.4866708661816864,0.5133291338183136,Hold,65.69493,66.40711,65.48128,66.34381,8599
2022-09-22 08:00:00,0,0.4616040758568563,0.5383959241431437,Hold,66.35172,66.85816,66.32007,66.494156,11931
2022-09-22 09:00:00,0,0.48880672719218493,0.511193272807815,Hold,66.494156,66.56538,65.908585,66.09058,7529
2022-09-22 10:00:00,0,0.463971070446789,0.536028929553211,Hold,66.08267,66.26468,65.7345,66.169716,5667
2022-09-22 11:00:00,0,0.42203169824561404,0.577968301754386,Hold,66.169716,66.66033,66.08267,66.367546,9893
2022-09-22 12:00:00,0,0.483746123581147,0.516253876418853,Hold,66.37546,67.10347,66.35172,66.6366,13714
2022-09-22 13:00:00,1,0.48721771157081006,0.5127822884291899,Hold,66.65242,68.05305,66.62868,67.04808,44805
2022-09-22 14:00:00,1,0.5242906366694561,0.4757093633305439,Sell,67.04016,67.09556,65.81363,65.98772,40607
2022-09-22 15:00:00,0,0.48742204487723984,0.5125779551227602,Hold,65.98772,66.62868,65.7345,65.75823,20378
2022-09-22 16:00:00,1,0.47695052600959537,0.5230494739904046,Hold,65.75823,66.5179,65.74241,66.161804,13268
2022-09-22 17:00:00,1,0.4788207055033892,0.5211792944966108,Hold,66.169716,66.40711,65.655365,66.177635,12024
2022-09-22 18:00:00,1,0.4471614013253172,0.5528385986746829,Hold,66.169716,66.20928,65.655365,66.106415,15766
2022-09-22 19:00:00,1,0.5028829591085529,0.49711704089144715,Sell,66.0985,66.18555,65.94024,66.05102,3864
2022-09-22 20:00:00,1,0.5151277201807298,0.48487227981927017,Sell,66.043106,66.22511,65.92441,66.07476,2201
2022-09-22 22:00:00,1,0.5032453319756949,0.4967546680243051,Sell,66.106415,66.20137,65.90067,66.09058,1149
2022-09-22 23:00:00,1,0.5383877199466464,0.46161228005335364,Sell,66.08267,66.22511,66.05102,66.18555,633
2022-09-23 00:00:00,1,0.5085587293899688,0.4914412706100312,Sell,66.169716,66.304245,66.043106,66.24885,1776
2022-09-23 01:00:00,1,0.5848905110422978,0.41510948895770217,Sell,66.24094,66.40711,66.05102,66.233025,2809
2022-09-23 02:00:00,1,0.6304422762328744,0.3695577237671256,Sell,66.22511,66.22511,65.76615,65.837364,2781
2022-09-23 03:00:00,1,0.6154902214246206,0.3845097785753794,Sell,65.82945,65.89276,65.710754,65.74241,2078
2022-09-23 04:00:00,1,0.6271752889887807,0.3728247110112193,Sell,65.74241,65.75032,65.528755,65.63954,2125
2022-09-23 05:00:00,1,0.5900571795482864,0.4099428204517136,Sell,65.63162,65.97189,65.60789,65.9165,2489
2022-09-23 06:00:00,1,0.6056747297095519,0.39432527029044806,Sell,65.908585,66.0985,65.44962,65.528755,4600
2022-09-23 07:00:00,1,0.5647681259578139,0.4352318740421861,Sell,65.528755,65.726585,64.96692,65.3151,10546
2022-09-23 08:00:00,1,0.5619132723875728,0.4380867276124272,Sell,65.32301,65.33884,64.500046,64.753265,12039
2022-09-23 09:00:00,1,0.5232406406548948,0.47675935934510516,Sell,64.753265,64.935265,64.51587,64.72161,6784
2022-09-23 10:00:00,1,0.5012583311124092,0.49874166888759075,Sell,64.70579,64.70579,63.6296,63.90656,13594
2022-09-23 11:00:00,1,0.4465861672450586,0.5534138327549414,Hold,63.90656,64.03317,63.58212,63.827427,10320
2022-09-23 12:00:00,1,0.5033473479164744,0.4966526520835256,Sell,63.819515,64.26265,63.66125,63.930298,13555
2022-09-23 13:00:00,0,0.43539054771461394,0.5646094522853861,Hold,63.898647,63.930298,62.30019,62.442627,51646
2022-09-23 14:00:00,0,0.38429059437998286,0.6157094056200172,Hold,62.434715,62.585064,61.880795,62.062798,34955
2022-09-23 15:00:00,0,0.35715683432435047,0.6428431656756495,Hold,62.07071,62.790806,61.912445,61.96784,26672
2022-09-23 16:00:00,0,0.3867644609278085,0.6132355390721915,Hold,61.959927,62.482193,61.754185,62.418888,19960
2022-09-23 17:00:00,0,0.35892533641932667,0.6410746635806733,Hold,62.4268,62.672108,62.007404,62.134014,16796
2022-09-23 18:00:00,0,0.35168305490462276,0.6483169450953772,Hold,62.14193,62.458454,61.97575,62.27645,20695
2022-09-23 19:00:00,0,0.436392278777289,0.5636077212227111,Hold,62.284363,62.640457,62.2448,62.537586,5556
2022-09-23 20:00:00,0,0.4419767269826978,0.5580232730173023,Hold,62.537586,62.869938,62.52967,62.85411,2576
2022-09-25 22:00:00,0,0.4000462937067711,0.599953706293229,Hold,62.695847,62.909504,62.418888,62.90159,3030
2022-09-25 23:00:00,0,0.396430021047838,0.603569978952162,Hold,62.90159,62.94907,62.7275,62.94907,1042
2022-09-26 00:00:00,0,0.45410581628556945,0.5458941837144305,Hold,62.94907,63.28142,62.418888,62.434715,4611
2022-09-26 01:00:00,0,0.40919685543223894,0.5908031445677611,Hold,62.434715,62.640457,62.236885,62.363495,6659
2022-09-26 02:00:00,0,0.4211346428089561,0.5788653571910439,Hold,62.363495,62.640457,61.959927,62.02323,4568
2022-09-26 03:00:00,0,0.43309447006394675,0.5669055299360533,Hold,62.031143,62.134014,61.9441,61.983665,2951
2022-09-26 04:00:00,0,0.42023755171857624,0.5797624482814238,Hold,61.97575,62.031143,61.87288,61.936188,1835
2022-09-26 05:00:00,0,0.4253487997545576,0.5746512002454425,Hold,61.92036,62.03906,61.524704,61.738358,4775
2022-09-26 06:00:00,0,0.42242690497278296,0.5775730950272171,Hold,61.74627,61.864967,61.097393,61.334785,7401
2022-09-26 07:00:00,0,0.44047827051531985,0.5595217294846802,Hold,61.3427,62.40306,61.200264,62.094448,10225
2022-09-26 08:00:00,0,0.4302718224501899,0.5697281775498101,Hold,62.102364,62.363495,61.485138,62.205235,11371
2022-09-26 09:00:00,0,0.43079559567447046,0.5692044043255295,Hold,62.205235,62.331844,61.540527,61.87288,6176
2022-09-26 10:00:00,0,0.4061214933182969,0.5938785066817032,Hold,61.880795,62.19732,61.453484,61.603832,6686
2022-09-26 11:00:00,0,0.37808104164503314,0.6219189583549669,Hold,61.611748,62.007404,61.477222,61.51679,6392
2022-09-26 12:00:00,0,0.3995800467112337,0.6004199532887663,Hold,61.524704,62.62463,61.311047,62.52176,15343
2022-09-26 13:00:00,0,0.4313257723896472,0.5686742276103528,Hold,62.537586,63.170635,61.96784,62.996548,28072
2022-09-26 14:00:00,0,0.4040767579582764,0.5959232420417235,Hold,63.00446,63.55047,62.869938,62.996548,20210
2022-09-26 15:00:00,0,0.3923045378969465,0.6076954621030535,Hold,62.996548,63.15481,61.437656,61.485138,23759
2022-09-26 16:00:00,0,0.34771116130948376,0.6522888386905162,Hold,61.477222,61.56427,60.899563,61.224003,19251
2022-09-26 17:00:00,0,0.35066252773876083,0.6493374722612392,Hold,61.224003,61.23983,60.527645,60.859997,17695
2022-09-26 18:00:00,0,0.3157074223598579,0.6842925776401421,Hold,60.859997,61.11322,60.527645,60.725475,20331
2022-09-26 19:00:00,0,0.33650025996160715,0.6634997400383928,Hold,60.70965,60.899563,60.59095,60.622604,5324
2022-09-26 20:00:00,0,0.3390311705873197,0.6609688294126803,Hold,60.614693,60.71756,60.33773,60.40895,3487
2022-09-26 22:00:00,0,0.38448031264880106,0.615519687351199,Hold,60.51182,60.701736,60.472256,60.58304,1519
2022-09-26 23:00:00,0,0.38653317897692596,0.613466821023074,Hold,60.58304,60.772953,60.543472,60.69382,950
2022-09-27 00:00:00,0,0.5249257763064226,0.47507422369357744,Sell,60.69382,61.042,60.630516,61.01826,3239
2022-09-27 01:00:00,0,0.5264944330292464,0.47350556697075363,Sell,61.026173,61.192352,60.899563,61.002434,4842
2022-09-27 02:00:00,0,0.5193229127787964,0.4806770872212036,Sell,61.01035,61.057827,60.82043,60.98661,2624
2022-09-27 03:00:00,0,0.5025018822231515,0.4974981177768485,Sell,60.978695,61.13696,60.88374,61.06574,1695
2022-09-27 04:00:00,0,0.509044704744936,0.490955295255064,Sell,61.073654,61.208176,61.042,61.13696,1240
2022-09-27 05:00:00,0,0.5480778497038553,0.4519221502961447,Sell,61.13696,61.50096,61.13696,61.485138,3246
2022-09-27 06:00:00,0,0.49176838794580163,0.5082316120541983,Hold,61.49305,61.762096,61.287308,61.532616,4990
2022-09-27 07:00:00,0,0.4877895025413609,0.5122104974586391,Hold,61.524704,62.031143,61.311047,61.51679,9451
2022-09-27 08:00:00,0,0.5166037637992063,0.48339623620079375,Sell,61.51679,61.912445,61.39018,61.69088,9534
2022-09-27 09:00:00,0,0.4841666897649579,0.5158333102350421,Hold,61.682964,61.801662,61.176525,61.421833,7284
2022-09-27 10:00:00,0,0.5530114296796717,0.44698857032032835,Sell,61.406006,61.904533,61.255657,61.429745,6322
2022-09-27 11:00:00,0,0.5147187634649124,0.4852812365350876,Sell,61.437656,61.738358,61.279396,61.556355,6244
2022-09-27 12:00:00,0,0.49356895299050874,0.5064310470094913,Hold,61.548443,61.888706,61.421833,61.611748,10315
2022-09-27 13:00:00,0,0.47815713702681345,0.5218428629731866,Hold,61.603832,62.917416,61.453484,62.65628,43527
2022-09-27 14:00:00,0,0.5298478621959996,0.47015213780400045,Sell,62.680023,62.83037,62.054882,62.355583,23411
2022-09-27 15:00:00,0,0.565015760539354,0.434984239460646,Sell,62.355583,62.71959,61.57218,61.635487,22785
2022-09-27 16:00:00,0,0.531794757423993,0.46820524257600704,Sell,61.635487,61.96784,61.176525,61.627575,15684
2022-09-27 17:00:00,0,0.5320678396272362,0.46793216037276375,Sell,61.61966,62.47428,61.51679,62.442627,13847
2022-09-27 18:00:00,0,0.5571534658827234,0.4428465341172766,Sell,62.4268,62.60089,62.03906,62.37141,16445
2022-09-27 19:00:00,0,0.5499064143630488,0.45009358563695123,Sell,62.363495,62.363495,62.04697,62.086536,3620
2022-09-27 20:00:00,0,0.5438457992687152,0.45615420073128476,Sell,62.07862,62.16567,61.675053,61.69088,2835
2022-09-27 22:00:00,0,0.5632305875654812,0.43676941243451883,Sell,61.785835,62.07862,61.74627,62.062798,1077
2022-09-27 23:00:00,0,0.5425584105158574,0.4574415894841426,Sell,62.062798,62.18149,62.007404,62.110275,862
2022-09-28 00:00:00,0,0.46296447570449173,0.5370355242955083,Hold,62.126102,62.308105,61.777924,61.89662,2730
2022-09-28 01:00:00,0,0.4943708448291299,0.50562915517087,Hold,61.880795,62.031143,61.35853,61.37435,5147
2022-09-28 02:00:00,0,0.4562218953238729,0.5437781046761271,Hold,61.382267,61.437656,60.875824,61.08948,4901
2022-09-28 03:00:00,0,0.5121190458762435,0.48788095412375654,Sell,61.097393,61.4614,61.08948,61.29522,2579
2022-09-28 04:00:00,0,0.524508094425578,0.475491905574422,Sell,61.303135,61.548443,61.192352,61.406006,2142
2022-09-28 05:00:00,0,0.5054814333514575,0.49451856664854255,Sell,61.39809,61.429745,60.994522,61.192352,3465
2022-09-28 06:00:00,0,0.5369846829703145,0.46301531702968546,Sell,61.184437,61.429745,61.026173,61.12113,4849
2022-09-28 07:00:00,0,0.5278899754679062,0.47211002453209383,Sell,61.129044,61.49305,60.575127,61.326874,11043
2022-09-28 08:00:00,0,0.39683752783051623,0.6031624721694837,Hold,61.3427,62.07862,61.192352,61.785835,11628
2022-09-28 09:00:00,0,0.39652324044393544,0.6034767595560646,Hold,61.785835,62.14193,61.682964,61.936188,6502
2022-09-28 10:00:00,0,0.38435524149421035,0.6156447585057896,Hold,61.936188,62.77498,61.730446,62.52967,12255
2022-09-28 11:00:00,0,0.39219758515989567,0.6078024148401043,Hold,62.52967,62.608803,62.102364,62.49802,7197
2022-09-28 12:00:00,0,0.44085941014194324,0.5591405898580568,Hold,62.490105,63.33681,62.355583,63.289333,16063
2022-09-28 13:00:00,0,0.40925455587404347,0.5907454441259565,Hold,63.273506,63.471336,62.577152,62.97281,26473
2022-09-28 14:00:00,0,0.3804299507247037,0.6195700492752962,Hold,62.97281,64.246826,62.933243,64.02525,35496
2022-09-28 15:00:00,0,0.4177015619621071,0.5822984380378928,Hold,64.01734,64.54752,63.66125,64.413,23707
2022-09-28 16:00:00,0,0.37723686803953205,0.622763131960468,Hold,64.413,64.8324,64.31804,64.46048,19189
2022-09-28 17:00:00,0,0.3781819122357998,0.6218180877642002,Hold,64.45257,64.84822,64.33387,64.808655,11184
2022-09-28 18:00:00,0,0.3430624814005228,0.6569375185994772,Hold,64.80074,65.15684,64.67413,64.879875,17729
2022-09-28 19:00:00,0,0.35021157606684344,0.6497884239331566,Hold,64.879875,65.03023,64.84031,64.951096,3525
2022-09-28 20:00:00,0,0.35023955332101653,0.6497604466789835,Hold,64.951096,65.05396,64.753265,64.79283,2578
2022-09-28 22:00:00,0,0.3181204443319105,0.6818795556680894,Hold,64.808655,64.88779,64.64248,64.7137,1341
2022-09-28 23:00:00,0,0.3430935773974525,0.6569064226025475,Hold,64.72161,64.72952,64.618744,64.689964,560
2022-09-29 00:00:00,0,0.3695680204402089,0.630431979559791,Hold,64.689964,64.72952,64.51587,64.65831,2350
2022-09-29 01:00:00,0,0.4148126815250859,0.5851873184749141,Hold,64.65831,65.1964,64.64248,65.077705,5760
2022-09-29 02:00:00,0,0.3600926380593823,0.6399073619406177,Hold,65.05396,65.10144,64.64248,64.72161,3359
2022-09-29 03:00:00,0,0.3650498635423421,0.634950136457658,Hold,64.72161,64.91153,64.618744,64.72161,2337
2022-09-29 04:00:00,0,0.40942860267513614,0.5905713973248639,Hold,64.72952,64.808655,64.6504,64.753265,1090
2022-09-29 05:00:00,0,0.3852965587704714,0.6147034412295286,Hold,64.76118,64.76909,64.40509,64.4763,2583
2022-09-29 06:00:00,0,0.40015968547395936,0.5998403145260407,Hold,64.46839,64.57918,64.21517,64.44466,4091
2022-09-29 07:00:00,0,0.3836859583332605,0.6163140416667394,Hold,64.44466,64.46839,63.574207,64.041084,12783
2022-09-29 08:00:00,0,0.4304534864385758,0.5695465135614242,Hold,64.05691,64.32596,63.87491,64.15186,9325
2022-09-29 09:00:00,1,0.44475162218478265,0.5552483778152173,Hold,64.14395,65.330925,64.12813,65.16475,10041
2022-09-29 10:00:00,1,0.4237142983238792,0.5762857016761208,Hold,65.16475,65.53667,64.98275,65.17266,8177
2022-09-29 11:00:00,0,0.395554456428475,0.604445543571525,Hold,65.18057,65.39423,65.0144,65.05396,6546
2022-09-29 12:00:00,1,0.43754779417737705,0.5624522058226229,Hold,65.06979,65.47336,64.78492,65.41006,15711
2022-09-29 13:00:00,0,0.3941230207379512,0.6058769792620489,Hold,65.402145,65.599976,64.38926,64.80074,28409
2022-09-29 14:00:00,0,0.3841436956590656,0.6158563043409344,Hold,64.824486,65.10144,64.12022,64.95901,20018
2022-09-29 15:00:00,1,0.3837084811801547,0.6162915188198452,Hold,64.951096,65.386314,64.571266,65.29136,18421
2022-09-29 16:00:00,1,0.3782587527812075,0.6217412472187924,Hold,65.29927,65.63162,65.06188,65.55249,12973
2022-09-29 17:00:00,0,0.36955792743270216,0.6304420725672979,Hold,65.55249,65.599976,64.492134,64.571266,13691
2022-09-29 18:00:00,0,0.3546435893442051,0.645356410655795,Hold,64.56335,64.618744,63.91447,64.357605,21818
2022-09-29 19:00:00,0,0.392027489744999,0.607972510255001,Hold,64.357605,64.571266,64.34969,64.500046,3681
2022-09-29 20:00:00,0,0.33537473389499856,0.6646252661050014,Hold,64.50796,64.72952,64.43674,64.57918,1480
2022-09-29 22:00:00,0,0.3651821509903092,0.6348178490096907,Hold,64.682045,64.7137,64.54752,64.571266,911
2022-09-29 23:00:00,0,0.3546069962321362,0.6453930037678638,Hold,64.571266,64.682045,64.500046,64.618744,610
2022-09-30 00:00:00,0,0.40812369528509806,0.5918763047149019,Hold,64.626656,64.697876,64.21517,64.428825,1793
2022-09-30 01:00:00,0,0.4275277121678524,0.5724722878321475,Hold,64.43674,64.6504,64.28639,64.54752,2632
2022-09-30 02:00:00,0,0.38925930718947727,0.6107406928105228,Hold,64.53961,64.53961,64.041084,64.27056,2769
2022-09-30 03:00:00,0,0.37571346054654153,0.6242865394534585,Hold,64.27056,64.357605,64.00943,64.01734,1563
2022-09-30 04:00:00,0,0.35975496212294056,0.6402450378770594,Hold,64.02525,64.06482,63.930298,63.946125,1675
2022-09-30 05:00:00,0,0.43973187025686433,0.5602681297431357,Hold,63.946125,64.428825,63.898647,64.42091,2926
2022-09-30 06:00:00,0,0.4156958172425182,0.5843041827574817,Hold,64.413,64.51587,64.03317,64.42091,4312
2022-09-30 07:00:00,1,0.4023731186816266,0.5976268813183734,Hold,64.42091,65.04605,64.357605,65.03023,7865
2022-09-30 08:00:00,1,0.371768479224915,0.628231520775085,Hold,65.022316,65.330925,64.879875,65.12518,8379
2022-09-30 09:00:00,0,0.47970229818043403,0.520297701819566,Hold,65.133095,65.23597,64.46839,64.58709,7280
2022-09-30 10:00:00,0,0.429256260223269,0.570743739776731,Hold,64.571266,64.72161,64.31804,64.52378,6370
2022-09-30 11:00:00,0,0.3957722362559029,0.6042277637440971,Hold,64.5317,64.76118,63.954037,64.15978,12236
2022-09-30 12:00:00,0,0.3751835448338483,0.6248164551661517,Hold,64.15978,64.27848,63.289333,64.12022,17355
2022-09-30 13:00:00,0,0.4174474942431345,0.5825525057568655,Hold,64.12813,64.246826,62.62463,63.66125,31185
2022-09-30 14:00:00,0,0.37938678817379506,0.6206132118262049,Hold,63.66125,64.02525,62.988636,63.502987,21294
2022-09-30 15:00:00,0,0.3927549326667033,0.6072450673332968,Hold,63.510902,64.27056,63.415943,63.700817,20337
2022-09-30 16:00:00,0,0.4061679288768734,0.5938320711231266,Hold,63.68499,63.946125,63.138985,63.289333,10719
2022-09-30 17:00:00,0,0.3987636618728887,0.6012363381271113,Hold,63.28142,63.376377,63.05194,63.194378,9472
2022-09-30 18:00:00,0,0.3729112062828976,0.6270887937171024,Hold,63.194378,63.218117,62.82246,63.059853,20449
2022-09-30 19:00:00,0,0.3762641513733954,0.6237358486266046,Hold,63.067764,63.23394,62.996548,63.07568,3443
2022-09-30 20:00:00,0,0.36054098984233074,0.6394590101576693,Hold,63.067764,63.13107,62.98072,63.09942,1415
2022-10-02 22:00:00,0,0.3103295083046681,0.6896704916953319,Hold,64.112305,64.98275,63.993603,64.91153,6308
2022-10-02 23:00:00,0,0.3122685168174829,0.6877314831825171,Hold,64.91944,65.0144,64.84031,64.943184,1619
2022-10-03 00:00:00,0,0.3072876338627604,0.6927123661372396,Hold,64.935265,64.95901,64.365524,64.57918,3144
2022-10-03 01:00:00,0,0.30970908164026084,0.6902909183597392,Hold,64.58709,64.91153,64.38135,64.88779,2593
2022-10-03 02:00:00,0,0.28787111055799436,0.7121288894420057,Hold,64.879875,65.0144,64.682045,64.682045,1916
2022-10-03 03:00:00,0,0.30505111673570895,0.694948883264291,Hold,64.689964,64.753265,64.54752,64.571266,1394
2022-10-03 04:00:00,0,0.33801101818496937,0.6619889818150306,Hold,64.56335,64.626656,64.500046,64.56335,1047
2022-10-03 05:00:00,0,0.33896338743727183,0.6610366125627282,Hold,64.54752,64.84822,64.4763,64.72161,1874
2022-10-03 06:00:00,0,0.3622633392248042,0.6377366607751958,Hold,64.70579,64.8324,64.39717,64.753265,3589
2022-10-03 07:00:00,0,0.40473539723324903,0.595264602766751,Hold,64.753265,65.853195,64.7137,65.75823,12198
2022-10-03 08:00:00,0,0.4025774609642103,0.5974225390357897,Hold,65.75032,65.93233,65.56041,65.81363,9525
2022-10-03 09:00:00,0,0.35303621636918137,0.6469637836308186,Hold,65.81363,65.87693,65.3151,65.56832,7212
2022-10-03 10:00:00,0,0.35107129270903187,0.6489287072909682,Hold,65.57623,65.710754,65.29136,65.528755,5924
2022-10-03 11:00:00,0,0.36704448272281165,0.6329555172771884,Hold,65.52084,65.82154,65.34675,65.63162,7620
2022-10-03 12:00:00,0,0.38378126840206084,0.6162187315979392,Hold,65.64745,66.367546,65.599976,65.87693,17595
2022-10-03 13:00:00,0,0.4783231267686138,0.5216768732313861,Hold,65.87693,66.91355,65.53667,66.422935,32352
2022-10-03 14:00:00,0,0.4506984983352348,0.5493015016647652,Hold,66.43877,66.58912,65.46545,65.528755,25870
2022-10-03 15:00:00,0,0.4386618120628689,0.5613381879371311,Hold,65.53667,65.7345,65.08562,65.39423,26211
2022-10-03 16:00:00,0,0.39672720023500296,0.603272799764997,Hold,65.386314,65.655365,65.03023,65.63954,11970
2022-10-03 17:00:00,0,0.3947519632316371,0.6052480367683629,Hold,65.63162,66.233025,65.56041,66.00354,12060
2022-10-03 18:00:00,0,0.3484010657192902,0.6515989342807098,Hold,65.99563,66.296326,65.837364,65.86111,17404
2022-10-03 19:00:00,0,0.3613846615948733,0.6386153384051267,Hold,65.853195,66.106415,65.82154,65.9165,3613
2022-10-03 20:00:00,0,0.35881681461892595,0.6411831853810741,Hold,65.92441,65.95606,65.77406,65.94815,1825
2022-10-03 22:00:00,0,0.3628005057307338,0.6371994942692663,Hold,65.853195,66.06685,65.853195,65.93233,1046
2022-10-03 23:00:00,0,0.3824957926174234,0.6175042073825766,Hold,65.93233,66.05894,65.908585,65.979805,626
2022-10-04 00:00:00,0,0.4591326104703414,0.5408673895296586,Hold,65.98772,66.40711,65.95606,66.3992,2472
2022-10-04 01:00:00,0,0.434861038940084,0.565138961059916,Hold,66.3992,66.47042,66.24885,66.24885,2417
2022-10-04 02:00:00,0,0.394752586794524,0.6052474132054759,Hold,66.25676,66.359634,66.14598,66.25676,1460
2022-10-04 03:00:00,0,0.43480492937335646,0.5651950706266435,Hold,66.26468,66.430855,66.19346,66.37546,1222
2022-10-04 04:00:00,0,0.43230694515563955,0.5676930548443604,Hold,66.37546,66.39129,66.26468,66.33589,949
2022-10-04 05:00:00,0,0.43969956084887707,0.5603004391511229,Hold,66.33589,66.50999,66.31216,66.47042,1543
2022-10-04 06:00:00,0,0.437355731381292,0.562644268618708,Hold,66.4625,66.684074,66.35172,66.494156,3659
2022-10-04 07:00:00,0,0.3796238842406243,0.6203761157593757,Hold,66.494156,66.80277,66.169716,66.304245,7116
2022-10-04 08:00:00,0,0.49987242279896904,0.500127577201031,Hold,66.304245,66.66824,66.20928,66.6366,8663
2022-10-04 09:00:00,0,0.5059543610436202,0.49404563895637976,Sell,66.6366,66.83442,66.25676,66.65242,7388
2022-10-04 10:00:00,0,0.48482748621452104,0.515172513785479,Hold,66.64451,66.83442,66.5179,66.60494,4864
2022-10-04 11:00:00,0,0.5478610015326796,0.4521389984673204,Sell,66.59703,67.21426,66.45459,67.0639,9475
2022-10-04 12:00:00,0,0.49515742516112526,0.5048425748388747,Hold,67.0639,67.586174,66.97686,67.5387,13778
2022-10-04 13:00:00,0,0.449151801396435,0.5508481986035649,Hold,67.53078,68.07679,67.44373,67.50704,27305
2022-10-04 14:00:00,0,0.5302259463640615,0.4697740536359385,Sell,67.49121,68.82854,67.31712,68.55949,44431
2022-10-04 15:00:00,0,0.4971877886990626,0.5028122113009375,Hold,68.57532,68.694016,68.27461,68.622795,22548
2022-10-04 16:00:00,0,0.47794676458910706,0.5220532354108929,Hold,68.61488,68.820625,68.14009,68.353745,14365
2022-10-04 17:00:00,0,0.5092431068368057,0.49075689316319426,Sell,68.34583,68.5674,68.23505,68.55949,9295
2022-10-04 18:00:00,0,0.4303716778750189,0.5696283221249812,Hold,68.5674,68.6861,68.227135,68.28253,25019
2022-10-04 19:00:00,0,0.4281361763658527,0.5718638236341473,Hold,68.29044,68.34583,68.07679,68.30627,5603
2022-10-04 20:00:00,0,0.4599826462963826,0.5400173537036175,Hold,68.298355,68.48827,68.10844,68.34583,3817
2022-10-04 22:00:00,0,0.4471723077688155,0.5528276922311846,Hold,68.34583,68.48827,68.13218,68.33792,1239
2022-10-04 23:00:00,0,0.4841941212590883,0.5158058787409117,Hold,68.33001,68.5041,68.298355,68.496185,1184
2022-10-05 00:00:00,0,0.45582103754356723,0.5441789624564328,Hold,68.496185,68.59114,68.23505,68.31418,1911
2022-10-05 01:00:00,0,0.44816495449188426,0.5518350455081158,Hold,68.3221,68.44871,68.155914,68.30627,1959
2022-10-05 02:00:00,0,0.4410286829465051,0.5589713170534949,Hold,68.31418,68.33001,68.02139,68.148,2328
2022-10-05 03:00:00,0,0.4290057705690582,0.5709942294309418,Hold,68.148,68.242966,67.99766,68.2034,1850
2022-10-05 04:00:00,0,0.4366004227642642,0.5633995772357359,Hold,68.2034,68.27461,68.0847,68.21922,1277
2022-10-05 05:00:00,0,0.4588054421303249,0.5411945578696751,Hold,68.227135,68.3854,68.2034,68.30627,1338
2022-10-05 06:00:00,0,0.5238200424084866,0.47617995759151344,Sell,68.3221,68.678185,68.227135,68.5041,4373
2022-10-05 07:00:00,0,0.47893930063177265,0.5210606993682274,Hold,68.51201,68.59114,68.0847,68.43288,5741
2022-10-05 08:00:00,0,0.4934273647712279,0.506572635228772,Hold,68.44079,68.606964,67.85522,68.045135,8961
2022-10-05 09:00:00,0,0.48790527054661814,0.5120947294533819,Hold,68.05305,68.34583,67.93435,68.10844,5930
2022-10-05 10:00:00,0,0.5882578849343281,0.41174211506567193,Sell,68.116356,69.15298,68.07679,68.947235,11533
2022-10-05 11:00:00,0,0.4943024703177522,0.5056975296822478,Hold,68.939316,68.96306,67.94226,68.3854,10148
2022-10-05 12:00:00,0,0.48618842451060235,0.5138115754893977,Hold,68.39331,68.95515,68.12427,68.551575,14072
2022-10-05 13:00:00,0,0.49069686647291577,0.5093031335270842,Hold,68.5674,69.4062,68.27461,68.424965,46631
2022-10-05 14:00:00,0,0.49246537028524845,0.5075346297147516,Hold,68.41705,69.88889,67.594086,69.72272,52429
2022-10-05 15:00:00,0,0.42708996252158793,0.5729100374784121,Hold,69.72272,69.968025,69.24793,69.453674,26939
2022-10-05 16:00:00,0,0.44900553358856493,0.550994466411435,Hold,69.4695,69.714806,69.002625,69.714806,14780
2022-10-05 17:00:00,0,0.39899751371052117,0.6010024862894788,Hold,69.706894,69.81768,69.30332,69.56446,12341
2022-10-05 18:00:00,0,0.40375295615199913,0.5962470438480009,Hold,69.56446,69.66733,69.31915,69.54863,14152
2022-10-05 19:00:00,0,0.40691939685918616,0.5930806031408138,Hold,69.54863,69.59611,69.382454,69.54863,3935
2022-10-05 20:00:00,0,0.42866952149861864,0.5713304785013813,Hold,69.54863,69.74646,69.516975,69.65942,2193
2022-10-05 22:00:00,0,0.4436525184411028,0.5563474815588971,Hold,69.69898,69.74646,69.55654,69.62776,1093
2022-10-05 23:00:00,0,0.5034343872669355,0.49656561273306454,Sell,69.62776,69.7702,69.61985,69.66733,609
2022-10-06 00:00:00,0,0.5877726640154384,0.4122273359845616,Sell,69.66733,69.94429,69.54072,69.8335,2369
2022-10-06 01:00:00,0,0.6053200383809362,0.3946799616190638,Sell,69.841415,69.841415,69.53281,69.588196,2457
2022-10-06 02:00:00,0,0.6421166590651581,0.35788334093484186,Sell,69.588196,69.66733,69.54072,69.651505,1041
2022-10-06 03:00:00,0,0.6169800455312582,0.3830199544687418,Sell,69.651505,69.68315,69.516975,69.53281,1023
2022-10-06 04:00:00,0,0.6342257547778541,0.36577424522214586,Sell,69.54072,69.588196,69.48533,69.580284,836
2022-10-06 05:00:00,0,0.6131426207209021,0.3868573792790979,Sell,69.588196,69.588196,69.382454,69.42993,1831
2022-10-06 06:00:00,0,0.5740356706715891,0.4259643293284109,Sell,69.42202,69.453674,69.20837,69.23211,3034
2022-10-06 07:00:00,0,0.6519564162074764,0.34804358379252365,Sell,69.22419,69.88889,69.137146,69.841415,6845
2022-10-06 08:00:00,0,0.6209508456780545,0.3790491543219455,Sell,69.849335,70.15794,69.255844,69.41411,12931
2022-10-06 09:00:00,0,0.6168666068064658,0.38313339319353423,Sell,69.42202,69.7702,69.22419,69.33498,6448
2022-10-06 10:00:00,0,0.49673325793760875,0.5032667420623913,Hold,69.33498,69.4695,68.99471,69.08176,6179
2022-10-06 11:00:00,0,0.5158272951287977,0.48417270487120234,Sell,69.08176,69.2875,68.876015,69.12132,5951
2022-10-06 12:00:00,0,0.6011799423898693,0.39882005761013073,Sell,69.09758,69.588196,69.073845,69.453674,11095
2022-10-06 13:00:00,0,0.6232532293595106,0.37674677064048945,Sell,69.44576,69.786026,69.08176,69.74646,23101
2022-10-06 14:00:00,0,0.622473051353497,0.37752694864650305,Sell,69.73855,70.2529,69.53281,70.1342,22207
2022-10-06 15:00:00,0,0.5448695585454225,0.4551304414545775,Sell,70.14212,70.20542,69.65942,69.66733,18717
2022-10-06 16:00:00,0,0.5943617497415143,0.40563825025848566,Sell,69.65942,69.93638,69.61194,69.82559,9857
2022-10-06 17:00:00,0,0.6068838220331484,0.3931161779668516,Sell,69.82559,70.07881,69.714806,70.00759,8547
2022-10-06 18:00:00,0,0.5987309015759981,0.40126909842400194,Sell,70.01551,70.1896,69.85725,70.11838,12725
2022-10-06 19:00:00,0,0.6071759559067583,0.3928240440932417,Sell,70.11838,70.46655,70.07881,70.434906,5598
2022-10-06 20:00:00,0,0.5792634589324854,0.42073654106751457,Sell,70.434906,70.48238,70.292465,70.39534,2578
2022-10-06 22:00:00,0,0.6387608246677158,0.3612391753322842,Sell,70.3716,70.71978,70.3716,70.44282,1514
2022-10-06 23:00:00,0,0.6322350613265733,0.36776493867342674,Sell,70.45073,70.49821,70.24499,70.31621,890
2022-10-07 00:00:00,0,0.6449319469373521,0.3550680530626479,Sell,70.32412,70.37951,69.99968,70.08672,2435
2022-10-07 01:00:00,0,0.6299059776929404,0.37009402230705957,Sell,70.094635,70.20542,69.88098,69.96011,2715
2022-10-07 02:00:00,0,0.6374506814490205,0.3625493185509795,Sell,69.968025,70.1342,69.87307,70.02342,1751
2022-10-07 03:00:00,0,0.6418637271028264,0.35813627289717365,Sell,70.031334,70.04716,69.849335,69.89681,1389
2022-10-07 04:00:00,0,0.6086114235821901,0.3913885764178099,Sell,69.88889,70.039246,69.8335,69.841415,1303
2022-10-07 05:00:00,0,0.6553134263475658,0.34468657365243416,Sell,69.841415,69.94429,69.778114,69.912636,1661
2022-10-07 06:00:00,0,0.6296679289958017,0.3703320710041983,Sell,69.92055,70.102554,69.66733,69.714806,2802
2022-10-07 07:00:00,0,0.677775152863399,0.32222484713660104,Sell,69.706894,70.3083,69.63567,70.24499,7602
2022-10-07 08:00:00,0,0.6662109040348625,0.3337890959651375,Sell,70.24499,70.426994,70.031334,70.30038,7097
2022-10-07 09:00:00,0,0.7114057857457946,0.2885942142542054,Sell,70.30038,70.65647,70.229164,70.58525,5135
2022-10-07 10:00:00,0,0.6885394359440188,0.3114605640559812,Sell,70.60108,70.84639,70.53777,70.80682,5788
2022-10-07 11:00:00,0,0.6713435676791556,0.3286564323208444,Sell,70.79891,71.02839,70.62482,70.94926,7335
2022-10-07 12:00:00,0,0.6339142220311843,0.3660857779688157,Sell,70.94926,71.21831,70.18169,70.688126,21387
2022-10-07 13:00:00,0,0.6682602007129146,0.3317397992870854,Sell,70.688126,71.701004,70.52195,71.55066,31338
2022-10-07 14:00:00,0,0.6390894383912968,0.36091056160870316,Sell,71.55857,72.38945,71.14709,72.33406,29380
2022-10-07 15:00:00,0,0.5968317046061673,0.4031682953938327,Sell,72.34197,73.24407,72.14414,73.17285,31585
2022-10-07 16:00:00,0,0.5734618247061086,0.4265381752938914,Sell,73.18076,73.48938,72.85632,73.09372,19648
2022-10-07 17:00:00,0,0.597425972289899,0.402574027710101,Sell,73.10163,73.30737,72.8405,73.09372,15270
2022-10-07 18:00:00,1,0.6322701779136785,0.36772982208632154,Sell,73.09372,73.79799,72.91963,73.655556,29120
2022-10-07 19:00:00,0,0.6347674797933295,0.3652325202066705,Sell,73.655556,73.68721,73.14911,73.17285,6792
2022-10-07 20:00:00,1,0.6402139027040804,0.3597860972959196,Sell,73.16494,73.837555,73.15703,73.75051,3552
2022-10-09 22:00:00,0,0.6082897919343305,0.3917102080656695,Sell,73.97208,74.02747,73.133286,73.1412,4442
2022-10-09 23:00:00,0,0.5879264109517622,0.41207358904823777,Sell,73.133286,73.47355,73.10955,73.30737,1818
2022-10-10 00:00:00,0,0.5792022302977939,0.42079776970220606,Sell,73.30737,73.37068,72.808846,72.97502,4431
2022-10-10 01:00:00,0,0.5593121776388703,0.4406878223611297,Sell,72.97502,73.03042,72.52397,72.935455,7971
2022-10-10 02:00:00,0,0.5413456636618181,0.45865433633818187,Sell,72.94337,73.006676,72.70598,72.7218,2274
2022-10-10 03:00:00,0,0.5334541040723454,0.4665458959276546,Sell,72.71389,72.81676,72.63476,72.6585,1513
2022-10-10 04:00:00,0,0.5124137885504636,0.4875862114495364,Sell,72.64267,72.7218,72.51606,72.69015,1611
2022-10-10 05:00:00,0,0.5633197020061875,0.43668029799381247,Sell,72.69015,72.81676,72.56354,72.674324,2475
2022-10-10 06:00:00,0,0.6317535347260452,0.36824646527395477,Sell,72.682236,73.09372,72.65058,73.062065,3953
2022-10-10 07:00:00,0,0.597114096060915,0.40288590393908497,Sell,73.062065,73.30737,72.72971,72.808846,6746
2022-10-10 08:00:00,0,0.6062739037396119,0.3937260962603881,Sell,72.808846,73.10955,72.555626,72.58728,7816
2022-10-10 09:00:00,0,0.6132111798817235,0.38678882011827653,Sell,72.59519,72.99085,72.51606,72.808846,6057
2022-10-10 10:00:00,0,0.6264017851899966,0.37359821481000344,Sell,72.808846,73.09372,72.78511,72.98293,4055
2022-10-10 11:00:00,0,0.5932765000742106,0.4067234999257894,Sell,72.97502,73.03042,72.50815,72.76137,6794
2022-10-10 12:00:00,0,0.650362170736736,0.34963782926326403,Sell,72.76137,73.25198,72.72971,73.21242,8052
2022-10-10 13:00:00,1,0.6249900642798988,0.3750099357201012,Sell,73.21242,74.09869,72.753456,73.36277,26177
2022-10-10 14:00:00,1,0.6352457951080507,0.3647542048919493,Sell,73.35485,73.66347,73.006676,73.09372,18186
2022-10-10 15:00:00,1,0.6041931174693403,0.39580688253065965,Sell,73.09372,73.29946,72.547714,72.998764,19689
2022-10-10 16:00:00,1,0.6696807695542484,0.3303192304457516,Sell,73.006676,73.33903,72.98293,73.22824,9952
2022-10-10 17:00:00,1,0.5946983449776492,0.4053016550223508,Sell,73.22824,73.259895,72.69015,72.753456,12369
2022-10-10 18:00:00,1,0.5690077713781357,0.43099222862186426,Sell,72.753456,72.81676,71.66144,72.08084,22455
2022-10-10 19:00:00,0,0.5162842401749131,0.48371575982508686,Sell,72.08084,72.096664,71.8197,71.843445,3369
2022-10-10 20:00:00,1,0.518956556787515,0.48104344321248504,Sell,71.83553,71.92258,71.645615,71.86718,1829
2022-10-10 22:00:00,1,0.554809027367455,0.44519097263254503,Sell,72.12041,72.12832,71.843445,71.94631,1976
2022-10-10 23:00:00,1,0.5328120450645257,0.46718795493547427,Sell,71.970055,72.025444,71.701004,71.827614,1235
2022-10-11 00:00:00,1,0.5477028377968839,0.4522971622031161,Sell,71.8197,71.9384,71.61396,71.80388,2274
2022-10-11 01:00:00,1,0.5909624155028081,0.40903758449719185,Sell,71.80388,72.28658,71.80388,72.11249,5312
2022-10-11 02:00:00,1,0.5728463970088092,0.42715360299119076,Sell,72.104576,72.152054,71.74849,71.80388,2963
2022-10-11 03:00:00,1,0.584608608947604,0.415391391052396,Sell,71.81179,71.88301,71.74057,71.8197,1063
2022-10-11 04:00:00,1,0.5799374087670738,0.4200625912329262,Sell,71.8197,71.93049,71.6377,71.716835,1452
2022-10-11 05:00:00,1,0.6126834599979951,0.3873165400020049,Sell,71.716835,71.8751,71.61396,71.843445,2155
2022-10-11 06:00:00,1,0.615070000934715,0.384929999065285,Sell,71.843445,72.0571,71.519005,71.55857,4176
2022-10-11 07:00:00,0,0.5400692288551951,0.45993077114480485,Sell,71.55066,71.574394,70.545685,70.69604,12300
2022-10-11 08:00:00,0,0.49117092262056156,0.5088290773794384,Hold,70.688126,71.194565,70.0709,70.094635,12633
2022-10-11 09:00:00,0,0.504859370065981,0.49514062993401897,Sell,70.102554,70.48238,69.99968,70.2529,8731
2022-10-11 10:00:00,0,0.5223838084501665,0.4776161915498335,Sell,70.2529,70.51404,70.15794,70.419075,5463
2022-10-11 11:00:00,0,0.5589784527800084,0.44102154721999165,Sell,70.419075,70.76726,70.15794,70.72769,8675
2022-10-11 12:00:00,1,0.5813507251641814,0.4186492748358186,Sell,70.72769,71.50318,70.72769,71.16291,15766
2022-10-11 13:00:00,0,0.49542737198905124,0.5045726280109488,Hold,71.17083,71.28161,70.45864,70.65647,22831
2022-10-11 14:00:00,0,0.4407044992737941,0.5592955007262059,Hold,70.65647,71.2737,69.912636,70.60108,28419
2022-10-11 15:00:00,1,0.48144123055179594,0.5185587694482041,Hold,70.616905,71.20248,70.434906,70.870125,18703
2022-10-11 16:00:00,1,0.49278684450527405,0.5072131554947259,Hold,70.87804,70.96509,70.553604,70.77517,10858
2022-10-11 17:00:00,1,0.5228506163196653,0.47714938368033466,Sell,70.759346,71.0917,70.51404,71.0363,10887
2022-10-11 18:00:00,0,0.49052017365351364,0.5094798263464864,Hold,71.0363,71.05213,69.87307,70.00759,20814
2022-10-11 19:00:00,0,0.5012194014392944,0.49878059856070556,Sell,69.99177,70.19751,69.56446,69.99968,8320
2022-10-11 20:00:00,0,0.5311334384332503,0.46886656156674966,Sell,69.99968,70.19751,69.96011,70.102554,1674
2022-10-11 22:00:00,0,0.5669685885023795,0.4330314114976205,Sell,70.165855,70.18169,69.98386,70.15794,1023
2022-10-11 23:00:00,0,0.5509811042035148,0.44901889579648524,Sell,70.15794,70.2529,70.07881,70.15794,550
2022-10-12 00:00:00,0,0.5114895749961088,0.4885104250038912,Sell,70.15794,70.426994,69.99177,70.355774,4333
2022-10-12 01:00:00,0,0.4900616796880706,0.5099383203119294,Hold,70.33994,70.48238,69.85725,70.039246,4600
2022-10-12 02:00:00,0,0.5324694632373096,0.4675305367626904,Sell,70.039246,70.15794,69.849335,70.15003,2115
2022-10-12 03:00:00,0,0.540432494488544,0.459567505511456,Sell,70.1342,70.19751,70.05508,70.102554,1209
2022-10-12 04:00:00,0,0.5370926950582819,0.46290730494171806,Sell,70.102554,70.32412,70.05508,70.27664,1854
2022-10-12 05:00:00,0,0.5549326077950879,0.4450673922049121,Sell,70.28455,70.64065,70.11838,70.60108,3335
2022-10-12 06:00:00,1,0.5636692667871217,0.4363307332128783,Sell,70.60899,71.09961,70.49821,70.90969,6118
2022-10-12 07:00:00,0,0.48978344775824456,0.5102165522417554,Hold,70.90969,70.9176,70.31621,70.64856,7380
2022-10-12 08:00:00,0,0.5490846517706452,0.45091534822935475,Sell,70.66438,71.004654,70.545685,70.688126,7633
2022-10-12 09:00:00,1,0.5707126855187957,0.4292873144812043,Sell,70.688126,71.16291,70.545685,70.89387,5610
2022-10-12 10:00:00,1,0.5077022699765668,0.49229773002343324,Sell,70.89387,70.996735,70.69604,70.86221,4106
2022-10-12 11:00:00,1,0.5109712385071136,0.48902876149288643,Sell,70.86221,71.10752,70.77517,70.84639,4095
2022-10-12 12:00:00,1,0.4685424866677562,0.5314575133322438,Hold,70.8543,71.2737,69.88098,70.04716,16106
2022-10-12 13:00:00,0,0.3979080612926329,0.6020919387073671,Hold,70.05508,70.30038,69.398285,69.74646,27623
2022-10-12 14:00:00,0,0.3685057795539839,0.6314942204460161,Hold,69.74646,69.9522,68.876015,69.33498,24389
2022-10-12 15:00:00,0,0.4149793754766487,0.5850206245233514,Hold,69.34289,69.42993,68.496185,68.51992,18814
2022-10-12 16:00:00,0,0.3525925675177973,0.6474074324822028,Hold,68.51992,68.939316,68.27461,68.89184,18851
2022-10-12 17:00:00,0,0.3751220167765806,0.6248779832234195,Hold,68.88393,69.23211,68.694016,68.99471,10400
2022-10-12 18:00:00,0,0.42750011178185865,0.5724998882181414,Hold,68.99471,69.35872,68.90767,69.01054,15924
2022-10-12 19:00:00,0,0.4410109916124093,0.5589890083875907,Hold,69.01054,69.08967,68.85227,68.92349,2538
2022-10-12 20:00:00,0,0.4808162503561094,0.5191837496438906,Hold,68.931404,69.02637,68.67027,68.92349,2846
2022-10-12 22:00:00,0,0.44363630137876714,0.5563636986212328,Hold,68.90767,69.02637,68.83645,68.99471,1014
2022-10-12 23:00:00,0,0.4409665344711875,0.5590334655288125,Hold,68.9868,69.0501,68.9868,69.01054,240
2022-10-13 00:00:00,0,0.40493046841208274,0.5950695315879173,Hold,69.002625,69.09758,68.90767,69.03428,1218
2022-10-13 01:00:00,0,0.44263830919786584,0.5573616908021342,Hold,69.03428,69.27959,68.9868,69.12132,2766
2022-10-13 02:00:00,0,0.42263274517558364,0.5773672548244164,Hold,69.12132,69.15298,68.88393,68.97097,2139
2022-10-13 03:00:00,0,0.4205986295205019,0.579401370479498,Hold,68.96306,68.9868,68.8681,68.939316,994
2022-10-13 04:00:00,0,0.4216103183765021,0.5783896816234979,Hold,68.939316,69.073845,68.89976,69.02637,680
2022-10-13 05:00:00,0,0.3859807732317798,0.6140192267682202,Hold,69.01845,69.137146,68.939316,68.97888,1535
2022-10-13 06:00:00,0,0.39187496057142485,0.6081250394285751,Hold,68.97097,69.08967,68.749405,68.88393,2640
2022-10-13 07:00:00,1,0.4248572473774972,0.5751427526225028,Hold,68.88393,69.60403,68.82854,69.60403,6619
2022-10-13 08:00:00,1,0.4456121758779233,0.5543878241220768,Hold,69.60403,69.65942,69.255844,69.56446,7106
2022-10-13 09:00:00,0,0.37456274580729537,0.6254372541927047,Hold,69.56446,69.67524,69.06593,69.2875,6113
2022-10-13 10:00:00,0,0.39294023101774384,0.6070597689822561,Hold,69.27959,69.33498,68.939316,69.129234,3693
2022-10-13 11:00:00,0,0.3912953775257342,0.6087046224742658,Hold,69.137146,69.50115,69.09758,69.33498,5789
2022-10-13 12:00:00,0,0.3438024011117985,0.6561975988882015,Hold,69.33498,69.49324,67.70487,67.98183,26889
2022-10-13 13:00:00,0,0.41614079802623566,0.5838592019737643,Hold,67.98974,68.95515,67.83148,68.72566,26283
2022-10-13 14:00:00,0,0.40019372171242146,0.5998062782875786,Hold,68.72566,69.588196,68.36166,69.29541,20168
2022-10-13 15:00:00,1,0.49035976540719095,0.509640234592809,Hold,69.2875,70.79099,68.96306,70.62482,33935
2022-10-13 16:00:00,1,0.4387031236827641,0.5612968763172359,Hold,70.60899,70.72769,70.2529,70.50612,8698
2022-10-13 17:00:00,1,0.5078248250423287,0.49217517495767127,Sell,70.49821,70.94926,70.45073,70.86221,9182
2022-10-13 18:00:00,1,0.4506773340598285,0.5493226659401715,Hold,70.86221,70.86221,70.40325,70.52195,13132
2022-10-13 19:00:00,1,0.46815342678388366,0.5318465732161164,Hold,70.52986,70.69604,70.434906,70.49821,2965
2022-10-13 20:00:00,1,0.41192274881764984,0.5880772511823502,Hold,70.49821,70.71978,70.490295,70.60899,1557
2022-10-13 22:00:00,1,0.44443329264896636,0.5555667073510336,Hold,70.64065,70.64065,70.45864,70.561516,646
2022-10-13 23:00:00,0,0.4162409848268657,0.5837590151731342,Hold,70.561516,70.59317,70.419075,70.419075,800
2022-10-14 00:00:00,0,0.4306656442248496,0.5693343557751505,Hold,70.419075,70.45864,70.237076,70.38743,1252
2022-10-14 01:00:00,1,0.46573427244078514,0.5342657275592149,Hold,70.38743,70.71186,70.12629,70.69604,3273
2022-10-14 02:00:00,1,0.4131515180700803,0.5868484819299197,Hold,70.688126,70.80682,70.553604,70.64856,1872
2022-10-14 03:00:00,0,0.47501558128438387,0.5249844187156161,Hold,70.64856,70.65647,70.355774,70.39534,1543
2022-10-14 04:00:00,1,0.47902977266818175,0.5209702273318182,Hold,70.40325,70.58525,70.34786,70.561516,1121
2022-10-14 05:00:00,1,0.4738050399062979,0.5261949600937021,Hold,70.56943,70.82265,70.553604,70.69604,2115
2022-10-14 06:00:00,1,0.49227045436434524,0.5077295456356548,Hold,70.688126,71.004654,70.57734,70.79891,3666
2022-10-14 07:00:00,1,0.45122587223074234,0.5487741277692577,Hold,70.79099,70.885956,70.45073,70.70395,5361
2022-10-14 08:00:00,1,0.4714556282482305,0.5285443717517695,Hold,70.69604,70.71978,69.94429,70.00759,7389
2022-10-14 09:00:00,1,0.44912567244576357,0.5508743275542365,Hold,70.00759,70.237076,69.67524,69.99968,5807
2022-10-14 10:00:00,1,0.4320143826897021,0.567985617310298,Hold,69.99968,70.102554,69.54072,69.61985,4703
2022-10-14 11:00:00,0,0.41047075970307945,0.5895292402969206,Hold,69.61985,69.778114,68.86019,69.137146,9950
2022-10-14 12:00:00,1,0.39367217165086216,0.6063278283491378,Hold,69.137146,69.63567,68.90767,69.50115,10327
2022-10-14 13:00:00,0,0.3905336775137355,0.6094663224862644,Hold,69.48533,69.75437,68.59114,68.61488,20274
2022-10-14 14:00:00,0,0.3842755294663657,0.6157244705336343,Hold,68.61488,68.74149,67.76026,68.06887,24081
2022-10-14 15:00:00,0,0.3892996758132782,0.6107003241867218,Hold,68.06096,68.61488,67.98183,68.12427,14413
2022-10-14 16:00:00,0,0.3456111875936098,0.6543888124063901,Hold,68.13218,68.29044,67.94226,68.17966,7588
2022-10-14 17:00:00,0,0.3811281354358576,0.6188718645641424,Hold,68.18757,68.2034,67.42,67.847305,12924
2022-10-14 18:00:00,0,0.3458363648493469,0.6541636351506531,Hold,67.83939,68.029305,67.594086,67.82356,13483
2022-10-14 19:00:00,0,0.35823244252515096,0.641767557474849,Hold,67.82356,67.95018,67.70487,67.89478,3331
2022-10-14 20:00:00,0,0.3415762803386712,0.6584237196613287,Hold,67.89478,67.94226,67.68113,67.69695,1691
2022-10-16 22:00:00,0,0.4302532311612921,0.5697467688387079,Hold,67.72861,68.23505,67.65739,68.21922,1986
2022-10-16 23:00:00,0,0.40494562056544325,0.5950543794345567,Hold,68.227135,68.25088,68.116356,68.2034,429
2022-10-17 00:00:00,0,0.3949052585614556,0.6050947414385444,Hold,68.2034,68.424965,68.18757,68.227135,1326
2022-10-17 01:00:00,0,0.3956780332366852,0.6043219667633148,Hold,68.23505,68.424965,68.01348,68.18757,2615
2022-10-17 02:00:00,0,0.3974920366118563,0.6025079633881437,Hold,68.19548,68.25088,67.95018,68.06096,1633
2022-10-17 03:00:00,0,0.4745460519785435,0.5254539480214565,Hold,68.06096,68.25088,68.01348,68.227135,1032
2022-10-17 04:00:00,0,0.49406998403713104,0.505930015962869,Hold,68.21922,68.28253,68.171745,68.25879,635
2022-10-17 05:00:00,0,0.4444568838132291,0.5555431161867709,Hold,68.25088,68.34583,68.155914,68.27461,1321
2022-10-17 06:00:00,0,0.402592501525976,0.5974074984740241,Hold,68.28253,68.44871,68.2034,68.227135,2061
2022-10-17 07:00:00,1,0.46998999387631224,0.5300100061236878,Hold,68.21922,68.6861,68.09261,68.63862,4853
2022-10-17 08:00:00,0,0.46406576980715136,0.5359342301928487,Hold,68.65445,68.78106,67.40417,67.80774,8792
2022-10-17 09:00:00,0,0.4920249151245768,0.5079750848754232,Hold,67.81565,67.99766,67.5387,67.87896,3945
2022-10-17 10:00:00,0,0.4998909062374026,0.5001090937625974,Hold,67.87105,68.25879,67.83939,68.029305,2933
2022-10-17 11:00:00,0,0.47746985941009407,0.5225301405899059,Hold,68.037224,68.037224,67.57034,67.57034,4192
2022-10-17 12:00:00,0,0.47617202432417455,0.5238279756758255,Hold,67.56243,68.3854,66.95312,68.155914,12287
2022-10-17 13:00:00,1,0.4669576057639643,0.5330423942360357,Hold,68.17966,68.939316,68.148,68.37749,14211
2022-10-17 14:00:00,1,0.4290691578919845,0.5709308421080155,Hold,68.3854,68.75732,68.01348,68.25879,10893
2022-10-17 15:00:00,1,0.40810974017501755,0.5918902598249824,Hold,68.2667,68.3854,67.61782,68.045135,10386
2022-10-17 16:00:00,1,0.3953078178614217,0.6046921821385782,Hold,68.045135,68.496185,67.966,68.44079,5407
2022-10-17 17:00:00,0,0.36500633185876663,0.6349936681412334,Hold,68.43288,68.496185,67.82356,67.83148,4509
2022-10-17 18:00:00,0,0.3551873750838142,0.6448126249161859,Hold,67.847305,67.86313,67.261734,67.74444,12602
2022-10-17 19:00:00,0,0.37187935300488745,0.6281206469951126,Hold,67.74444,67.74444,67.53078,67.602,2031
2022-10-17 20:00:00,0,0.44189802632022673,0.5581019736797732,Hold,67.602,67.791916,67.57034,67.791916,878
2022-10-17 22:00:00,0,0.39279260410994615,0.6072073958900539,Hold,67.81565,68.0847,67.81565,67.92644,390
2022-10-17 23:00:00,0,0.4229469302720869,0.577053069727913,Hold,67.918526,68.02139,67.918526,67.95018,158
2022-10-18 00:00:00,0,0.466636561154797,0.533363438845203,Hold,67.95018,67.973915,67.70487,67.776085,697
2022-10-18 01:00:00,0,0.44055880620310583,0.5594411937968942,Hold,67.76817,67.95809,67.649475,67.73652,473
2022-10-18 02:00:00,0,0.4258814455876776,0.5741185544123224,Hold,67.73652,67.73652,67.40417,67.649475,1124
2022-10-18 03:00:00,0,0.4727028133539264,0.5272971866460736,Hold,67.65739,68.00557,67.649475,67.966,503
2022-10-18 04:00:00,1,0.4808610243900149,0.5191389756099851,Hold,67.95809,68.298355,67.94226,68.19548,593
2022-10-18 05:00:00,1,0.45306986276557387,0.5469301372344262,Hold,68.227135,68.33001,68.10844,68.14009,443
2022-10-18 06:00:00,1,0.45716289103808205,0.542837108961918,Hold,68.148,68.424965,68.100525,68.14009,624
2022-10-18 07:00:00,0,0.4638041903423739,0.536195809657626,Hold,68.148,68.298355,67.81565,67.95809,1720
2022-10-18 08:00:00,0,0.5227058463492447,0.47729415365075534,Sell,67.95809,68.45662,67.25382,67.269646,2047
2022-10-18 09:00:00,0,0.49914261058948467,0.5008573894105153,Hold,67.28547,67.42,66.91355,67.40417,2026
2022-10-18 10:00:00,0,0.5211534288805801,0.47884657111941986,Sell,67.38834,67.83939,67.35669,67.49913,1251
2022-10-18 11:00:00,0,0.4855959250217709,0.514404074978229,Hold,67.49121,67.74444,67.23799,67.43582,1082
2022-10-18 12:00:00,1,0.515267802139467,0.484732197860533,Sell,67.42791,67.98183,67.135124,67.50704,2281
2022-10-18 13:00:00,0,0.4721076467690523,0.5278923532309476,Hold,67.4833,67.594086,66.02728,66.06685,6448
2022-10-18 14:00:00,0,0.4511148154224806,0.5488851845775193,Hold,66.05894,66.422935,64.95901,65.4971,7706
2022-10-18 15:00:00,0,0.40607679713734085,0.5939232028626591,Hold,65.512924,65.52084,64.95901,65.16475,3112
2022-10-18 16:00:00,0,0.46680883983101157,0.5331911601689885,Hold,65.14101,65.76615,64.95901,65.7345,1925
2022-10-18 17:00:00,0,0.4418266450023692,0.5581733549976309,Hold,65.75032,66.73946,65.67119,65.75032,4133
2022-10-18 18:00:00,0,0.4548478222032003,0.5451521777967997,Hold,65.75823,65.908585,65.267624,65.55249,4312
2022-10-18 19:00:00,0,0.4826441123452602,0.5173558876547397,Hold,65.599976,65.9165,65.42588,65.837364,867
2022-10-18 20:00:00,0,0.5225232110856405,0.4774767889143595,Sell,65.837364,66.24885,65.7978,66.22511,359
2022-10-18 22:00:00,0,0.5378950877244553,0.46210491227554473,Sell,66.22511,66.22511,65.908585,65.99563,183
2022-10-18 23:00:00,0,0.5565627221141929,0.4434372778858071,Sell,65.979805,66.557465,65.86902,66.38338,490
2022-10-19 00:00:00,0,0.5308004846782816,0.46919951532171844,Sell,66.38338,66.51117,66.19167,66.40733,2604
2022-10-19 01:00:00,0,0.5308741990385142,0.4691258009614858,Sell,66.40733,66.48721,66.1118,66.42331,3690
2022-10-19 02:00:00,0,0.5398785318312169,0.4601214681687831,Sell,66.4313,66.567085,66.34344,66.351425,3658
2022-10-19 03:00:00,0,0.5019138324189142,0.4980861675810858,Sell,66.34344,66.37539,66.20765,66.223625,1600
2022-10-19 04:00:00,0,0.5184789619458076,0.48152103805419244,Sell,66.23161,66.28752,66.15174,66.21564,1181
2022-10-19 05:00:00,0,0.511726446905234,0.48827355309476606,Sell,66.223625,66.24759,66.01595,66.047905,2231
2022-10-19 06:00:00,0,0.5339568607913309,0.46604313920866913,Sell,66.03193,66.135765,65.87218,66.01595,3510
2022-10-19 07:00:00,0,0.509898726323889,0.490101273676111,Sell,66.02394,66.351425,65.52074,65.69646,7989
2022-10-19 08:00:00,0,0.5582821158823854,0.4417178841176146,Sell,65.71243,65.792305,65.273125,65.67249,9979
2022-10-19 09:00:00,0,0.5543317480452672,0.4456682519547328,Sell,65.68048,66.42331,65.576645,66.27155,8252
2022-10-19 10:00:00,0,0.557721235478092,0.44227876452190795,Sell,66.27954,66.62299,66.183685,66.40733,5638
2022-10-19 11:00:00,0,0.5267238457205153,0.47327615427948466,Sell,66.40733,66.51117,65.95206,66.38338,10783
2022-10-19 12:00:00,0,0.5370567163625544,0.46294328363744564,Sell,66.38338,66.80671,65.920105,66.58306,16208
2022-10-19 13:00:00,0,0.46388937289687066,0.5361106271031293,Hold,66.58306,66.63897,65.704445,66.24759,24553
2022-10-19 14:00:00,0,0.46260290899526163,0.5373970910047383,Hold,66.23161,66.742805,65.76035,66.05589,24459
2022-10-19 15:00:00,0,0.47278733296738423,0.5272126670326158,Hold,66.047905,66.4313,65.65652,66.32746,21070
2022-10-19 16:00:00,0,0.5004225912718021,0.4995774087281979,Sell,66.32746,66.97444,66.15973,66.958466,18314
2022-10-19 17:00:00,0,0.5396647576223249,0.4603352423776751,Sell,66.96645,67.88501,66.57507,67.72526,25644
2022-10-19 18:00:00,0,0.4527153185946001,0.5472846814053999,Hold,67.741234,67.908966,67.10224,67.11023,20576
2022-10-19 19:00:00,0,0.5043461028346149,0.4956538971653851,Sell,67.11023,67.517586,67.02237,67.5096,4925
2022-10-19 20:00:00,0,0.461617388193866,0.538382611806134,Hold,67.5096,67.88501,67.49362,67.70928,4048
2022-10-19 22:00:00,0,0.4865732745981973,0.5134267254018027,Hold,67.821106,67.821106,67.605446,67.65337,1351
2022-10-19 23:00:00,0,0.4663157261753861,0.5336842738246139,Hold,67.65337,67.78117,67.56551,67.733246,1316
2022-10-20 00:00:00,0,0.5473862147483143,0.4526137852516857,Sell,67.733246,67.78117,67.485634,67.71727,2702
2022-10-20 01:00:00,0,0.521282851407028,0.478717148592972,Sell,67.71727,67.78117,67.557526,67.62142,3181
2022-10-20 02:00:00,0,0.5421237051457807,0.4578762948542193,Sell,67.6374,67.78117,67.59746,67.74922,2125
2022-10-20 03:00:00,0,0.5232120465473832,0.4767879534526168,Sell,67.75721,67.773186,67.645386,67.72526,1120
2022-10-20 04:00:00,0,0.5950760626209732,0.40492393737902677,Sell,67.72526,68.516014,67.71727,68.48406,5524
2022-10-20 05:00:00,0,0.5462218166906122,0.4537781833093878,Sell,68.48406,68.508026,68.2684,68.43614,3907
2022-10-20 06:00:00,0,0.5882892237637988,0.4117107762362012,Sell,68.428154,68.78758,68.132614,68.65978,5477
2022-10-20 07:00:00,0,0.5757843708013215,0.4242156291986785,Sell,68.65978,68.82752,68.43614,68.74765,8305
2022-10-20 08:00:00,0,0.5939260286731259,0.40607397132687406,Sell,68.74765,68.907394,68.172554,68.30834,11125
2022-10-20 09:00:00,0,0.5854811213364182,0.41451887866358184,Sell,68.31633,68.859474,68.31633,68.66777,6145
2022-10-20 10:00:00,0,0.6028465844455128,0.39715341555448724,Sell,68.65978,68.85149,68.61985,68.82752,5034
2022-10-20 11:00:00,0,0.6117744657002726,0.3882255342997274,Sell,68.82752,69.0911,68.7157,68.79557,10589
2022-10-20 12:00:00,0,0.5840520961323118,0.4159479038676882,Sell,68.78758,69.035194,68.22846,68.380226,14057
2022-10-20 13:00:00,1,0.6035159479020383,0.39648405209796167,Sell,68.37224,69.6023,68.036766,69.26683,37771
2022-10-20 14:00:00,0,0.5789127222862888,0.42108727771371124,Sell,69.25884,69.4745,68.61186,68.779594,23373
2022-10-20 15:00:00,0,0.49457272532888313,0.5054272746711168,Hold,68.76362,68.89941,67.52557,67.74922,31489
2022-10-20 16:00:00,0,0.5363399961232644,0.46366000387673556,Sell,67.74922,68.10067,67.29394,67.84507,20811
2022-10-20 17:00:00,0,0.5219730692503105,0.4780269307496895,Sell,67.829094,68.31633,67.5735,68.22846,13246
2022-10-20 18:00:00,0,0.47271795670445427,0.5272820432955457,Hold,68.22846,68.27639,67.22205,67.66935,23657
2022-10-20 19:00:00,0,0.40080576694907016,0.5991942330509299,Hold,67.66935,67.829094,67.62142,67.733246,3334
2022-10-20 20:00:00,0,0.46082427794706315,0.5391757220529368,Hold,67.741234,67.94092,67.701294,67.908966,2126
2022-10-20 22:00:00,0,0.44442282000298955,0.5555771799970104,Hold,67.948906,67.97287,67.5096,67.54954,1588
2022-10-20 23:00:00,0,0.43177959704201574,0.5682204029579843,Hold,67.54954,67.62941,67.42174,67.58148,1213
2022-10-21 00:00:00,0,0.41298119221511226,0.5870188077848877,Hold,67.58148,67.65337,67.42174,67.54155,1820
2022-10-21 01:00:00,0,0.4222569077250007,0.5777430922749993,Hold,67.54155,67.71727,67.52557,67.5735,2160
2022-10-21 02:00:00,0,0.4693091839238567,0.5306908160761433,Hold,67.56551,67.773186,67.45369,67.741234,1998
2022-10-21 03:00:00,0,0.4742125164988191,0.5257874835011809,Hold,67.733246,67.87702,67.68532,67.78117,1994
2022-10-21 04:00:00,0,0.46744007764782614,0.5325599223521739,Hold,67.78916,68.044754,67.78117,67.92494,3556
2022-10-21 05:00:00,0,0.4196673719242133,0.5803326280757868,Hold,67.92494,67.94092,67.53356,67.54155,2808
2022-10-21 06:00:00,0,0.38942513845349647,0.6105748615465035,Hold,67.54954,67.62142,67.3179,67.33388,3659
2022-10-21 07:00:00,0,0.33905948699534705,0.660940513004653,Hold,67.33388,67.613434,66.95048,67.02237,8482
2022-10-21 08:00:00,0,0.33840593460247126,0.6615940653975287,Hold,67.03036,67.03834,66.41532,66.6869,12092
2022-10-21 09:00:00,0,0.4403661477156296,0.5596338522843705,Hold,66.694885,67.45369,66.58306,67.34985,9958
2022-10-21 10:00:00,0,0.4846179938249916,0.5153820061750084,Hold,67.341866,67.85306,67.214066,67.741234,6331
2022-10-21 11:00:00,0,0.46114359780209924,0.5388564021979008,Hold,67.74922,67.948906,67.66935,67.79714,5710
2022-10-21 12:00:00,0,0.4437931941786532,0.5562068058213467,Hold,67.78916,68.00482,66.958466,67.58148,15871
2022-10-21 13:00:00,0,0.4522857465276953,0.5477142534723047,Hold,67.5735,68.61186,67.429726,68.1406,37320
2022-10-21 14:00:00,0,0.39297263889445144,0.6070273611055486,Hold,68.1406,68.22048,67.086266,67.28595,24833
2022-10-21 15:00:00,0,0.44946810793086833,0.5505318920691317,Hold,67.27796,68.02079,66.96645,67.956894,20205
2022-10-21 16:00:00,0,0.4140072587983071,0.585992741201693,Hold,67.956894,68.05274,67.5735,67.988846,12156
2022-10-21 17:00:00,0,0.4495948309898265,0.5504051690101734,Hold,67.988846,68.132614,67.645386,67.861046,9888
2022-10-21 18:00:00,0,0.4142706156008333,0.5857293843991667,Hold,67.86903,67.98086,67.5735,67.78117,14617
2022-10-21 19:00:00,0,0.45369542469387,0.54630457530613,Hold,67.78117,68.06073,67.773186,68.05274,3364
2022-10-21 20:00:00,0,0.44448148407151283,0.5555185159284872,Hold,68.044754,68.06872,67.93293,68.00482,1341
2022-10-23 22:00:00,0,0.38662919203860846,0.6133708079613915,Hold,68.084694,68.292366,67.93293,68.18054,2393
2022-10-23 23:00:00,1,0.3526257982745349,0.6473742017254651,Hold,68.18853,68.3962,68.02079,68.18054,1769
2022-10-24 00:00:00,1,0.40334062471616716,0.5966593752838328,Hold,68.18853,68.37224,68.084694,68.22846,1716
2022-10-24 01:00:00,1,0.4616515550275461,0.5383484449724538,Hold,68.212494,68.57192,68.124626,68.31633,3440
2022-10-24 02:00:00,0,0.4102226145612974,0.5897773854387026,Hold,68.31633,68.348274,67.701294,67.701294,3124
2022-10-24 03:00:00,0,0.39987137440770243,0.6001286255922975,Hold,67.701294,67.72526,67.49362,67.59746,1895
2022-10-24 04:00:00,0,0.4075098440712453,0.5924901559287548,Hold,67.59746,67.645386,67.49362,67.59746,1408
2022-10-24 05:00:00,0,0.39878747980284357,0.6012125201971564,Hold,67.58947,67.613434,67.15815,67.214066,3080
2022-10-24 06:00:00,0,0.39073590491440646,0.6092640950855935,Hold,67.214066,67.341866,67.09425,67.16614,3834
2022-10-24 07:00:00,0,0.4036416561398655,0.5963583438601345,Hold,67.174126,67.41375,66.80671,67.16614,8046
2022-10-24 08:00:00,0,0.39877602096698506,0.6012239790330149,Hold,67.174126,67.18211,65.99998,66.53513,13457
2022-10-24 09:00:00,0,0.43746108123863664,0.5625389187613634,Hold,66.53513,67.00639,66.41532,66.958466,6997
2022-10-24 10:00:00,0,0.481442257536669,0.518557742463331,Hold,66.958466,67.35784,66.80671,67.34985,6554
2022-10-24 11:00:00,0,0.4462741813565501,0.5537258186434499,Hold,67.34985,67.36582,66.958466,67.1901,6915
2022-10-24 12:00:00,0,0.3819754846838929,0.618024515316107,Hold,67.1901,67.22205,66.263565,66.59904,14150
2022-10-24 13:00:00,0,0.47709495114264777,0.5229050488573522,Hold,66.60702,68.06872,66.32746,67.908966,33869
2022-10-24 14:00:00,0,0.4503827185088301,0.54961728149117,Hold,67.916954,68.62784,67.645386,67.821106,27827
2022-10-24 15:00:00,0,0.4539375780843306,0.5460624219156693,Hold,67.81312,67.84507,67.14218,67.72526,20752
2022-10-24 16:00:00,0,0.4662466585931993,0.5337533414068008,Hold,67.733246,67.74922,67.34985,67.701294,10611
2022-10-24 17:00:00,0,0.47392982023484487,0.5260701797651551,Hold,67.693306,67.75721,67.29394,67.645386,9787
2022-10-24 18:00:00,0,0.4577914617908583,0.5422085382091417,Hold,67.645386,67.74922,67.429726,67.59746,13741
2022-10-24 19:00:00,0,0.40512208407677,0.59487791592323,Hold,67.59746,67.7652,67.5735,67.66136,2847
2022-10-24 20:00:00,0,0.45868901955426145,0.5413109804457386,Hold,67.65337,67.821106,67.65337,67.80513,1292
2022-10-24 22:00:00,0,0.4461936128574385,0.5538063871425615,Hold,67.79714,67.88501,67.68532,67.84507,724
2022-10-24 23:00:00,0,0.4197863007366537,0.5802136992633463,Hold,67.85306,67.96488,67.7652,67.78916,938
2022-10-25 00:00:00,0,0.49838108676038945,0.5016189132396105,Hold,67.78916,67.88501,67.613434,67.78916,1314
2022-10-25 01:00:00,0,0.4583773668586294,0.5416226331413706,Hold,67.78117,67.893,67.49362,67.68532,3441
2022-10-25 02:00:00,0,0.5200040760647454,0.4799959239352546,Sell,67.693306,67.693306,67.4457,67.66935,2377
2022-10-25 03:00:00,0,0.5569881090185831,0.4430118909814169,Sell,67.67734,67.90098,67.59746,67.80513,1823
2022-10-25 04:00:00,0,0.5340711216826314,0.4659288783173686,Sell,67.81312,67.861046,67.741234,67.80513,550
2022-10-25 05:00:00,0,0.4766224899502455,0.5233775100497545,Hold,67.79714,67.81312,67.53356,67.66136,1730
2022-10-25 06:00:00,0,0.5219983523962983,0.4780016476037017,Sell,67.66136,67.893,67.50161,67.557526,2769
2022-10-25 07:00:00,0,0.4831996468131113,0.5168003531868888,Hold,67.58148,67.62142,66.910545,67.02237,8088
2022-10-25 08:00:00,0,0.4927838514219559,0.5072161485780441,Hold,67.02237,67.36582,66.94249,67.046326,8291
2022-10-25 09:00:00,0,0.46151504267358956,0.5384849573264104,Hold,67.046326,67.05431,66.48721,66.54312,8539
2022-10-25 10:00:00,0,0.4801914393054634,0.5198085606945366,Hold,66.54312,66.82268,66.34344,66.57507,8072
2022-10-25 11:00:00,0,0.45802162593899604,0.541978374061004,Hold,66.57507,66.91853,66.39136,66.77476,6768
2022-10-25 12:00:00,0,0.5305578558707945,0.4694421441292055,Sell,66.76677,67.54155,66.70287,67.29394,10668
2022-10-25 13:00:00,0,0.5990341447453729,0.40096585525462713,Sell,67.29394,68.420166,66.94249,68.300354,32758
2022-10-25 14:00:00,0,0.5429598971986395,0.45704010280136054,Sell,68.300354,68.7157,68.132614,68.22048,25633
2022-10-25 15:00:00,0,0.5144813655851224,0.48551863441487764,Sell,68.22048,68.508026,67.70928,67.94092,16048
2022-10-25 16:00:00,0,0.5022331690909794,0.49776683090902063,Sell,67.948906,68.3323,67.72526,68.132614,11457
2022-10-25 17:00:00,0,0.49812816613375616,0.5018718338662438,Hold,68.1406,68.204506,67.861046,67.948906,9321
2022-10-25 18:00:00,0,0.43333817124943913,0.5666618287505609,Hold,67.956894,68.252426,67.81312,67.821106,14120
2022-10-25 19:00:00,0,0.46710112887740823,0.5328988711225917,Hold,67.821106,68.02079,67.821106,67.87702,3520
2022-10-25 20:00:00,0,0.45200495590215056,0.5479950440978494,Hold,67.87702,67.908966,67.75721,67.84507,2456
2022-10-25 22:00:00,0,0.44323312748476984,0.5567668725152302,Hold,67.948906,67.97287,67.7652,67.829094,774
2022-10-25 23:00:00,0,0.497281975867571,0.5027180241324289,Hold,67.80513,67.81312,67.70928,67.78117,638
2022-10-26 00:00:00,0,0.43865396965834513,0.5613460303416549,Hold,67.78117,67.829094,67.45369,67.52557,2279
2022-10-26 01:00:00,0,0.45354338562781216,0.5464566143721878,Hold,67.53356,67.908966,67.39777,67.733246,4302
2022-10-26 02:00:00,0,0.42979096250758814,0.5702090374924118,Hold,67.72526,67.94092,67.701294,67.74922,2295
2022-10-26 03:00:00,0,0.43970443366526013,0.5602955663347399,Hold,67.74922,67.93293,67.62142,67.90098,1994
2022-10-26 04:00:00,0,0.4175799394797835,0.5824200605202166,Hold,67.90098,67.90098,67.78916,67.821106,627
2022-10-26 05:00:00,0,0.4231074534034088,0.5768925465965913,Hold,67.821106,67.85306,67.557526,67.5735,2641
2022-10-26 06:00:00,0,0.45521986857531155,0.5447801314246885,Hold,67.58148,67.83708,67.5096,67.65337,3048
2022-10-26 07:00:00,0,0.42511429872069967,0.5748857012793003,Hold,67.66935,68.036766,67.20608,67.94092,8554
2022-10-26 08:00:00,0,0.48199092734877214,0.5180090726512279,Hold,67.94092,68.524,67.68532,68.476074,12075
2022-10-26 09:00:00,0,0.4974164239209079,0.5025835760790921,Hold,68.49205,68.66777,68.3962,68.57192,7389
2022-10-26 10:00:00,0,0.47621078400668015,0.5237892159933198,Hold,68.57991,68.59589,68.31633,68.380226,4643
2022-10-26 11:00:00,0,0.513601821484398,0.48639817851560196,Sell,68.3962,68.92337,68.36425,68.83551,8485
2022-10-26 12:00:00,0,0.5174449806062337,0.4825550193937663,Sell,68.83551,69.17098,68.69972,69.01922,12656
2022-10-26 13:00:00,0,0.49378234853752867,0.5062176514624713,Hold,69.02721,69.506454,68.54796,69.26683,28425
2022-10-26 14:00:00,0,0.5606158768974238,0.43938412310257624,Sell,69.27482,70.27324,69.05117,70.08154,39054
2022-10-26 15:00:00,0,0.5506989681361575,0.4493010318638425,Sell,70.08953,70.369095,69.81796,70.2972,25247
2022-10-26 16:00:00,0,0.5023184867676055,0.4976815132323945,Sell,70.30519,70.6167,70.26526,70.40903,18938
2022-10-26 17:00:00,0,0.4787875022804831,0.5212124977195169,Hold,70.417015,70.504875,69.99368,70.34513,13535
2022-10-26 18:00:00,0,0.46406475830835475,0.5359352416916452,Hold,70.35312,70.39305,70.153435,70.2972,13826
2022-10-26 19:00:00,0,0.4546737738298409,0.545326226170159,Hold,70.289215,70.47293,70.27324,70.38506,4040
2022-10-26 20:00:00,0,0.49116911777925704,0.508830882220743,Hold,70.40104,70.56079,70.35312,70.49689,2840
2022-10-26 22:00:00,0,0.47130382096157314,0.5286961790384268,Hold,70.49689,70.52884,70.34513,70.46494,1551
2022-10-26 23:00:00,0,0.48935903709287154,0.5106409629071285,Hold,70.46494,70.4889,70.35312,70.425,504
2022-10-27 00:00:00,0,0.47884128687255995,0.52115871312744,Hold,70.417015,70.456955,70.241295,70.2972,1940
2022-10-27 01:00:00,0,0.48020852079150006,0.5197914792084999,Hold,70.2972,70.672615,70.289215,70.456955,4455
2022-10-27 02:00:00,0,0.4615525007020616,0.5384474992979384,Hold,70.44098,70.44098,70.17739,70.30519,2020
2022-10-27 03:00:00,0,0.4410681881225367,0.5589318118774633,Hold,70.31318,70.456955,70.289215,70.40903,1225
2022-10-27 04:00:00,0,0.42464663882247,0.57535336117753,Hold,70.40903,70.46494,70.2972,70.35312,1149
2022-10-27 05:00:00,0,0.43238401164071777,0.5676159883592822,Hold,70.35312,70.51286,70.241295,70.35312,1935
2022-10-27 06:00:00,0,0.4818535074233546,0.5181464925766455,Hold,70.33714,70.33714,69.87387,69.90582,3783
2022-10-27 07:00:00,0,0.4936974299746646,0.5063025700253354,Hold,69.91381,70.18538,69.75406,70.14545,9042
2022-10-27 08:00:00,0,0.5087878805818039,0.4912121194181961,Sell,70.153435,70.49689,70.08154,70.25727,10309
2022-10-27 09:00:00,0,0.4801354723419688,0.5198645276580312,Hold,70.25727,70.289215,70.00966,70.12947,5439
2022-10-27 10:00:00,0,0.5504404661340145,0.44955953386598546,Sell,70.12148,70.65664,70.06557,70.59274,7965
2022-10-27 11:00:00,0,0.5112284746406716,0.48877152535932844,Sell,70.59274,70.632675,70.35312,70.4889,4509
2022-10-27 12:00:00,0,0.5360187984260172,0.4639812015739828,Sell,70.49689,71.28764,70.425,71.23972,19210
2022-10-27 13:00:00,0,0.5642465136645585,0.43575348633544153,Sell,71.2477,71.61513,70.72852,70.82437,31097
2022-10-27 14:00:00,1,0.49806071968462867,0.5019392803153713,Hold,70.82437,71.663055,70.69658,71.55123,24188
2022-10-27 15:00:00,0,0.46718997036405085,0.5328100296359491,Hold,71.55123,71.71896,71.07997,71.28764,19491
2022-10-27 16:00:00,0,0.47856135116238596,0.521438648837614,Hold,71.28764,71.59915,71.13588,71.33557,13900
2022-10-27 17:00:00,0,0.4656286184602855,0.5343713815397144,Hold,71.34356,71.535255,71.13588,71.151855,10715
2022-10-27 18:00:00,0,0.4635634204879285,0.5364365795120716,Hold,71.151855,71.27167,70.85632,70.92022,15639
2022-10-27 19:00:00,0,0.4676925960582435,0.5323074039417566,Hold,70.92022,71.11991,70.81638,71.11192,3609
2022-10-27 20:00:00,0,0.4328049500919539,0.567195049908046,Hold,71.103935,71.11991,70.632675,70.76846,3876
2022-10-27 22:00:00,1,0.49625337805456643,0.5037466219454336,Hold,70.82437,70.8723,70.72852,70.760475,869
2022-10-27 23:00:00,1,0.5325120554689485,0.46748794453105147,Sell,70.760475,70.84035,70.68859,70.75249,690
2022-10-28 00:00:00,1,0.5075698158395309,0.49243018416046913,Sell,70.75249,70.89626,70.62469,70.7445,2090
2022-10-28 01:00:00,1,0.5376440892682978,0.46235591073170224,Sell,70.72852,70.800415,70.51286,70.65664,2735
2022-10-28 02:00:00,0,0.5012565603161624,0.4987434396838376,Sell,70.64865,70.69658,70.289215,70.40903,2497
2022-10-28 03:00:00,0,0.46445095674185805,0.535549043258142,Hold,70.40903,70.417015,70.17739,70.36111,1653
2022-10-28 04:00:00,0,0.4969560081871055,0.5030439918128945,Hold,70.36111,70.456955,70.32117,70.40104,892
2022-10-28 05:00:00,0,0.4808078465404562,0.5191921534595438,Hold,70.40104,70.43299,70.14545,70.30519,1877
2022-10-28 06:00:00,0,0.5514327746630576,0.4485672253369424,Sell,70.31318,70.329155,70.073555,70.16142,2904
2022-10-28 07:00:00,0,0.5856296202952537,0.4143703797047463,Sell,70.16142,70.27324,69.95374,70.24928,6256
2022-10-28 08:00:00,0,0.5806375850609868,0.41936241493901316,Sell,70.25727,70.82437,70.21733,70.28123,12258
2022-10-28 09:00:00,0,0.6267813193641948,0.3732186806358052,Sell,70.289215,70.34513,69.96173,70.34513,7586
2022-10-28 10:00:00,1,0.656612995107207,0.34338700489279295,Sell,70.34513,70.70456,70.2972,70.6167,5256
2022-10-28 11:00:00,1,0.62053989960403,0.37946010039597,Sell,70.6167,70.79243,70.52085,70.52884,6186
2022-10-28 12:00:00,0,0.6046109133959974,0.3953890866040026,Sell,70.53683,70.7445,70.14545,70.44098,13340
2022-10-28 13:00:00,1,0.6374254609056973,0.3625745390943027,Sell,70.44098,70.848335,70.05758,70.66463,25086
2022-10-28 14:00:00,1,0.5360104193628483,0.4639895806371517,Sell,70.66463,70.86431,70.22532,70.39305,18414
2022-10-28 15:00:00,0,0.5357331905033059,0.4642668094966941,Sell,70.40903,70.43299,69.554375,70.12947,27415
2022-10-28 16:00:00,0,0.5101227050769279,0.4898772949230721,Sell,70.12947,70.19337,69.69016,69.90582,14398
2022-10-28 17:00:00,0,0.4781322868258492,0.5218677131741508,Hold,69.91381,70.00966,69.73808,69.87387,10007
2022-10-28 18:00:00,0,0.5249764916978503,0.4750235083021497,Sell,69.87387,70.33714,69.809975,70.28123,21339
2022-10-28 19:00:00,1,0.5227928976853667,0.47720710231463326,Sell,70.28123,70.46494,70.27324,70.43299,4058
2022-10-28 20:00:00,1,0.5386269956740561,0.46137300432594386,Sell,70.43299,70.60072,70.40903,70.59274,1464
2022-10-30 22:00:00,1,0.5215301110972093,0.47846988890279074,Sell,70.60072,70.8084,70.52085,70.56079,1562
2022-10-30 23:00:00,1,0.5808596687976058,0.41914033120239425,Sell,70.5528,70.60072,70.44098,70.59274,746
2022-10-31 00:00:00,1,0.5379158850228102,0.4620841149771898,Sell,70.59274,70.72852,70.35312,70.38506,1731
2022-10-31 01:00:00,1,0.5153849230164017,0.4846150769835983,Sell,70.369095,70.504875,69.88985,69.92979,4240
2022-10-31 02:00:00,1,0.4898637281233829,0.5101362718766171,Hold,69.9218,70.01765,69.4745,69.97771,5054
2022-10-31 03:00:00,1,0.49693941211691595,0.503060587883084,Hold,69.97771,69.99368,69.809975,69.84991,1283
2022-10-31 04:00:00,1,0.4733094796170609,0.5266905203829391,Hold,69.84991,69.86588,69.69016,69.794,957
2022-10-31 05:00:00,1,0.45298386927592166,0.5470161307240784,Hold,69.78601,69.897835,69.61828,69.78601,1414
2022-10-31 06:00:00,0,0.4526902139919606,0.5473097860080394,Hold,69.770035,69.770035,69.44255,69.57834,2691
2022-10-31 07:00:00,1,0.5297705752704718,0.4702294247295282,Sell,69.57834,69.897835,69.30676,69.84192,5762
2022-10-31 08:00:00,1,0.5472297201464529,0.4527702798535471,Sell,69.84192,69.90582,69.290794,69.77802,7544
2022-10-31 09:00:00,0,0.5171108435797502,0.48288915642024977,Sell,69.77802,69.92979,69.338715,69.506454,5552
2022-10-31 10:00:00,0,0.5068263051847319,0.49317369481526807,Sell,69.51444,69.53041,68.91538,69.13903,8783
2022-10-31 11:00:00,0,0.3999115679985289,0.6000884320014711,Hold,69.13903,69.23488,68.96331,69.02721,4693
2022-10-31 12:00:00,0,0.43929577594659375,0.5607042240534063,Hold,69.02721,69.31475,68.59589,69.20293,16321
2022-10-31 13:00:00,0,0.4458162757797853,0.5541837242202148,Hold,69.19494,70.153435,68.603874,69.77802,33064
2022-10-31 14:00:00,0,0.43984737848368366,0.5601526215163164,Hold,69.770035,70.00966,69.30676,69.73808,22338
2022-10-31 15:00:00,0,0.391511315328251,0.608488684671749,Hold,69.74607,70.06557,68.76362,68.96331,21224
2022-10-31 16:00:00,0,0.35635824430209695,0.643641755697903,Hold,68.95532,69.28281,68.54796,68.88343,23581
2022-10-31 17:00:00,0,0.431012597574717,0.568987402425283,Hold,68.88343,68.93136,68.132614,68.388214,18401
2022-10-31 18:00:00,0,0.45438011324988575,0.5456198867501143,Hold,68.380226,69.19494,68.380226,69.035194,20107
2022-10-31 19:00:00,0,0.4354646996166458,0.5645353003833542,Hold,69.035194,69.04318,68.68375,68.85149,4069
2022-10-31 20:00:00,0,0.40050915454094366,0.5994908454590564,Hold,68.859474,68.907394,68.74765,68.859474,1706
2022-10-31 22:00:00,0,0.4011400065734431,0.5988599934265568,Hold,69.035194,69.075134,68.72369,68.79557,832
2022-10-31 23:00:00,0,0.43271834701009043,0.5672816529899096,Hold,68.79557,68.89142,68.78758,68.8435,412
2022-11-01 00:00:00,0,0.3692836907757018,0.6307163092242982,Hold,68.85149,68.85149,68.62784,68.78758,1495
2022-11-01 01:00:00,0,0.43270422396497205,0.5672957760350279,Hold,68.77161,69.290794,68.74765,69.26683,3480
2022-11-01 02:00:00,0,0.41469646852048164,0.5853035314795183,Hold,69.27482,69.71413,69.27482,69.57834,4801
2022-11-01 03:00:00,0,0.3868421423367362,0.6131578576632638,Hold,69.58633,69.69815,69.49847,69.61828,2103
2022-11-01 04:00:00,0,0.4093682457659473,0.5906317542340527,Hold,69.62626,69.642235,69.506454,69.5384,791
2022-11-01 05:00:00,0,0.40961904196390037,0.5903809580360997,Hold,69.53041,69.96972,69.53041,69.95374,3412
2022-11-01 06:00:00,0,0.413177894132344,0.5868221058676559,Hold,69.95374,70.153435,69.9218,70.08953,4208
2022-11-01 07:00:00,0,0.4432982434116074,0.5567017565883926,Hold,70.09752,70.289215,69.81796,70.18538,9494
2022-11-01 08:00:00,0,0.4069094395348798,0.5930905604651202,Hold,70.18538,70.48092,69.95374,70.01765,11224
2022-11-01 09:00:00,0,0.42358309761894786,0.5764169023810521,Hold,70.01765,70.08953,69.57834,70.025635,7146
2022-11-01 10:00:00,0,0.4350614133934823,0.5649385866065177,Hold,70.03362,70.33714,69.96972,70.18538,5877
2022-11-01 11:00:00,0,0.4384422236413188,0.5615577763586812,Hold,70.19337,70.25727,69.84991,70.01765,6769
2022-11-01 12:00:00,0,0.4878860702193367,0.5121139297806633,Hold,70.025635,71.17582,70.025635,71.03204,18786
2022-11-01 13:00:00,0,0.4790308387395534,0.5209691612604466,Hold,71.03204,71.447395,70.59274,70.7445,28724
2022-11-01 14:00:00,0,0.44868553006387923,0.5513144699361208,Hold,70.7445,70.8084,70.2972,70.66463,21789
2022-11-01 15:00:00,0,0.4698091167099282,0.5301908832900718,Hold,70.672615,70.91224,70.329155,70.35312,13071
2022-11-01 16:00:00,0,0.46711014724401545,0.5328898527559845,Hold,70.34513,70.92821,69.90582,70.78444,30114
2022-11-01 17:00:00,0,0.45936272518507526,0.5406372748149247,Hold,70.79243,70.888275,70.49689,70.7445,9072
2022-11-01 18:00:00,0,0.43181464760544014,0.5681853523945599,Hold,70.73651,70.95217,70.53683,70.720535,15523
2022-11-01 19:00:00,0,0.44844442382434996,0.5515555761756501,Hold,70.720535,70.800415,70.425,70.5528,5449
2022-11-01 20:00:00,0,0.45919886124746445,0.5408011387525355,Hold,70.544815,70.78444,70.44897,70.7445,2810
2022-11-01 22:00:00,0,0.46598253505075365,0.5340174649492464,Hold,70.78444,70.98412,70.71255,70.85632,1187
2022-11-01 23:00:00,0,0.4399489828587235,0.5600510171412765,Hold,70.84035,70.92821,70.76846,70.85632,636
2022-11-02 00:00:00,0,0.40886722628879696,0.5911327737112031,Hold,70.848335,71.00809,70.69658,71.00809,1489
2022-11-02 01:00:00,0,0.4173043689696639,0.5826956310303362,Hold,71.00809,71.3755,70.94418,71.34356,4079
2022-11-02 02:00:00,0,0.4141605173901854,0.5858394826098146,Hold,71.34356,71.6311,71.25569,71.60714,2891
2022-11-02 03:00:00,0,0.3869000409808903,0.6130999590191097,Hold,71.61513,71.695,71.51129,71.59915,2217
2022-11-02 04:00:00,0,0.39001031288156357,0.6099896871184365,Hold,71.60714,71.60714,71.47135,71.52727,1500
2022-11-02 05:00:00,0,0.39117982899747816,0.6088201710025218,Hold,71.52727,71.67902,71.47135,71.5033,1601
2022-11-02 06:00:00,0,0.40441732909994765,0.5955826709000523,Hold,71.495316,71.52727,71.30362,71.43941,2713
2022-11-02 07:00:00,0,0.42229479549044674,0.5777052045095532,Hold,71.447395,71.47135,71.063995,71.39947,5846
2022-11-02 08:00:00,0,0.4719130507211387,0.5280869492788614,Hold,71.39148,71.5672,70.632675,70.79243,12693
2022-11-02 09:00:00,0,0.4502116750439598,0.5497883249560402,Hold,70.800415,71.02406,70.40903,70.51286,9563
2022-11-02 10:00:00,0,0.413065097858104,0.5869349021418959,Hold,70.51286,70.544815,70.06557,70.425,9944
2022-11-02 11:00:00,0,0.39825370442609903,0.601746295573901,Hold,70.43299,70.77645,70.37708,70.76846,5287
2022-11-02 12:00:00,0,0.39485697046574886,0.6051430295342511,Hold,70.76846,70.85632,70.417015,70.66463,12266
2022-11-02 13:00:00,0,0.3643980360009286,0.6356019639990713,Hold,70.65664,70.83236,70.09752,70.43299,17237
2022-11-02 14:00:00,0,0.3748030658162295,0.6251969341837704,Hold,70.43299,71.1279,70.19337,71.00809,22713
2022-11-02 15:00:00,0,0.47321895777381595,0.526781042226184,Hold,71.00809,72.15028,70.98412,72.022484,33548
2022-11-02 16:00:00,0,0.4350341637560947,0.5649658362439053,Hold,72.03047,72.17425,71.59116,71.95859,23256
2022-11-02 17:00:00,0,0.4380843713877404,0.5619156286122595,Hold,71.95859,71.99054,71.60714,71.64708,8928
2022-11-02 18:00:00,0,0.44314788651667925,0.5568521134833208,Hold,71.65507,72.110344,71.28764,71.535255,25079
2022-11-02 19:00:00,0,0.41216761226955556,0.5878323877304444,Hold,71.535255,71.80682,71.03204,71.27167,8883
2022-11-02 20:00:00,0,0.38728896254773826,0.6127110374522617,Hold,71.26368,71.43941,71.151855,71.367516,2616
2022-11-02 22:00:00,0,0.3434555187392356,0.6565444812607644,Hold,71.367516,71.48733,71.191795,71.25569,1020
2022-11-02 23:00:00,0,0.3551974022404501,0.64480259775955,Hold,71.2477,71.26368,70.92821,71.07198,1519
2022-11-03 00:00:00,0,0.4552084813969034,0.5447915186030966,Hold,71.063995,71.16783,70.99211,71.11991,1425
2022-11-03 01:00:00,0,0.45632996305784296,0.543670036942157,Hold,71.11991,71.47934,71.04003,71.38349,3149
2022-11-03 02:00:00,0,0.49639531892953687,0.5036046810704631,Hold,71.38349,71.52727,71.32758,71.495316,1796
2022-11-03 03:00:00,0,0.49344898472497095,0.506551015275029,Hold,71.5033,71.623116,71.43142,71.51129,1133
2022-11-03 04:00:00,0,0.45178485568794824,0.5482151443120518,Hold,71.51129,71.583176,71.35953,71.47135,2346
2022-11-03 05:00:00,0,0.4514510179980356,0.5485489820019644,Hold,71.46336,71.623116,71.39148,71.583176,1033
2022-11-03 06:00:00,0,0.4105268078741511,0.5894731921258489,Hold,71.57519,71.583176,71.2477,71.26368,2022
2022-11-03 07:00:00,0,0.42745384413048837,0.5725461558695116,Hold,71.26368,71.279655,70.81638,71.22375,5908
2022-11-03 08:00:00,0,0.4117635933735027,0.5882364066264973,Hold,71.22375,71.231735,70.62469,70.83236,9671
2022-11-03 09:00:00,0,0.3729956968192128,0.6270043031807873,Hold,70.84035,71.0001,70.43299,70.69658,7271
2022-11-03 10:00:00,0,0.35449070005710764,0.6455092999428924,Hold,70.68859,71.03204,70.64066,70.72852,5049
2022-11-03 11:00:00,0,0.4630875554856336,0.5369124445143665,Hold,70.71255,71.14387,70.6167,71.1279,5051
2022-11-03 12:00:00,0,0.36713744019377487,0.6328625598062252,Hold,71.1279,71.22375,70.64066,70.70456,8709
2022-11-03 13:00:00,0,0.3616026514739221,0.6383973485260779,Hold,70.71255,70.888275,70.00966,70.46494,30817
2022-11-03 14:00:00,0,0.38154277870195263,0.6184572212980474,Hold,70.46494,71.08796,69.96972,70.82437,26838
2022-11-03 15:00:00,0,0.39222414535014816,0.6077758546498518,Hold,70.83236,71.07997,70.6806,71.016075,12285
2022-11-03 16:00:00,0,0.38184893192036606,0.6181510680796339,Hold,71.0001,71.1279,70.8084,70.85632,13204
2022-11-03 17:00:00,0,0.3543403305937465,0.6456596694062535,Hold,70.84035,71.02406,70.64865,70.68859,9313
2022-11-03 18:00:00,0,0.35527201312592815,0.6447279868740718,Hold,70.672615,70.73651,70.27324,70.4889,17643
2022-11-03 19:00:00,0,0.31457988625669736,0.6854201137433027,Hold,70.4889,70.544815,70.32117,70.35312,3787
2022-11-03 20:00:00,0,0.33570891334856995,0.66429108665143,Hold,70.34513,70.36111,70.18538,70.24928,1911
2022-11-03 22:00:00,0,0.3364340504410057,0.6635659495589943,Hold,70.20934,70.369095,70.14545,70.25727,886
2022-11-03 23:00:00,0,0.35615146164174516,0.6438485383582548,Hold,70.24928,70.33714,70.21733,70.31318,360
2022-11-04 00:00:00,0,0.28162494360546614,0.7183750563945339,Hold,70.32117,70.38506,70.153435,70.30519,2048
2022-11-04 01:00:00,0,0.3570438037577877,0.6429561962422123,Hold,70.30519,70.760475,70.30519,70.7445,3862
2022-11-04 02:00:00,0,0.39945967157177853,0.6005403284282215,Hold,70.7445,71.00809,70.71255,70.89626,3103
2022-11-04 03:00:00,0,0.3987618056493082,0.6012381943506918,Hold,70.888275,71.07198,70.88029,70.96016,1817
2022-11-04 04:00:00,0,0.41782179813854003,0.58217820186146,Hold,70.96815,71.447395,70.90425,71.43142,3474
2022-11-04 05:00:00,0,0.4552267084338374,0.5447732915661626,Hold,71.43142,72.22217,71.43142,72.08639,8307
2022-11-04 06:00:00,0,0.46438155370701306,0.5356184462929869,Hold,72.08639,72.397896,71.8228,72.182236,7417
2022-11-04 07:00:00,0,0.4586932079454087,0.5413067920545913,Hold,72.182236,72.326004,71.710976,72.10236,8601
2022-11-04 08:00:00,0,0.45503461573834103,0.544965384261659,Hold,72.10236,72.27808,71.798836,72.08639,10199
2022-11-04 09:00:00,0,0.48214451428963223,0.5178554857103678,Hold,72.08639,72.50972,71.98255,72.25412,12202
2022-11-04 10:00:00,0,0.49045523289106685,0.5095447671089331,Hold,72.26211,72.837204,72.21418,72.80525,10960
2022-11-04 11:00:00,0,0.5118463256989182,0.4881536743010818,Sell,72.81324,73.268524,72.56563,73.20462,17943
2022-11-04 12:00:00,0,0.5382203834612156,0.4617796165387844,Sell,73.20462,73.50016,72.63752,73.46022,20687
2022-11-04 13:00:00,0,0.4783656887477527,0.5216343112522472,Hold,73.46022,73.93946,73.14871,73.484184,37648
2022-11-04 14:00:00,0,0.46656504730747866,0.5334349526925213,Hold,73.50016,73.963425,73.2206,73.2845,22446
2022-11-04 15:00:00,0,0.3925188879587137,0.6074811120412863,Hold,73.2845,73.41229,72.925064,73.06085,18195
2022-11-04 16:00:00,0,0.41740141229263417,0.5825985877073658,Hold,73.052864,73.73978,72.453804,73.659904,24668
2022-11-04 17:00:00,0,0.43679441512296746,0.5632055848770325,Hold,73.65192,73.835625,73.41229,73.49217,12894
2022-11-04 18:00:00,0,0.4803801198975654,0.5196198801024345,Hold,73.49217,74.179085,73.2845,74.14714,27420
2022-11-04 19:00:00,0,0.40651622707411117,0.5934837729258888,Hold,74.13915,74.14714,73.915504,73.99538,6007
2022-11-04 20:00:00,0,0.3965325874868653,0.6034674125131347,Hold,73.98739,74.01934,73.80368,73.963425,2519
2022-11-06 23:00:00,0,0.4524324607623169,0.5475675392376831,Hold,72.68544,72.885124,72.2062,72.43783,8697
2022-11-07 00:00:00,0,0.4185772553838627,0.5814227446161373,Hold,72.43783,72.99695,72.42186,72.925064,3013
2022-11-07 01:00:00,0,0.4389566861123919,0.5610433138876081,Hold,72.93305,73.20462,72.661476,73.1567,5764
2022-11-07 02:00:00,0,0.4446396223897464,0.5553603776102536,Hold,73.14871,73.1567,72.81324,72.965004,2998
2022-11-07 03:00:00,0,0.4255094951078654,0.5744905048921346,Hold,72.972984,73.10877,72.789276,73.02091,2159
2022-11-07 04:00:00,0,0.4269355169086469,0.5730644830913532,Hold,73.02091,73.1567,72.972984,72.99695,1236
2022-11-07 05:00:00,0,0.4466631898262084,0.5533368101737917,Hold,72.99695,73.3484,72.94104,73.11676,2025
2022-11-07 06:00:00,0,0.3807181328604579,0.6192818671395421,Hold,73.10877,73.21261,72.957016,72.965004,1961
2022-11-07 07:00:00,0,0.4035832257875696,0.5964167742124304,Hold,72.98097,73.10877,72.709404,73.08481,4210
2022-11-07 08:00:00,0,0.4434105557230536,0.5565894442769463,Hold,73.0928,73.659904,72.6455,73.50814,11794
2022-11-07 09:00:00,0,0.3950847765335837,0.6049152234664164,Hold,73.50814,73.787704,73.2845,73.611984,7130
2022-11-07 10:00:00,0,0.49107908829449043,0.5089209117055096,Hold,73.62795,74.043304,73.611984,73.963425,6418
2022-11-07 11:00:00,0,0.4027676257009318,0.5972323742990682,Hold,73.97141,74.051285,73.54009,73.59601,6329
2022-11-07 12:00:00,0,0.35072270992340465,0.6492772900765953,Hold,73.58802,73.71582,73.140724,73.26054,8226
2022-11-07 13:00:00,0,0.3867823841253466,0.6132176158746534,Hold,73.26054,73.71582,73.19663,73.52412,12756
2022-11-07 14:00:00,0,0.377151939549907,0.622848060450093,Hold,73.54009,74.131165,73.532104,73.7238,24079
2022-11-07 15:00:00,1,0.4889401564137924,0.5110598435862076,Hold,73.73179,74.49059,73.659904,74.37078,28498
2022-11-07 16:00:00,1,0.4340787776830923,0.5659212223169077,Hold,74.37877,74.87399,74.258965,74.33884,24467
2022-11-07 17:00:00,1,0.4344016250717483,0.5655983749282517,Hold,74.33884,74.41871,73.79569,73.94745,13404
2022-11-07 18:00:00,1,0.3499334779184178,0.6500665220815822,Hold,73.95544,74.003365,73.21261,73.228584,13108
2022-11-07 19:00:00,1,0.3384319547774529,0.6615680452225471,Hold,73.228584,73.54009,73.16469,73.356384,19003
2022-11-07 20:00:00,1,0.3759135869230313,0.6240864130769688,Hold,73.36437,73.51613,73.3484,73.484184,3153
2022-11-07 21:00:00,1,0.32671137838871417,0.6732886216112859,Hold,73.484184,73.484184,73.30047,73.38035,2102
2022-11-07 23:00:00,1,0.3884306852724782,0.6115693147275219,Hold,73.38035,73.532104,73.38035,73.41229,670
2022-11-08 00:00:00,1,0.4548458999041384,0.5451541000958616,Hold,73.42028,73.619965,73.404305,73.58003,1002
2022-11-08 01:00:00,1,0.4228208009522254,0.5771791990477746,Hold,73.572044,73.619965,73.32443,73.38035,2204
2022-11-08 02:00:00,1,0.4131192230400693,0.5868807769599307,Hold,73.37236,73.37236,73.11676,73.188644,2043
2022-11-08 03:00:00,1,0.3826126154463042,0.6173873845536958,Hold,73.21261,73.316444,73.044876,73.11676,1945
2022-11-08 04:00:00,1,0.40672670105941044,0.5932732989405896,Hold,73.11676,73.1567,73.012924,73.06085,1032
2022-11-08 05:00:00,0,0.3612652525069199,0.6387347474930801,Hold,73.06085,73.1567,72.84519,72.9011,2499
2022-11-08 06:00:00,1,0.4084597648279964,0.5915402351720036,Hold,72.9011,73.24456,72.885124,73.14871,2320
2022-11-08 07:00:00,1,0.3827242944257613,0.6172757055742387,Hold,73.140724,73.20462,72.99695,73.044876,3255
2022-11-08 08:00:00,1,0.36033941582225604,0.639660584177744,Hold,73.044876,73.30846,72.749344,72.94903,10116
2022-11-08 09:00:00,0,0.33876457986766856,0.6612354201323314,Hold,72.94104,73.00494,72.46179,72.573616,8142
2022-11-08 10:00:00,0,0.3310740424854534,0.6689259575145465,Hold,72.56563,72.62953,72.28607,72.365944,6831
2022-11-08 11:00:00,0,0.3531618346278798,0.6468381653721202,Hold,72.365944,72.98896,72.182236,72.78129,8814
2022-11-08 12:00:00,0,0.34346545150734487,0.6565345484926551,Hold,72.789276,72.972984,72.50972,72.78129,7453
2022-11-08 13:00:00,0,0.3410120855867673,0.6589879144132327,Hold,72.789276,73.180664,72.60557,72.709404,12844
2022-11-08 14:00:00,1,0.3625352039056972,0.6374647960943027,Hold,72.701416,73.29248,72.54965,72.80525,21094
2022-11-08 15:00:00,1,0.4076794819293872,0.5923205180706128,Hold,72.797264,73.12475,72.62953,73.11676,19580
2022-11-08 16:00:00,1,0.33305641630157645,0.6669435836984235,Hold,73.10877,73.228584,72.33399,72.56563,25669
2022-11-08 17:00:00,1,0.31099410834156355,0.6890058916584365,Hold,72.55764,72.56563,71.99852,72.34198,17298
2022-11-08 18:00:00,1,0.23523002926589365,0.7647699707341064,Hold,72.34198,72.34997,71.191795,71.367516,25031
2022-11-08 19:00:00,1,0.22570201206589532,0.7742979879341046,Hold,71.35953,71.55123,70.81638,71.11991,28009
2022-11-08 20:00:00,1,0.25750289957982675,0.7424971004201733,Hold,71.1279,71.3755,71.11192,71.21576,5638
2022-11-08 21:00:00,1,0.22847045900912535,0.7715295409908747,Hold,71.22375,71.34356,70.70456,70.82437,4251
2022-11-08 23:00:00,1,0.27248168495398195,0.727518315046018,Hold,70.7445,71.279655,70.6167,71.13588,2063
2022-11-09 00:00:00,1,0.23471596905241612,0.7652840309475839,Hold,71.13588,71.13588,70.760475,70.85632,2077
2022-11-09 01:00:00,1,0.26573881439506475,0.7342611856049353,Hold,70.85632,71.17582,70.82437,71.00809,3592
2022-11-09 02:00:00,1,0.29210440749623073,0.7078955925037693,Hold,70.99211,71.02406,70.82437,70.92022,1369
2022-11-09 03:00:00,1,0.2900298693661372,0.7099701306338628,Hold,70.90425,70.95217,70.672615,70.70456,1727
2022-11-09 04:00:00,1,0.3032347655660847,0.6967652344339152,Hold,70.70456,70.73651,70.504875,70.59274,2313
2022-11-09 05:00:00,1,0.3381342171884867,0.6618657828115133,Hold,70.59274,70.8084,70.504875,70.73651,2233
2022-11-09 06:00:00,1,0.3366083921124133,0.6633916078875868,Hold,70.7445,70.99211,70.64865,70.95217,2806
2022-11-09 07:00:00,1,0.2953871151750288,0.7046128848249712,Hold,70.94418,71.04802,70.7445,70.76846,3856
2022-11-09 08:00:00,1,0.32815355401525176,0.6718464459847482,Hold,70.760475,70.8723,70.40104,70.7445,10813
2022-11-09 09:00:00,1,0.34611410713082463,0.6538858928691753,Hold,70.75249,70.94418,70.44098,70.46494,7653
2022-11-09 10:00:00,1,0.3083870350328562,0.6916129649671439,Hold,70.46494,70.672615,70.34513,70.456955,6040
2022-11-09 11:00:00,1,0.2942879850985717,0.7057120149014283,Hold,70.44897,70.6806,70.31318,70.44897,5586
2022-11-09 12:00:00,0,0.2929500069199245,0.7070499930800755,Hold,70.456955,70.51286,69.57834,70.10551,19752
2022-11-09 13:00:00,1,0.3835891468485358,0.6164108531514643,Hold,70.10551,70.70456,70.08953,70.52884,19753
2022-11-09 14:00:00,0,0.27796217125091055,0.7220378287490894,Hold,70.52085,70.62469,69.57035,69.69815,30469
2022-11-09 15:00:00,0,0.24935997014909897,0.7506400298509011,Hold,69.69016,70.04161,69.14702,69.210915,33329
2022-11-09 16:00:00,0,0.23125020112081798,0.768749798879182,Hold,69.2189,69.92979,69.11507,69.31475,24205
2022-11-09 17:00:00,0,0.2279229793209735,0.7720770206790265,Hold,69.31475,69.45853,68.93935,69.338715,15496
2022-11-09 18:00:00,0,0.20923895072191578,0.7907610492780842,Hold,69.3467,69.378654,68.75564,68.80356,14189
2022-11-09 19:00:00,0,0.20007722750195198,0.799922772498048,Hold,68.81155,68.95532,68.32432,68.49205,29624
2022-11-09 20:00:00,0,0.2143641634082188,0.7856358365917813,Hold,68.49205,68.61186,68.292366,68.388214,4762
2022-11-09 21:00:00,0,0.2503345570852012,0.7496654429147989,Hold,68.388214,68.420166,68.300354,68.40419,2190
2022-11-09 23:00:00,0,0.273619755294633,0.726380244705367,Hold,68.57192,68.61985,68.44412,68.53998,1251
2022-11-10 00:00:00,0,0.24953373908533075,0.7504662609146693,Hold,68.53199,68.61186,68.48406,68.49205,1194
2022-11-10 01:00:00,0,0.24667313030069857,0.7533268696993014,Hold,68.49205,68.55595,68.18054,68.420166,4254
2022-11-10 02:00:00,0,0.2519863470219005,0.7480136529780995,Hold,68.41218,68.53998,68.292366,68.41218,1666
2022-11-10 03:00:00,0,0.2614446761325364,0.7385553238674636,Hold,68.420166,68.57192,68.380226,68.54796,1267
2022-11-10 04:00:00,0,0.2698824303083154,0.7301175696916846,Hold,68.55595,68.57192,68.476074,68.50004,931
2022-11-10 05:00:00,0,0.2508043284011706,0.7491956715988294,Hold,68.50004,68.57192,68.36425,68.388214,1562
2022-11-10 06:00:00,0,0.26906170357264475,0.7309382964273552,Hold,68.3962,68.50004,68.30834,68.4601,1896
2022-11-10 07:00:00,0,0.2378531897703841,0.7621468102296158,Hold,68.45211,68.49205,68.09268,68.15658,5131
2022-11-10 08:00:00,0,0.23689643113481426,0.7631035688651857,Hold,68.14859,68.45211,68.02079,68.19652,9600
2022-11-10 09:00:00,0,0.2990449472453834,0.7009550527546167,Hold,68.204506,68.67576,68.02878,68.44412,8727
2022-11-10 10:00:00,0,0.3056060405760338,0.6943939594239662,Hold,68.45211,68.45211,67.65337,67.98086,11938
2022-11-10 11:00:00,0,0.3127869766799216,0.6872130233200784,Hold,67.988846,68.24444,67.74922,68.10866,10720
2022-11-10 12:00:00,0,0.31493257371883393,0.685067426281166,Hold,68.10866,68.348274,68.02079,68.124626,8116
2022-11-10 13:00:00,0,0.3457115576485509,0.6542884423514491,Hold,68.124626,69.74607,68.09268,69.26683,26767
2022-11-10 14:00:00,0,0.3933025611315137,0.6066974388684863,Hold,69.27482,69.338715,67.83708,68.1406,42544
2022-11-10 15:00:00,0,0.4548152535814069,0.545184746418593,Hold,68.1406,69.23488,67.988846,69.19494,24888
2022-11-10 16:00:00,0,0.4193695689578136,0.5806304310421864,Hold,69.19494,69.71413,68.97928,69.65821,19680
2022-11-10 17:00:00,0,0.4294093595867128,0.5705906404132872,Hold,69.65821,69.770035,69.02721,69.075134,12966
2022-11-10 18:00:00,0,0.41421297771373655,0.5857870222862634,Hold,69.075134,69.56236,69.075134,69.506454,10345
2022-11-10 19:00:00,0,0.42538539651896257,0.5746146034810374,Hold,69.49847,69.62626,68.87544,68.947334,17045
2022-11-10 20:00:00,0,0.447834850282216,0.552165149717784,Hold,68.93935,69.04318,68.859474,68.93935,3277
2022-11-10 21:00:00,0,0.4507608297698526,0.5492391702301473,Hold,68.947334,68.95532,68.79557,68.859474,1282
2022-11-10 23:00:00,0,0.4744269392240965,0.5255730607759035,Hold,68.907394,69.04318,68.83551,68.9713,779
2022-11-11 00:00:00,0,0.38445737062498,0.61554262937502,Hold,68.97928,69.20293,68.947334,69.17897,905
2022-11-11 01:00:00,0,0.3602617569819964,0.6397382430180036,Hold,69.17897,69.41859,69.11507,69.11507,2578
2022-11-11 02:00:00,0,0.3736467979064775,0.6263532020935225,Hold,69.123055,69.40262,69.08312,69.30676,1221
2022-11-11 03:00:00,0,0.38166059596723784,0.6183394040327621,Hold,69.32274,69.36268,69.19494,69.25884,990
2022-11-11 04:00:00,0,0.39375670814132835,0.6062432918586717,Hold,69.250854,69.338715,69.210915,69.25884,533
2022-11-11 05:00:00,0,0.3784152813408811,0.6215847186591189,Hold,69.250854,70.59274,69.19494,70.48092,8541
2022-11-11 06:00:00,0,0.3726780259644522,0.6273219740355478,Hold,70.47293,70.976135,70.417015,70.60072,6824
2022-11-11 07:00:00,0,0.39828422152386145,0.6017157784761386,Hold,70.60871,70.936195,70.51286,70.7445,5619
2022-11-11 08:00:00,0,0.4088908850166436,0.5911091149833564,Hold,70.7445,71.191795,70.64865,71.05601,10074
2022-11-11 09:00:00,0,0.4024693679975422,0.5975306320024578,Hold,71.063995,71.07997,70.51286,70.976135,8083
2022-11-11 10:00:00,1,0.44651068431831736,0.5534893156816827,Hold,70.99211,71.54324,70.976135,71.495316,10299
2022-11-11 11:00:00,0,0.3895238782777113,0.6104761217222887,Hold,71.51129,71.54324,71.28764,71.39148,5945
2022-11-11 12:00:00,0,0.3876307760747049,0.6123692239252951,Hold,71.39947,71.43142,71.1279,71.15984,7061
2022-11-11 13:00:00,0,0.36289175738119744,0.6371082426188026,Hold,71.15984,71.38349,70.89626,71.03204,10909
2022-11-11 14:00:00,0,0.3857708577377009,0.6142291422622991,Hold,71.02406,71.695,70.92821,71.34356,26082
2022-11-11 15:00:00,1,0.3598363238917965,0.6401636761082035,Hold,71.32758,71.966576,71.279655,71.367516,23594
2022-11-11 16:00:00,0,0.3943477702822918,0.6056522297177083,Hold,71.367516,71.5033,70.59274,70.64865,19389
2022-11-11 17:00:00,0,0.37604676533511644,0.6239532346648835,Hold,70.64865,70.84035,70.30519,70.49689,13608
2022-11-11 18:00:00,0,0.3841167514176457,0.6158832485823543,Hold,70.4889,70.68859,70.2972,70.49689,8817
2022-11-11 19:00:00,0,0.37734424452552434,0.6226557554744756,Hold,70.504875,71.2477,70.24928,71.08796,22311
2022-11-11 20:00:00,0,0.3389613968098731,0.661038603190127,Hold,71.07997,71.26368,71.00809,71.02406,4706
2022-11-11 21:00:00,0,0.36363765254548075,0.6363623474545193,Hold,71.02406,71.09595,70.95217,70.976135,1480
2022-11-13 23:00:00,1,0.34819598079779174,0.6518040192022083,Hold,71.103935,71.710976,70.8723,71.663055,3411
2022-11-14 00:00:00,1,0.322227465784559,0.677772534215441,Hold,71.65507,71.74293,71.47135,71.63909,1997
2022-11-14 01:00:00,1,0.3345919247180133,0.6654080752819866,Hold,71.63909,71.7589,71.16783,71.2477,3559
2022-11-14 02:00:00,1,0.357146283904223,0.642853716095777,Hold,71.2477,71.447395,71.11192,71.39148,2184
2022-11-14 03:00:00,1,0.3461073931263458,0.6538926068736541,Hold,71.39947,71.47135,71.191795,71.23972,1050
2022-11-14 04:00:00,1,0.31297303737909377,0.6870269626209062,Hold,71.231735,71.2477,71.18381,71.191795,537
2022-11-14 05:00:00,0,0.3423577333224407,0.6576422666775593,Hold,71.18381,71.20777,70.44098,70.44098,3116
2022-11-14 06:00:00,0,0.31392566474891676,0.6860743352510832,Hold,70.456955,70.760475,70.417015,70.71255,2091
2022-11-14 07:00:00,1,0.39038901543183124,0.6096109845681688,Hold,70.73651,71.1279,70.62469,71.11991,4193
2022-11-14 08:00:00,1,0.3445343924255828,0.6554656075744172,Hold,71.11991,71.54324,70.88029,71.2477,12900
2022-11-14 09:00:00,0,0.30138494038833546,0.6986150596116645,Hold,71.25569,71.32758,70.44098,70.46494,6598
2022-11-14 10:00:00,0,0.28664416212697125,0.7133558378730287,Hold,70.456955,70.5528,70.08154,70.52085,7347
2022-11-14 11:00:00,0,0.3329517510774382,0.6670482489225618,Hold,70.52884,70.6167,69.91381,70.08154,6368
2022-11-14 12:00:00,0,0.3491642429503587,0.6508357570496413,Hold,70.073555,70.36111,70.0496,70.2972,5719
2022-11-14 13:00:00,0,0.32327728024260827,0.6767227197573917,Hold,70.30519,70.504875,70.0496,70.18538,11179
2022-11-14 14:00:00,0,0.28401176823961144,0.7159882317603885,Hold,70.17739,70.51286,69.9218,70.27324,22078
2022-11-14 15:00:00,1,0.3309616500692302,0.6690383499307698,Hold,70.28123,71.08796,70.24928,70.57677,18413
2022-11-14 16:00:00,0,0.26502196820916063,0.7349780317908394,Hold,70.584755,70.632675,69.13903,69.32274,25914
2022-11-14 17:00:00,0,0.2406522199769152,0.7593477800230848,Hold,69.31475,69.31475,68.41218,68.66777,21716
2022-11-14 18:00:00,0,0.21450252449503107,0.785497475504969,Hold,68.66777,68.92337,68.4601,68.74765,10314
2022-11-14 19:00:00,0,0.21601338545309776,0.7839866145469022,Hold,68.74765,68.89142,68.10866,68.164566,20856
2022-11-14 20:00:00,0,0.1906461758519095,0.8093538241480905,Hold,68.164566,68.23645,68.02079,68.036766,6545
2022-11-14 21:00:00,0,0.1981108339170706,0.8018891660829294,Hold,68.044754,68.1406,68.0128,68.06073,2698
2022-11-14 23:00:00,0,0.18558837754901936,0.8144116224509806,Hold,68.09268,68.30834,68.06073,68.124626,1393
2022-11-15 00:00:00,0,0.1787055034550671,0.8212944965449329,Hold,68.132614,68.260414,68.05274,68.11664,1061
2022-11-15 01:00:00,0,0.2141148386756535,0.7858851613243465,Hold,68.11664,68.36425,67.94092,68.22048,3252
2022-11-15 02:00:00,0,0.2788524423734811,0.7211475576265189,Hold,68.212494,68.49205,68.132614,68.49205,2113
2022-11-15 03:00:00,0,0.25659060434795306,0.7434093956520469,Hold,68.50004,68.54796,68.260414,68.28438,1773
2022-11-15 04:00:00,0,0.2598068286594817,0.7401931713405183,Hold,68.28438,68.31633,68.14859,68.172554,1161
2022-11-15 05:00:00,0,0.28004113029051586,0.7199588697094841,Hold,68.164566,68.23645,67.97287,68.044754,2377
2022-11-15 06:00:00,0,0.33673208258079607,0.663267917419204,Hold,68.02878,68.44412,67.92494,68.41218,3113
2022-11-15 07:00:00,0,0.30249073121637393,0.6975092687836261,Hold,68.428154,68.516014,68.10866,68.11664,4488
2022-11-15 08:00:00,0,0.27704085399483064,0.7229591460051694,Hold,68.11664,68.22846,67.7652,67.79714,9491
2022-11-15 09:00:00,0,0.26634851255468306,0.7336514874453169,Hold,67.80513,68.044754,67.14218,67.67734,12396
2022-11-15 10:00:00,0,0.26832733192957825,0.7316726680704218,Hold,67.693306,68.124626,67.477646,67.94092,6902
2022-11-15 11:00:00,0,0.27706833106222994,0.7229316689377701,Hold,67.948906,68.380226,67.829094,68.14859,5970
2022-11-15 12:00:00,0,0.25201277043881687,0.7479872295611831,Hold,68.1406,68.22048,67.84507,67.98086,5940
2022-11-15 13:00:00,0,0.2675136955565984,0.7324863044434016,Hold,67.988846,68.40419,67.58148,67.80513,18251
2022-11-15 14:00:00,0,0.270449940818904,0.729550059181096,Hold,67.79714,68.14859,67.43771,67.80513,22552
2022-11-15 15:00:00,0,0.283413160416538,0.716586839583462,Hold,67.78916,68.132614,67.62941,67.86903,15028
2022-11-15 16:00:00,0,0.31937519924599256,0.6806248007540074,Hold,67.87702,68.9713,67.84507,68.76362,20408
2022-11-15 17:00:00,0,0.37633352047704965,0.6236664795229503,Hold,68.779594,69.56236,68.508026,69.5384,12886
2022-11-15 18:00:00,0,0.3583390212786135,0.6416609787213865,Hold,69.54639,70.83236,69.23488,69.86588,33102
2022-11-15 19:00:00,0,0.38063806543454426,0.6193619345654557,Hold,69.86588,70.46494,68.995255,69.23488,26421
2022-11-15 20:00:00,0,0.34938387130889087,0.6506161286911092,Hold,69.24287,69.4106,69.11507,69.36268,3454
2022-11-15 21:00:00,0,0.3501131734718246,0.6498868265281754,Hold,69.36268,69.58633,69.27482,69.3467,2757
2022-11-15 23:00:00,1,0.3902645671942303,0.6097354328057697,Hold,69.40262,69.87387,69.38664,69.73808,1808
2022-11-16 00:00:00,1,0.3982679010783951,0.6017320989216048,Hold,69.73808,69.74607,69.5384,69.57035,1249
2022-11-16 01:00:00,1,0.40170469451105356,0.5982953054889464,Hold,69.57834,69.61029,69.23488,69.29878,2330
2022-11-16 02:00:00,0,0.38026911927747237,0.6197308807225277,Hold,69.28281,69.28281,69.09909,69.14702,1281
2022-11-16 03:00:00,0,0.40748228967942796,0.5925177103205721,Hold,69.162994,69.20293,69.0911,69.11507,911
2022-11-16 04:00:00,0,0.41088179925743773,0.5891182007425623,Hold,69.10708,69.18696,68.78758,68.859474,1632
2022-11-16 05:00:00,0,0.45735603720175827,0.5426439627982418,Hold,68.859474,69.05916,68.80356,68.89142,1072
2022-11-16 06:00:00,0,0.4274893696547782,0.5725106303452219,Hold,68.89142,68.98727,68.731674,68.79557,1134
2022-11-16 07:00:00,0,0.5001793914249051,0.4998206085750949,Sell,68.80356,69.19494,68.563934,69.08312,4224
2022-11-16 08:00:00,1,0.5418840272711457,0.4581159727288543,Sell,69.075134,69.897835,69.00324,69.56236,11791
2022-11-16 09:00:00,1,0.49346257882750705,0.5065374211724929,Hold,69.57834,69.794,69.06715,69.57035,7255
2022-11-16 10:00:00,1,0.4837903610345885,0.5162096389654115,Hold,69.57035,69.86588,69.4745,69.56236,4103
2022-11-16 11:00:00,1,0.4868996299762442,0.5131003700237557,Hold,69.57035,69.794,69.20293,69.27482,4804
2022-11-16 12:00:00,1,0.4915761888237785,0.5084238111762215,Hold,69.25884,69.56236,69.15501,69.36268,4458
2022-11-16 13:00:00,1,0.41856878110101364,0.5814312188989863,Hold,69.378654,69.38664,68.15658,68.37224,14838
2022-11-16 14:00:00,0,0.3909533795904741,0.609046620409526,Hold,68.380226,68.420166,67.50161,67.72526,22540
2022-11-16 15:00:00,0,0.38086901786072846,0.6191309821392715,Hold,67.72526,68.37224,67.59746,67.908966,13978
2022-11-16 16:00:00,0,0.3770115279548555,0.6229884720451445,Hold,67.90098,67.93293,67.29394,67.53356,12278
2022-11-16 17:00:00,1,0.36655766952839275,0.6334423304716073,Hold,67.53356,68.164566,67.254,68.11664,12339
2022-11-16 18:00:00,1,0.3514947800535394,0.6485052199464606,Hold,68.11664,68.31633,67.948906,68.18054,6824
2022-11-16 19:00:00,1,0.33690395706268456,0.6630960429373154,Hold,68.18853,68.57192,68.132614,68.37224,13006
2022-11-16 20:00:00,1,0.32559505021217294,0.6744049497878271,Hold,68.380226,68.428154,68.10067,68.132614,3235
2022-11-16 21:00:00,1,0.35320025618564405,0.646799743814356,Hold,68.1406,68.18853,68.06872,68.14859,1373
2022-11-16 23:00:00,1,0.3656675227883319,0.6343324772116681,Hold,68.06872,68.252426,68.00482,68.076706,338
2022-11-17 00:00:00,1,0.4039872920535566,0.5960127079464435,Hold,68.076706,68.204506,68.05274,68.204506,237
2022-11-17 01:00:00,0,0.4030699819831924,0.5969300180168076,Hold,68.19652,68.19652,67.59746,67.59746,1173
2022-11-17 02:00:00,0,0.4188321941643828,0.5811678058356172,Hold,67.59746,67.68532,67.477646,67.59746,591
2022-11-17 03:00:00,0,0.4078045961810748,0.5921954038189252,Hold,67.58947,67.58947,67.40576,67.49362,412
2022-11-17 04:00:00,0,0.4022852429672561,0.5977147570327439,Hold,67.477646,67.50161,67.389786,67.429726,304
2022-11-17 05:00:00,0,0.40840686028156736,0.5915931397184326,Hold,67.42174,67.53356,67.341866,67.42174,549
2022-11-17 06:00:00,0,0.4641174985983772,0.5358825014016229,Hold,67.42174,67.72526,67.40576,67.71727,632
2022-11-17 07:00:00,1,0.4935322062638107,0.5064677937361892,Hold,67.72526,68.0128,67.56551,67.90098,1089
2022-11-17 08:00:00,0,0.4750434099581498,0.5249565900418502,Hold,67.916954,68.24444,67.733246,67.741234,2485
2022-11-17 09:00:00,1,0.5644385433837374,0.43556145661626255,Sell,67.74922,67.99683,67.58947,67.96488,1375
2022-11-17 10:00:00,1,0.48438848859635864,0.5156115114036414,Hold,67.96488,68.172554,67.52557,67.557526,1544
2022-11-17 11:00:00,1,0.4148060397162896,0.5851939602837104,Hold,67.557526,67.56551,66.80671,67.23803,3029
2022-11-17 12:00:00,0,0.4023622942576356,0.5976377057423644,Hold,67.23004,67.35784,66.83865,66.998405,2846
2022-11-17 13:00:00,0,0.368552061250755,0.631447938749245,Hold,66.99042,67.50161,66.8147,66.91853,4543
2022-11-17 14:00:00,1,0.36663418881743537,0.6333658111825646,Hold,66.91853,67.701294,66.70287,66.82268,5027
2022-11-17 15:00:00,1,0.2680286600693617,0.7319713399306382,Hold,66.82268,67.046326,65.89614,66.05589,6591
2022-11-17 16:00:00,0,0.27544873218748006,0.7245512678125199,Hold,66.02394,66.1118,65.16929,65.321045,8542
2022-11-17 17:00:00,1,0.29334484347843764,0.7066551565215624,Hold,65.321045,65.58463,65.017525,65.46482,4533
2022-11-17 18:00:00,1,0.28647650820023424,0.7135234917997657,Hold,65.46482,65.67249,65.273125,65.488785,3558
2022-11-17 19:00:00,0,0.2980427428695116,0.7019572571304884,Hold,65.49677,65.86419,65.04948,65.36897,6168
2022-11-17 20:00:00,1,0.3119688362772578,0.6880311637227422,Hold,65.36897,65.51275,65.24117,65.45683,1234
2022-11-17 21:00:00,1,0.33004728429407415,0.6699527157059258,Hold,65.43287,65.576645,65.38495,65.54469,671
2022-11-17 23:00:00,1,0.3364107330656917,0.6635892669343083,Hold,65.56866,65.64054,65.50476,65.58463,147
2022-11-18 00:00:00,1,0.26758105902721496,0.732418940972785,Hold,65.6086,65.67249,65.52074,65.67249,134
2022-11-18 01:00:00,1,0.27762806974908977,0.7223719302509102,Hold,65.67249,65.87218,65.58463,65.67249,412
2022-11-18 02:00:00,1,0.2983942846775405,0.7016057153224595,Hold,65.65652,65.968025,65.64054,65.76035,272
2022-11-18 03:00:00,1,0.30069364411569477,0.6993063558843052,Hold,65.80029,65.97601,65.77633,65.91212,285
2022-11-18 04:00:00,1,0.26885700245628247,0.7311429975437176,Hold,65.90413,66.007965,65.792305,65.792305,164
2022-11-18 05:00:00,1,0.2653301523133872,0.7346698476866128,Hold,65.84822,65.8562,65.65652,65.76035,192
2022-11-18 06:00:00,1,0.27580660986686667,0.7241933901331333,Hold,65.80828,65.81627,65.55268,65.63255,103
2022-11-18 07:00:00,1,0.2615397511135033,0.7384602488864966,Hold,65.664505,65.69646,65.24916,65.41689,300
2022-11-18 08:00:00,1,0.28295361433952315,0.7170463856604768,Hold,65.37696,65.64853,65.20123,65.40891,299
2022-11-18 09:00:00,1,0.3331809939373436,0.6668190060626564,Hold,65.40891,65.76035,65.15331,65.488785,243
2022-11-18 10:00:00,1,0.27517157366561723,0.7248284263343827,Hold,65.45683,65.56067,65.08143,65.12935,172
2022-11-18 11:00:00,1,0.2839173509606895,0.7160826490393105,Hold,65.11337,65.11337,64.82583,64.96162,334
2022-11-18 12:00:00,1,0.29495296080630784,0.7050470391936922,Hold,64.93765,65.04149,64.2108,64.21879,1078
2022-11-18 13:00:00,0,0.34225958081955266,0.6577404191804473,Hold,64.2108,64.242744,62.741116,62.836964,2163
2022-11-18 14:00:00,0,0.29926506756364785,0.7007349324363521,Hold,62.78105,62.9408,61.694763,62.72514,4575
2022-11-18 15:00:00,0,0.32226311258367324,0.6777368874163268,Hold,62.69319,63.683628,62.42162,63.21237,2602
2022-11-18 16:00:00,0,0.26307612327113444,0.7369238767288655,Hold,63.316208,63.659668,62.541428,62.557404,1637
2022-11-18 17:00:00,0,0.29179765943496394,0.7082023405650361,Hold,62.549416,63.348156,62.41363,62.988724,1287
2022-11-18 18:00:00,0,0.2845042332527248,0.7154957667472752,Hold,63.0686,63.364132,62.8769,63.0686,1270
2022-11-18 19:00:00,1,0.29624998060367247,0.7037500193963275,Hold,63.14847,64.16287,63.14847,63.771492,1549
2022-11-18 20:00:00,1,0.2713582647423699,0.7286417352576301,Hold,63.71558,64.11495,63.65168,64.067024,104
2022-11-18 21:00:00,1,0.24674905942955735,0.7532509405704426,Hold,64.17885,64.20281,63.971176,63.987152,121
2022-11-20 23:00:00,1,0.28359137484866825,0.7164086251513317,Hold,63.987152,64.17849,63.899452,63.931343,2460
2022-11-21 00:00:00,1,0.27840989820116957,0.7215901017988304,Hold,63.939316,63.971207,63.70014,63.73203,2066
2022-11-21 01:00:00,1,0.28526841238135897,0.7147315876186411,Hold,63.74,63.85162,63.134094,63.365295,6274
2022-11-21 02:00:00,0,0.2938497482418825,0.7061502517581175,Hold,63.365295,63.460968,63.15004,63.30949,2619
2022-11-21 03:00:00,0,0.31418627952421746,0.6858137204757826,Hold,63.293545,63.397186,63.07829,63.317463,2177
2022-11-21 04:00:00,0,0.3038306645413434,0.6961693354586567,Hold,63.301517,63.397186,63.229763,63.317463,1297
2022-11-21 05:00:00,1,0.3013512921690176,0.6986487078309824,Hold,63.325436,63.588528,63.189903,63.556637,2384
2022-11-21 06:00:00,1,0.2744797081701932,0.7255202918298068,Hold,63.56461,63.644333,63.41313,63.43705,2171
2022-11-21 07:00:00,1,0.3334506870091806,0.6665493129908193,Hold,63.445023,63.939316,63.285572,63.708115,5548
2022-11-21 08:00:00,1,0.31593915668359,0.6840608433164099,Hold,63.708115,63.8277,63.301517,63.54069,9506
2022-11-21 09:00:00,1,0.30427874944327404,0.695721250556726,Hold,63.556637,63.580555,63.197876,63.445023,7291
2022-11-21 10:00:00,1,0.30860731638791816,0.6913926836120818,Hold,63.445023,63.716087,63.38124,63.445023,6990
2022-11-21 11:00:00,1,0.3164400688030346,0.6835599311969653,Hold,63.429077,63.835674,63.41313,63.652306,4398
2022-11-21 12:00:00,1,0.2743246350469651,0.725675364953035,Hold,63.66028,63.883507,63.30949,63.38124,7384
2022-11-21 13:00:00,1,0.25857071511433866,0.7414292848856614,Hold,63.38124,63.620415,63.25368,63.285572,8425
2022-11-21 14:00:00,0,0.2911568646940699,0.7088431353059301,Hold,63.293545,63.5088,60.35967,60.885853,92729
2022-11-21 15:00:00,0,0.2635274229267893,0.7364725770732107,Hold,60.87788,61.140972,60.335754,60.4952,37082
2022-11-21 16:00:00,0,0.2701669842530457,0.7298330157469544,Hold,60.4952,60.822075,60.00888,60.71046,32778
2022-11-21 17:00:00,0,0.31478787427034693,0.6852121257296531,Hold,60.726406,63.66028,60.55101,63.5965,75793
2022-11-21 18:00:00,0,0.3170754727691003,0.6829245272308997,Hold,63.588528,64.17849,63.468937,63.779865,24355
2022-11-21 19:00:00,0,0.2826034921564404,0.7173965078435596,Hold,63.787838,64.03499,63.54069,63.716087,25335
2022-11-21 20:00:00,0,0.30331221633946953,0.6966877836605305,Hold,63.716087,63.76392,63.54069,63.70014,4572
2022-11-21 21:00:00,0,0.33763753163558685,0.6623624683644131,Hold,63.70014,64.01107,63.66028,63.97918,1780
2022-11-21 23:00:00,0,0.3262000533896571,0.6737999466103429,Hold,63.95526,64.11471,63.81973,64.050934,1906
2022-11-22 00:00:00,0,0.32650966725937564,0.6734903327406243,Hold,64.050934,64.074844,63.939316,64.0031,929
2022-11-22 01:00:00,0,0.35333453363685235,0.6466654663631477,Hold,63.99512,64.162544,63.803783,64.04296,4032
2022-11-22 02:00:00,0,0.32909612611850075,0.6709038738814992,Hold,64.050934,64.050934,63.85162,63.987152,1504
2022-11-22 03:00:00,0,0.3496564067366912,0.6503435932633088,Hold,63.99512,64.08282,63.94729,64.027016,1383
2022-11-22 04:00:00,0,0.329263187696033,0.670736812303967,Hold,64.03499,64.138626,63.963234,64.027016,1006
2022-11-22 05:00:00,0,0.29608888892651863,0.7039111110734814,Hold,64.027016,64.0589,63.747974,63.803783,1584
2022-11-22 06:00:00,0,0.3309357777396263,0.6690642222603738,Hold,63.811756,63.963234,63.66028,63.70014,2784
2022-11-22 07:00:00,0,0.37476056121677653,0.6252394387832234,Hold,63.69217,64.32996,63.684196,64.27416,5327
2022-11-22 08:00:00,0,0.369025786261183,0.630974213738817,Hold,64.26619,64.70467,64.1466,64.32996,13308
2022-11-22 09:00:00,0,0.33828192336881807,0.6617180766311819,Hold,64.32996,64.393745,63.875534,64.250244,10287
2022-11-22 10:00:00,0,0.3550019588535209,0.6449980411464791,Hold,64.25822,64.27416,63.747974,64.250244,7422
2022-11-22 11:00:00,0,0.42608938250228595,0.573910617497714,Hold,64.250244,64.7844,64.18646,64.5532,8235
2022-11-22 12:00:00,0,0.444893760857926,0.555106239142074,Hold,64.5532,64.89601,64.52131,64.83224,7862
2022-11-22 13:00:00,0,0.4179083689899318,0.5820916310100682,Hold,64.83224,65.17505,64.63292,64.880066,15190
2022-11-22 14:00:00,0,0.36139107863358766,0.6386089213664123,Hold,64.880066,64.94385,64.29011,64.67278,23702
2022-11-22 15:00:00,0,0.4522181114658505,0.5477818885341494,Hold,64.66481,65.36639,64.616974,65.03952,21126
2022-11-22 16:00:00,1,0.4350677438441225,0.5649322561558775,Hold,65.03952,65.40625,64.67278,65.35841,18721
2022-11-22 17:00:00,1,0.39665459840616796,0.603345401593832,Hold,65.35841,65.66137,65.14316,65.23883,17113
2022-11-22 18:00:00,0,0.39094428759808547,0.6090557124019145,Hold,65.2468,65.48598,64.6967,64.72062,14307
2022-11-22 19:00:00,0,0.37425235056425893,0.625747649435741,Hold,64.72062,64.8402,64.40172,64.67278,18781
2022-11-22 20:00:00,0,0.4132106018342873,0.5867893981657126,Hold,64.66481,64.75251,64.50536,64.74454,3418
2022-11-22 21:00:00,0,0.3995152377023324,0.6004847622976677,Hold,64.736565,64.903984,64.62495,64.65684,2341
2022-11-22 23:00:00,0,0.4162160736940131,0.583783926305987,Hold,64.64089,64.87209,64.616974,64.81629,1144
2022-11-23 00:00:00,0,0.4261381904539353,0.5738618095460647,Hold,64.824265,64.848175,64.72062,64.72859,439
2022-11-23 01:00:00,0,0.4641749788239862,0.5358250211760138,Hold,64.72062,64.95979,64.68873,64.7844,2426
2022-11-23 02:00:00,0,0.42638543518295613,0.5736145648170439,Hold,64.79237,64.80035,64.54523,64.64089,1922
2022-11-23 03:00:00,0,0.38318603780245064,0.6168139621975494,Hold,64.63292,64.64089,64.49739,64.54523,1610
2022-11-23 04:00:00,0,0.39771616046174096,0.602283839538259,Hold,64.537254,64.54523,64.38577,64.44158,1208
2022-11-23 05:00:00,0,0.41749202669555663,0.5825079733044434,Hold,64.449554,64.52928,64.32996,64.44158,1389
2022-11-23 06:00:00,0,0.46664626076682375,0.5333537392331762,Hold,64.45753,64.67278,64.40172,64.63292,1948
2022-11-23 07:00:00,0,0.5155000034137875,0.48449999658621246,Sell,64.63292,65.08736,64.513336,64.935875,5441
2022-11-23 08:00:00,1,0.5327664138601551,0.4672335861398449,Sell,64.9279,65.3345,64.91993,65.04749,9153
2022-11-23 09:00:00,1,0.43720595356756453,0.5627940464324355,Hold,65.06344,65.23883,64.935875,65.023575,6119
2022-11-23 10:00:00,1,0.36756537376692994,0.63243462623307,Hold,65.03155,65.055466,63.37327,63.41313,22471
2022-11-23 11:00:00,0,0.32204651617586494,0.677953483824135,Hold,63.40516,63.588528,62.488323,63.25368,22892
2022-11-23 12:00:00,0,0.32035895018207866,0.6796410498179213,Hold,63.269627,63.397186,62.679665,62.91884,12853
2022-11-23 13:00:00,0,0.3067021902356329,0.6932978097643672,Hold,62.91884,63.062344,61.93822,62.273067,26257
2022-11-23 14:00:00,0,0.28270883580733824,0.7172911641926618,Hold,62.265095,62.950726,61.80269,61.93025,41361
2022-11-23 15:00:00,0,0.2815991105852217,0.7184008894147783,Hold,61.922276,62.24915,61.25259,61.667156,37768
2022-11-23 16:00:00,0,0.2818586558303362,0.7181413441696638,Hold,61.659184,62.033894,61.467846,61.57946,24054
2022-11-23 17:00:00,0,0.3329892686436663,0.6670107313563337,Hold,61.57946,61.89836,61.38015,61.83458,17626
2022-11-23 18:00:00,0,0.2793658258801315,0.7206341741198685,Hold,61.826607,61.946194,61.65121,61.754856,11096
2022-11-23 19:00:00,0,0.30331023674804375,0.6966897632519562,Hold,61.76283,62.209286,61.754856,62.049835,23157
2022-11-23 20:00:00,0,0.2837345645992478,0.7162654354007523,Hold,62.06578,62.073753,61.627296,61.722965,4631
2022-11-23 21:00:00,0,0.31639989111119343,0.6836001088888066,Hold,61.730938,61.7708,61.627296,61.746883,1594
2022-11-23 23:00:00,0,0.32221825094336315,0.6777817490566369,Hold,61.794716,61.858498,61.659184,61.80269,756
2022-11-24 00:00:00,0,0.34594326300951045,0.6540567369904895,Hold,61.80269,61.93822,61.80269,61.882416,1089
2022-11-24 01:00:00,0,0.36351463463109734,0.6364853653689027,Hold,61.89039,62.0897,61.81066,61.986057,2975
2022-11-24 02:00:00,0,0.3768731426193466,0.6231268573806534,Hold,61.986057,62.185368,61.946194,62.137535,1398
2022-11-24 03:00:00,0,0.3691619565098582,0.6308380434901417,Hold,62.145508,62.161453,62.041862,62.0897,1134
2022-11-24 04:00:00,0,0.3912493039333575,0.6087506960666424,Hold,62.09767,62.137535,62.009975,62.0897,778
2022-11-24 05:00:00,0,0.36311569074922945,0.6368843092507706,Hold,62.0897,62.09767,61.7708,61.83458,1666
2022-11-24 06:00:00,0,0.370450837558123,0.629549162441877,Hold,61.826607,61.86647,61.619324,61.722965,1888
2022-11-24 07:00:00,0,0.41206145689155466,0.5879385431084454,Hold,61.722965,61.978085,61.619324,61.86647,3937
2022-11-24 08:00:00,0,0.417871661343625,0.5821283386563749,Hold,61.874443,62.033894,61.691074,61.89039,6370
2022-11-24 09:00:00,0,0.4277547368403498,0.5722452631596502,Hold,61.89836,62.137535,61.786743,61.954166,4433
2022-11-24 10:00:00,0,0.40002890669766533,0.5999710933023347,Hold,61.954166,62.289013,61.722965,61.794716,7460
2022-11-24 11:00:00,0,0.42391441910667654,0.5760855808933234,Hold,61.778774,62.057808,61.555542,62.049835,5578
2022-11-24 12:00:00,0,0.3687082599737747,0.6312917400262252,Hold,62.057808,62.0897,61.89836,61.922276,3857
2022-11-24 13:00:00,0,0.4386058204308672,0.5613941795691328,Hold,61.906334,62.01795,61.300423,61.332314,7845
2022-11-24 14:00:00,0,0.3980818036687314,0.6019181963312685,Hold,61.32434,62.0897,61.31637,61.874443,10633
2022-11-24 15:00:00,0,0.4061656586032088,0.5938343413967913,Hold,61.882416,62.057808,61.83458,62.01795,5101
2022-11-24 16:00:00,0,0.39254016172482825,0.6074598382751717,Hold,62.009975,62.257122,61.7708,62.0897,8052
2022-11-24 17:00:00,0,0.4046843788985187,0.5953156211014813,Hold,62.09767,62.35279,61.922276,62.336845,3207
2022-11-24 18:00:00,0,0.37036585630690755,0.6296341436930925,Hold,62.34482,62.35279,62.137535,62.169422,1048
2022-11-24 19:00:00,0,0.3839924996998868,0.6160075003001132,Hold,62.169422,62.201313,62.12159,62.15348,434
2022-11-24 23:00:00,0,0.38306969498456866,0.6169303050154313,Hold,62.201313,62.201313,61.96214,62.145508,904
2022-11-25 00:00:00,0,0.45011289382065395,0.549887106179346,Hold,62.15348,62.472378,62.12159,62.416573,1874
2022-11-25 01:00:00,0,0.4035436006448854,0.5964563993551146,Hold,62.424545,62.528187,62.24915,62.336845,2532
2022-11-25 02:00:00,0,0.43939022410179185,0.5606097758982082,Hold,62.336845,62.472378,62.328873,62.35279,1021
2022-11-25 03:00:00,0,0.4313017901281036,0.5686982098718965,Hold,62.35279,62.48035,62.265095,62.48035,967
2022-11-25 04:00:00,0,0.4537476730547314,0.5462523269452686,Hold,62.472378,62.63183,62.464405,62.60791,1062
2022-11-25 05:00:00,0,0.4332238445058612,0.5667761554941388,Hold,62.599937,62.679665,62.51224,62.57602,1365
2022-11-25 06:00:00,0,0.41272823565644745,0.5872717643435525,Hold,62.568047,62.615883,62.35279,62.400627,1759
2022-11-25 07:00:00,0,0.45180424850586304,0.5481957514941369,Hold,62.392654,62.60791,62.368736,62.488323,2070
2022-11-25 08:00:00,0,0.5262578240920641,0.4737421759079359,Sell,62.48035,63.038425,62.432514,62.807224,8063
2022-11-25 09:00:00,1,0.5291606258837965,0.47083937411620347,Sell,62.79925,63.47691,62.759388,63.43705,10563
2022-11-25 10:00:00,1,0.47482515354655297,0.525174846453447,Hold,63.43705,63.572582,63.293545,63.484882,5889
2022-11-25 11:00:00,1,0.4602290692888575,0.5397709307111425,Hold,63.492855,63.70014,63.285572,63.56461,5747
2022-11-25 12:00:00,1,0.45289778266400016,0.5471022173359998,Hold,63.56461,63.628387,63.34935,63.389214,4960
2022-11-25 13:00:00,1,0.44116207923790773,0.5588379207620923,Hold,63.389214,63.397186,62.759388,62.823166,13548
2022-11-25 14:00:00,1,0.42839364410201564,0.5716063558979844,Hold,62.815197,62.83114,62.177395,62.591965,21147
2022-11-25 15:00:00,1,0.42125157799089846,0.5787484220091015,Hold,62.599937,62.599937,62.033894,62.041862,13046
2022-11-25 16:00:00,1,0.3733584179806477,0.6266415820193523,Hold,62.041862,62.328873,61.874443,61.97011,15216
2022-11-25 17:00:00,1,0.36298901378558485,0.6370109862144151,Hold,61.97011,61.97011,61.053276,61.236645,17234
2022-11-25 18:00:00,1,0.3230719275080004,0.6769280724919996,Hold,61.228672,61.25259,60.766266,61.029358,8580
2022-11-27 23:00:00,1,0.3065604966159812,0.6934395033840188,Hold,60.535065,60.981525,60.44737,60.638706,5522
2022-11-28 00:00:00,0,0.30010902982713084,0.6998909701728692,Hold,60.638706,60.742348,60.39156,60.463314,2131
2022-11-28 01:00:00,0,0.3376697706925876,0.6623302293074125,Hold,60.471287,60.47926,58.88476,59.26744,13940
2022-11-28 02:00:00,0,0.3563552941922419,0.6436447058077581,Hold,59.26744,59.434864,58.85287,59.355137,7233
2022-11-28 03:00:00,0,0.3641364271588828,0.6358635728411173,Hold,59.347164,59.347164,59.0761,59.171772,2834
2022-11-28 04:00:00,0,0.3514056983325732,0.6485943016674268,Hold,59.155827,59.155827,59.00435,59.084072,1903
2022-11-28 05:00:00,0,0.3340363303782202,0.6659636696217798,Hold,59.068127,59.10799,58.87679,58.988403,3747
2022-11-28 06:00:00,0,0.330592464316659,0.669407535683341,Hold,58.988403,59.371082,58.94854,59.29136,4140
2022-11-28 07:00:00,0,0.32035813877097036,0.6796418612290296,Hold,59.29136,59.355137,58.677475,59.227577,8299
2022-11-28 08:00:00,0,0.30487699087518616,0.6951230091248138,Hold,59.219604,59.33122,58.813007,59.028267,12722
2022-11-28 09:00:00,0,0.320619437243258,0.679380562756742,Hold,59.03624,59.29136,58.88476,58.98043,9868
2022-11-28 10:00:00,0,0.3181561823452432,0.6818438176547568,Hold,58.964485,59.251495,58.741257,58.860844,8628
2022-11-28 11:00:00,0,0.33858733803974594,0.6614126619602541,Hold,58.85287,59.147854,58.677475,58.900707,8679
2022-11-28 12:00:00,0,0.341878678367431,0.658121321632569,Hold,58.900707,59.219604,58.85287,58.94854,9856
2022-11-28 13:00:00,0,0.3105105436288688,0.6894894563711311,Hold,58.940567,59.482697,58.765175,59.33122,17750
2022-11-28 14:00:00,0,0.30565814778569705,0.694341852214303,Hold,59.323246,60.06469,58.940567,59.865376,34368
2022-11-28 15:00:00,0,0.31677569244278303,0.683224307557217,Hold,59.857403,60.5829,59.737816,60.224136,28756
2022-11-28 16:00:00,0,0.3548886130461913,0.6451113869538088,Hold,60.23211,61.38015,60.176304,61.32434,42619
2022-11-28 17:00:00,0,0.37263341697913455,0.6273665830208655,Hold,61.32434,62.057808,61.06125,61.571487,29265
2022-11-28 18:00:00,0,0.36794005014533177,0.6320599498546682,Hold,61.57946,61.746883,61.372177,61.435955,14423
2022-11-28 19:00:00,0,0.3667779099637762,0.6332220900362238,Hold,61.443928,61.818634,61.308395,61.332314,20061
2022-11-28 20:00:00,0,0.3462514448516848,0.6537485551483152,Hold,61.340286,61.467846,61.228672,61.25259,6007
2022-11-28 21:00:00,0,0.31427774097920563,0.6857222590207943,Hold,61.26056,61.29245,60.96558,61.021385,2805
2022-11-28 23:00:00,0,0.39193803032551067,0.6080619696744893,Hold,61.021385,61.180836,60.99747,61.021385,1120
2022-11-29 00:00:00,0,0.3451466755021064,0.6548533244978936,Hold,61.013412,61.06125,60.822075,60.99747,1912
2022-11-29 01:00:00,0,0.37039238248135714,0.6296076175186429,Hold,60.99747,61.714993,60.981525,61.67513,5730
2022-11-29 02:00:00,0,0.368823333050163,0.631176666949837,Hold,61.699047,61.754856,61.50771,61.659184,3242
2022-11-29 03:00:00,0,0.40725343495424604,0.592746565045754,Hold,61.667156,62.464405,61.667156,62.440487,6483
2022-11-29 04:00:00,0,0.41577766090196716,0.5842223390980328,Hold,62.440487,62.83911,62.336845,62.79128,5735
2022-11-29 05:00:00,0,0.3794837604355513,0.6205162395644487,Hold,62.79128,63.500828,62.488323,62.591965,11538
2022-11-29 06:00:00,0,0.3677735050867904,0.6322264949132096,Hold,62.591965,62.70358,62.37671,62.464405,4224
2022-11-29 07:00:00,0,0.4163286415404778,0.5836713584595222,Hold,62.456432,62.871002,62.432514,62.687637,7652
2022-11-29 08:00:00,0,0.4095219182107693,0.5904780817892308,Hold,62.679665,63.197876,62.50427,62.9587,12116
2022-11-29 09:00:00,0,0.41107568903985947,0.5889243109601405,Hold,62.982616,63.110176,62.464405,62.855057,8172
2022-11-29 10:00:00,0,0.4523102585874481,0.5476897414125519,Hold,62.855057,63.30949,62.79128,63.197876,7737
2022-11-29 11:00:00,0,0.41744669378368876,0.5825533062163113,Hold,63.20585,63.34935,62.9587,63.197876,6723
2022-11-29 12:00:00,0,0.4126439007778937,0.5873560992221063,Hold,63.189903,63.24571,62.76736,63.062344,8229
2022-11-29 13:00:00,0,0.3633068308609405,0.6366931691390595,Hold,63.062344,63.102203,62.48035,62.783306,15582
2022-11-29 14:00:00,0,0.36313480548249694,0.636865194517503,Hold,62.79128,63.429077,62.22523,62.99856,30757
2022-11-29 15:00:00,0,0.35138431134609005,0.64861568865391,Hold,62.99856,63.445023,62.552105,63.02248,28059
2022-11-29 16:00:00,0,0.33511045599814937,0.6648895440018506,Hold,63.030453,63.197876,61.4519,62.472378,53072
2022-11-29 17:00:00,0,0.29697014915203246,0.7030298508479675,Hold,62.472378,62.647774,61.96214,62.28104,17322
2022-11-29 18:00:00,0,0.3087851940290055,0.6912148059709945,Hold,62.289013,63.102203,62.185368,62.775333,18781
2022-11-29 19:00:00,0,0.28592667562482765,0.7140733243751723,Hold,62.79128,62.855057,62.129562,62.57602,26832
2022-11-29 20:00:00,0,0.28876904349372984,0.7112309565062702,Hold,62.57602,62.67169,62.456432,62.623856,3745
2022-11-29 21:00:00,0,0.32150558473762153,0.6784944152623784,Hold,62.615883,63.02248,62.583992,62.910866,2664
2022-11-29 23:00:00,0,0.3117605543116602,0.6882394456883398,Hold,62.982616,62.99856,62.60791,62.76736,1079
2022-11-30 00:00:00,0,0.35590420912774634,0.6440957908722537,Hold,62.783306,62.902893,62.751415,62.815197,893
2022-11-30 01:00:00,0,0.33640612873849274,0.6635938712615073,Hold,62.815197,63.110176,62.719524,62.727497,3763
2022-11-30 02:00:00,0,0.3426231460943893,0.6573768539056106,Hold,62.727497,63.030453,62.655746,62.99856,2418
2022-11-30 03:00:00,0,0.3196560665198142,0.6803439334801857,Hold,63.006535,63.02248,62.886948,62.99059,1727
2022-11-30 04:00:00,0,0.3214093928757919,0.678590607124208,Hold,62.99059,63.07829,62.974644,63.05437,1006
2022-11-30 05:00:00,0,0.28926518599722717,0.7107348140027728,Hold,63.05437,63.110176,62.53616,62.53616,2748
2022-11-30 06:00:00,0,0.326048503403115,0.673951496596885,Hold,62.544132,62.902893,62.53616,62.815197,2404
2022-11-30 07:00:00,0,0.3489829000957226,0.6510170999042775,Hold,62.823166,63.038425,62.50427,62.910866,4549
2022-11-30 08:00:00,0,0.31644981316605364,0.6835501868339464,Hold,62.902893,63.070316,62.544132,62.775333,9011
2022-11-30 09:00:00,0,0.3910877463179116,0.6089122536820883,Hold,62.783306,63.843647,62.775333,63.70014,17603
2022-11-30 10:00:00,0,0.3764016693416002,0.6235983306583999,Hold,63.708115,63.907425,63.421104,63.8277,9961
2022-11-30 11:00:00,0,0.35493344156979545,0.6450665584302046,Hold,63.811756,64.074844,63.628387,63.755947,8257
2022-11-30 12:00:00,0,0.37702411783380074,0.6229758821661993,Hold,63.747974,63.85959,63.580555,63.843647,7060
2022-11-30 13:00:00,0,0.4808586092278575,0.5191413907721425,Hold,63.85959,64.648865,63.843647,64.48942,23684
2022-11-30 14:00:00,0,0.3450919114373593,0.6549080885626407,Hold,64.481445,64.880066,64.162544,64.27416,28499
2022-11-30 15:00:00,0,0.28999373346858115,0.7100062665314189,Hold,64.27416,64.65684,63.747974,64.106735,32889
2022-11-30 16:00:00,0,0.2968680792297365,0.7031319207702635,Hold,64.09876,64.40172,63.803783,64.08282,19016
2022-11-30 17:00:00,0,0.32808241133018445,0.6719175886698155,Hold,64.06687,64.17849,63.875534,64.1466,9553
2022-11-30 18:00:00,0,0.3250200412506184,0.6749799587493817,Hold,64.1466,64.32996,63.94729,64.29808,10854
2022-11-30 19:00:00,0,0.30981486996336594,0.6901851300366341,Hold,64.29011,64.32996,63.875534,64.29808,20422
2022-11-30 20:00:00,0,0.28469926410379415,0.7153007358962058,Hold,64.29011,64.3778,64.18646,64.27416,4016
2022-11-30 21:00:00,0,0.32069277968156873,0.6793072203184313,Hold,64.27416,64.30605,64.09079,64.17052,1923
2022-11-30 23:00:00,0,0.3349949416551936,0.6650050583448064,Hold,64.09876,64.27416,64.09876,64.21835,868
2022-12-01 00:00:00,0,0.3188976334199398,0.6811023665800602,Hold,64.21835,64.24227,64.03499,64.138626,1194
2022-12-01 01:00:00,0,0.33701664728611136,0.6629833527138886,Hold,64.138626,64.56117,63.939316,64.0031,5154
2022-12-01 02:00:00,0,0.37412463223587356,0.6258753677641264,Hold,63.99512,64.24227,63.987152,64.194435,2615
2022-12-01 03:00:00,0,0.33512689586824934,0.6648731041317506,Hold,64.194435,64.20241,63.99512,64.106735,1538
2022-12-01 04:00:00,0,0.36526383022629944,0.6347361697737006,Hold,64.09079,64.13065,64.03499,64.106735,900
2022-12-01 05:00:00,0,0.38935234675186875,0.6106476532481313,Hold,64.11471,64.393745,64.03499,64.162544,3095
2022-12-01 06:00:00,0,0.3707282374063431,0.6292717625936569,Hold,64.17849,64.194435,63.72406,63.899452,3686
2022-12-01 07:00:00,0,0.34064374726944674,0.6593562527305532,Hold,63.89148,64.106735,63.803783,63.835674,4150
2022-12-01 08:00:00,0,0.44435716586372526,0.5556428341362747,Hold,63.85162,64.50536,63.811756,64.44158,10142
2022-12-01 09:00:00,0,0.39020456008238985,0.6097954399176102,Hold,64.44158,64.76048,63.89148,64.09079,9980
2022-12-01 10:00:00,0,0.4224670557100725,0.5775329442899275,Hold,64.08282,64.79237,64.0589,64.593056,7994
2022-12-01 11:00:00,0,0.5265109687062036,0.4734890312937964,Sell,64.609,65.12721,64.38577,65.09532,8402
2022-12-01 12:00:00,0,0.455755874932229,0.544244125067771,Hold,65.103294,65.23883,64.89601,65.0156,6814
2022-12-01 13:00:00,0,0.5596299106007913,0.44037008939920874,Sell,65.023575,65.69326,64.89601,65.49395,17504
2022-12-01 14:00:00,1,0.520836633711479,0.47916336628852096,Sell,65.49395,66.251335,65.44611,65.932434,31096
2022-12-01 15:00:00,1,0.4660996541514529,0.5339003458485472,Hold,65.932434,66.44267,65.796906,65.98824,23983
2022-12-01 16:00:00,0,0.39370762471762155,0.6062923752823784,Hold,65.98824,66.06797,65.055466,65.2468,25607
2022-12-01 17:00:00,0,0.4504099967821245,0.5495900032178755,Hold,65.2468,65.77299,65.18302,65.45409,18463
2022-12-01 18:00:00,0,0.38411052455725214,0.6158894754427479,Hold,65.46206,65.509895,64.81629,64.9279,12438
2022-12-01 19:00:00,0,0.37946339957065567,0.6205366004293443,Hold,64.91993,65.19897,64.58508,64.88804,23608
2022-12-01 20:00:00,0,0.41985956708843736,0.5801404329115627,Hold,64.88804,64.95979,64.768456,64.80035,4086
2022-12-01 21:00:00,0,0.4415861388650632,0.5584138611349367,Hold,64.80035,64.94385,64.74454,64.903984,1401
2022-12-01 23:00:00,0,0.41051664759129236,0.5894833524087076,Hold,64.95182,64.99966,64.80035,64.8402,948
2022-12-02 00:00:00,0,0.39935893934129374,0.6006410606587063,Hold,64.83224,64.83224,64.64089,64.71265,1061
2022-12-02 01:00:00,0,0.4179636614622644,0.5820363385377356,Hold,64.71265,64.935875,64.481445,64.88804,3190
2022-12-02 02:00:00,0,0.3742141462511302,0.6257858537488699,Hold,64.88804,64.99966,64.72062,64.83224,2063
2022-12-02 03:00:00,0,0.3737529603750503,0.6262470396249498,Hold,64.81629,65.079384,64.77643,64.83224,2270
2022-12-02 04:00:00,0,0.3884191401730674,0.6115808598269326,Hold,64.83224,64.86412,64.68873,64.75251,1169
2022-12-02 05:00:00,0,0.4533093497657609,0.546690650234239,Hold,64.74454,64.8402,64.63292,64.81629,1732
2022-12-02 06:00:00,0,0.40547572809133386,0.5945242719086661,Hold,64.81629,64.89601,64.65684,64.71265,2206
2022-12-02 07:00:00,0,0.42018203610456273,0.5798179638954373,Hold,64.71265,65.055466,64.449554,64.94385,4913
2022-12-02 08:00:00,0,0.345903371353866,0.654096628646134,Hold,64.9279,64.95979,64.08282,64.449554,10769
2022-12-02 09:00:00,0,0.3703735673940724,0.6296264326059275,Hold,64.45753,64.91196,64.31402,64.89601,5766
2022-12-02 10:00:00,0,0.3170361558617391,0.6829638441382608,Hold,64.903984,64.91196,64.63292,64.680756,4871
2022-12-02 11:00:00,0,0.3408253197204027,0.6591746802795972,Hold,64.680756,64.91196,64.43361,64.88804,5185
2022-12-02 12:00:00,0,0.3799023046452818,0.6200976953547181,Hold,64.88804,65.41422,64.79237,65.23086,9046
2022-12-02 13:00:00,0,0.3086540174591088,0.6913459825408912,Hold,65.23883,65.54976,64.449554,64.72062,21732
2022-12-02 14:00:00,0,0.3829110453638553,0.6170889546361447,Hold,64.70467,65.51787,64.0031,65.28667,34601
2022-12-02 15:00:00,0,0.33926862137910657,0.6607313786208935,Hold,65.28667,65.390305,64.824265,64.86412,19351
2022-12-02 16:00:00,0,0.3416295366677436,0.6583704633322565,Hold,64.85615,65.135185,64.52131,64.880066,17563
2022-12-02 17:00:00,0,0.2619944427392143,0.7380055572607858,Hold,64.88804,65.079384,63.95526,64.09876,15495
2022-12-02 18:00:00,0,0.24594484873986228,0.7540551512601377,Hold,64.09876,64.17849,63.580555,63.811756,19254
2022-12-02 19:00:00,0,0.24834922260478415,0.7516507773952159,Hold,63.811756,63.99512,63.500828,63.92337,17198
2022-12-02 20:00:00,0,0.23063279532176392,0.769367204678236,Hold,63.915398,64.04296,63.843647,63.899452,3679
2022-12-02 21:00:00,0,0.25500473425576836,0.7449952657442316,Hold,63.89148,64.050934,63.85162,64.050934,1523
2022-12-04 23:00:00,0,0.26192298010807374,0.7380770198919262,Hold,63.771893,64.80832,63.66825,64.680756,6206
2022-12-05 00:00:00,0,0.30661466422741424,0.6933853357725858,Hold,64.68873,65.2468,64.68873,64.99966,3864
2022-12-05 01:00:00,0,0.30895556451294204,0.691044435487058,Hold,64.99966,65.21491,64.67278,64.91196,6521
2022-12-05 02:00:00,0,0.3111537949205215,0.6888462050794786,Hold,64.903984,64.991684,64.62495,64.680756,3560
2022-12-05 03:00:00,0,0.3020614630736801,0.6979385369263199,Hold,64.67278,64.71265,64.393745,64.481445,2671
2022-12-05 04:00:00,0,0.32256713301777756,0.6774328669822225,Hold,64.47347,64.50536,64.21038,64.32199,1814
2022-12-05 05:00:00,0,0.3197725290905598,0.6802274709094402,Hold,64.32199,64.56117,64.12268,64.282135,2750
2022-12-05 06:00:00,0,0.30102253248709737,0.6989774675129026,Hold,64.29808,64.29808,63.95526,64.194435,2924
2022-12-05 07:00:00,0,0.30061611249256,0.6993838875074401,Hold,64.194435,64.35388,63.875534,64.15457,4570
2022-12-05 08:00:00,0,0.2987120448606526,0.7012879551393474,Hold,64.1466,64.70467,63.787838,64.62495,10534
2022-12-05 09:00:00,0,0.35798875131099017,0.6420112486890098,Hold,64.616974,65.023575,64.481445,64.95182,7732
2022-12-05 10:00:00,0,0.37820216584492194,0.621797834155078,Hold,64.95979,65.19897,64.87209,65.11924,5991
2022-12-05 11:00:00,1,0.4133908095785261,0.5866091904214739,Hold,65.11924,65.69326,65.03952,65.55773,9533
2022-12-05 12:00:00,1,0.3872704346846103,0.6127295653153897,Hold,65.54976,65.62948,65.28667,65.55773,7733
2022-12-05 13:00:00,1,0.4160061184733436,0.5839938815266563,Hold,65.55773,65.94838,65.39828,65.7411,13520
2022-12-05 14:00:00,1,0.3889750623924978,0.6110249376075022,Hold,65.74907,65.80488,64.72859,64.87209,27568
2022-12-05 15:00:00,1,0.4060741907982125,0.5939258092017875,Hold,64.880066,64.88804,63.81973,63.89148,32614
2022-12-05 16:00:00,1,0.31835180985803657,0.6816481901419634,Hold,63.883507,63.899452,62.83911,63.006535,34537
2022-12-05 17:00:00,1,0.2878052718652427,0.7121947281347574,Hold,62.99059,63.110176,62.145508,62.233204,24161
2022-12-05 18:00:00,1,0.2592318609473336,0.7407681390526664,Hold,62.233204,62.289013,61.65121,61.6831,20358
2022-12-05 19:00:00,1,0.24168356675273747,0.7583164332472625,Hold,61.6831,61.978085,61.204754,61.699047,29219
2022-12-05 20:00:00,1,0.24912192196128885,0.7508780780387112,Hold,61.691074,61.80269,61.54757,61.65121,5945
2022-12-05 21:00:00,1,0.26304425244011337,0.7369557475598867,Hold,61.659184,61.73891,61.61135,61.6831,1611
2022-12-05 23:00:00,1,0.2715432424195077,0.7284567575804923,Hold,61.667156,61.818634,61.60338,61.691074,1055
2022-12-06 00:00:00,1,0.23424335210517833,0.7657566478948217,Hold,61.70702,61.794716,61.595406,61.691074,1331
2022-12-06 01:00:00,1,0.2692739005784287,0.7307260994215713,Hold,61.699047,62.02592,61.6831,61.794716,5103
2022-12-06 02:00:00,1,0.26739608912836865,0.7326039108716313,Hold,61.786743,62.0897,61.73891,61.89039,2890
2022-12-06 03:00:00,1,0.2682503871172562,0.7317496128827439,Hold,61.89039,61.93025,61.70702,61.714993,1683
2022-12-06 04:00:00,1,0.2531391900012558,0.7468608099987442,Hold,61.714993,61.76283,61.571487,61.595406,1393
2022-12-06 05:00:00,1,0.2787889029089072,0.7212110970910928,Hold,61.60338,61.699047,61.427982,61.65121,2313
2022-12-06 06:00:00,1,0.29863404924648806,0.7013659507535119,Hold,61.65121,61.874443,61.47582,61.842552,3242
2022-12-06 07:00:00,1,0.277326185856317,0.722673814143683,Hold,61.83458,62.002003,61.730938,61.76283,5209
2022-12-06 08:00:00,1,0.2593003214775141,0.740699678522486,Hold,61.76283,61.81066,61.180836,61.467846,12289
2022-12-06 09:00:00,1,0.24658976944879776,0.7534102305512023,Hold,61.47582,61.826607,61.06125,61.364204,11716
2022-12-06 10:00:00,0,0.23881878597972292,0.761181214020277,Hold,61.364204,61.372177,60.256027,60.798157,14963
2022-12-06 11:00:00,0,0.2322454432471257,0.7677545567528743,Hold,60.78221,60.814102,60.35967,60.51912,5943
2022-12-06 12:00:00,0,0.24980510419823185,0.7501948958017681,Hold,60.511147,60.758293,60.23211,60.439396,7862
2022-12-06 13:00:00,0,0.2481105599860275,0.7518894400139725,Hold,60.439396,60.630733,60.248055,60.463314,13748
2022-12-06 14:00:00,1,0.2375487012653063,0.7624512987346936,Hold,60.463314,61.32434,59.992935,61.12503,41019
2022-12-06 15:00:00,1,0.23701790087391844,0.7629820991260816,Hold,61.117058,61.228672,60.06469,60.36764,27679
2022-12-06 16:00:00,0,0.2305156741950996,0.7694843258049004,Hold,60.36764,60.383587,59.474724,59.61823,33098
2022-12-06 17:00:00,0,0.23032678088547343,0.7696732191145266,Hold,59.610256,59.674038,58.996376,59.123936,25300
2022-12-06 18:00:00,0,0.22055115373307674,0.7794488462669232,Hold,59.115963,59.13988,58.526,58.90868,30239
2022-12-06 19:00:00,0,0.21709264841602013,0.7829073515839798,Hold,58.92462,59.379055,58.78112,59.195686,28943
2022-12-06 20:00:00,0,0.2227926121235234,0.7772073878764766,Hold,59.20366,59.36311,59.1638,59.251495,4528
2022-12-06 21:00:00,0,0.25734601862621903,0.7426539813737809,Hold,59.251495,59.379055,59.20366,59.355137,2072
2022-12-06 23:00:00,0,0.2601916648702541,0.739808335129746,Hold,59.434864,59.65012,59.315273,59.371082,1354
2022-12-07 00:00:00,0,0.27416524328340397,0.725834756716596,Hold,59.371082,59.602283,59.36311,59.41892,1192
2022-12-07 01:00:00,0,0.26691673419922757,0.7330832658007724,Hold,59.410946,59.506615,59.020294,59.307304,4381
2022-12-07 02:00:00,0,0.24636026159061303,0.7536397384093869,Hold,59.29933,59.450806,58.956512,59.13191,3721
2022-12-07 03:00:00,0,0.2681661262029309,0.7318338737970691,Hold,59.13191,59.259468,58.940567,59.259468,2001
2022-12-07 04:00:00,0,0.26182397962062154,0.7381760203793785,Hold,59.251495,59.259468,59.155827,59.195686,812
2022-12-07 05:00:00,0,0.27711642443647233,0.7228835755635277,Hold,59.195686,59.474724,59.171772,59.307304,3265
2022-12-07 06:00:00,0,0.24842038313980375,0.7515796168601963,Hold,59.33122,59.379055,59.0761,59.171772,2588
2022-12-07 07:00:00,0,0.257557561445036,0.742442438554964,Hold,59.1638,59.33919,59.05218,59.115963,3889
2022-12-07 08:00:00,0,0.25136283866771697,0.7486371613322831,Hold,59.13191,59.323246,58.669502,59.0761,11630
2022-12-07 09:00:00,0,0.2792390302514585,0.7207609697485415,Hold,59.0761,59.092045,57.999817,58.167236,14751
2022-12-07 10:00:00,0,0.24406856382816972,0.7559314361718303,Hold,58.167236,58.78112,58.02373,58.685448,11070
2022-12-07 11:00:00,0,0.2658716800596027,0.7341283199403973,Hold,58.69342,59.36311,58.549915,59.307304,10500
2022-12-07 12:00:00,0,0.23480202559150945,0.7651979744084906,Hold,59.29933,59.474724,59.092045,59.36311,8536
2022-12-07 13:00:00,1,0.24473581298375877,0.7552641870162412,Hold,59.36311,60.096577,59.23555,59.729843,19800
2022-12-07 14:00:00,0,0.21744105775331424,0.7825589422466858,Hold,59.729843,59.88132,58.940567,59.442833,28538
2022-12-07 15:00:00,0,0.24446999894193688,0.7555300010580631,Hold,59.442833,59.658092,58.510056,58.757202,29821
2022-12-07 16:00:00,0,0.26205016604013537,0.7379498339598647,Hold,58.757202,58.773148,57.736725,57.8882,35957
2022-12-07 17:00:00,0,0.21549070637095158,0.7845092936290484,Hold,57.88023,58.33466,57.63308,57.728752,18642
2022-12-07 18:00:00,0,0.22605733294501137,0.7739426670549886,Hold,57.736725,58.199127,57.417824,57.521465,18932
2022-12-07 19:00:00,0,0.2115124026282354,0.7884875973717647,Hold,57.513493,57.784557,57.202568,57.704834,24975
2022-12-07 20:00:00,0,0.22891634140570663,0.7710836585942934,Hold,57.704834,57.752666,57.46566,57.72078,5600
2022-12-07 21:00:00,0,0.23572767298874625,0.7642723270112537,Hold,57.712807,57.81645,57.617138,57.72078,2316
2022-12-07 23:00:00,0,0.2512395422308691,0.7487604577691309,Hold,57.704834,57.904144,57.656998,57.84834,1058
2022-12-08 00:00:00,0,0.24007982327998184,0.7599201767200181,Hold,57.85631,57.92009,57.704834,57.752666,1584
2022-12-08 01:00:00,0,0.23844799199112185,0.7615520080088781,Hold,57.768612,58.02373,57.617138,57.872257,3706
2022-12-08 02:00:00,0,0.27813261845138143,0.7218673815486185,Hold,57.872257,58.02373,57.81645,57.936035,1622
2022-12-08 03:00:00,0,0.290468883871737,0.7095311161282629,Hold,57.936035,58.07954,57.872257,58.031704,1658
2022-12-08 04:00:00,0,0.27739980142363496,0.722600198576365,Hold,58.02373,58.039677,57.95198,57.991844,883
2022-12-08 05:00:00,0,0.2775534609149833,0.7224465390850168,Hold,57.991844,58.02373,57.84834,57.936035,1548
2022-12-08 06:00:00,0,0.3097230449240826,0.6902769550759174,Hold,57.936035,58.39047,57.68889,58.286823,5619
2022-12-08 07:00:00,0,0.286011955938388,0.713988044061612,Hold,58.286823,58.40641,58.01576,58.031704,3930
2022-12-08 08:00:00,0,0.29980089738811927,0.7001991026118808,Hold,58.02373,58.07954,57.617138,57.768612,10623
2022-12-08 09:00:00,0,0.34770931151716056,0.6522906884828394,Hold,57.784557,58.27885,57.585247,58.095486,8224
2022-12-08 10:00:00,0,0.32569205325424416,0.6743079467457558,Hold,58.087513,58.159264,57.704834,57.840366,5249
2022-12-08 11:00:00,0,0.35698319679739116,0.6430168032026089,Hold,57.832394,58.446274,57.649025,58.40641,8383
2022-12-08 12:00:00,0,0.33598157351612923,0.6640184264838708,Hold,58.39844,59.243523,58.36655,59.155827,19529
2022-12-08 13:00:00,1,0.33329783671308666,0.6667021632869133,Hold,59.155827,60.144413,59.123936,59.530533,31008
2022-12-08 14:00:00,1,0.3226856919362581,0.6773143080637418,Hold,59.52256,59.68201,58.374523,58.813007,44663
2022-12-08 15:00:00,0,0.3409360819434113,0.6590639180565887,Hold,58.813007,58.972458,57.226486,57.425797,39728
2022-12-08 16:00:00,0,0.26091572448039957,0.7390842755196004,Hold,57.425797,58.04765,56.700302,57.936035,50240
2022-12-08 17:00:00,0,0.28775869018710337,0.7122413098128966,Hold,57.928062,57.9759,57.098927,57.36202,18648
2022-12-08 18:00:00,0,0.26468231304488704,0.735317686955113,Hold,57.36202,57.5693,57.218513,57.290264,11266
2022-12-08 19:00:00,0,0.2788082006255147,0.7211917993744853,Hold,57.28229,57.369987,56.843803,57.059063,17735
2022-12-08 20:00:00,0,0.29915764588853405,0.7008423541114659,Hold,57.05109,57.186623,56.843803,57.011227,4980
2022-12-08 21:00:00,0,0.31735259785885356,0.6826474021411464,Hold,57.011227,57.27432,57.003254,57.234455,1633
2022-12-08 23:00:00,0,0.32407603802125934,0.6759239619787407,Hold,57.28229,57.513493,57.242428,57.449715,1448
2022-12-09 00:00:00,0,0.3403562679104228,0.6596437320895772,Hold,57.449715,57.50552,57.3381,57.48958,1086
2022-12-09 01:00:00,0,0.3515742999341321,0.648425700065868,Hold,57.497547,57.704834,57.393906,57.585247,2928
2022-12-09 02:00:00,0,0.34030238882395414,0.6596976111760459,Hold,57.59322,57.601192,57.290264,57.521465,2513
2022-12-09 03:00:00,0,0.3133842022227009,0.6866157977772991,Hold,57.521465,57.617138,57.425797,57.43377,1869
2022-12-09 04:00:00,0,0.33771728362110487,0.6622827163788951,Hold,57.43377,57.457687,57.346073,57.346073,1004
2022-12-09 05:00:00,0,0.36710249923068533,0.6328975007693147,Hold,57.346073,57.545383,57.330128,57.330128,1409
2022-12-09 06:00:00,0,0.3346409451174174,0.6653590548825826,Hold,57.3381,57.457687,57.17865,57.43377,3051
2022-12-09 07:00:00,0,0.34688799129066733,0.6531120087093327,Hold,57.43377,57.46566,57.130814,57.314182,3714
2022-12-09 08:00:00,0,0.33452199224186535,0.6654780077581346,Hold,57.298237,57.481606,56.94745,57.17865,7996
2022-12-09 09:00:00,0,0.36242036346464046,0.6375796365353595,Hold,57.186623,57.784557,56.85975,57.704834,8130
2022-12-09 10:00:00,0,0.3439828775759787,0.6560171224240213,Hold,57.712807,57.84834,57.298237,57.473633,7117
2022-12-09 11:00:00,0,0.3375459012502199,0.6624540987497801,Hold,57.481606,57.609165,57.17865,57.258373,5419
2022-12-09 12:00:00,0,0.3648406085789632,0.6351593914210367,Hold,57.258373,57.56133,57.202568,57.43377,6167
2022-12-09 13:00:00,0,0.36522113194134564,0.6347788680586544,Hold,57.43377,58.13535,57.194595,57.864285,25283
2022-12-09 14:00:00,0,0.3602998138596811,0.6397001861403189,Hold,57.872257,57.912117,56.95542,57.473633,29019
2022-12-09 15:00:00,0,0.34850306996299774,0.6514969300370023,Hold,57.48958,57.92009,57.298237,57.69686,16072
2022-12-09 16:00:00,0,0.3637656700501097,0.6362343299498903,Hold,57.704834,58.039677,57.385933,57.497547,21030
2022-12-09 17:00:00,0,0.3775546058573545,0.6224453941426455,Hold,57.48958,57.529438,56.469097,56.556797,24750
2022-12-09 18:00:00,0,0.3357343071285663,0.6642656928714337,Hold,56.556797,56.73219,55.92697,56.110336,23648
2022-12-09 19:00:00,0,0.3450506130661535,0.6549493869338465,Hold,56.102364,57.14676,55.871162,57.12284,29102
2022-12-09 20:00:00,0,0.32545032240104943,0.6745496775989506,Hold,57.11487,57.14676,56.89164,56.94745,4664
2022-12-09 21:00:00,0,0.3505709949499204,0.6494290050500796,Hold,56.94745,57.07501,56.92353,57.07501,1492
2022-12-11 23:00:00,0,0.3749313316746173,0.6250686683253828,Hold,57.234455,57.656998,57.106895,57.30621,4235
2022-12-12 00:00:00,0,0.39596000705123385,0.6040399929487661,Hold,57.314182,57.577274,57.258373,57.449715,1639
2022-12-12 01:00:00,0,0.3735880181367203,0.6264119818632796,Hold,57.441742,57.449715,56.851776,57.003254,4139
2022-12-12 02:00:00,0,0.3953242588776851,0.6046757411223149,Hold,56.99528,57.05109,56.780025,57.027172,2646
2022-12-12 03:00:00,0,0.3906584806645869,0.609341519335413,Hold,57.05109,57.242428,57.003254,57.043118,1657
2022-12-12 04:00:00,0,0.4111941464004484,0.5888058535995516,Hold,57.043118,57.14676,57.0192,57.07501,808
2022-12-12 05:00:00,0,0.38968456087843334,0.6103154391215666,Hold,57.07501,57.266346,56.979336,57.12284,1209
2022-12-12 06:00:00,0,0.37749413718557256,0.6225058628144274,Hold,57.11487,57.258373,57.027172,57.15473,1769
2022-12-12 07:00:00,0,0.40398669978781504,0.596013300212185,Hold,57.138786,57.15473,56.851776,56.883667,3094
2022-12-12 08:00:00,0,0.4273847971614368,0.5726152028385632,Hold,56.883667,56.971367,56.25384,56.43721,10260
2022-12-12 09:00:00,0,0.40042253134706624,0.5995774686529338,Hold,56.43721,56.56477,56.062504,56.134254,6799
2022-12-12 10:00:00,0,0.4429064422399773,0.5570935577600227,Hold,56.134254,56.397346,56.006695,56.134254,5512
2022-12-12 11:00:00,0,0.4672131290964875,0.5327868709035125,Hold,56.142227,56.341537,56.02264,56.166145,5426
2022-12-12 12:00:00,0,0.4838862709247854,0.5161137290752146,Hold,56.158173,56.612602,56.078445,56.612602,7060
2022-12-12 13:00:00,0,0.4011359847787718,0.5988640152212281,Hold,56.60463,57.2504,56.596657,56.85975,16096
2022-12-12 14:00:00,0,0.4875721976739841,0.5124278023260159,Hold,56.86772,58.15129,56.588684,58.071568,30292
2022-12-12 15:00:00,0,0.5151081483768264,0.4848918516231736,Sell,58.071568,58.988403,58.04765,58.828953,34137
2022-12-12 16:00:00,0,0.49037863429965595,0.5096213657003441,Hold,58.8449,58.94854,58.23899,58.4383,22694
2022-12-12 17:00:00,0,0.4531898502761433,0.5468101497238567,Hold,58.43033,58.741257,58.02373,58.581806,14142
2022-12-12 18:00:00,0,0.46627594305917236,0.5337240569408277,Hold,58.581806,58.65356,58.199127,58.36655,10623
2022-12-12 19:00:00,0,0.470274898208758,0.529725101791242,Hold,58.350605,58.549915,58.13535,58.30277,17904
2022-12-12 20:00:00,0,0.48506934146496844,0.5149306585350315,Hold,58.31074,58.605724,58.27088,58.549915,3867
2022-12-12 21:00:00,0,0.4331471824309396,0.5668528175690604,Hold,58.557888,58.645588,58.43033,58.4383,1742
2022-12-12 23:00:00,0,0.4820951471881338,0.5179048528118662,Hold,58.43033,58.62167,58.43033,58.541943,915
2022-12-13 00:00:00,0,0.5326278078014743,0.46737219219852566,Sell,58.53397,58.59775,58.446274,58.573833,796
2022-12-13 01:00:00,0,0.5880154318416226,0.41198456815837736,Sell,58.573833,58.900707,58.478165,58.8449,3380
2022-12-13 02:00:00,0,0.6104267515297941,0.3895732484702059,Sell,58.85287,59.155827,58.805035,59.060154,3372
2022-12-13 03:00:00,0,0.5717130513762059,0.42828694862379413,Sell,59.060154,59.155827,58.94854,58.956512,2246
2022-12-13 04:00:00,0,0.6072759726909911,0.3927240273090089,Sell,58.964485,59.115963,58.892735,59.084072,1351
2022-12-13 05:00:00,0,0.5601385187178649,0.4398614812821351,Sell,59.092045,59.243523,59.020294,59.13988,2734
2022-12-13 06:00:00,0,0.5790394677823633,0.42096053221763674,Sell,59.13191,59.195686,58.996376,59.171772,1873
2022-12-13 07:00:00,0,0.5927679285880895,0.40723207141191053,Sell,59.1638,59.42689,59.10799,59.187714,3697
2022-12-13 08:00:00,0,0.5675263538250469,0.4324736461749531,Sell,59.195686,59.387028,58.932594,59.187714,9109
2022-12-13 09:00:00,0,0.5985460609023074,0.40145393909769256,Sell,59.187714,59.387028,58.757202,58.90868,8828
2022-12-13 10:00:00,0,0.5819223263576055,0.41807767364239445,Sell,58.92462,59.155827,58.677475,58.988403,5557
2022-12-13 11:00:00,0,0.5508976043876296,0.4491023956123704,Sell,58.988403,59.060154,58.526,58.645588,5289
2022-12-13 12:00:00,0,0.5657775481531088,0.43422245184689123,Sell,58.637615,58.797062,58.36655,58.78112,6454
2022-12-13 13:00:00,0,0.6190148144954173,0.3809851855045827,Sell,58.78112,59.68201,58.56586,59.498642,22498
2022-12-13 14:00:00,0,0.5984232525035753,0.4015767474964247,Sell,59.506615,60.29589,59.179745,59.857403,35967
2022-12-13 15:00:00,0,0.5901208327751425,0.4098791672248575,Sell,59.84943,59.984962,59.33919,59.61823,21968
2022-12-13 16:00:00,0,0.6431298306681369,0.3568701693318631,Sell,59.634174,60.64668,59.6262,60.590874,25992
2022-12-13 17:00:00,0,0.6004171402189225,0.39958285978107755,Sell,60.590874,60.885853,60.06469,60.072662,19102
2022-12-13 18:00:00,0,0.6002415912433903,0.39975840875660973,Sell,60.06469,60.62276,60.024826,60.335754,11195
2022-12-13 19:00:00,0,0.539602154778391,0.460397845221609,Sell,60.32778,60.463314,59.865376,60.200222,16558
2022-12-13 20:00:00,0,0.5693423104500551,0.4306576895499449,Sell,60.184277,60.31981,60.056717,60.088608,3177
2022-12-13 21:00:00,0,0.49685040566043864,0.5031495943395614,Hold,60.080635,60.144413,59.865376,59.992935,2295
2022-12-13 23:00:00,0,0.5455206732263121,0.45447932677368785,Sell,60.00888,60.056717,59.87335,59.953075,767
2022-12-14 00:00:00,0,0.47399991676235376,0.5260000832376462,Hold,59.945103,60.000908,59.729843,59.80957,1355
2022-12-14 01:00:00,0,0.49290202252095705,0.507097977479043,Hold,59.817543,59.992935,59.713898,59.833485,2693
2022-12-14 02:00:00,0,0.5100164914325006,0.4899835085674994,Sell,59.841457,59.97699,59.729843,59.90524,1712
2022-12-14 03:00:00,0,0.46739895130592984,0.5326010486940702,Hold,59.90524,60.06469,59.817543,59.961044,1428
2022-12-14 04:00:00,0,0.4618558015487176,0.5381441984512825,Hold,59.961044,60.0328,59.93713,59.984962,531
2022-12-14 05:00:00,0,0.4540333092677831,0.5459666907322169,Hold,59.992935,60.0328,59.825516,59.833485,972
2022-12-14 06:00:00,0,0.4501637767745004,0.5498362232254996,Hold,59.825516,59.93713,59.801598,59.87335,1221
2022-12-14 07:00:00,0,0.4517382977736866,0.5482617022263134,Hold,59.87335,60.16833,59.84943,60.096577,3474
2022-12-14 08:00:00,0,0.44985990364983713,0.5501400963501628,Hold,60.096577,60.256027,59.945103,60.120495,7355
2022-12-14 09:00:00,0,0.4901012335190627,0.5098987664809373,Hold,60.128468,60.287918,59.953075,60.24008,4826
2022-12-14 10:00:00,0,0.5257238343542268,0.47427616564577324,Sell,60.24008,60.798157,60.216167,60.718433,6835
2022-12-14 11:00:00,0,0.5562082466957358,0.44379175330426424,Sell,60.71046,60.981525,60.5829,60.80613,6462
2022-12-14 12:00:00,0,0.44398202680126575,0.5560179731987342,Hold,60.80613,60.814102,60.32778,60.383587,6637
2022-12-14 13:00:00,0,0.512298440863719,0.487701559136281,Sell,60.36764,60.77424,60.264,60.62276,10996
2022-12-14 14:00:00,0,0.5251881833511954,0.47481181664880456,Sell,60.614788,61.42001,60.566956,61.26056,25615
2022-12-14 15:00:00,0,0.4276243483881585,0.5723756516118415,Hold,61.26056,61.35623,60.335754,61.19678,29483
2022-12-14 16:00:00,0,0.44511474685235497,0.554885253147645,Hold,61.204754,61.786743,61.19678,61.64324,29304
2022-12-14 17:00:00,0,0.47742660444101664,0.5225733955589833,Hold,61.63527,61.986057,61.60338,61.858498,14162
2022-12-14 18:00:00,0,0.4413072448668709,0.5586927551331291,Hold,61.842552,61.96214,61.57946,61.619324,10601
2022-12-14 19:00:00,1,0.41315483130780506,0.5868451686921949,Hold,61.619324,61.850525,61.308395,61.699047,22004
2022-12-14 20:00:00,1,0.400807437294493,0.599192562705507,Hold,61.70702,61.978085,61.61135,61.67513,5993
2022-12-14 21:00:00,1,0.39239213788294314,0.6076078621170569,Hold,61.667156,61.786743,61.63527,61.722965,2141
2022-12-14 23:00:00,1,0.3999585260643844,0.6000414739356156,Hold,61.6831,61.699047,61.587433,61.60338,950
2022-12-15 00:00:00,0,0.36878888720215536,0.6312111127978446,Hold,61.595406,61.619324,61.47582,61.587433,789
2022-12-15 01:00:00,0,0.38176178656178894,0.6182382134382111,Hold,61.587433,61.627296,61.00544,61.021385,3346
2022-12-15 02:00:00,0,0.410428910105511,0.589571089894489,Hold,61.029358,61.156918,60.957607,61.00544,2300
2022-12-15 03:00:00,0,0.42399993531813557,0.5760000646818644,Hold,61.013412,61.148945,60.917744,61.09314,1257
2022-12-15 04:00:00,0,0.3751833217391467,0.6248166782608533,Hold,61.09314,61.101112,60.917744,61.00544,1061
2022-12-15 05:00:00,0,0.432471315607871,0.567528684392129,Hold,61.00544,61.148945,60.96558,61.101112,1080
2022-12-15 06:00:00,0,0.4139612947233243,0.5860387052766757,Hold,61.109085,61.212727,61.021385,61.077194,1514
2022-12-15 07:00:00,0,0.41045156489418316,0.5895484351058169,Hold,61.06922,61.172863,60.845993,60.973553,4087
2022-12-15 08:00:00,0,0.4518359719898867,0.5481640280101133,Hold,60.96558,61.29245,60.83802,61.172863,6584
2022-12-15 09:00:00,0,0.46879701922832706,0.5312029807716729,Hold,61.180836,61.427982,60.93369,61.427982,4266
2022-12-15 10:00:00,1,0.46317041909191026,0.5368295809080897,Hold,61.42001,61.754856,61.34826,61.667156,5102
2022-12-15 11:00:00,1,0.4058871415168273,0.5941128584831727,Hold,61.6831,62.002003,61.47582,61.627296,6100
2022-12-15 12:00:00,1,0.4167943963833505,0.5832056036166495,Hold,61.619324,61.778774,61.52365,61.65121,4110
2022-12-15 13:00:00,0,0.39353544319611494,0.6064645568038851,Hold,61.64324,61.778774,61.021385,61.133,10836
2022-12-15 14:00:00,0,0.37241545512678015,0.6275845448732198,Hold,61.140972,61.65121,60.614788,60.814102,20085
2022-12-15 15:00:00,0,0.354628543100697,0.645371456899303,Hold,60.80613,61.38015,60.758293,60.93369,10728
2022-12-15 16:00:00,0,0.36083488969792865,0.6391651103020713,Hold,60.925716,61.06125,60.056717,60.558983,19514
2022-12-15 17:00:00,1,0.34011228991416054,0.6598877100858395,Hold,60.55101,61.42001,60.42345,61.34826,12194
2022-12-15 18:00:00,1,0.32184769295241517,0.6781523070475848,Hold,61.35623,61.50771,61.077194,61.109085,9475
2022-12-15 19:00:00,1,0.36721198409328837,0.6327880159067116,Hold,61.117058,61.25259,60.57493,60.670597,14380
2022-12-15 20:00:00,1,0.37332396225438247,0.6266760377456175,Hold,60.662624,60.790184,60.590874,60.758293,3208
2022-12-15 21:00:00,1,0.4070581893134561,0.5929418106865438,Hold,60.75032,60.90977,60.67857,60.885853,980
2022-12-15 23:00:00,1,0.40647557418298297,0.593524425817017,Hold,60.885853,60.9018,60.75032,60.78221,312
2022-12-16 00:00:00,1,0.3434615614763887,0.6565384385236113,Hold,60.77424,60.77424,60.630733,60.670597,275
2022-12-16 01:00:00,1,0.406724876382453,0.593275123617547,Hold,60.686543,60.973553,60.65465,60.726406,555
2022-12-16 02:00:00,1,0.3574628446015286,0.6425371553984713,Hold,60.73438,61.045303,60.686543,60.96558,1411
2022-12-16 03:00:00,1,0.36179656390423365,0.6382034360957664,Hold,60.917744,60.917744,60.590874,60.62276,446
2022-12-16 04:00:00,1,0.3152030927706628,0.6847969072293372,Hold,60.662624,60.662624,60.399532,60.439396,448
2022-12-16 05:00:00,1,0.3437049611217094,0.6562950388782907,Hold,60.39156,60.558983,60.343727,60.558983,327
2022-12-16 06:00:00,1,0.3482264299180327,0.6517735700819673,Hold,60.57493,60.630733,60.39156,60.60682,356
2022-12-16 07:00:00,1,0.29123247902019206,0.7087675209798079,Hold,60.630733,60.718433,60.24008,60.279945,550
2022-12-16 08:00:00,0,0.28909441546641645,0.7109055845335835,Hold,60.264,60.375614,59.674038,59.80957,2482
2022-12-16 09:00:00,0,0.278033918808288,0.721966081191712,Hold,59.817543,59.817543,59.147854,59.195686,2511
2022-12-16 10:00:00,0,0.25884369185441847,0.7411563081455815,Hold,59.187714,59.26744,58.98043,59.1638,1428
2022-12-16 11:00:00,0,0.305844728341471,0.6941552716585291,Hold,59.171772,59.578365,59.044212,59.434864,1085
2022-12-16 12:00:00,0,0.3104836158513935,0.6895163841486065,Hold,59.46675,59.6262,59.115963,59.55445,1682
2022-12-16 13:00:00,0,0.3096795982770138,0.6903204017229863,Hold,59.54648,59.634174,58.8449,58.900707,2975
2022-12-16 14:00:00,0,0.3328990072730124,0.6671009927269875,Hold,58.90868,59.45878,58.46222,59.347164,6503
2022-12-16 15:00:00,0,0.28690486822034544,0.7130951317796546,Hold,59.355137,59.379055,58.613697,58.709366,3566
2022-12-16 16:00:00,0,0.28240620154195206,0.7175937984580479,Hold,58.71734,59.33919,58.669502,59.05218,3399
2022-12-16 17:00:00,0,0.26266778513299005,0.73733221486701,Hold,59.05218,60.335754,58.964485,59.0761,9063
2022-12-16 18:00:00,0,0.22666220916333052,0.7733377908366694,Hold,59.084072,59.586338,59.084072,59.21163,1930
2022-12-16 19:00:00,0,0.22442007690241797,0.7755799230975821,Hold,59.227577,59.474724,59.01232,59.20366,5108
2022-12-16 20:00:00,0,0.2415000949132493,0.7584999050867507,Hold,59.21163,59.26744,59.0761,59.227577,498
2022-12-16 21:00:00,0,0.2904603621364085,0.7095396378635914,Hold,59.227577,59.395,59.227577,59.395,348
2022-12-18 23:00:00,0,0.3168611682317689,0.6831388317682311,Hold,59.395,59.761734,59.155827,59.737816,321
2022-12-19 00:00:00,0,0.34989337992896474,0.6501066200710353,Hold,59.737816,59.92072,59.57082,59.70601,2022
2022-12-19 01:00:00,0,0.3961263011953144,0.6038736988046856,Hold,59.71396,60.389908,59.61853,60.175194,5184
2022-12-19 02:00:00,0,0.33110080013698096,0.668899199863019,Hold,60.16724,60.278576,59.936626,60.06386,1828
2022-12-19 03:00:00,0,0.32923248038995057,0.6707675196100494,Hold,60.05591,60.079765,59.873005,59.88096,1223
2022-12-19 04:00:00,0,0.31648522648404626,0.6835147735159537,Hold,59.873005,59.91277,59.78553,59.833244,932
2022-12-19 05:00:00,0,0.362030954104205,0.637969045895795,Hold,59.81734,59.82529,59.586723,59.642387,1843
2022-12-19 06:00:00,0,0.3825165625684786,0.6174834374315215,Hold,59.634438,59.729866,59.49925,59.61058,1904
2022-12-19 07:00:00,0,0.388883984125093,0.6111160158749069,Hold,59.602627,59.634438,59.41177,59.491295,2610
2022-12-19 08:00:00,0,0.3426449996165959,0.6573550003834041,Hold,59.491295,59.5072,58.871014,59.387917,9037
2022-12-19 09:00:00,0,0.3733903210867908,0.6266096789132092,Hold,59.37201,59.984337,59.30839,59.65034,6585
2022-12-19 10:00:00,0,0.3499277186648685,0.6500722813351315,Hold,59.642387,59.91277,59.40382,59.467438,4897
2022-12-19 11:00:00,0,0.39692212172147057,0.6030778782785294,Hold,59.467438,59.721912,59.37201,59.562866,4297
2022-12-19 12:00:00,0,0.3987069598517954,0.6012930401482046,Hold,59.554913,59.944576,59.47539,59.642387,4578
2022-12-19 13:00:00,0,0.43048586284446005,0.5695141371555399,Hold,59.658295,60.151337,59.44358,59.849148,10400
2022-12-19 14:00:00,0,0.5107977247558387,0.48920227524416127,Sell,59.849148,60.57281,59.74577,60.25472,22186
2022-12-19 15:00:00,0,0.3559374616910381,0.6440625383089619,Hold,60.246765,60.477383,59.133442,59.252724,21381
2022-12-19 16:00:00,0,0.5384535002562079,0.46154649974379214,Sell,59.260677,60.493286,59.133442,60.421715,26809
2022-12-19 17:00:00,0,0.4215202943358153,0.5784797056641847,Hold,60.421715,60.946568,60.103622,60.318336,19774
2022-12-19 18:00:00,0,0.4403571083963445,0.5596428916036555,Hold,60.318336,60.485336,60.191097,60.40581,7689
2022-12-19 19:00:00,0,0.3714685406657853,0.6285314593342147,Hold,60.413765,60.46148,59.896862,60.040005,16275
2022-12-19 20:00:00,0,0.4664655215295501,0.5335344784704499,Hold,60.040005,60.437622,60.0241,60.381954,3976
2022-12-19 21:00:00,0,0.4607459699269393,0.5392540300730607,Hold,60.381954,60.421715,60.286526,60.32629,1466
2022-12-19 23:00:00,0,0.47023335382368137,0.5297666461763186,Hold,60.25472,60.389908,60.19905,60.342194,1009
2022-12-20 00:00:00,0,0.45062637256421223,0.5493736274357878,Hold,60.342194,60.389908,60.222908,60.358097,1087
2022-12-20 01:00:00,0,0.4841358651745769,0.5158641348254231,Hold,60.358097,60.827286,60.342194,60.77957,3123
2022-12-20 02:00:00,0,0.4315405049222583,0.5684594950777417,Hold,60.77957,60.795475,60.548954,60.660286,1707
2022-12-20 03:00:00,0,0.4005596536126384,0.5994403463873617,Hold,60.660286,60.692097,60.25472,60.318336,3801
2022-12-20 04:00:00,0,0.3903727014214792,0.6096272985785208,Hold,60.302433,60.33424,60.06386,60.143383,1820
2022-12-20 05:00:00,0,0.3927351901927504,0.6072648098072496,Hold,60.135433,60.19905,59.88096,60.143383,2514
2022-12-20 06:00:00,0,0.42782760027741923,0.5721723997225807,Hold,60.135433,60.453526,59.99229,60.25472,3597
2022-12-20 07:00:00,0,0.3778031326146743,0.6221968673853258,Hold,60.26267,60.381954,59.729866,59.841198,4992
2022-12-20 08:00:00,0,0.4006966587489655,0.5993033412510345,Hold,59.841198,60.103622,59.395866,59.95253,11920
2022-12-20 09:00:00,0,0.489807465481691,0.5101925345183089,Hold,59.96048,60.700047,59.74577,60.652332,9329
2022-12-20 10:00:00,0,0.41672241589244347,0.5832775841075566,Hold,60.652332,60.859093,60.26267,60.477383,8214
2022-12-20 11:00:00,0,0.4143358101637565,0.5856641898362436,Hold,60.485336,60.541,60.08772,60.175194,4685
2022-12-20 12:00:00,0,0.4321454256071697,0.5678545743928303,Hold,60.16724,60.50124,60.095673,60.135433,4772
2022-12-20 13:00:00,0,0.5098768578159039,0.49012314218409614,Sell,60.143383,60.771618,60.135433,60.63643,9791
2022-12-20 14:00:00,0,0.40501043338088644,0.5949895666191136,Hold,60.644382,60.739807,60.000244,60.525097,16774
2022-12-20 15:00:00,0,0.4286398556844362,0.5713601443155638,Hold,60.525097,60.63643,60.19905,60.318336,13150
2022-12-20 16:00:00,0,0.4058813225689418,0.5941186774310582,Hold,60.32629,60.493286,59.554913,59.841198,24767
2022-12-20 17:00:00,0,0.41766089237528037,0.5823391076247196,Hold,59.849148,60.302433,59.212963,60.278576,20318
2022-12-20 18:00:00,0,0.410259139102245,0.589740860897755,Hold,60.278576,61.201042,60.23086,61.097664,19765
2022-12-20 19:00:00,0,0.35472218221975305,0.645277817780247,Hold,61.105614,61.169235,60.389908,60.517143,19140
2022-12-20 20:00:00,0,0.38915705330742933,0.6108429466925707,Hold,60.517143,60.620525,60.397858,60.509193,3528
2022-12-20 21:00:00,0,0.381907353718961,0.618092646281039,Hold,60.50124,60.588715,60.36605,60.453526,1562
2022-12-20 23:00:00,0,0.40526882637452266,0.5947311736254773,Hold,60.42967,60.652332,60.40581,60.564857,952
2022-12-21 00:00:00,0,0.4260792082634171,0.573920791736583,Hold,60.57281,60.71595,60.556904,60.660286,758
2022-12-21 01:00:00,0,0.4497044905521214,0.5502955094478785,Hold,60.652332,60.859093,60.58076,60.81138,2698
2022-12-21 02:00:00,0,0.45264088060436275,0.5473591193956373,Hold,60.819332,60.84319,60.692097,60.80343,1389
2022-12-21 03:00:00,0,0.41377874272337883,0.5862212572766212,Hold,60.80343,60.827286,60.59667,60.684143,1663
2022-12-21 04:00:00,0,0.4224212155346261,0.5775787844653739,Hold,60.67619,60.684143,60.556904,60.59667,1020
2022-12-21 05:00:00,0,0.4455112771518979,0.5544887228481021,Hold,60.59667,60.755714,60.437622,60.74776,2404
2022-12-21 06:00:00,0,0.44369118026564747,0.5563088197343525,Hold,60.74776,60.906807,60.644382,60.71595,2271
2022-12-21 07:00:00,0,0.4293875714001179,0.5706124285998821,Hold,60.708,60.708,60.286526,60.318336,4728
2022-12-21 08:00:00,0,0.49498833048822577,0.5050116695117742,Hold,60.318336,60.755714,60.278576,60.692097,9051
2022-12-21 09:00:00,0,0.5283897447741905,0.47161025522580946,Sell,60.692097,61.280567,60.652332,61.16128,9311
2022-12-21 10:00:00,0,0.503648658968023,0.496351341031977,Sell,61.16128,61.50323,61.113567,61.16128,6895
2022-12-21 11:00:00,0,0.5079126912227668,0.49208730877723317,Sell,61.16128,61.988323,61.153328,61.80542,13218
2022-12-21 12:00:00,0,0.4879448392350033,0.5120551607649967,Hold,61.821323,62.067844,61.59866,61.964466,8931
2022-12-21 13:00:00,0,0.4080235034946673,0.5919764965053327,Hold,61.98037,62.163273,61.725895,61.924706,11189
2022-12-21 14:00:00,0,0.4000815162009805,0.5999184837990195,Hold,61.932655,62.0917,61.725895,61.94061,17870
2022-12-21 15:00:00,0,0.36526518941922176,0.6347348105807782,Hold,61.94061,62.4257,61.67818,62.075798,24024
2022-12-21 16:00:00,0,0.3960839753054476,0.6039160246945524,Hold,62.075798,62.32232,61.70999,62.099655,19188
2022-12-21 17:00:00,0,0.36762888370752406,0.6323711162924759,Hold,62.0917,62.298462,61.996277,62.234844,11496
2022-12-21 18:00:00,0,0.3747708697354189,0.6252291302645812,Hold,62.242798,62.38594,62.08375,62.234844,9909
2022-12-21 19:00:00,0,0.3957019634720682,0.6042980365279318,Hold,62.242798,62.417747,62.203037,62.370033,17446
2022-12-21 20:00:00,0,0.38721088545641835,0.6127891145435816,Hold,62.370033,62.513176,62.306416,62.409794,5434
2022-12-21 21:00:00,0,0.3680151862539597,0.6319848137460403,Hold,62.409794,62.4257,62.338226,62.362083,2137
2022-12-21 23:00:00,0,0.36195682940114693,0.6380431705988531,Hold,62.370033,62.46546,62.306416,62.409794,737
2022-12-22 00:00:00,0,0.382460751327783,0.617539248672217,Hold,62.409794,62.65632,62.370033,62.624508,1640
2022-12-22 01:00:00,0,0.3427289139563989,0.6572710860436011,Hold,62.624508,62.704033,62.4257,62.576794,3697
2022-12-22 02:00:00,0,0.3804416808891585,0.6195583191108416,Hold,62.584747,62.719936,62.56089,62.66427,2076
2022-12-22 03:00:00,0,0.34119942800635067,0.6588005719936494,Hold,62.66427,62.69608,62.44956,62.56089,1971
2022-12-22 04:00:00,0,0.35794334902289343,0.6420566509771066,Hold,62.568844,62.66427,62.56089,62.624508,713
2022-12-22 05:00:00,0,0.3482914680114335,0.6517085319885665,Hold,62.624508,62.648365,62.48932,62.513176,928
2022-12-22 06:00:00,0,0.3273932224274503,0.6726067775725497,Hold,62.513176,62.576794,62.346176,62.38594,1560
2022-12-22 07:00:00,0,0.39334454356746207,0.6066554564325379,Hold,62.38594,62.56089,62.338226,62.481365,2184
2022-12-22 08:00:00,0,0.4169675466211791,0.5830324533788209,Hold,62.473415,62.743793,62.266655,62.65632,7654
2022-12-22 09:00:00,1,0.5148244439099093,0.48517555609009066,Sell,62.66427,63.332264,62.65632,63.28455,10705
2022-12-22 10:00:00,1,0.46756731765220433,0.5324326823477956,Hold,63.2766,63.539024,63.053932,63.37998,7342
2022-12-22 11:00:00,1,0.49656809464981966,0.5034319053501803,Hold,63.38793,63.499264,63.260693,63.39588,4523
2022-12-22 12:00:00,1,0.4782329288424807,0.5217670711575193,Hold,63.403835,63.515167,63.117554,63.236835,6178
2022-12-22 13:00:00,0,0.37512841313178336,0.6248715868682166,Hold,63.236835,63.332264,62.417747,62.719936,13820
2022-12-22 14:00:00,0,0.4081504821055567,0.5918495178944433,Hold,62.72789,63.2766,62.46546,62.855125,20601
2022-12-22 15:00:00,0,0.42993858120349815,0.5700614187965019,Hold,62.855125,62.855125,61.686134,61.76566,27281
2022-12-22 16:00:00,0,0.3964900153715743,0.6035099846284258,Hold,61.757706,62.46546,61.686134,62.2587,16838
2022-12-22 17:00:00,0,0.4325112819927923,0.5674887180072077,Hold,62.250748,62.306416,61.304424,61.36009,14766
2022-12-22 18:00:00,0,0.4498116667176508,0.5501883332823492,Hold,61.36009,61.63047,61.25671,61.3919,12053
2022-12-22 19:00:00,0,0.4201340851803795,0.5798659148196206,Hold,61.383945,62.099655,61.368042,62.036037,14224
2022-12-22 20:00:00,0,0.42231916730621755,0.5776808326937825,Hold,62.028084,62.21894,61.996277,62.14737,3054
2022-12-22 21:00:00,0,0.4648909498095609,0.5351090501904391,Hold,62.14737,62.242798,62.131466,62.21894,1291
2022-12-22 23:00:00,0,0.397189512876479,0.6028104871235209,Hold,62.171227,62.441605,62.171227,62.39389,891
2022-12-23 00:00:00,0,0.4661954778820174,0.5338045221179826,Hold,62.38594,62.43365,62.155323,62.234844,1073
2022-12-23 01:00:00,0,0.45987570480256185,0.5401242951974381,Hold,62.22689,62.43365,62.059895,62.39389,2734
2022-12-23 02:00:00,0,0.4501569561954748,0.5498430438045252,Hold,62.39389,62.60065,62.195084,62.210987,2655
2022-12-23 03:00:00,0,0.46933583811036417,0.5306641618896358,Hold,62.203037,62.32232,62.17918,62.242798,1410
2022-12-23 04:00:00,0,0.44666988932285806,0.553330110677142,Hold,62.242798,62.64041,62.067844,62.31437,5177
2022-12-23 05:00:00,0,0.4482337918457409,0.5517662081542591,Hold,62.31437,62.330273,62.163273,62.2587,1195
2022-12-23 06:00:00,0,0.4386241683982339,0.5613758316017661,Hold,62.266655,62.31437,62.01218,62.123512,1718
2022-12-23 07:00:00,0,0.39977512664527265,0.6002248733547273,Hold,62.139416,62.38594,62.123512,62.274605,2340
2022-12-23 08:00:00,0,0.4155564475145392,0.5844435524854608,Hold,62.28256,62.576794,62.131466,62.38594,4791
2022-12-23 09:00:00,0,0.43921098109041995,0.5607890189095801,Hold,62.38594,62.9426,62.38594,62.86308,7322
2022-12-23 10:00:00,0,0.44345770396607354,0.5565422960339265,Hold,62.87103,63.093697,62.72789,62.791508,5546
2022-12-23 11:00:00,0,0.48827270683013546,0.5117272931698645,Hold,62.791508,63.18117,62.608604,62.97441,6569
2022-12-23 12:00:00,0,0.4805872395382905,0.5194127604617095,Hold,62.966457,63.348167,62.473415,63.045982,11700
2022-12-23 13:00:00,0,0.528095668196184,0.47190433180381597,Sell,63.045982,63.38793,62.97441,63.173218,11428
2022-12-23 14:00:00,0,0.5165889076123575,0.48341109238764246,Sell,63.18117,63.61855,63.165264,63.37998,17579
2022-12-23 15:00:00,0,0.4828183873886932,0.5171816126113068,Hold,63.38793,63.880974,63.35612,63.459503,19437
2022-12-23 16:00:00,0,0.44046634512397226,0.5595336548760277,Hold,63.467453,63.682167,63.125504,63.308407,16194
2022-12-23 17:00:00,0,0.5377646318508194,0.46223536814918065,Sell,63.308407,63.69012,63.2766,63.539024,10153
2022-12-23 18:00:00,0,0.4259624214722646,0.5740375785277354,Hold,63.539024,63.594692,63.21298,63.236835,9374
2022-12-23 19:00:00,0,0.45131191055188796,0.5486880894481121,Hold,63.236835,63.49131,62.93465,63.364075,23821
2022-12-23 20:00:00,0,0.4648009353155792,0.5351990646844208,Hold,63.364075,63.39588,63.165264,63.35612,2384
2022-12-23 21:00:00,0,0.48319008197947644,0.5168099180205236,Hold,63.348167,63.37998,63.061886,63.101646,1877
2022-12-26 23:00:00,1,0.5128547727248242,0.48714522727517584,Sell,63.539024,64.461494,63.539024,64.38197,4732
2022-12-27 00:00:00,0,0.49999710832996225,0.5000028916700378,Hold,64.38992,64.39787,63.93664,63.952545,1707
2022-12-27 01:00:00,0,0.486532486224188,0.513467513775812,Hold,63.952545,64.03207,63.674213,63.992306,4684
2022-12-27 02:00:00,0,0.46262028539119154,0.5373797146088084,Hold,63.992306,64.04002,63.82531,63.888927,1529
2022-12-27 03:00:00,0,0.43857204977540715,0.5614279502245929,Hold,63.888927,63.888927,63.56288,63.610596,2020
2022-12-27 04:00:00,0,0.4834107040455322,0.5165892959544678,Hold,63.602642,63.713978,63.49131,63.706024,1393
2022-12-27 05:00:00,0,0.508241440272141,0.491758559727859,Sell,63.706024,63.90483,63.61855,63.82531,2241
2022-12-27 06:00:00,0,0.5279419088767465,0.4720580911232535,Sell,63.83326,63.873024,63.713978,63.801453,1316
2022-12-27 07:00:00,0,0.5146737150748534,0.4853262849251466,Sell,63.809402,63.86507,63.41974,63.546978,3366
2022-12-27 08:00:00,0,0.5417263813698858,0.4582736186301142,Sell,63.546978,63.713978,63.085743,63.35612,8639
2022-12-27 09:00:00,0,0.4910363235646252,0.5089636764353749,Hold,63.372025,63.69012,63.2766,63.634453,5631
2022-12-27 10:00:00,0,0.49671165624480834,0.5032883437551916,Hold,63.650356,64.00821,63.642406,63.849167,5661
2022-12-27 11:00:00,0,0.4658976362493785,0.5341023637506215,Hold,63.857117,63.96845,63.76964,63.777596,2602
2022-12-27 12:00:00,0,0.5055508788700515,0.49444912112994854,Sell,63.76964,63.849167,63.45155,63.507217,5159
2022-12-27 13:00:00,0,0.5148947008492247,0.48510529915077527,Sell,63.499264,63.83326,63.39588,63.475407,8580
2022-12-27 14:00:00,0,0.5008717428508077,0.4991282571491923,Sell,63.48336,63.873024,63.18117,63.602642,17508
2022-12-27 15:00:00,0,0.5159376091154645,0.4840623908845355,Sell,63.610596,64.27064,63.570835,63.928688,15115
2022-12-27 16:00:00,1,0.4833853176145137,0.5166146823854862,Hold,63.93664,64.43764,63.817356,64.38197,14741
2022-12-27 17:00:00,1,0.4446964662629393,0.5553035337370607,Hold,64.38197,64.55692,64.04797,64.294495,11204
2022-12-27 18:00:00,1,0.5425044270189465,0.4574955729810535,Sell,64.286545,64.3263,63.721928,63.75374,10359
2022-12-27 19:00:00,1,0.479038061130535,0.5209619388694651,Hold,63.76169,63.880974,62.950554,63.24479,20159
2022-12-27 20:00:00,1,0.5027970833068314,0.49720291669316863,Sell,63.24479,63.41974,63.1096,63.39588,2432
2022-12-27 21:00:00,1,0.49597097718785504,0.5040290228121449,Hold,63.38793,63.554928,63.31636,63.515167,1647
2022-12-27 23:00:00,1,0.45803789579407533,0.5419621042059246,Hold,63.53107,63.554928,63.38793,63.427692,956
2022-12-28 00:00:00,1,0.4606025309623956,0.5393974690376044,Hold,63.41974,63.435646,63.31636,63.403835,641
2022-12-28 01:00:00,1,0.4709563507808368,0.5290436492191632,Hold,63.39588,63.515167,63.21298,63.31636,2142
2022-12-28 02:00:00,1,0.4955958673904412,0.5044041326095587,Hold,63.308407,63.45155,63.2766,63.31636,1432
2022-12-28 03:00:00,1,0.47789217071753454,0.5221078292824655,Hold,63.324314,63.364075,63.236835,63.332264,1099
2022-12-28 04:00:00,1,0.48269096707881776,0.5173090329211822,Hold,63.340218,63.364075,63.28455,63.308407,647
2022-12-28 05:00:00,1,0.4395936005200767,0.5604063994799233,Hold,63.31636,63.324314,63.093697,63.14141,1577
2022-12-28 06:00:00,1,0.43945272487392495,0.560547275126075,Hold,63.14141,63.14936,62.98236,63.045982,2734
2022-12-28 07:00:00,0,0.4183139458207722,0.5816860541792278,Hold,63.053932,63.117554,62.83127,62.93465,3806
2022-12-28 08:00:00,0,0.40529603790008467,0.5947039620999153,Hold,62.9426,62.990314,62.338226,62.568844,10152
2022-12-28 09:00:00,0,0.47770526935463037,0.5222947306453696,Hold,62.576794,62.990314,62.568844,62.9426,6405
2022-12-28 10:00:00,0,0.4436564590273004,0.5563435409726996,Hold,62.950554,63.093697,62.680176,62.711983,4811
2022-12-28 11:00:00,1,0.49427391500917034,0.5057260849908296,Hold,62.69608,63.157314,62.592697,63.053932,4953
2022-12-28 12:00:00,1,0.5007437210731388,0.4992562789268612,Sell,63.06984,63.18912,62.910793,63.101646,4263
2022-12-28 13:00:00,0,0.504896037547095,0.495103962452905,Sell,63.101646,63.173218,62.680176,62.711983,6746
2022-12-28 14:00:00,0,0.44897453636236573,0.5510254636376343,Hold,62.711983,63.37998,61.84518,62.01218,26501
2022-12-28 15:00:00,0,0.4358584039968961,0.5641415960031039,Hold,62.01218,62.195084,61.487328,61.686134,25273
2022-12-28 16:00:00,0,0.3998578245649081,0.600142175435092,Hold,61.67818,62.346176,61.47142,62.123512,18507
2022-12-28 17:00:00,0,0.4358784717883303,0.5641215282116697,Hold,62.131466,62.409794,61.88494,62.290512,10186
2022-12-28 18:00:00,0,0.43634880195034026,0.5636511980496597,Hold,62.290512,62.56089,62.036037,62.22689,11099
2022-12-28 19:00:00,0,0.3704190611307674,0.6295809388692326,Hold,62.234844,62.910793,62.17918,62.680176,17107
2022-12-28 20:00:00,0,0.37937493214128226,0.6206250678587177,Hold,62.680176,62.680176,62.46546,62.544987,3329
2022-12-28 21:00:00,0,0.42209784485337554,0.5779021551466245,Hold,62.537033,62.719936,62.52908,62.711983,1044
2022-12-28 23:00:00,0,0.4205711469258218,0.5794288530741782,Hold,62.680176,62.680176,62.457508,62.505222,721
2022-12-29 00:00:00,0,0.43390559452920574,0.5660944054707943,Hold,62.497272,62.52908,62.35413,62.513176,762
2022-12-29 01:00:00,0,0.44694495286239044,0.5530550471376096,Hold,62.52113,62.552937,62.28256,62.377987,2430
2022-12-29 02:00:00,0,0.490214479961205,0.5097855200387951,Hold,62.377987,62.44956,62.32232,62.401844,1042
2022-12-29 03:00:00,0,0.4233696807974437,0.5766303192025564,Hold,62.401844,62.568844,62.401844,62.537033,1178
2022-12-29 04:00:00,1,0.45758757613670065,0.5424124238632994,Hold,62.544987,62.680176,62.52113,62.63246,886
2022-12-29 05:00:00,0,0.47885649556396054,0.5211435044360395,Hold,62.63246,62.64041,62.298462,62.346176,1888
2022-12-29 06:00:00,0,0.48211131882401265,0.5178886811759873,Hold,62.338226,62.43365,62.203037,62.21894,1339
2022-12-29 07:00:00,0,0.5259451956208323,0.4740548043791677,Sell,62.22689,62.290512,61.948563,61.98037,2533
2022-12-29 08:00:00,0,0.5165554326756695,0.4834445673243305,Sell,61.98037,61.996277,61.105614,61.201042,11748
2022-12-29 09:00:00,0,0.5359666275187619,0.4640333724812381,Sell,61.201042,61.622517,61.065853,61.622517,8155
2022-12-29 10:00:00,0,0.5046233666224549,0.4953766333775451,Sell,61.614563,61.97242,61.383945,61.853134,6500
2022-12-29 11:00:00,0,0.49210857613829245,0.5078914238617076,Hold,61.869038,62.08375,61.757706,61.964466,3919
2022-12-29 12:00:00,0,0.4864988111212899,0.5135011888787101,Hold,61.97242,62.242798,61.77361,62.131466,6694
2022-12-29 13:00:00,0,0.5013796072404213,0.4986203927595787,Sell,62.123512,62.39389,61.87699,62.290512,9251
2022-12-29 14:00:00,0,0.505714300295304,0.49428569970469605,Sell,62.290512,62.409794,61.272614,61.853134,26519
2022-12-29 15:00:00,0,0.4275732275491901,0.5724267724508099,Hold,61.84518,61.956512,61.455517,61.662277,13632
2022-12-29 16:00:00,0,0.3992929033311127,0.6007070966688872,Hold,61.654324,62.266655,61.3919,62.075798,20631
2022-12-29 17:00:00,0,0.41799114061228426,0.5820088593877157,Hold,62.08375,62.203037,61.63047,61.757706,9779
2022-12-29 18:00:00,0,0.41852429327013185,0.5814757067298681,Hold,61.749752,62.0917,61.749752,61.829277,6113
2022-12-29 19:00:00,0,0.4367522033873181,0.5632477966126819,Hold,61.821323,62.592697,61.789516,62.274605,16840
2022-12-29 20:00:00,0,0.43652958164311,0.5634704183568899,Hold,62.274605,62.52113,62.266655,62.52113,3406
2022-12-29 21:00:00,0,0.43358609226054673,0.5664139077394532,Hold,62.52908,62.64041,62.457508,62.592697,2491
2022-12-29 23:00:00,0,0.40172410158263616,0.5982758984173638,Hold,62.608604,62.63246,62.32232,62.505222,1220
2022-12-30 00:00:00,0,0.4394567301549575,0.5605432698450425,Hold,62.505222,62.672222,62.473415,62.552937,1024
2022-12-30 01:00:00,0,0.46228520958198577,0.5377147904180142,Hold,62.552937,62.743793,62.513176,62.69608,1915
2022-12-30 02:00:00,0,0.4313525875894274,0.5686474124105726,Hold,62.69608,62.704033,62.43365,62.46546,1188
2022-12-30 03:00:00,0,0.3842871724046048,0.6157128275953951,Hold,62.46546,62.576794,62.2587,62.338226,1596
2022-12-30 04:00:00,0,0.44704532824517745,0.5529546717548226,Hold,62.338226,62.680176,62.0917,62.624508,3798
2022-12-30 05:00:00,0,0.4630735167560699,0.5369264832439301,Hold,62.624508,62.759697,62.52908,62.743793,1675
2022-12-30 06:00:00,0,0.47315290867623394,0.5268470913237661,Hold,62.751747,62.76765,62.537033,62.69608,1901
2022-12-30 07:00:00,0,0.4461113838529689,0.5538886161470311,Hold,62.704033,62.84717,62.481365,62.544987,3004
2022-12-30 08:00:00,0,0.4692847530796742,0.5307152469203258,Hold,62.552937,62.878983,62.544987,62.680176,5384
2022-12-30 09:00:00,0,0.4429960137984684,0.5570039862015316,Hold,62.680176,62.688126,61.797466,61.996277,8855
2022-12-30 10:00:00,0,0.43224675861022,0.56775324138978,Hold,61.988323,62.409794,61.869038,62.242798,5521
2022-12-30 11:00:00,0,0.4564182543836907,0.5435817456163092,Hold,62.242798,62.441605,62.171227,62.35413,3519
2022-12-30 12:00:00,0,0.42331878897605046,0.5766812110239495,Hold,62.35413,62.497272,61.924706,62.123512,6422
2022-12-30 13:00:00,0,0.45909513134678265,0.5409048686532174,Hold,62.131466,62.338226,61.98037,62.234844,5722
2022-12-30 14:00:00,0,0.4613119613557783,0.5386880386442217,Hold,62.22689,63.220932,61.813374,63.1096,23616
2022-12-30 15:00:00,0,0.4073125423937651,0.5926874576062349,Hold,63.1096,63.157314,62.568844,62.69608,13244
2022-12-30 16:00:00,0,0.45935186187387894,0.540648138126121,Hold,62.688126,62.93465,62.584747,62.83127,8818
2022-12-30 17:00:00,0,0.4232521977517959,0.5767478022482041,Hold,62.823315,63.125504,62.823315,62.990314,9742
2022-12-30 18:00:00,0,0.4154051059109199,0.5845948940890802,Hold,62.990314,63.125504,62.66427,63.093697,11927
2022-12-30 19:00:00,0,0.3878452626013741,0.6121547373986259,Hold,63.101646,64.00026,63.022125,63.984356,28092
2022-12-30 20:00:00,0,0.3126252174475931,0.6873747825524069,Hold,63.984356,64.07978,63.817356,63.920734,3355
2022-12-30 21:00:00,0,0.34129921260840684,0.6587007873915931,Hold,63.920734,64.15135,63.849167,64.02412,1968
2023-01-02 23:00:00,0,0.30718358382571603,0.692816416174284,Hold,64.07183,64.23883,63.75374,63.96845,2096
2023-01-03 00:00:00,0,0.28660752823016605,0.7133924717698339,Hold,63.976402,64.04797,63.785545,63.817356,1181
2023-01-03 01:00:00,0,0.26295314535641706,0.7370468546435829,Hold,63.817356,63.920734,63.125504,63.292503,6227
2023-01-03 02:00:00,0,0.2842260882760821,0.7157739117239179,Hold,63.300457,63.578785,63.07779,63.578785,3226
2023-01-03 03:00:00,0,0.26105916630885345,0.7389408336911465,Hold,63.578785,63.72988,63.459503,63.650356,1989
2023-01-03 04:00:00,0,0.2699754175663814,0.7300245824336187,Hold,63.65831,63.674213,63.52312,63.53107,895
2023-01-03 05:00:00,0,0.35034536027873814,0.6496546397212619,Hold,63.52312,63.984356,63.443596,63.952545,2360
2023-01-03 06:00:00,0,0.3258017137117602,0.6741982862882399,Hold,63.94459,64.05592,63.841213,64.04797,1944
2023-01-03 07:00:00,0,0.3842519262835473,0.6157480737164527,Hold,64.04797,64.35016,63.984356,64.35016,4433
2023-01-03 08:00:00,1,0.3766895946204891,0.6233104053795109,Hold,64.35016,64.81139,63.96845,64.199066,15393
2023-01-03 09:00:00,1,0.3467735748784689,0.6532264251215312,Hold,64.207016,64.3104,63.83326,63.9605,6474
2023-01-03 10:00:00,0,0.4278115491310637,0.5721884508689363,Hold,63.96845,63.992306,62.688126,62.743793,12753
2023-01-03 11:00:00,1,0.45704747621384945,0.5429525237861506,Hold,62.72789,63.24479,62.648365,62.93465,9497
2023-01-03 12:00:00,1,0.4174606108734618,0.5825393891265382,Hold,62.926697,63.31636,62.855125,62.98236,4937
2023-01-03 13:00:00,1,0.4239761892045793,0.5760238107954208,Hold,62.990314,63.435646,62.918743,63.20503,11296
2023-01-03 14:00:00,1,0.3649395210050971,0.6350604789949029,Hold,63.20503,63.435646,62.10761,63.01417,35495
2023-01-03 15:00:00,1,0.3531637641354295,0.6468362358645705,Hold,63.01417,63.372025,62.32232,62.815365,21296
2023-01-03 16:00:00,1,0.30629455747684775,0.6937054425231522,Hold,62.823315,63.053932,61.447567,61.574802,32777
2023-01-03 17:00:00,1,0.3354389402351171,0.6645610597648829,Hold,61.56685,62.0917,61.50323,61.988323,17397
2023-01-03 18:00:00,1,0.3289932190663892,0.6710067809336109,Hold,61.988323,62.10761,61.702038,61.80542,11180
2023-01-03 19:00:00,1,0.33703805636561784,0.6629619436343821,Hold,61.797466,61.829277,60.91476,61.16128,36478
2023-01-03 20:00:00,1,0.3680945567963701,0.63190544320363,Hold,61.169235,61.479374,61.16128,61.407803,5190
2023-01-03 21:00:00,1,0.3269992982940098,0.6730007017059902,Hold,61.407803,61.439613,61.312374,61.399853,1559
2023-01-03 23:00:00,1,0.33982519498758645,0.6601748050124135,Hold,61.43166,61.439613,61.105614,61.304424,1447
2023-01-04 00:00:00,1,0.30291054633953984,0.6970894536604602,Hold,61.29647,61.407803,61.264664,61.344185,1275
2023-01-04 01:00:00,1,0.2789121639157395,0.7210878360842605,Hold,61.33623,61.56685,60.88295,61.057903,4983
2023-01-04 02:00:00,1,0.2956786884357203,0.7043213115642797,Hold,61.065853,61.29647,61.034046,61.12947,1663
2023-01-04 03:00:00,1,0.29700458737422686,0.7029954126257731,Hold,61.12947,61.208996,60.962475,61.041996,1391
2023-01-04 04:00:00,1,0.297272193661698,0.702727806338302,Hold,61.034046,61.073807,60.930664,60.970425,1045
2023-01-04 05:00:00,1,0.27415077491808015,0.7258492250819198,Hold,60.97838,61.08176,60.620525,60.755714,4921
2023-01-04 06:00:00,1,0.29322163156500847,0.7067783684349915,Hold,60.74776,60.962475,60.556904,60.795475,2470
2023-01-04 07:00:00,1,0.30708444274154306,0.6929155572584569,Hold,60.80343,60.97838,60.620525,60.819332,4207
2023-01-04 08:00:00,1,0.27613344189891936,0.7238665581010806,Hold,60.81138,60.81138,59.761673,60.06386,18165
2023-01-04 09:00:00,1,0.2628982227193577,0.7371017772806423,Hold,60.06386,60.143383,59.777576,59.99229,7912
2023-01-04 10:00:00,0,0.26269116259366704,0.737308837406333,Hold,59.99229,60.03205,59.554913,59.634438,8071
2023-01-04 11:00:00,0,0.2889030886186526,0.7110969113813475,Hold,59.634438,59.809387,59.515152,59.594673,7357
2023-01-04 12:00:00,0,0.27151456959627446,0.7284854304037256,Hold,59.594673,59.602627,59.053917,59.133442,12892
2023-01-04 13:00:00,0,0.2471874306806733,0.7528125693193267,Hold,59.12549,59.896862,59.06187,59.68215,21557
2023-01-04 14:00:00,0,0.19472638863564423,0.8052736113643557,Hold,59.6742,59.793484,58.664253,58.92668,32576
2023-01-04 15:00:00,0,0.18911785602903744,0.8108821439709626,Hold,58.918728,59.085728,58.218925,58.266636,30905
2023-01-04 16:00:00,0,0.18676420807499908,0.813235791925001,Hold,58.266636,58.791492,57.96445,58.44159,32773
2023-01-04 17:00:00,0,0.20172174220672126,0.7982782577932788,Hold,58.425686,58.807396,58.330257,58.497253,15439
2023-01-04 18:00:00,0,0.18676899260069035,0.8132310073993096,Hold,58.497253,58.71992,58.322304,58.560875,12018
2023-01-04 19:00:00,0,0.18733685488335045,0.8126631451166495,Hold,58.55292,58.664253,57.83721,58.1394,28866
2023-01-04 20:00:00,0,0.23162337376878325,0.7683766262312167,Hold,58.147354,58.226875,58.02807,58.19507,4728
2023-01-04 21:00:00,0,0.22326880066727822,0.7767311993327217,Hold,58.20302,58.266636,58.131447,58.226875,2433
2023-01-04 23:00:00,0,0.24302553301901958,0.7569744669809804,Hold,58.250732,58.48135,58.1394,58.362064,1508
2023-01-05 00:00:00,0,0.2958511007420204,0.7041488992579796,Hold,58.354115,58.44159,58.266636,58.425686,1509
2023-01-05 01:00:00,0,0.3467200024963796,0.6532799975036204,Hold,58.425686,58.68811,58.354115,58.64835,3873
2023-01-05 02:00:00,0,0.35058451156796944,0.6494154884320306,Hold,58.64835,58.704014,58.560875,58.60859,2520
2023-01-05 03:00:00,0,0.33981072703303267,0.6601892729669674,Hold,58.600636,58.64835,58.52111,58.537018,1271
2023-01-05 04:00:00,0,0.3518725870810033,0.6481274129189967,Hold,58.544968,58.696064,58.537018,58.64835,1185
2023-01-05 05:00:00,0,0.35096408558145664,0.6490359144185434,Hold,58.6563,58.791492,58.51316,58.78354,1764
2023-01-05 06:00:00,0,0.3403511278497859,0.6596488721502141,Hold,58.791492,58.910774,58.600636,58.600636,2839
2023-01-05 07:00:00,0,0.3452760063796783,0.6547239936203217,Hold,58.60859,58.704014,58.250732,58.34616,4850
2023-01-05 08:00:00,0,0.37249844052038783,0.6275015594796122,Hold,58.34616,58.672207,58.258686,58.632446,9755
2023-01-05 09:00:00,0,0.44550431988740485,0.5544956801125951,Hold,58.640396,59.57877,58.537018,59.41177,14915
2023-01-05 10:00:00,0,0.40502856841998064,0.5949714315800194,Hold,59.419724,59.515152,59.244774,59.340202,6973
2023-01-05 11:00:00,0,0.39746388425243906,0.6025361157475609,Hold,59.348152,59.356106,59.045963,59.06187,5923
2023-01-05 12:00:00,0,0.3650362191448375,0.6349637808551625,Hold,59.06187,59.30839,59.006203,59.014156,6634
2023-01-05 13:00:00,0,0.3495395485023333,0.6504604514976666,Hold,59.022106,59.19706,58.354115,58.393875,18382
2023-01-05 14:00:00,0,0.31853221363091755,0.6814677863690825,Hold,58.38592,58.393875,57.6225,58.17121,39525
2023-01-05 15:00:00,0,0.29131824500854897,0.708681754991451,Hold,58.17121,58.600636,57.93264,58.40183,20476
2023-01-05 16:00:00,0,0.346306373041944,0.653693626958056,Hold,58.37797,59.33225,58.3064,58.95054,31336
2023-01-05 17:00:00,0,0.30547461624114,0.6945253837588601,Hold,58.95054,59.045963,58.40978,58.74378,15064
2023-01-05 18:00:00,0,0.3643137380204846,0.6356862619795154,Hold,58.735825,59.57082,58.72787,59.212963,16225
2023-01-05 19:00:00,0,0.32706421262265445,0.6729357873773456,Hold,59.212963,59.252724,58.497253,58.664253,21846
2023-01-05 20:00:00,0,0.33557654342180476,0.6644234565781952,Hold,58.664253,58.71992,58.55292,58.624493,3351
2023-01-05 21:00:00,0,0.3975232678533039,0.6024767321466962,Hold,58.624493,58.807396,58.61654,58.791492,1425
2023-01-05 23:00:00,0,0.37921265560135664,0.6207873443986434,Hold,58.8233,58.902824,58.68811,58.81535,846
2023-01-06 00:00:00,0,0.3763536809919101,0.6236463190080899,Hold,58.81535,58.92668,58.78354,58.89487,852
2023-01-06 01:00:00,0,0.38840915992869424,0.6115908400713057,Hold,58.89487,59.23682,58.85511,59.14139,2704
2023-01-06 02:00:00,0,0.4183542251764263,0.5816457748235737,Hold,59.149345,59.284534,59.093678,59.244774,1511
2023-01-06 03:00:00,0,0.42172723138354307,0.5782727686164569,Hold,59.244774,59.435627,59.228867,59.27658,1986
2023-01-06 04:00:00,0,0.39149217075691806,0.6085078292430819,Hold,59.284534,59.340202,59.212963,59.260677,820
2023-01-06 05:00:00,0,0.3574162619905861,0.6425837380094139,Hold,59.26863,59.26863,58.92668,58.982346,1925
2023-01-06 06:00:00,0,0.37544404853429447,0.6245559514657055,Hold,58.982346,59.20501,58.878967,59.149345,1681
2023-01-06 07:00:00,0,0.379818366533835,0.620181633466165,Hold,59.16525,59.20501,58.672207,58.68811,3586
2023-01-06 08:00:00,0,0.3306889095681484,0.6693110904318516,Hold,58.696064,58.86306,58.44954,58.711967,7649
2023-01-06 09:00:00,0,0.3983425542788869,0.6016574457211131,Hold,58.711967,59.14139,58.3064,59.022106,7225
2023-01-06 10:00:00,0,0.3349224183393359,0.6650775816606641,Hold,59.03006,59.26863,58.878967,58.910774,4418
2023-01-06 11:00:00,0,0.3346080892194203,0.6653919107805797,Hold,58.910774,58.95849,58.330257,58.51316,4769
2023-01-06 12:00:00,0,0.31087622264258363,0.6891237773574164,Hold,58.51316,58.60859,58.242783,58.38592,5137
2023-01-06 13:00:00,0,0.46263376253124516,0.5373662374687549,Hold,58.393875,59.729866,58.31435,59.523106,22971
2023-01-06 14:00:00,0,0.3687657283022139,0.6312342716977861,Hold,59.523106,60.016148,58.751728,58.86306,30480
2023-01-06 15:00:00,0,0.46735228188494693,0.5326477181150531,Hold,58.871014,59.928673,58.871014,59.594673,22907
2023-01-06 16:00:00,0,0.39371565070179887,0.6062843492982011,Hold,59.586723,59.721912,59.212963,59.395866,16925
2023-01-06 17:00:00,0,0.3600146366589953,0.6399853633410046,Hold,59.395866,59.642387,59.093678,59.16525,10653
2023-01-06 18:00:00,0,0.4176330574736118,0.5823669425263882,Hold,59.1573,59.27658,58.290493,58.298447,17167
2023-01-06 19:00:00,0,0.3904525668939399,0.6095474331060601,Hold,58.290493,58.839203,58.250732,58.72787,20413
2023-01-06 20:00:00,0,0.34151879422695797,0.658481205773042,Hold,58.735825,58.799442,58.51316,58.59268,3533
2023-01-06 21:00:00,0,0.3586024263825992,0.6413975736174008,Hold,58.584732,58.680157,58.529064,58.632446,1145
2023-01-08 23:00:00,0,0.3970855784205186,0.6029144215794814,Hold,58.425686,58.966442,58.425686,58.92668,2685
2023-01-09 00:00:00,0,0.4294955139093519,0.5705044860906481,Hold,58.93463,59.06187,58.89487,59.053917,1259
2023-01-09 01:00:00,0,0.43694083361595193,0.5630591663840481,Hold,59.053917,59.228867,58.95054,59.1573,3196
2023-01-09 02:00:00,0,0.4493417720043319,0.5506582279956681,Hold,59.149345,59.459484,59.12549,59.41177,3245
2023-01-09 03:00:00,0,0.40405976477717714,0.5959402352228229,Hold,59.419724,59.546963,59.23682,59.356106,2376
2023-01-09 04:00:00,0,0.4164005692264697,0.5835994307735304,Hold,59.356106,59.48334,59.33225,59.435627,1595
2023-01-09 05:00:00,0,0.378150803336395,0.621849196663605,Hold,59.427677,59.562866,59.30839,59.515152,1488
2023-01-09 06:00:00,0,0.3664963824015411,0.633503617598459,Hold,59.515152,59.594673,59.451534,59.5072,1670
2023-01-09 07:00:00,0,0.4618562533737837,0.5381437466262162,Hold,59.5072,59.8571,59.419724,59.78553,6300
2023-01-09 08:00:00,0,0.4842054137489286,0.5157945862510713,Hold,59.793484,60.517143,59.753723,60.286526,16697
2023-01-09 09:00:00,1,0.45337425243304796,0.546625747566952,Hold,60.286526,60.78752,60.278576,60.771618,10107
2023-01-09 10:00:00,1,0.4322778870629959,0.567722112937004,Hold,60.77957,60.835236,60.421715,60.620525,7783
2023-01-09 11:00:00,1,0.42926462432452756,0.5707353756754725,Hold,60.63643,60.80343,60.509193,60.620525,6047
2023-01-09 12:00:00,1,0.43959517127184133,0.5604048287281587,Hold,60.620525,60.91476,60.556904,60.63643,7597
2023-01-09 13:00:00,0,0.3928903414110474,0.6071096585889526,Hold,60.644382,60.723904,60.350143,60.374,13020
2023-01-09 14:00:00,1,0.3833054473812142,0.6166945526187858,Hold,60.374,60.851143,60.008194,60.78752,29040
2023-01-09 15:00:00,0,0.31264520259833883,0.6873547974016612,Hold,60.795475,61.026093,59.936626,60.25472,27342
2023-01-09 16:00:00,0,0.3149038689611874,0.6850961310388126,Hold,60.26267,60.32629,59.33225,59.753723,28248
2023-01-09 17:00:00,0,0.31207953426525376,0.6879204657347462,Hold,59.74577,59.777576,59.523106,59.57082,12591
2023-01-09 18:00:00,0,0.3351965118988173,0.6648034881011827,Hold,59.57877,59.88096,59.33225,59.395866,11817
2023-01-09 19:00:00,0,0.34093343321712477,0.6590665667828752,Hold,59.387917,59.658295,59.109585,59.491295,20956
2023-01-09 20:00:00,0,0.3806936517840898,0.6193063482159102,Hold,59.491295,59.515152,59.340202,59.48334,2819
2023-01-09 21:00:00,0,0.4253518388277309,0.5746481611722691,Hold,59.48334,59.586723,59.435627,59.53901,1492
2023-01-09 23:00:00,0,0.41680771037190184,0.5831922896280981,Hold,59.531055,59.57877,59.37201,59.40382,787
2023-01-10 00:00:00,0,0.48413903652170037,0.5158609634782996,Hold,59.41177,59.459484,59.284534,59.395866,800
2023-01-10 01:00:00,0,0.4556262482745032,0.5443737517254967,Hold,59.387917,59.435627,59.16525,59.284534,2259
2023-01-10 02:00:00,0,0.39770983792985337,0.6022901620701466,Hold,59.29249,59.37201,58.966442,59.093678,2512
2023-01-10 03:00:00,0,0.42893248352036795,0.571067516479632,Hold,59.093678,59.212963,59.06982,59.14139,1060
2023-01-10 04:00:00,0,0.4096448382113264,0.5903551617886735,Hold,59.14139,59.16525,58.966442,58.974396,1309
2023-01-10 05:00:00,0,0.39325601174939506,0.6067439882506049,Hold,58.974396,59.149345,58.974396,59.085728,1403
2023-01-10 06:00:00,0,0.4136578965000686,0.5863421034999314,Hold,59.085728,59.29249,59.06187,59.212963,2335
2023-01-10 07:00:00,0,0.433263161453429,0.566736838546571,Hold,59.220917,59.27658,58.8233,58.839203,4481
2023-01-10 08:00:00,0,0.44745487628068503,0.552545123719315,Hold,58.847157,59.29249,58.71992,58.9903,11691
2023-01-10 09:00:00,0,0.47275617906458817,0.5272438209354118,Hold,58.9903,59.666245,58.910774,59.523106,7665
2023-01-10 10:00:00,0,0.48132383968641923,0.5186761603135808,Hold,59.523106,59.873005,59.36406,59.793484,5987
2023-01-10 11:00:00,0,0.4898034511506645,0.5101965488493355,Hold,59.78553,59.809387,59.49925,59.769627,5281
2023-01-10 12:00:00,0,0.44665376074481505,0.5533462392551849,Hold,59.769627,59.78553,59.467438,59.71396,6036
2023-01-10 13:00:00,0,0.40987145973856864,0.5901285402614314,Hold,59.71396,59.81734,59.387917,59.68215,9648
2023-01-10 14:00:00,0,0.4242852203787534,0.5757147796212466,Hold,59.6742,60.207005,59.53901,59.57082,23856
2023-01-10 15:00:00,0,0.3772332259557485,0.6227667740442515,Hold,59.57082,59.8571,58.86306,59.228867,22081
2023-01-10 16:00:00,0,0.41753045683423035,0.5824695431657696,Hold,59.220917,60.15929,59.133442,60.06386,22749
2023-01-10 17:00:00,0,0.4141507463886595,0.5858492536113404,Hold,60.05591,60.33424,59.91277,59.96048,14938
2023-01-10 18:00:00,0,0.42195412710214647,0.5780458728978535,Hold,59.95253,60.246765,59.753723,60.19905,13251
2023-01-10 19:00:00,0,0.4282836932234769,0.5717163067765231,Hold,60.19905,60.374,59.6742,59.793484,18921
2023-01-10 20:00:00,0,0.39623992329180663,0.6037600767081934,Hold,59.78553,59.888912,59.61853,59.666245,3482
2023-01-10 21:00:00,0,0.4050199317698925,0.5949800682301075,Hold,59.65034,59.658295,59.173203,59.41177,4458
2023-01-10 23:00:00,0,0.38020606603273377,0.6197939339672662,Hold,59.467438,59.47539,59.16525,59.316345,1274
2023-01-11 00:00:00,0,0.38836407016467583,0.6116359298353242,Hold,59.316345,59.40382,59.26863,59.348152,811
2023-01-11 01:00:00,0,0.3767401010352004,0.6232598989647996,Hold,59.348152,59.47539,59.189106,59.300438,2893
2023-01-11 02:00:00,0,0.3976889203585887,0.6023110796414113,Hold,59.300438,59.30839,59.117535,59.23682,2296
2023-01-11 03:00:00,0,0.4198862633984788,0.5801137366015212,Hold,59.244774,59.29249,59.12549,59.260677,1075
2023-01-11 04:00:00,0,0.3601112329017691,0.639888767098231,Hold,59.26863,59.26863,59.10163,59.109585,1213
2023-01-11 05:00:00,0,0.3561821355671644,0.6438178644328356,Hold,59.109585,59.36406,59.093678,59.19706,1967
2023-01-11 06:00:00,0,0.41598155421752664,0.5840184457824733,Hold,59.189106,59.356106,59.149345,59.324295,2685
2023-01-11 07:00:00,0,0.36997272103199796,0.630027278968002,Hold,59.316345,59.40382,59.181156,59.284534,4018
2023-01-11 08:00:00,0,0.43255585391450874,0.5674441460854913,Hold,59.27658,59.92072,59.26863,59.8571,9997
2023-01-11 09:00:00,0,0.43216507745846394,0.567834922541536,Hold,59.849148,60.191097,59.833244,59.888912,8244
2023-01-11 10:00:00,0,0.3697590515109064,0.6302409484890936,Hold,59.904816,60.016148,59.777576,59.896862,4362
2023-01-11 11:00:00,0,0.4199134909758022,0.5800865090241978,Hold,59.904816,60.04796,59.78553,59.944576,5311
2023-01-11 12:00:00,0,0.4231150016162357,0.5768849983837643,Hold,59.928673,60.25472,59.88096,60.19905,7152
2023-01-11 13:00:00,0,0.4095550821836995,0.5904449178163005,Hold,60.191097,61.137424,60.08772,61.041996,24365
2023-01-11 14:00:00,0,0.37648563560597137,0.6235143643940286,Hold,61.057903,61.35214,60.493286,60.692097,31453
2023-01-11 15:00:00,0,0.35365248398388544,0.6463475160161145,Hold,60.692097,61.29647,60.19905,60.92271,40609
2023-01-11 16:00:00,0,0.3290634400852455,0.6709365599147545,Hold,60.92271,61.80542,60.81138,61.439613,32277
2023-01-11 17:00:00,0,0.2730911225052442,0.7269088774947559,Hold,61.43166,61.90085,61.383945,61.550945,17443
2023-01-11 18:00:00,0,0.2552799098877546,0.7447200901122454,Hold,61.54299,61.741802,61.439613,61.614563,9984
2023-01-11 19:00:00,0,0.2522918579624333,0.7477081420375666,Hold,61.606613,61.813374,61.288517,61.67023,24644
2023-01-11 20:00:00,0,0.2334068267657769,0.766593173234223,Hold,61.67023,61.813374,61.654324,61.702038,5334
2023-01-11 21:00:00,0,0.2787908039981061,0.7212091960018939,Hold,61.702038,61.813374,61.67818,61.797466,2708
2023-01-11 23:00:00,0,0.2614394120959613,0.7385605879040387,Hold,61.789516,61.80542,61.694088,61.789516,987
2023-01-12 00:00:00,0,0.2748179330612466,0.7251820669387534,Hold,61.797466,61.80542,61.622517,61.694088,975
2023-01-12 01:00:00,0,0.3007931104761545,0.6992068895238455,Hold,61.686134,61.98037,61.646374,61.77361,4066
2023-01-12 02:00:00,0,0.32153962801740943,0.6784603719825906,Hold,61.77361,61.789516,61.56685,61.622517,2554
2023-01-12 03:00:00,0,0.3216342949038328,0.6783657050961672,Hold,61.622517,61.741802,61.487328,61.63047,1757
2023-01-12 04:00:00,0,0.3301902133447998,0.6698097866552002,Hold,61.63047,61.70999,61.614563,61.622517,1009
2023-01-12 05:00:00,0,0.315439650114829,0.684560349885171,Hold,61.622517,61.725895,61.550945,61.614563,1222
2023-01-12 06:00:00,0,0.3304487311500891,0.6695512688499109,Hold,61.614563,61.67023,61.52709,61.582756,1260
2023-01-12 07:00:00,0,0.35125862242480976,0.6487413775751902,Hold,61.582756,61.686134,61.399853,61.654324,4340
2023-01-12 08:00:00,0,0.3302535745848713,0.6697464254151286,Hold,61.662277,61.789516,61.312374,61.606613,8684
2023-01-12 09:00:00,0,0.4361547982334149,0.5638452017665851,Hold,61.614563,62.250748,61.614563,62.21894,9893
2023-01-12 10:00:00,0,0.3928545445184601,0.6071454554815399,Hold,62.21894,62.346176,62.05194,62.203037,7053
2023-01-12 11:00:00,0,0.4492600436053603,0.5507399563946397,Hold,62.21894,62.497272,62.17918,62.242798,5454
2023-01-12 12:00:00,0,0.5021740995236372,0.49782590047636277,Sell,62.250748,62.497272,62.203037,62.4257,6795
2023-01-12 13:00:00,0,0.4472195340310628,0.5527804659689373,Hold,62.43365,62.93465,61.91675,62.878983,24687
2023-01-12 14:00:00,0,0.40846580193785015,0.5915341980621498,Hold,62.87103,62.894886,62.131466,62.163273,23845
2023-01-12 15:00:00,0,0.44949937466179946,0.5505006253382005,Hold,62.163273,62.481365,61.996277,62.377987,18382
2023-01-12 16:00:00,0,0.46405653897746063,0.5359434610225393,Hold,62.38594,62.950554,62.28256,62.608604,24078
2023-01-12 17:00:00,0,0.44733243369337833,0.5526675663066216,Hold,62.60065,62.743793,62.362083,62.65632,9763
2023-01-12 18:00:00,0,0.4089991533347599,0.5910008466652401,Hold,62.65632,62.823315,62.14737,62.80741,13960
2023-01-12 19:00:00,0,0.35290652723010674,0.6470934727698933,Hold,62.799458,62.823315,62.2587,62.35413,19532
2023-01-12 20:00:00,0,0.32225997790869243,0.6777400220913076,Hold,62.35413,62.362083,62.099655,62.21894,3971
2023-01-12 21:00:00,0,0.3426963733611787,0.6573036266388212,Hold,62.21894,62.32232,62.203037,62.234844,1413
2023-01-12 23:00:00,0,0.33782016429660433,0.6621798357033957,Hold,62.28256,62.32232,62.171227,62.290512,854
2023-01-13 00:00:00,0,0.35942614753253915,0.6405738524674609,Hold,62.298462,62.338226,62.250748,62.31437,685
2023-01-13 01:00:00,0,0.3201066556788417,0.6798933443211583,Hold,62.306416,62.401844,62.155323,62.171227,2835
2023-01-13 02:00:00,0,0.3375608621090379,0.6624391378909621,Hold,62.163273,62.203037,62.004227,62.099655,1848
2023-01-13 03:00:00,0,0.3657038259724236,0.6342961740275763,Hold,62.10761,62.266655,62.028084,62.210987,1171
2023-01-13 04:00:00,0,0.3804810548613078,0.6195189451386922,Hold,62.210987,62.234844,62.155323,62.171227,495
2023-01-13 05:00:00,0,0.3798271622399883,0.6201728377600118,Hold,62.171227,62.274605,62.067844,62.18713,1204
2023-01-13 06:00:00,0,0.41003647354876854,0.5899635264512315,Hold,62.18713,62.290512,62.067844,62.266655,1560
2023-01-13 07:00:00,0,0.4696023499306458,0.5303976500693541,Hold,62.266655,62.60065,62.171227,62.576794,4472
2023-01-13 08:00:00,0,0.4103771559491097,0.5896228440508904,Hold,62.584747,62.688126,62.290512,62.592697,7323
2023-01-13 09:00:00,0,0.43932240201002154,0.5606775979899785,Hold,62.592697,62.648365,62.457508,62.616554,3776
2023-01-13 10:00:00,0,0.4759931507135943,0.5240068492864056,Hold,62.608604,63.061886,62.576794,62.97441,7303
2023-01-13 11:00:00,0,0.4520880840717087,0.5479119159282912,Hold,62.97441,63.03803,62.711983,62.799458,4903
2023-01-13 12:00:00,0,0.40574199277164225,0.5942580072283578,Hold,62.791508,62.90284,62.44956,62.552937,5214
2023-01-13 13:00:00,0,0.4035153036889028,0.5964846963110972,Hold,62.56089,62.704033,62.290512,62.680176,10518
2023-01-13 14:00:00,0,0.40911156107744195,0.590888438922558,Hold,62.680176,62.98236,62.52908,62.719936,14975
2023-01-13 15:00:00,0,0.4194685740596887,0.5805314259403114,Hold,62.711983,63.340218,62.60065,63.18117,23002
2023-01-13 16:00:00,0,0.3826163290165877,0.6173836709834123,Hold,63.18912,63.372025,62.894886,63.21298,15103
2023-01-13 17:00:00,0,0.38987948122206056,0.6101205187779395,Hold,63.20503,63.38793,63.157314,63.292503,9951
2023-01-13 18:00:00,0,0.40441912082945014,0.5955808791705499,Hold,63.28455,63.499264,63.093697,63.348167,10149
2023-01-13 19:00:00,0,0.42954142361378184,0.5704585763862182,Hold,63.340218,63.56288,63.20503,63.539024,21837
2023-01-13 20:00:00,0,0.3382124910169329,0.6617875089830672,Hold,63.53107,63.6265,63.48336,63.570835,4292
2023-01-13 21:00:00,0,0.37100008218705893,0.6289999178129411,Hold,63.570835,63.706024,63.53107,63.674213,2012
2023-01-15 23:00:00,0,0.34503312214468057,0.6549668778553195,Hold,63.69807,63.7935,63.435646,63.435646,1389
2023-01-16 00:00:00,0,0.39096266437514865,0.6090373356248513,Hold,63.443596,63.570835,63.403835,63.539024,781
2023-01-16 01:00:00,0,0.3564638343521846,0.6435361656478154,Hold,63.52312,63.53107,63.157314,63.364075,2716
2023-01-16 02:00:00,0,0.3613756685926774,0.6386243314073226,Hold,63.364075,63.41974,63.165264,63.21298,1294
2023-01-16 03:00:00,0,0.3871080745809677,0.6128919254190324,Hold,63.220932,63.24479,63.117554,63.228886,927
2023-01-16 04:00:00,0,0.35530768541532637,0.6446923145846737,Hold,63.220932,63.236835,63.085743,63.101646,677
2023-01-16 05:00:00,0,0.352635659643511,0.647364340356489,Hold,63.093697,63.125504,62.99827,63.006218,1181
2023-01-16 06:00:00,0,0.38952831632606755,0.6104716836739325,Hold,63.006218,63.085743,62.9426,62.97441,1646
2023-01-16 07:00:00,0,0.41794895036554763,0.5820510496344524,Hold,62.966457,63.14141,62.966457,63.022125,1975
2023-01-16 08:00:00,0,0.39715187387149464,0.6028481261285054,Hold,63.022125,63.1096,62.65632,62.926697,7737
2023-01-16 09:00:00,0,0.4579118788820095,0.5420881211179904,Hold,62.93465,63.41179,62.93465,63.260693,4744
2023-01-16 10:00:00,0,0.41281576953363364,0.5871842304663664,Hold,63.252743,63.435646,63.117554,63.14936,3529
2023-01-16 11:00:00,0,0.4597122926266318,0.5402877073733682,Hold,63.14936,63.41179,63.14141,63.38793,2136
2023-01-16 12:00:00,0,0.377986806798369,0.6220131932016311,Hold,63.403835,63.435646,63.236835,63.268646,2632
2023-01-16 13:00:00,0,0.40025074438063923,0.5997492556193608,Hold,63.268646,63.2766,62.918743,62.93465,5225
2023-01-16 14:00:00,0,0.4160740066558575,0.5839259933441425,Hold,62.918743,63.022125,62.711983,62.894886,6417
2023-01-16 15:00:00,0,0.42179725312956956,0.5782027468704305,Hold,62.886936,62.990314,62.680176,62.73584,4846
2023-01-16 16:00:00,0,0.39995546686771205,0.6000445331322879,Hold,62.72789,62.878983,62.44956,62.72789,8551
2023-01-16 17:00:00,0,0.4219116605354522,0.5780883394645477,Hold,62.73584,62.926697,62.544987,62.86308,3365
2023-01-16 18:00:00,0,0.40108782905165596,0.598912170948344,Hold,62.84717,62.90284,62.680176,62.69608,787
2023-01-16 19:00:00,0,0.39589308875772994,0.6041069112422701,Hold,62.719936,62.759697,62.688126,62.704033,391
2023-01-16 23:00:00,0,0.4460014392875257,0.5539985607124742,Hold,62.69608,62.759697,62.584747,62.624508,790
2023-01-17 00:00:00,0,0.5263370163145061,0.47366298368549387,Sell,62.63246,62.73584,62.568844,62.704033,655
2023-01-17 01:00:00,0,0.5244592241086681,0.4755407758913319,Sell,62.688126,62.926697,62.576794,62.783554,1878
2023-01-17 02:00:00,0,0.5063116554711824,0.4936883445288176,Sell,62.775604,62.93465,62.672222,62.93465,1730
2023-01-17 03:00:00,0,0.4849874976357782,0.5150125023642218,Hold,62.93465,63.133457,62.90284,63.01417,1536
2023-01-17 04:00:00,0,0.4315211897061037,0.5684788102938962,Hold,63.022125,63.125504,63.006218,63.045982,973
2023-01-17 05:00:00,0,0.4728357161319739,0.5271642838680262,Hold,63.053932,63.157314,63.022125,63.07779,870
2023-01-17 06:00:00,0,0.48353313084567695,0.516466869154323,Hold,63.093697,63.228886,62.950554,62.97441,1519
2023-01-17 07:00:00,0,0.4809674238446303,0.5190325761553697,Hold,62.958508,63.053932,62.855125,62.950554,1961
2023-01-17 08:00:00,0,0.5933038362093465,0.40669616379065354,Sell,62.950554,63.31636,62.73584,63.2766,6652
2023-01-17 09:00:00,0,0.5325986581923522,0.4674013418076478,Sell,63.28455,63.48336,62.98236,63.20503,5666
2023-01-17 10:00:00,0,0.5793597270701867,0.4206402729298133,Sell,63.20503,63.554928,63.20503,63.53107,4369
2023-01-17 11:00:00,0,0.608840405654747,0.39115959434525305,Sell,63.53107,63.817356,63.49131,63.785545,4805
2023-01-17 12:00:00,0,0.5359419197739083,0.46405808022609174,Sell,63.785545,64.00821,63.745785,63.841213,7082
2023-01-17 13:00:00,0,0.5594745848920962,0.4405254151079038,Sell,63.841213,64.05592,63.674213,63.952545,11434
2023-01-17 14:00:00,1,0.5503990589938913,0.4496009410061087,Sell,63.952545,64.59668,63.920734,64.34221,21779
2023-01-17 15:00:00,0,0.5275256443068881,0.4724743556931119,Sell,64.34221,64.40583,63.952545,64.01617,13315
2023-01-17 16:00:00,0,0.5307257059598429,0.4692742940401571,Sell,64.01617,64.119545,63.53107,63.817356,18438
2023-01-17 17:00:00,0,0.5026681815298619,0.4973318184701381,Sell,63.809402,63.912785,63.157314,63.41179,12635
2023-01-17 18:00:00,0,0.44543925975881987,0.5545607402411801,Hold,63.41974,63.61855,63.022125,63.403835,8325
2023-01-17 19:00:00,0,0.5670798603249634,0.4329201396750366,Sell,63.41974,64.3104,63.324314,64.27859,21936
2023-01-17 20:00:00,0,0.574684225753594,0.425315774246406,Sell,64.27859,64.55692,64.26269,64.42173,6021
2023-01-17 21:00:00,0,0.5401016480939482,0.45989835190605177,Sell,64.42173,64.461494,64.3263,64.44559,1714
2023-01-17 23:00:00,0,0.5329376317674305,0.4670623682325695,Sell,64.38992,64.43764,64.13545,64.15135,440
2023-01-18 00:00:00,0,0.6672680258674871,0.3327319741325129,Sell,64.1434,64.18317,64.06388,64.119545,337
2023-01-18 01:00:00,0,0.6849747585869437,0.3150252414130563,Sell,64.119545,64.3263,64.05592,64.27859,910
2023-01-18 02:00:00,0,0.6871613222056004,0.31283867779439956,Sell,64.286545,64.38992,64.1434,64.358116,466
2023-01-18 03:00:00,0,0.6860519831415754,0.31394801685842455,Sell,64.374016,64.50921,64.17521,64.27859,463
2023-01-18 04:00:00,0,0.7169674690254657,0.2830325309745343,Sell,64.294495,64.374016,64.199066,64.33426,209
2023-01-18 05:00:00,0,0.752620387445645,0.24737961255435503,Sell,64.34221,64.74778,64.25473,64.67621,658
2023-01-18 06:00:00,0,0.7397907324407426,0.26020926755925744,Sell,64.67621,64.700066,64.42969,64.469444,337
2023-01-18 07:00:00,0,0.7406126657265043,0.2593873342734957,Sell,64.469444,64.533066,64.294495,64.40583,827
2023-01-18 08:00:00,0,0.6969026373908049,0.30309736260919506,Sell,64.42173,64.66825,64.07978,64.19112,1526
2023-01-18 09:00:00,0,0.7123129872799671,0.28768701272003294,Sell,64.21497,65.09768,64.16726,64.85116,2144
2023-01-18 10:00:00,0,0.7170033055052231,0.28299669449477693,Sell,64.867065,65.0102,64.700066,64.91478,842
2023-01-18 11:00:00,0,0.7434478300373345,0.2565521699626655,Sell,64.91478,65.129486,64.90682,65.042015,1013
2023-01-18 12:00:00,0,0.7474472847866435,0.25255271521335654,Sell,65.049965,65.09768,64.85116,65.01816,1022
2023-01-18 13:00:00,0,0.7307834061090261,0.26921659389097385,Sell,65.01816,65.06587,64.62054,64.628494,2554
2023-01-18 14:00:00,1,0.7609981530100036,0.23900184698999638,Sell,64.644394,65.296486,64.59668,65.216965,4660
2023-01-18 15:00:00,1,0.7060041718985487,0.2939958281014513,Sell,65.224915,65.5112,64.89887,65.01816,4114
2023-01-18 16:00:00,1,0.6663508875194631,0.33364911248053686,Sell,65.02611,65.28059,64.286545,64.636444,4614
2023-01-18 17:00:00,0,0.6092019388883236,0.39079806111167636,Sell,64.636444,64.700066,63.49131,63.721928,3658
2023-01-18 18:00:00,0,0.5612279801947136,0.43877201980528635,Sell,63.713978,63.888927,63.2766,63.499264,3466
2023-01-18 19:00:00,0,0.5380204309292412,0.46197956907075877,Sell,63.49131,63.61855,62.83127,63.030075,4627
2023-01-18 20:00:00,0,0.5923449008470566,0.4076550991529434,Sell,62.97441,63.022125,62.839222,63.022125,674
2023-01-18 21:00:00,0,0.5808004937947124,0.41919950620528756,Sell,63.006218,63.085743,62.775604,62.93465,355
2023-01-18 23:00:00,0,0.6365446547843463,0.3634553452156537,Sell,62.93465,62.958508,62.80741,62.93465,153
2023-01-19 00:00:00,0,0.5646897419371567,0.4353102580628433,Sell,62.926697,62.958508,62.624508,62.63246,270
2023-01-19 01:00:00,0,0.5605316887311513,0.43946831126884867,Sell,62.672222,62.799458,62.290512,62.330273,276
2023-01-19 02:00:00,0,0.562129683928527,0.437870316071473,Sell,62.370033,62.568844,62.306416,62.505222,217
2023-01-19 03:00:00,0,0.5113648620904049,0.4886351379095951,Sell,62.505222,62.552937,62.31437,62.31437,332
2023-01-19 04:00:00,0,0.48875911905966335,0.5112408809403366,Hold,62.31437,62.346176,62.163273,62.203037,393
2023-01-19 05:00:00,0,0.48930034823062857,0.5106996517693714,Hold,62.21894,62.298462,62.131466,62.266655,166
2023-01-19 06:00:00,0,0.5461847618575782,0.45381523814242175,Sell,62.28256,62.592697,62.250748,62.592697,103
2023-01-19 07:00:00,0,0.5066312931724343,0.49336870682756573,Sell,62.576794,62.711983,62.38594,62.56089,123
2023-01-19 08:00:00,0,0.5221653558302902,0.4778346441697098,Sell,62.568844,62.64041,62.266655,62.370033,262
2023-01-19 09:00:00,0,0.5255838435861999,0.4744161564138001,Sell,62.346176,62.64041,62.32232,62.43365,255
2023-01-19 10:00:00,0,0.5099441284281867,0.4900558715718133,Sell,62.43365,62.66427,62.417747,62.616554,118
2023-01-19 11:00:00,0,0.4903468114302,0.5096531885698,Hold,62.60065,62.839222,62.4257,62.648365,182
2023-01-19 12:00:00,0,0.4973819277833302,0.5026180722166698,Hold,62.648365,62.87103,62.616554,62.672222,355
2023-01-19 13:00:00,0,0.5052367747449827,0.49476322525501726,Sell,62.66427,63.236835,62.66427,63.06984,774
2023-01-19 14:00:00,0,0.5750528617908343,0.42494713820916574,Sell,63.07779,63.72988,63.061886,63.58674,1338
2023-01-19 15:00:00,0,0.528576423729183,0.471423576270817,Sell,63.594692,64.04797,63.52312,63.682167,1073
2023-01-19 16:00:00,0,0.5357575255748389,0.4642424744251611,Sell,63.61855,64.06388,63.1096,63.857117,1100
2023-01-19 17:00:00,0,0.583139271806331,0.41686072819366904,Sell,63.94459,64.55692,63.801453,64.10364,860
2023-01-19 18:00:00,0,0.5034519445839264,0.4965480554160736,Sell,64.05592,64.21497,63.817356,64.01617,503
2023-01-19 19:00:00,0,0.4930788901512381,0.5069211098487618,Hold,64.00821,64.09569,63.69012,63.96845,1077
2023-01-19 20:00:00,0,0.4872717019138433,0.5127282980861567,Hold,63.912785,64.04002,63.90483,63.992306,128
2023-01-19 21:00:00,0,0.5137963072901207,0.4862036927098793,Sell,63.984356,64.07978,63.920734,64.07978,109
2023-01-19 23:00:00,0,0.5581904040992318,0.4418095959007682,Sell,64.09569,64.25473,64.09569,64.25473,87
2023-01-20 00:00:00,0,0.5423508417676972,0.4576491582323028,Sell,64.25473,64.294395,64.23094,64.262665,821
2023-01-20 01:00:00,0,0.6027735683117966,0.3972264316882034,Sell,64.25473,64.47682,64.23887,64.41337,3407
2023-01-20 02:00:00,0,0.5071997086088881,0.4928002913911119,Sell,64.40543,64.4213,64.2706,64.30232,1497
2023-01-20 03:00:00,0,0.5315749619845072,0.46842503801549285,Sell,64.30232,64.38957,64.207146,64.365776,1518
2023-01-20 04:00:00,0,0.48138614837700494,0.518613851622995,Hold,64.365776,64.40543,64.04851,64.05644,3100
2023-01-20 05:00:00,0,0.49774522565739227,0.5022547743426078,Hold,64.06437,64.23887,63.99299,64.15955,2350
2023-01-20 06:00:00,0,0.5157136030776976,0.48428639692230235,Sell,64.15955,64.294395,64.104034,64.19921,1928
2023-01-20 07:00:00,0,0.5952274447334429,0.4047725552665571,Sell,64.19128,64.42923,64.119896,64.41337,2554
2023-01-20 08:00:00,0,0.6148093780107554,0.3851906219892446,Sell,64.4213,64.67512,64.32612,64.437164,7304
2023-01-20 09:00:00,0,0.6004636988947792,0.39953630110522076,Sell,64.437164,64.55614,64.19921,64.2468,5689
2023-01-20 10:00:00,0,0.5951190217610014,0.4048809782389986,Sell,64.23887,64.349915,63.977123,64.28646,5830
2023-01-20 11:00:00,0,0.5655506877535842,0.4344493122464158,Sell,64.2706,64.53234,63.985054,64.14369,6390
2023-01-20 12:00:00,0,0.5862500534415755,0.41374994655842445,Sell,64.13576,64.37371,63.953327,64.33405,7391
2023-01-20 13:00:00,0,0.5609329646314121,0.43906703536858793,Sell,64.34198,64.44509,64.11196,64.37371,11012
2023-01-20 14:00:00,0,0.4724132437647735,0.5275867562352266,Hold,64.365776,64.42923,63.382248,63.81849,33720
2023-01-20 15:00:00,0,0.4805475893985999,0.5194524106014001,Hold,63.82642,64.19128,63.643993,63.9216,19192
2023-01-20 16:00:00,0,0.5479271963115877,0.4520728036884123,Sell,63.929535,64.46889,63.82642,64.349915,21402
2023-01-20 17:00:00,0,0.5604844082839372,0.4395155917160628,Sell,64.349915,64.92893,64.349915,64.75443,21763
2023-01-20 18:00:00,0,0.5325528920381885,0.46744710796181155,Sell,64.76236,64.92893,64.53234,64.92893,14196
2023-01-20 19:00:00,0,0.4813268993477925,0.5186731006522075,Hold,64.921,64.96859,64.61959,64.86548,33355
2023-01-20 20:00:00,0,0.49747573643248955,0.5025242635675105,Hold,64.86548,64.92893,64.770294,64.905136,5271
2023-01-20 21:00:00,0,0.4646019264026544,0.5353980735973456,Hold,64.905136,64.92893,64.79409,64.79409,2200
2023-01-22 23:00:00,0,0.40915062570653415,0.5908493742934658,Hold,64.873405,64.95272,64.365776,64.437164,3501
2023-01-23 00:00:00,0,0.4097748120388688,0.5902251879611312,Hold,64.437164,64.56407,64.349915,64.55614,1786
2023-01-23 01:00:00,0,0.43292998253176196,0.567070017468238,Hold,64.55614,64.65132,64.4213,64.47682,1372
2023-01-23 02:00:00,0,0.4147054884787026,0.5852945115212974,Hold,64.46889,64.53234,64.35785,64.453026,885
2023-01-23 03:00:00,0,0.45874047743760316,0.5412595225623968,Hold,64.46096,64.54821,64.42923,64.508545,736
2023-01-23 04:00:00,0,0.4822791618818599,0.5177208381181402,Hold,64.508545,64.595795,64.46889,64.57993,822
2023-01-23 05:00:00,0,0.5216041332953444,0.4783958667046556,Sell,64.57993,64.83375,64.524414,64.73857,2474
2023-01-23 06:00:00,0,0.46152858397879987,0.5384714160212001,Hold,64.73857,64.73857,64.61959,64.683044,1402
2023-01-23 07:00:00,0,0.4879799908647669,0.5120200091352332,Hold,64.67512,64.857544,64.35785,64.453026,4573
2023-01-23 08:00:00,0,0.5057757660909202,0.49422423390907977,Sell,64.453026,64.7465,64.28646,64.69098,7946
2023-01-23 09:00:00,0,0.5416834448118126,0.45831655518818737,Sell,64.698906,65.12722,64.65132,64.905136,8262
2023-01-23 10:00:00,1,0.5382632930249006,0.4617367069750994,Sell,64.905136,65.25413,64.86548,65.21447,5144
2023-01-23 11:00:00,1,0.4965253985862554,0.5034746014137446,Hold,65.21447,65.25413,65.02411,65.222404,4685
2023-01-23 12:00:00,1,0.48958040818878756,0.5104195918112124,Hold,65.222404,65.40483,65.11136,65.30172,6382
2023-01-23 13:00:00,1,0.47946737007846385,0.5205326299215361,Hold,65.30172,65.49208,65.21447,65.38897,10979
2023-01-23 14:00:00,1,0.44826994274756404,0.551730057252436,Hold,65.381035,65.5476,64.91306,65.34931,27663
2023-01-23 15:00:00,1,0.42150124780757925,0.5784987521924208,Hold,65.36517,65.44449,64.84961,65.325516,27992
2023-01-23 16:00:00,1,0.46094034570633363,0.5390596542936663,Hold,65.325516,65.53967,65.119286,65.28586,29243
2023-01-23 17:00:00,1,0.43639486655321125,0.5636051334467888,Hold,65.293785,65.293785,64.70684,65.15102,19984
2023-01-23 18:00:00,1,0.45429688038218163,0.5457031196178184,Hold,65.135155,65.34138,64.960655,65.26999,16320
2023-01-23 19:00:00,0,0.5061781315739657,0.49382186842603426,Sell,65.26206,65.27792,64.56407,64.683044,28130
2023-01-23 20:00:00,0,0.5461673417490736,0.45383265825092645,Sell,64.683044,64.802025,64.65132,64.76236,4598
2023-01-23 21:00:00,0,0.5142165052796036,0.4857834947203964,Sell,64.76236,64.79409,64.70684,64.73857,1608
2023-01-23 23:00:00,0,0.5175088426268435,0.4824911573731565,Sell,64.73857,64.81789,64.64339,64.7227,1146
2023-01-24 00:00:00,0,0.450629311132267,0.549370688867733,Hold,64.73064,64.770294,64.69098,64.73857,556
2023-01-24 01:00:00,0,0.48020650908192636,0.5197934909180737,Hold,64.73064,64.91306,64.714775,64.88134,1447
2023-01-24 02:00:00,0,0.47117926247989483,0.5288207375201052,Hold,64.88134,64.94479,64.81789,64.873405,1088
2023-01-24 03:00:00,0,0.5059361759455039,0.4940638240544961,Sell,64.86548,64.88927,64.80995,64.81789,582
2023-01-24 04:00:00,0,0.5110576024709321,0.4889423975290679,Sell,64.81789,64.81789,64.7465,64.802025,876
2023-01-24 05:00:00,0,0.4443331772868989,0.5556668227131011,Hold,64.80995,64.80995,64.65925,64.67512,1140
2023-01-24 06:00:00,0,0.4206611565623349,0.5793388434376652,Hold,64.67512,64.714775,64.57993,64.64339,1637
2023-01-24 07:00:00,0,0.434406921935896,0.5655930780641041,Hold,64.65132,64.80995,64.595795,64.683044,3501
2023-01-24 08:00:00,0,0.5124684474759511,0.4875315525240489,Sell,64.69098,64.92893,64.51648,64.83375,8474
2023-01-24 09:00:00,0,0.4491110413790618,0.5508889586209382,Hold,64.84168,64.960655,64.04851,64.318184,14062
2023-01-24 10:00:00,0,0.5229064972647444,0.47709350273525564,Sell,64.318184,64.82581,64.294395,64.73064,7059
2023-01-24 11:00:00,1,0.5147604375865975,0.4852395624134025,Sell,64.73064,65.047905,64.698906,64.92893,7036
2023-01-24 12:00:00,1,0.49488901864008367,0.5051109813599164,Hold,64.92893,65.19861,64.88927,65.15102,5991
2023-01-24 13:00:00,1,0.48781065546369234,0.5121893445363077,Hold,65.15102,65.21447,64.61959,64.8972,11884
2023-01-24 14:00:00,0,0.5042779113538188,0.49572208864618117,Sell,64.88927,64.96859,64.42923,64.437164,24565
2023-01-24 15:00:00,0,0.49650057139007764,0.5034994286099224,Hold,64.44509,64.49268,63.82642,63.985054,36635
2023-01-24 16:00:00,0,0.46357735431181357,0.5364226456881864,Hold,63.985054,64.05644,63.548813,63.604332,25383
2023-01-24 17:00:00,0,0.49106511504328254,0.5089348849567175,Hold,63.5964,64.02471,63.525017,63.881943,15351
2023-01-24 18:00:00,0,0.45125992719631114,0.5487400728036889,Hold,63.874012,63.874012,63.199818,63.421906,19495
2023-01-24 19:00:00,0,0.44966503422461074,0.5503349657753893,Hold,63.413975,63.67572,63.183952,63.564674,17799
2023-01-24 20:00:00,0,0.4181654280348724,0.5818345719651277,Hold,63.57261,63.63606,63.382248,63.540882,4568
2023-01-24 21:00:00,0,0.42817567921181476,0.5718243207881852,Hold,63.532948,63.67572,63.525017,63.659855,2217
2023-01-24 23:00:00,0,0.4497408350365464,0.5502591649634536,Hold,63.659855,63.72331,63.556744,63.58847,1460
2023-01-25 00:00:00,0,0.532630257223172,0.46736974277682797,Sell,63.58054,63.612267,63.517086,63.604332,862
2023-01-25 01:00:00,0,0.4962512475207033,0.5037487524792967,Hold,63.5964,63.889874,63.564674,63.858147,2942
2023-01-25 02:00:00,0,0.4637941252863077,0.5362058747136923,Hold,63.86608,63.977123,63.715378,63.762966,2116
2023-01-25 03:00:00,0,0.49219291336190446,0.5078070866380955,Hold,63.7709,63.842285,63.67572,63.794693,1232
2023-01-25 04:00:00,0,0.4535030518552553,0.5464969481447447,Hold,63.802628,63.834354,63.667786,63.67572,970
2023-01-25 05:00:00,0,0.45038677059913146,0.5496132294008685,Hold,63.67572,63.81849,63.612267,63.81849,1179
2023-01-25 06:00:00,0,0.4632891706126787,0.5367108293873213,Hold,63.81849,63.81849,63.699512,63.802628,1262
2023-01-25 07:00:00,0,0.44232452514621895,0.5576754748537811,Hold,63.802628,63.802628,63.540882,63.612267,3236
2023-01-25 08:00:00,0,0.4262166708257704,0.5737833291742296,Hold,63.620197,63.802628,63.152225,63.21568,10891
2023-01-25 09:00:00,0,0.4457000210338681,0.5542999789661319,Hold,63.199818,63.96126,63.112568,63.437767,10799
2023-01-25 10:00:00,0,0.41322689750595776,0.5867731024940422,Hold,63.453632,63.643993,63.279133,63.4457,6078
2023-01-25 11:00:00,0,0.47177372829336245,0.5282262717066375,Hold,63.453632,63.7709,63.35052,63.762966,6216
2023-01-25 12:00:00,0,0.4144184005200047,0.5855815994799953,Hold,63.762966,63.834354,63.4457,63.58847,6353
2023-01-25 13:00:00,0,0.40748022813225737,0.5925197718677426,Hold,63.58847,63.81056,63.413975,63.57261,10774
2023-01-25 14:00:00,0,0.42444218987363735,0.5755578101263626,Hold,63.564674,63.90574,63.033253,63.199818,24013
2023-01-25 15:00:00,0,0.49126193292177794,0.508738067078222,Hold,63.199818,64.207146,63.017387,63.82642,43080
2023-01-25 16:00:00,0,0.4479771921538274,0.5520228078461726,Hold,63.842285,64.42923,63.659855,64.175415,29495
2023-01-25 17:00:00,0,0.34930831299338,0.65069168700662,Hold,64.175415,64.19128,63.31086,63.382248,17107
2023-01-25 18:00:00,0,0.3621802872212257,0.6378197127787744,Hold,63.382248,63.96126,63.287067,63.802628,14592
2023-01-25 19:00:00,0,0.35970742690175234,0.6402925730982476,Hold,63.802628,63.977123,63.517086,63.81056,19551
2023-01-25 20:00:00,0,0.3681336793469728,0.6318663206530273,Hold,63.81849,63.977123,63.81849,63.90574,6834
2023-01-25 21:00:00,0,0.3634128294118144,0.6365871705881856,Hold,63.90574,63.90574,63.747105,63.802628,2134
2023-01-25 23:00:00,0,0.4105163293651619,0.5894836706348381,Hold,63.834354,63.881943,63.67572,63.858147,939
2023-01-26 00:00:00,0,0.37343248600544726,0.6265675139945528,Hold,63.86608,63.937466,63.802628,63.834354,1021
2023-01-26 01:00:00,0,0.4032819523747838,0.5967180476252162,Hold,63.842285,63.91367,63.794693,63.842285,1394
2023-01-26 02:00:00,0,0.3998037100681396,0.6001962899318605,Hold,63.850216,63.937466,63.802628,63.929535,1326
2023-01-26 03:00:00,0,0.3802319522734904,0.6197680477265096,Hold,63.9216,63.945396,63.69158,63.707447,1235
2023-01-26 04:00:00,0,0.3903512414922336,0.6096487585077663,Hold,63.707447,63.747105,63.643993,63.67572,1072
2023-01-26 05:00:00,0,0.4064631038430091,0.5935368961569909,Hold,63.67572,63.7709,63.612267,63.739174,1478
2023-01-26 06:00:00,0,0.4039939918349981,0.5960060081650018,Hold,63.73124,63.834354,63.715378,63.82642,1466
2023-01-26 07:00:00,0,0.4157811398828495,0.5842188601171505,Hold,63.81849,63.9216,63.659855,63.897808,2963
2023-01-26 08:00:00,0,0.3836705776812796,0.6163294223187203,Hold,63.881943,63.99299,63.39018,63.604332,10134
2023-01-26 09:00:00,0,0.42394468299620774,0.5760553170037923,Hold,63.612267,64.119896,63.57261,63.937466,7486
2023-01-26 10:00:00,0,0.3921430493056366,0.6078569506943634,Hold,63.945396,64.34198,63.945396,64.000916,6933
2023-01-26 11:00:00,0,0.3929768761780493,0.6070231238219508,Hold,64.000916,64.119896,63.897808,64.0723,4294
2023-01-26 12:00:00,0,0.45753578945983175,0.5424642105401682,Hold,64.08024,64.524414,64.0723,64.46096,9636
2023-01-26 13:00:00,0,0.44503769366559265,0.5549623063344074,Hold,64.46889,64.86548,64.42923,64.83375,17752
2023-01-26 14:00:00,0,0.4173179017790546,0.5826820982209454,Hold,64.83375,65.15102,64.38164,64.46889,33525
2023-01-26 15:00:00,0,0.326262945184221,0.6737370548157791,Hold,64.47682,64.611664,63.63606,64.37371,41332
2023-01-26 16:00:00,0,0.38065465551796746,0.6193453444820325,Hold,64.37371,64.79409,64.18335,64.627525,23111
2023-01-26 17:00:00,0,0.398008661732391,0.601991338267609,Hold,64.61959,64.73857,64.23094,64.63545,12107
2023-01-26 18:00:00,0,0.33463147616682065,0.6653685238331793,Hold,64.627525,64.714775,64.06437,64.15955,15326
2023-01-26 19:00:00,0,0.3443669055523611,0.655633094447639,Hold,64.15162,64.60373,64.11196,64.42923,22500
2023-01-26 20:00:00,0,0.3206819732318519,0.6793180267681481,Hold,64.42923,64.453026,64.25473,64.32612,3798
2023-01-26 21:00:00,0,0.30741905177199447,0.6925809482280055,Hold,64.318184,64.437164,64.30232,64.32612,1670
2023-01-26 23:00:00,0,0.35779306586555826,0.6422069341344417,Hold,64.4213,64.4213,64.318184,64.35785,569
2023-01-27 00:00:00,0,0.4000184799151128,0.5999815200848873,Hold,64.34198,64.42923,64.31026,64.40543,704
2023-01-27 01:00:00,0,0.4226104224220066,0.5773895775779934,Hold,64.39751,64.48476,64.349915,64.4213,2071
2023-01-27 02:00:00,0,0.45969498134609715,0.5403050186539029,Hold,64.4213,64.508545,64.39751,64.49268,1145
2023-01-27 03:00:00,0,0.39415752755892136,0.6058424724410787,Hold,64.48476,64.53234,64.46889,64.50062,983
2023-01-27 04:00:00,0,0.34635533331688,0.6536446666831199,Hold,64.49268,64.56407,64.49268,64.524414,902
2023-01-27 05:00:00,0,0.3668982531020831,0.6331017468979169,Hold,64.53234,64.63545,64.508545,64.56407,1306
2023-01-27 06:00:00,0,0.3568157583900206,0.6431842416099793,Hold,64.572,64.58787,64.46096,64.50062,1205
2023-01-27 07:00:00,0,0.38725432966649787,0.6127456703335021,Hold,64.50062,64.683044,64.349915,64.453026,4309
2023-01-27 08:00:00,0,0.41246160665198434,0.5875383933480156,Hold,64.46096,64.81789,64.365776,64.70684,10615
2023-01-27 09:00:00,1,0.4595992721257482,0.5404007278742518,Hold,64.714775,65.19861,64.67512,65.14308,10109
2023-01-27 10:00:00,0,0.3876284033655221,0.6123715966344778,Hold,65.135155,65.190674,64.97652,65.11136,6081
2023-01-27 11:00:00,1,0.3985691767644005,0.6014308232355995,Hold,65.11136,65.381035,65.0955,65.28586,8768
2023-01-27 12:00:00,1,0.3593714050253088,0.6406285949746913,Hold,65.28586,65.33344,65.06377,65.15895,9179
2023-01-27 13:00:00,1,0.3427613485201875,0.6572386514798125,Hold,65.15895,65.30172,64.97652,65.15895,11856
2023-01-27 14:00:00,0,0.33591833793215353,0.6640816620678465,Hold,65.15895,65.42069,64.64339,64.7227,30071
2023-01-27 15:00:00,1,0.3420489081556934,0.6579510918443066,Hold,64.7227,65.190674,63.81056,63.937466,37847
2023-01-27 16:00:00,1,0.3653522885546991,0.6346477114453009,Hold,63.9216,63.929535,63.342587,63.525017,42813
2023-01-27 17:00:00,0,0.3304451091640713,0.6695548908359287,Hold,63.532948,63.612267,62.715984,63.16809,36493
2023-01-27 18:00:00,0,0.35239656245911033,0.6476034375408897,Hold,63.16016,63.31086,62.827026,63.1205,22258
2023-01-27 19:00:00,0,0.3591304830958591,0.640869516904141,Hold,63.1205,63.279133,62.69219,63.08084,30929
2023-01-27 20:00:00,0,0.401435932858199,0.598564067141801,Hold,63.08084,63.128433,62.938072,62.99359,4815
2023-01-27 21:00:00,0,0.4160634048847884,0.5839365951152116,Hold,62.99359,63.049114,62.938072,62.961864,2104
2023-01-29 23:00:00,1,0.4561392521385684,0.5438607478614317,Hold,63.48536,63.842285,63.334656,63.715378,7266
2023-01-30 00:00:00,1,0.4222337379484243,0.5777662620515758,Hold,63.72331,63.802628,63.643993,63.659855,2260
2023-01-30 01:00:00,1,0.38037408177563364,0.6196259182243664,Hold,63.659855,63.755035,63.429836,63.461563,5123
2023-01-30 02:00:00,1,0.37119391923529244,0.6288060807647076,Hold,63.461563,63.532948,63.247406,63.334656,2946
2023-01-30 03:00:00,1,0.4112233783059572,0.5887766216940429,Hold,63.342587,63.35845,63.112568,63.16016,2638
2023-01-30 04:00:00,1,0.38033302845074135,0.6196669715492586,Hold,63.16016,63.199818,62.99359,63.08084,1679
2023-01-30 05:00:00,0,0.39395898874771185,0.6060410112522882,Hold,63.07291,63.07291,62.763573,62.779438,2665
2023-01-30 06:00:00,0,0.3977023298900624,0.6022976701099376,Hold,62.779438,62.9698,62.70805,62.827026,3070
2023-01-30 07:00:00,0,0.39266560071642265,0.6073343992835774,Hold,62.827026,62.834957,62.549416,62.66046,5890
2023-01-30 08:00:00,0,0.4077655541464583,0.5922344458535417,Hold,62.668392,62.88255,62.446304,62.739777,10387
2023-01-30 09:00:00,0,0.3782009334387726,0.6217990665612274,Hold,62.74771,63.112568,62.589077,62.89048,8605
2023-01-30 10:00:00,1,0.4484470677367448,0.5515529322632552,Hold,62.88255,63.247406,62.74771,63.239475,6427
2023-01-30 11:00:00,1,0.3963454309868131,0.6036545690131869,Hold,63.239475,63.334656,62.9698,63.25534,6367
2023-01-30 12:00:00,1,0.34250978602810966,0.6574902139718903,Hold,63.26327,63.295,62.97773,63.152225,5407
2023-01-30 13:00:00,0,0.3866954607367884,0.6133045392632116,Hold,63.152225,63.21568,61.787975,61.994198,32323
2023-01-30 14:00:00,0,0.4399993079143248,0.5600006920856753,Hold,61.994198,62.51769,61.748314,62.27974,30258
2023-01-30 15:00:00,0,0.39279556793587933,0.6072044320641207,Hold,62.27181,62.946003,62.216286,62.858753,23782
2023-01-30 16:00:00,0,0.3247612063671927,0.6752387936328073,Hold,62.866684,63.39811,62.20042,62.414577,31118
2023-01-30 17:00:00,0,0.30967330307538116,0.6903266969246189,Hold,62.406647,62.684258,62.24008,62.359055,12069
2023-01-30 18:00:00,0,0.37009170981040973,0.6299082901895903,Hold,62.343193,62.406647,61.94661,62.081448,16389
2023-01-30 19:00:00,0,0.3717096608314722,0.6282903391685277,Hold,62.08938,62.152832,61.597614,61.645203,28259
2023-01-30 20:00:00,0,0.3986297013663659,0.6013702986336341,Hold,61.653133,61.827633,61.613476,61.692795,5541
2023-01-30 21:00:00,0,0.396462639397602,0.6035373606023979,Hold,61.700726,61.811768,61.613476,61.716587,2295
2023-01-30 23:00:00,0,0.49016369700180895,0.509836302998191,Hold,61.795906,61.899017,61.716587,61.819702,1602
2023-01-31 00:00:00,0,0.48283312519502564,0.5171668748049744,Hold,61.827633,61.914883,61.78004,61.85143,1711
2023-01-31 01:00:00,0,0.48718045641651975,0.5128195435834803,Hold,61.85936,61.978336,61.692795,61.811768,4369
2023-01-31 02:00:00,0,0.5021454944988931,0.4978545055011069,Sell,61.811768,61.883156,61.68486,61.72452,2147
2023-01-31 03:00:00,0,0.49001827000334913,0.5099817299966509,Hold,61.716587,61.732452,61.518295,61.565887,3107
2023-01-31 04:00:00,0,0.47563033616771866,0.5243696638322813,Hold,61.57382,61.57382,61.510365,61.526226,1591
2023-01-31 05:00:00,0,0.4740721582200099,0.5259278417799901,Hold,61.526226,61.621407,61.48657,61.565887,2121
2023-01-31 06:00:00,0,0.4276281592833379,0.572371840716662,Hold,61.57382,61.58175,61.39932,61.44691,3277
2023-01-31 07:00:00,0,0.4908392212229722,0.5091607787770278,Hold,61.45484,61.700726,61.375526,61.48657,4518
2023-01-31 08:00:00,0,0.3895967462641731,0.6104032537358268,Hold,61.48657,61.518295,60.89169,61.1693,17505
2023-01-31 09:00:00,0,0.3561370717210013,0.6438629282789987,Hold,61.1693,61.208958,60.780647,60.820305,11250
2023-01-31 10:00:00,0,0.35824497529362825,0.6417550247063717,Hold,60.828236,60.98687,60.717194,60.867897,7686
2023-01-31 11:00:00,0,0.3759041518718449,0.6240958481281551,Hold,60.875828,61.1693,60.75685,61.058258,8918
2023-01-31 12:00:00,0,0.3878294576612358,0.6121705423387642,Hold,61.058258,61.27241,61.010666,61.129642,9297
2023-01-31 13:00:00,0,0.4350934020656492,0.5649065979343508,Hold,61.129642,61.597614,61.129642,61.35966,15671
2023-01-31 14:00:00,0,0.5304431169192745,0.4695568830807255,Sell,61.35966,62.19249,61.105846,62.1449,30882
2023-01-31 15:00:00,0,0.48107184859290875,0.5189281514070913,Hold,62.152832,62.858753,61.86729,62.644596,35627
2023-01-31 16:00:00,0,0.46973944685047525,0.5302605531495248,Hold,62.644596,62.731846,62.17663,62.27181,25387
2023-01-31 17:00:00,0,0.45321092614098335,0.5467890738590166,Hold,62.27181,62.636665,62.20042,62.56528,13261
2023-01-31 18:00:00,0,0.4428515795581493,0.5571484204418506,Hold,62.57321,62.66046,62.232147,62.27974,13188
2023-01-31 19:00:00,0,0.4970615210367611,0.502938478963239,Hold,62.28767,62.763573,62.065582,62.66046,26359
2023-01-31 20:00:00,0,0.48108945802365827,0.5189105419763418,Hold,62.668392,62.763573,62.66046,62.731846,3950
2023-01-31 21:00:00,0,0.47298902216016364,0.5270109778398364,Hold,62.723915,62.7953,62.676323,62.684258,3609
2023-01-31 23:00:00,0,0.4906728100858849,0.5093271899141151,Hold,62.70805,62.80323,62.676323,62.771503,1002
2023-02-01 00:00:00,0,0.49885226719729686,0.5011477328027032,Hold,62.771503,62.771503,62.69219,62.70805,838
2023-02-01 01:00:00,0,0.536091648043979,0.463908351956021,Sell,62.70805,62.938072,62.676323,62.771503,3436
2023-02-01 02:00:00,0,0.4656553667404231,0.5343446332595769,Hold,62.771503,62.811165,62.644596,62.644596,1970
2023-02-01 03:00:00,0,0.5111827311491816,0.48881726885081844,Sell,62.644596,62.866684,62.636665,62.850822,2207
2023-02-01 04:00:00,0,0.4891063931974543,0.5108936068025457,Hold,62.84289,62.906345,62.811165,62.811165,1106
2023-02-01 05:00:00,0,0.4891048515714136,0.5108951484285864,Hold,62.819096,62.834957,62.676323,62.763573,1937
2023-02-01 06:00:00,0,0.4382988597078956,0.5617011402921044,Hold,62.755642,62.80323,62.684258,62.69219,2105
2023-02-01 07:00:00,0,0.5572842563986747,0.44271574360132526,Sell,62.684258,63.009457,62.597008,62.906345,5942
2023-02-01 08:00:00,1,0.5484848445712625,0.45151515542873755,Sell,62.89841,63.239475,62.80323,63.08877,11748
2023-02-01 09:00:00,0,0.534296237847801,0.465703762152199,Sell,63.096706,63.112568,62.525623,62.60494,9452
2023-02-01 10:00:00,0,0.5150043604519944,0.4849956395480056,Sell,62.61287,62.78737,62.4701,62.597008,6677
2023-02-01 11:00:00,1,0.5484202193490658,0.4515797806509342,Sell,62.60494,63.009457,62.509758,62.99359,6341
2023-02-01 12:00:00,1,0.4593963762220478,0.5406036237779521,Hold,62.98566,63.231544,62.763573,62.80323,10436
2023-02-01 13:00:00,1,0.4452693573196602,0.5547306426803398,Hold,62.80323,63.033253,62.47803,62.501827,11547
2023-02-01 14:00:00,0,0.42423657096278555,0.5757634290372144,Hold,62.501827,62.866684,62.248013,62.2956,27353
2023-02-01 15:00:00,1,0.4545682795728112,0.5454317204271888,Hold,62.2956,62.723915,62.073517,62.121105,34447
2023-02-01 16:00:00,0,0.34909421557496895,0.650905784425031,Hold,62.113174,62.255943,61.193096,61.26448,35038
2023-02-01 17:00:00,0,0.293515096061121,0.706484903938879,Hold,61.25655,61.26448,60.32061,60.447517,48600
2023-02-01 18:00:00,0,0.2994635436959397,0.7005364563040604,Hold,60.447517,60.780647,60.407856,60.614082,15388
2023-02-01 19:00:00,0,0.30816706453032366,0.6918329354696764,Hold,60.582355,61.105846,60.42372,60.93135,32255
2023-02-01 20:00:00,0,0.28117923916007265,0.7188207608399273,Hold,60.93928,61.208958,60.875828,60.93135,7598
2023-02-01 21:00:00,0,0.2681241501145918,0.7318758498854082,Hold,60.923416,61.08205,60.725124,60.83617,3928
2023-02-01 23:00:00,0,0.28569221540731576,0.7143077845926842,Hold,60.907555,61.058258,60.828236,60.915485,1649
2023-02-02 00:00:00,0,0.3215533329406679,0.6784466670593321,Hold,60.923416,61.16137,60.915485,61.097916,2250
2023-02-02 01:00:00,0,0.3238361278494888,0.6761638721505112,Hold,61.089985,61.232754,60.915485,61.105846,4877
2023-02-02 02:00:00,1,0.3623302359024191,0.6376697640975809,Hold,61.097916,61.1693,61.010666,61.15344,2030
2023-02-02 03:00:00,1,0.3200177946682788,0.6799822053317213,Hold,61.16137,61.193096,61.08205,61.15344,1062
2023-02-02 04:00:00,1,0.3580524617558688,0.6419475382441312,Hold,61.15344,61.26448,61.113777,61.240685,1105
2023-02-02 05:00:00,1,0.34701880201101615,0.6529811979889839,Hold,61.240685,61.25655,61.06619,61.097916,2589
2023-02-02 06:00:00,1,0.35693709477936525,0.6430629052206347,Hold,61.097916,61.145504,60.915485,60.97101,3391
2023-02-02 07:00:00,0,0.32860021545101953,0.6713997845489805,Hold,60.97101,61.105846,60.701332,60.75685,5912
2023-02-02 08:00:00,0,0.40444470621264855,0.5955552937873514,Hold,60.75685,61.07412,60.63788,60.8441,11477
2023-02-02 09:00:00,0,0.37679898598993095,0.623201014010069,Hold,60.8441,60.88376,60.32854,60.56649,12039
2023-02-02 10:00:00,0,0.42241993888990814,0.5775800611100919,Hold,60.55856,60.93135,60.42372,60.65374,6665
2023-02-02 11:00:00,0,0.40334567318733827,0.5966543268126617,Hold,60.64581,60.820305,60.344402,60.46338,8253
2023-02-02 12:00:00,0,0.3767857937806364,0.6232142062193635,Hold,60.46338,60.51097,60.13818,60.37613,10561
2023-02-02 13:00:00,0,0.4020098854106351,0.5979901145893649,Hold,60.37613,60.55856,60.18577,60.296814,13378
2023-02-02 14:00:00,0,0.4190993344550922,0.5809006655449078,Hold,60.296814,60.725124,59.757458,59.892296,34299
2023-02-02 15:00:00,0,0.3907155161088187,0.6092844838911813,Hold,59.876434,60.582355,59.463985,60.33647,45133
2023-02-02 16:00:00,0,0.37934149395235567,0.6206585060476444,Hold,60.32854,60.74892,59.95575,60.693398,30213
2023-02-02 17:00:00,0,0.3455562315656948,0.6544437684343052,Hold,60.693398,61.010666,60.407856,60.994804,21556
2023-02-02 18:00:00,0,0.30785722905086427,0.6921427709491357,Hold,60.994804,61.002735,60.65374,60.79651,15818
2023-02-02 19:00:00,0,0.32627772824329715,0.6737222717567029,Hold,60.788578,60.859962,60.011272,60.23336,25394
2023-02-02 20:00:00,0,0.3052566966851927,0.6947433033148074,Hold,60.22543,60.23336,60.05093,60.13025,4358
2023-02-02 21:00:00,0,0.33878964442660897,0.661210355573391,Hold,60.13025,60.28095,60.05886,60.28095,4353
2023-02-02 23:00:00,0,0.3155105894795746,0.6844894105204253,Hold,60.217495,60.265087,60.13818,60.24922,803
2023-02-03 00:00:00,0,0.4045844622448586,0.5954155377551413,Hold,60.257156,60.33647,60.22543,60.32061,1021
2023-02-03 01:00:00,0,0.4117235552665336,0.5882764447334664,Hold,60.312675,60.407856,60.23336,60.28095,3040
2023-02-03 02:00:00,0,0.41843831135799864,0.5815616886420014,Hold,60.28095,60.399925,60.05886,60.177837,2290
2023-02-03 03:00:00,0,0.4540306960763558,0.5459693039236442,Hold,60.169907,60.24129,60.114384,60.13025,1391
2023-02-03 04:00:00,0,0.4503656700512848,0.5496343299487152,Hold,60.13025,60.13025,60.011272,60.03507,1394
2023-02-03 05:00:00,0,0.4510965490640523,0.5489034509359477,Hold,60.03507,60.05093,59.939888,59.987476,1825
2023-02-03 06:00:00,0,0.4647240175792086,0.5352759824207913,Hold,59.987476,60.161976,59.987476,60.114384,2036
2023-02-03 07:00:00,0,0.4491435610593762,0.5508564389406239,Hold,60.106453,60.15404,59.828842,59.90816,4251
2023-02-03 08:00:00,0,0.49060466641562334,0.5093953335843766,Hold,59.900227,60.13818,59.614685,60.098522,11392
2023-02-03 09:00:00,0,0.44352256479905805,0.556477435200942,Hold,60.098522,60.526833,59.8685,60.45545,9657
2023-02-03 10:00:00,0,0.42209344586013703,0.5779065541398629,Hold,60.46338,60.5189,59.94782,60.14611,8631
2023-02-03 11:00:00,0,0.46332175794492725,0.5366782420550728,Hold,60.14611,60.18577,59.884365,60.169907,5332
2023-02-03 12:00:00,0,0.4456951977200129,0.554304802279987,Hold,60.169907,60.32061,59.939888,60.288883,5801
2023-02-03 13:00:00,0,0.5087597989937271,0.49124020100627286,Sell,60.288883,60.820305,59.85264,60.75685,22155
2023-02-03 14:00:00,0,0.5627364426472948,0.43726355735270517,Sell,60.74892,61.407253,60.24129,61.320004,32629
2023-02-03 15:00:00,1,0.543014021222756,0.456985978777244,Sell,61.312073,61.86729,61.137573,61.193096,36981
2023-02-03 16:00:00,0,0.4462013029501465,0.5537986970498535,Hold,61.201027,61.224823,59.146717,59.16258,66345
2023-02-03 17:00:00,0,0.4258335207119945,0.5741664792880055,Hold,59.154648,59.154648,58.401134,58.543907,49733
2023-02-03 18:00:00,0,0.4002340549876863,0.5997659450123136,Hold,58.535976,58.710472,58.305954,58.40907,23571
2023-02-03 19:00:00,0,0.4217782462384999,0.5782217537615001,Hold,58.401134,58.480453,58.036278,58.036278,31090
2023-02-03 20:00:00,0,0.42581447286364593,0.5741855271363541,Hold,58.04421,58.163185,58.00455,58.068005,10002
2023-02-03 21:00:00,0,0.44367687151824503,0.5563231284817549,Hold,58.075935,58.13146,57.980755,58.083866,2691
2023-02-05 23:00:00,0,0.5045925255780881,0.4954074744219119,Sell,58.083866,58.448727,58.060074,58.28216,3874
2023-02-06 00:00:00,0,0.5066034745533036,0.49339652544669643,Sell,58.28216,58.40907,58.266296,58.361477,2172
2023-02-06 01:00:00,0,0.47368618674630814,0.5263138132536919,Hold,58.369408,58.43286,58.028347,58.31389,5668
2023-02-06 02:00:00,0,0.5125153942106414,0.4874846057893586,Sell,58.305954,58.32975,58.210773,58.32182,2505
2023-02-06 03:00:00,0,0.5032282676926655,0.4967717323073345,Sell,58.31389,58.377342,58.266296,58.298023,1532
2023-02-06 04:00:00,0,0.48854443036248263,0.5114555696375174,Hold,58.298023,58.353546,58.28216,58.31389,1317
2023-02-06 05:00:00,0,0.4876545976537553,0.5123454023462447,Hold,58.305954,58.42493,58.171116,58.40907,3478
2023-02-06 06:00:00,0,0.4712017009007245,0.5287982990992754,Hold,58.417,58.440796,58.22664,58.361477,2584
2023-02-06 07:00:00,0,0.4940907757275893,0.5059092242724107,Hold,58.369408,58.710472,58.32182,58.60736,8904
2023-02-06 08:00:00,0,0.4715359337660808,0.5284640662339193,Hold,58.59943,58.710472,58.345615,58.543907,10654
2023-02-06 09:00:00,0,0.45500382624039715,0.5449961737596029,Hold,58.543907,58.543907,58.00455,58.2425,13093
2023-02-06 10:00:00,0,0.5226737418248549,0.47732625817514507,Sell,58.2425,58.773926,58.107662,58.64702,11057
2023-02-06 11:00:00,0,0.4689282467672406,0.5310717532327593,Hold,58.64702,58.686676,58.210773,58.361477,10629
2023-02-06 12:00:00,0,0.5010267702941786,0.49897322970582136,Sell,58.361477,58.805653,58.266296,58.765995,9720
2023-02-06 13:00:00,0,0.5006563759817889,0.4993436240182111,Sell,58.758064,59.01981,58.55977,58.88497,20846
2023-02-06 14:00:00,0,0.4445012822304751,0.555498717769525,Hold,58.877037,58.972218,58.250435,58.305954,30677
2023-02-06 15:00:00,0,0.40712008108146586,0.5928799189185341,Hold,58.31389,58.32182,57.4414,57.457264,47736
2023-02-06 16:00:00,0,0.4076049004019769,0.5923950995980232,Hold,57.449333,58.61529,57.30656,58.440796,43787
2023-02-06 17:00:00,0,0.44376841281779783,0.5562315871822021,Hold,58.440796,58.726337,58.155254,58.488384,21768
2023-02-06 18:00:00,0,0.43476849053829797,0.565231509461702,Hold,58.496315,58.821518,58.417,58.75013,16563
2023-02-06 19:00:00,0,0.4416059652436069,0.5583940347563932,Hold,58.75013,58.996014,58.583565,58.948425,19375
2023-02-06 20:00:00,0,0.4074102735383906,0.5925897264616093,Hold,58.948425,59.051537,58.88497,59.01981,4560
2023-02-06 21:00:00,0,0.4096970953689488,0.5903029046310512,Hold,59.01981,59.099125,58.9167,59.059467,2623
2023-02-06 23:00:00,0,0.46731916632306625,0.5326808336769338,Hold,59.146717,59.186375,58.988083,59.10706,1135
2023-02-07 00:00:00,0,0.41573512533858337,0.5842648746614166,Hold,59.099125,59.12292,58.996014,59.03567,718
2023-02-07 01:00:00,0,0.45325764091107823,0.5467423590889218,Hold,59.03567,59.384666,58.972218,59.34501,3791
2023-02-07 02:00:00,0,0.4617115576541182,0.5382884423458818,Hold,59.34501,59.45605,59.273624,59.44812,2455
2023-02-07 03:00:00,0,0.41756540071213,0.58243459928787,Hold,59.44812,59.471916,59.34501,59.384666,1766
2023-02-07 04:00:00,0,0.43112221841392256,0.5688777815860775,Hold,59.392597,59.424324,59.36087,59.384666,880
2023-02-07 05:00:00,0,0.5344104954559645,0.46558950454403547,Sell,59.384666,59.709866,59.25776,59.64641,2827
2023-02-07 06:00:00,0,0.4990791633216693,0.5009208366783306,Hold,59.654346,59.76539,59.559166,59.701935,3295
2023-02-07 07:00:00,0,0.5076223413487452,0.4923776586512548,Sell,59.709866,59.900227,59.58296,59.836773,5065
2023-02-07 08:00:00,0,0.5818837781119691,0.4181162218880309,Sell,59.828842,60.265087,59.797115,60.22543,15551
2023-02-07 09:00:00,0,0.5078002296446175,0.49219977035538254,Sell,60.22543,60.24129,59.7178,59.94782,7561
2023-02-07 10:00:00,0,0.5266493500824704,0.4733506499175296,Sell,59.95575,60.257156,59.90816,59.995407,7873
2023-02-07 11:00:00,0,0.4548230739570351,0.5451769260429649,Hold,59.987476,60.027134,59.67814,59.701935,5950
2023-02-07 12:00:00,0,0.5023663627777274,0.4976336372222726,Sell,59.701935,59.892296,59.503643,59.64641,9932
2023-02-07 13:00:00,0,0.540871505538517,0.45912849446148296,Sell,59.63848,59.924023,59.44019,59.781254,14652
2023-02-07 14:00:00,0,0.5087995484857275,0.4912004515142725,Sell,59.781254,59.916092,59.289486,59.797115,28405
2023-02-07 15:00:00,0,0.5621181703983701,0.4378818296016299,Sell,59.797115,60.177837,59.55123,60.169907,27465
2023-02-07 16:00:00,0,0.5474146163847493,0.4525853836152507,Sell,60.169907,61.034462,60.082657,60.859962,41613
2023-02-07 17:00:00,0,0.4878871154642873,0.5121128845357127,Hold,60.859962,61.1693,60.614082,61.113777,22683
2023-02-07 18:00:00,0,0.4428881090918879,0.5571118909081121,Hold,61.113777,61.201027,60.598217,60.93135,17139
2023-02-07 19:00:00,0,0.4475291091903733,0.5524708908096267,Hold,60.93135,61.3438,60.923416,61.24862,26386
2023-02-07 20:00:00,0,0.44087106300936657,0.5591289369906334,Hold,61.25655,61.39932,61.185165,61.320004,6288
2023-02-07 21:00:00,0,0.4609441863748137,0.5390558136251863,Hold,61.312073,61.550022,61.296207,61.54209,3129
2023-02-07 23:00:00,0,0.40597169279086365,0.5940283072091364,Hold,61.462772,61.565887,61.39932,61.478638,1375
2023-02-08 00:00:00,0,0.419408098322697,0.580591901677303,Hold,61.48657,61.54209,61.39932,61.526226,852
2023-02-08 01:00:00,0,0.44118340466604505,0.558816595333955,Hold,61.526226,61.550022,61.1693,61.201027,4347
2023-02-08 02:00:00,0,0.3987235136274612,0.6012764863725388,Hold,61.193096,61.470707,61.193096,61.415184,1992
2023-02-08 03:00:00,0,0.3972823733328585,0.6027176266671415,Hold,61.415184,61.431046,61.216892,61.24862,1432
2023-02-08 04:00:00,0,0.405090361905242,0.594909638094758,Hold,61.240685,61.35966,61.240685,61.35173,878
2023-02-08 05:00:00,0,0.41865046964416486,0.5813495303558351,Hold,61.35966,61.36759,61.224823,61.327934,1256
2023-02-08 06:00:00,0,0.4392737374291417,0.5607262625708582,Hold,61.327934,61.407253,61.27241,61.3438,1646
2023-02-08 07:00:00,0,0.47433415637238724,0.5256658436276127,Hold,61.335865,61.661068,61.137573,61.621407,6681
2023-02-08 08:00:00,0,0.4997503043347569,0.5002496956652431,Hold,61.613476,61.95454,61.3438,61.922813,15094
2023-02-08 09:00:00,0,0.4724895937068806,0.5275104062931194,Hold,61.922813,62.216286,61.914883,62.08938,11840
2023-02-08 10:00:00,0,0.4395992783888976,0.5604007216111024,Hold,62.08938,62.121105,61.78004,61.85143,6330
2023-02-08 11:00:00,0,0.45980905278123985,0.5401909472187602,Hold,61.85936,61.891087,61.63727,61.811768,6096
2023-02-08 12:00:00,0,0.4179456066557698,0.5820543933442301,Hold,61.811768,61.994198,61.550022,61.605545,7585
2023-02-08 13:00:00,0,0.44223988474547604,0.557760115254524,Hold,61.605545,62.08938,61.518295,62.065582,14598
2023-02-08 14:00:00,0,0.3937748924820036,0.6062251075179964,Hold,62.073517,62.248013,61.653133,61.77211,29474
2023-02-08 15:00:00,0,0.34713620797162353,0.6528637920283764,Hold,61.78004,61.906948,61.216892,61.811768,36272
2023-02-08 16:00:00,0,0.3465974898336786,0.6534025101663214,Hold,61.811768,61.94661,61.193096,61.68486,25516
2023-02-08 17:00:00,0,0.3989543904465494,0.6010456095534507,Hold,61.68486,62.04972,61.478638,62.04179,13807
2023-02-08 18:00:00,0,0.3039670752799537,0.6960329247200463,Hold,62.04972,62.319397,62.010063,62.17663,16744
2023-02-08 19:00:00,0,0.35378435668786107,0.6462156433121389,Hold,62.17663,62.311466,62.073517,62.27181,20991
2023-02-08 20:00:00,0,0.3252985724398616,0.6747014275601384,Hold,62.27974,62.27974,62.168697,62.232147,3899
2023-02-08 21:00:00,1,0.3422803133217746,0.6577196866782253,Hold,62.224216,62.263874,62.168697,62.248013,1650
2023-02-08 23:00:00,1,0.34333364367776825,0.6566663563222317,Hold,62.224216,62.28767,62.152832,62.248013,881
2023-02-09 00:00:00,0,0.3007172444373501,0.69928275556265,Hold,62.255943,62.263874,62.160763,62.17663,666
2023-02-09 01:00:00,1,0.37731217720646903,0.622687822793531,Hold,62.18456,62.359055,62.081448,62.327328,3996
2023-02-09 02:00:00,1,0.3429715179709412,0.6570284820290588,Hold,62.335262,62.359055,62.216286,62.232147,1746
2023-02-09 03:00:00,0,0.3853428496599523,0.6146571503400478,Hold,62.24008,62.24008,62.105244,62.216286,1410
2023-02-09 04:00:00,0,0.3690088913531132,0.6309911086468868,Hold,62.208355,62.24008,62.17663,62.20042,455
2023-02-09 05:00:00,1,0.3836325232207951,0.6163674767792049,Hold,62.20042,62.335262,62.19249,62.28767,1723
2023-02-09 06:00:00,1,0.37635219495770955,0.6236478050422904,Hold,62.28767,62.335262,62.224216,62.27974,1541
2023-02-09 07:00:00,0,0.38199166489687664,0.6180083351031234,Hold,62.27181,62.335262,62.033855,62.08938,3989
2023-02-09 08:00:00,1,0.4480155732291498,0.5519844267708502,Hold,62.081448,62.485962,62.073517,62.414577,10522
2023-02-09 09:00:00,1,0.3898340254983361,0.6101659745016639,Hold,62.42251,62.501827,62.04972,62.311466,7975
2023-02-09 10:00:00,1,0.40866548468712705,0.591334515312873,Hold,62.327328,62.533554,62.248013,62.406647,6510
2023-02-09 11:00:00,1,0.39856029676332955,0.6014397032366705,Hold,62.414577,62.525623,62.27181,62.28767,5940
2023-02-09 12:00:00,1,0.44376470752298747,0.5562352924770125,Hold,62.2956,62.36699,61.938675,62.04179,9499
2023-02-09 13:00:00,0,0.43459141874829915,0.5654085812517009,Hold,62.04972,62.04972,61.550022,61.67693,16872
2023-02-09 14:00:00,0,0.4496386643538743,0.5503613356461257,Hold,61.68486,61.86729,61.27241,61.431046,24797
2023-02-09 15:00:00,0,0.33226371888658346,0.6677362811134165,Hold,61.423115,61.63727,60.79651,60.85203,29353
2023-02-09 16:00:00,0,0.41254992218209474,0.5874500778179053,Hold,60.85203,61.803837,60.693398,61.48657,32395
2023-02-09 17:00:00,0,0.460068683041089,0.5399313169589111,Hold,61.48657,61.76418,61.296207,61.613476,13155
2023-02-09 18:00:00,0,0.40650677741256186,0.5934932225874381,Hold,61.613476,61.94661,61.565887,61.883156,13856
2023-02-09 19:00:00,0,0.3664988412116213,0.6335011587883788,Hold,61.883156,62.081448,61.58175,61.63727,21720
2023-02-09 20:00:00,0,0.4054270761938324,0.5945729238061677,Hold,61.62934,61.740383,61.518295,61.58175,5056
2023-02-09 21:00:00,0,0.4119839110866868,0.5880160889133133,Hold,61.58968,61.613476,61.510365,61.597614,1731
2023-02-09 23:00:00,0,0.4122146838551589,0.5877853161448411,Hold,61.613476,61.613476,61.478638,61.605545,618
2023-02-10 00:00:00,0,0.4810364605696627,0.5189635394303374,Hold,61.605545,61.645203,61.550022,61.63727,869
2023-02-10 01:00:00,0,0.46877355787967634,0.5312264421203237,Hold,61.63727,61.75625,61.565887,61.68486,2475
2023-02-10 02:00:00,0,0.4266096634163707,0.5733903365836293,Hold,61.68486,61.835564,61.58968,61.700726,1795
2023-02-10 03:00:00,0,0.4399313617438026,0.5600686382561975,Hold,61.692795,61.716587,61.565887,61.58968,1594
2023-02-10 04:00:00,0,0.4731442226984827,0.5268557773015172,Hold,61.58968,61.716587,61.565887,61.68486,1039
2023-02-10 05:00:00,0,0.49252253970299414,0.5074774602970058,Hold,61.692795,61.708656,61.44691,61.54209,2479
2023-02-10 06:00:00,0,0.46358131048556656,0.5364186895144334,Hold,61.54209,61.811768,61.53416,61.68486,2194
2023-02-10 07:00:00,0,0.46336962065566945,0.5366303793443306,Hold,61.692795,61.891087,61.53416,61.621407,4693
2023-02-10 08:00:00,0,0.5333613958898047,0.4666386041101953,Sell,61.605545,63.532948,61.53416,63.39811,33934
2023-02-10 09:00:00,0,0.48764451863226205,0.512355481367738,Hold,63.39811,63.715378,63.279133,63.453632,18256
2023-02-10 10:00:00,0,0.472997778292823,0.527002221707177,Hold,63.453632,63.525017,63.057045,63.07291,8972
2023-02-10 11:00:00,0,0.4760753391350709,0.5239246608649291,Hold,63.07291,63.48536,63.07291,63.279133,7216
2023-02-10 12:00:00,0,0.4707403653083167,0.5292596346916834,Hold,63.271202,63.318794,63.104637,63.199818,6308
2023-02-10 13:00:00,0,0.4839988095247474,0.5160011904752526,Hold,63.199818,63.20775,62.335262,62.581142,24323
2023-02-10 14:00:00,0,0.4844632515517628,0.5155367484482372,Hold,62.589077,62.914276,62.351124,62.827026,25361
2023-02-10 15:00:00,0,0.4916318850810435,0.5083681149189565,Hold,62.827026,63.08084,62.620804,62.953934,17557
2023-02-10 16:00:00,0,0.46267160691456827,0.5373283930854318,Hold,62.953934,63.429836,62.866684,63.183952,22741
2023-02-10 17:00:00,0,0.4255454225586548,0.5744545774413452,Hold,63.183952,63.326725,62.78737,62.88255,15293
2023-02-10 18:00:00,0,0.3901822069550267,0.6098177930449733,Hold,62.87462,63.31086,62.87462,63.30293,13767
2023-02-10 19:00:00,0,0.35635446204791,0.64364553795209,Hold,63.295,63.366383,63.08084,63.239475,19276
2023-02-10 20:00:00,0,0.36862804674132593,0.6313719532586741,Hold,63.239475,63.35845,63.239475,63.334656,4380
2023-02-10 21:00:00,0,0.33678489722985316,0.6632151027701468,Hold,63.326725,63.342587,63.247406,63.26327,2006
2023-02-12 23:00:00,0,0.4125082371661659,0.5874917628338341,Hold,63.40604,63.453632,62.834957,62.946003,2277
2023-02-13 00:00:00,0,0.4337588651877137,0.5662411348122862,Hold,62.946003,62.953934,62.80323,62.88255,1358
2023-02-13 01:00:00,0,0.46758705727548433,0.5324129427245157,Hold,62.89048,62.89841,62.549416,62.771503,4463
2023-02-13 02:00:00,0,0.44712830714815877,0.5528716928518412,Hold,62.771503,62.84289,62.56528,62.65253,2745
2023-02-13 03:00:00,0,0.47335654938644417,0.5266434506135558,Hold,62.66046,62.69219,62.589077,62.636665,2089
2023-02-13 04:00:00,0,0.4546349570524629,0.5453650429475372,Hold,62.636665,62.65253,62.485962,62.501827,1627
2023-02-13 05:00:00,0,0.5248675013808505,0.4751324986191495,Sell,62.493896,62.60494,62.47803,62.56528,2165
2023-02-13 06:00:00,0,0.5061486605040075,0.49385133949599247,Sell,62.56528,62.620804,62.446304,62.56528,2494
2023-02-13 07:00:00,0,0.4961571482162982,0.5038428517837018,Hold,62.55735,62.620804,62.501827,62.60494,4275
2023-02-13 08:00:00,0,0.49024673676574715,0.5097532632342529,Hold,62.61287,62.715984,62.509758,62.57321,7849
2023-02-13 09:00:00,0,0.47605063411303294,0.5239493658869671,Hold,62.589077,62.66046,62.224216,62.485962,8728
2023-02-13 10:00:00,0,0.44274176868428256,0.5572582313157175,Hold,62.47803,62.644596,62.319397,62.61287,5239
2023-02-13 11:00:00,0,0.469983764178962,0.5300162358210381,Hold,62.61287,63.08084,62.589077,63.049114,8495
2023-02-13 12:00:00,0,0.42891909070008083,0.5710809092999192,Hold,63.049114,63.318794,62.97773,63.16016,7901
2023-02-13 13:00:00,0,0.40822191269356156,0.5917780873064384,Hold,63.16016,63.17602,62.525623,62.827026,12190
2023-02-13 14:00:00,0,0.4659581908380889,0.534041809161911,Hold,62.827026,62.938072,62.541485,62.87462,17436
2023-02-13 15:00:00,0,0.5219952811329304,0.47800471886706963,Sell,62.88255,63.104637,62.581142,63.041183,16498
2023-02-13 16:00:00,0,0.40198962648065445,0.5980103735193456,Hold,63.041183,63.334656,62.755642,63.318794,17120
2023-02-13 17:00:00,1,0.4103609190236772,0.5896390809763228,Hold,63.318794,63.929535,63.08084,63.929535,19745
2023-02-13 18:00:00,1,0.39126355971248633,0.6087364402875137,Hold,63.9216,63.945396,63.564674,63.5964,12348
2023-02-13 19:00:00,1,0.3543037174358538,0.6456962825641461,Hold,63.58847,63.69158,63.429836,63.4457,13872
2023-02-13 20:00:00,0,0.3833079996624399,0.6166920003375601,Hold,63.453632,63.461563,62.779438,62.922207,13418
2023-02-13 21:00:00,0,0.4212191431159793,0.5787808568840207,Hold,62.914276,62.9698,62.731846,62.78737,2396
2023-02-13 23:00:00,0,0.40528107822743925,0.5947189217725608,Hold,62.70805,62.89841,62.70805,62.850822,1054
2023-02-14 00:00:00,0,0.45340478732106,0.54659521267894,Hold,62.84289,62.87462,62.731846,62.866684,1012
2023-02-14 01:00:00,0,0.4669992945074337,0.5330007054925663,Hold,62.858753,62.953934,62.65253,62.771503,3051
2023-02-14 02:00:00,1,0.5086384147486374,0.49136158525136264,Sell,62.763573,62.89841,62.676323,62.88255,2149
2023-02-14 03:00:00,1,0.5065362298888877,0.4934637701111123,Sell,62.88255,62.914276,62.739777,62.84289,1368
2023-02-14 04:00:00,1,0.4950075182258226,0.5049924817741773,Hold,62.850822,62.88255,62.819096,62.866684,582
2023-02-14 05:00:00,1,0.4811724195866184,0.5188275804133816,Hold,62.866684,62.9698,62.771503,62.961864,1356
2023-02-14 06:00:00,1,0.5025981028190667,0.4974018971809333,Sell,62.961864,63.144295,62.922207,63.02532,2872
2023-02-14 07:00:00,1,0.45554419552970093,0.5444558044702991,Hold,63.017387,63.112568,62.914276,62.938072,3222
2023-02-14 08:00:00,1,0.44396239994394887,0.5560376000560512,Hold,62.946003,63.096706,62.7953,62.938072,7595
2023-02-14 09:00:00,1,0.4021578813929338,0.5978421186070662,Hold,62.930138,63.033253,62.739777,62.850822,4863
2023-02-14 10:00:00,0,0.43191125803800506,0.5680887419619949,Hold,62.850822,62.87462,62.414577,62.60494,7887
2023-02-14 11:00:00,0,0.47493456756181057,0.5250654324381894,Hold,62.597008,62.69219,62.327328,62.66046,7237
2023-02-14 12:00:00,1,0.49077369991241504,0.509226300087585,Hold,62.66046,62.771503,62.55735,62.723915,4766
2023-02-14 13:00:00,0,0.37484843661360734,0.6251515633863927,Hold,62.723915,63.02532,62.152832,62.51769,22576
2023-02-14 14:00:00,0,0.3810359302162866,0.6189640697837133,Hold,62.525623,62.755642,61.43898,62.55735,43744
2023-02-14 15:00:00,0,0.31989092231935085,0.6801090776806491,Hold,62.55735,63.017387,62.232147,62.406647,28754
2023-02-14 16:00:00,0,0.3379537422209938,0.6620462577790063,Hold,62.42251,62.858753,62.343193,62.47803,15958
2023-02-14 17:00:00,0,0.39424931586644013,0.6057506841335598,Hold,62.485962,62.7953,62.454235,62.723915,7427
2023-02-14 18:00:00,0,0.40004453673227086,0.5999554632677291,Hold,62.715984,62.922207,62.56528,62.581142,9124
2023-02-14 19:00:00,0,0.4475930188348974,0.5524069811651027,Hold,62.589077,62.827026,62.57321,62.7953,12192
2023-02-14 20:00:00,0,0.4120210035618181,0.5879789964381819,Hold,62.80323,62.84289,62.74771,62.811165,2495
2023-02-14 21:00:00,0,0.3343445710010414,0.6656554289989586,Hold,62.811165,62.827026,62.51769,62.533554,2267
2023-02-14 23:00:00,0,0.3669213110941397,0.6330786889058603,Hold,62.525623,62.57321,62.414577,62.51769,784
2023-02-15 00:00:00,0,0.3534875964137943,0.6465124035862058,Hold,62.51769,62.51769,62.351124,62.398716,850
2023-02-15 01:00:00,0,0.40585189874589317,0.5941481012541068,Hold,62.39078,62.628735,62.351124,62.589077,2437
2023-02-15 02:00:00,0,0.36400680197281016,0.6359931980271898,Hold,62.589077,62.60494,62.406647,62.438374,2218
2023-02-15 03:00:00,0,0.39322299698778596,0.606777003012214,Hold,62.438374,62.485962,62.248013,62.263874,2423
2023-02-15 04:00:00,0,0.39819379137392497,0.601806208626075,Hold,62.27181,62.2956,62.13697,62.168697,1384
2023-02-15 05:00:00,0,0.398550003260303,0.601449996739697,Hold,62.160763,62.168697,62.00213,62.081448,2294
2023-02-15 06:00:00,0,0.4553017039911021,0.544698296008898,Hold,62.081448,62.129036,61.922813,62.105244,2930
2023-02-15 07:00:00,0,0.433630231747337,0.5663697682526629,Hold,62.08938,62.09731,61.700726,61.827633,6535
2023-02-15 08:00:00,0,0.4084423980894594,0.5915576019105406,Hold,61.835564,62.00213,61.557953,61.645203,10833
2023-02-15 09:00:00,0,0.44208829565639773,0.5579117043436023,Hold,61.653133,61.86729,61.526226,61.819702,6456
2023-02-15 10:00:00,0,0.4817040917801673,0.5182959082198326,Hold,61.811768,62.129036,61.692795,62.08938,4718
2023-02-15 11:00:00,0,0.404015917030546,0.595984082969454,Hold,62.08938,62.311466,62.04179,62.19249,5831
2023-02-15 12:00:00,0,0.385679218477173,0.614320781522827,Hold,62.20042,62.446304,62.00213,62.09731,7901
2023-02-15 13:00:00,0,0.3913656343279989,0.608634365672001,Hold,62.09731,62.27974,61.86729,62.025925,12207
2023-02-15 14:00:00,0,0.37690714778622575,0.6230928522137742,Hold,62.025925,62.327328,61.748314,61.819702,12479
2023-02-15 15:00:00,0,0.417138400704433,0.582861599295567,Hold,61.819702,62.343193,61.669,61.68486,22715
2023-02-15 16:00:00,0,0.4170538365924415,0.5829461634075586,Hold,61.68486,61.78004,61.27241,61.54209,22261
2023-02-15 17:00:00,0,0.4415193664488953,0.5584806335511048,Hold,61.54209,62.08938,61.375526,61.891087,11702
2023-02-15 18:00:00,0,0.3815686131066308,0.6184313868933692,Hold,61.899017,62.771503,61.85143,62.66046,17350
2023-02-15 19:00:00,0,0.38535554959946566,0.6146444504005344,Hold,62.65253,62.779438,62.248013,62.2956,19221
2023-02-15 20:00:00,0,0.39172936106894884,0.6082706389310512,Hold,62.2956,62.414577,62.248013,62.398716,3361
2023-02-15 21:00:00,0,0.39397297888779137,0.6060270211122086,Hold,62.39078,62.398716,62.232147,62.263874,1297
2023-02-15 23:00:00,0,0.46870071826076903,0.531299281739231,Hold,62.2956,62.343193,62.20042,62.303535,649
2023-02-16 00:00:00,0,0.48098261365903083,0.5190173863409692,Hold,62.303535,62.343193,62.224216,62.27181,553
2023-02-16 01:00:00,0,0.4967775324047547,0.5032224675952452,Hold,62.27181,62.69219,62.248013,62.676323,2538
2023-02-16 02:00:00,1,0.5046804201023553,0.49531957989764475,Sell,62.668392,62.89841,62.620804,62.834957,1700
2023-02-16 03:00:00,1,0.4984919722440776,0.5015080277559224,Hold,62.827026,62.84289,62.676323,62.731846,1105
2023-02-16 04:00:00,1,0.5241431487924562,0.47585685120754384,Sell,62.739777,62.819096,62.676323,62.779438,626
2023-02-16 05:00:00,1,0.5574865741371502,0.4425134258628498,Sell,62.779438,62.914276,62.763573,62.906345,752
2023-02-16 06:00:00,1,0.5317913660057645,0.4682086339942355,Sell,62.906345,62.946003,62.70012,62.827026,1154
2023-02-16 07:00:00,1,0.5692363332822612,0.4307636667177388,Sell,62.827026,62.953934,62.7953,62.89048,1524
2023-02-16 08:00:00,1,0.5812787718168956,0.4187212281831044,Sell,62.88255,63.08877,62.533554,62.597008,3857
2023-02-16 09:00:00,0,0.550450280606128,0.449549719393872,Sell,62.597008,62.65253,62.04179,62.105244,3387
2023-02-16 10:00:00,0,0.5672742355458636,0.43272576445413635,Sell,62.105244,62.343193,61.906948,62.311466,2966
2023-02-16 11:00:00,1,0.5566315625792791,0.44336843742072085,Sell,62.311466,62.60494,62.2956,62.525623,1929
2023-02-16 12:00:00,0,0.525794640070759,0.47420535992924095,Sell,62.51769,62.589077,62.327328,62.36699,1989
2023-02-16 13:00:00,0,0.5099646329619666,0.4900353670380334,Sell,62.36699,62.70012,62.081448,62.430443,4903
2023-02-16 14:00:00,1,0.5492674324646596,0.4507325675353404,Sell,62.430443,62.80323,62.24008,62.636665,6329
2023-02-16 15:00:00,1,0.5488915232237797,0.45110847677622035,Sell,62.620804,62.715984,62.00213,62.2956,5622
2023-02-16 16:00:00,1,0.48906175988404915,0.5109382401159508,Hold,62.27181,62.644596,61.95454,62.56528,6296
2023-02-16 17:00:00,1,0.5068499528815024,0.49315004711849764,Sell,62.56528,62.65253,62.343193,62.42251,3248
2023-02-16 18:00:00,1,0.41003371530966387,0.5899662846903362,Hold,62.42251,62.446304,61.803837,62.18456,4326
2023-02-16 19:00:00,1,0.4328706323889437,0.5671293676110563,Hold,62.17663,62.343193,62.04179,62.216286,4466
2023-02-16 20:00:00,1,0.41852323228499894,0.581476767715001,Hold,62.216286,62.232147,61.843494,61.883156,1672
2023-02-16 21:00:00,1,0.41318375145326736,0.5868162485467326,Hold,61.906948,62.017994,61.85143,61.922813,969
2023-02-16 23:00:00,1,0.4342086676637318,0.5657913323362682,Hold,61.922813,62.017994,61.661068,61.72452,743
2023-02-17 00:00:00,1,0.39784485444297835,0.6021551455570217,Hold,61.716587,61.819702,61.708656,61.803837,355
2023-02-17 01:00:00,1,0.36921938555883665,0.6307806144411634,Hold,61.819702,62.065582,61.819702,61.891087,798
2023-02-17 02:00:00,1,0.4088740228644307,0.5911259771355692,Hold,61.86729,62.025925,61.77211,61.978336,362
2023-02-17 03:00:00,1,0.3770032759411356,0.6229967240588644,Hold,61.978336,61.978336,61.732452,61.748314,197
2023-02-17 04:00:00,1,0.353075570723686,0.646924429276314,Hold,61.75625,61.75625,61.565887,61.58175,422
2023-02-17 05:00:00,1,0.35265052295841137,0.6473494770415886,Hold,61.57382,61.645203,61.48657,61.58175,304
2023-02-17 06:00:00,1,0.34989688706054256,0.6501031129394574,Hold,61.597614,61.692795,61.43898,61.4945,347
2023-02-17 07:00:00,1,0.3384477825053513,0.6615522174946487,Hold,61.462772,61.502434,61.113777,61.375526,876
2023-02-17 08:00:00,1,0.3608524296934909,0.639147570306509,Hold,61.335865,61.335865,60.88376,61.07412,1567
2023-02-17 09:00:00,1,0.3477960324723457,0.6522039675276543,Hold,61.08205,61.391388,60.772717,61.224823,1411
2023-02-17 10:00:00,0,0.3726562254384381,0.6273437745615619,Hold,61.193096,61.193096,60.66167,60.701332,1308
2023-02-17 11:00:00,0,0.36384887920154035,0.6361511207984596,Hold,60.669605,60.74099,60.344402,60.352337,1645
2023-02-17 12:00:00,0,0.31621691362809584,0.6837830863719041,Hold,60.352337,60.431652,60.05093,60.3682,2536
2023-02-17 13:00:00,0,0.317512687662166,0.682487312337834,Hold,60.360268,60.479244,60.161976,60.344402,2219
2023-02-17 14:00:00,0,0.3118245511894541,0.6881754488105458,Hold,60.344402,60.344402,59.53537,59.81298,4614
2023-02-17 15:00:00,0,0.3716247734560077,0.6283752265439924,Hold,59.82091,60.37613,59.606754,60.28095,3061
2023-02-17 16:00:00,0,0.35731229795172514,0.6426877020482749,Hold,60.296814,60.74099,60.15404,60.22543,2866
2023-02-17 17:00:00,0,0.3178218681727513,0.6821781318272486,Hold,60.22543,60.590286,60.03507,60.32854,1736
2023-02-17 18:00:00,0,0.34862037017521746,0.6513796298247825,Hold,60.296814,60.46338,59.805046,60.42372,1544
2023-02-17 19:00:00,0,0.37425353674766887,0.6257464632523311,Hold,60.42372,60.74099,60.33647,60.73306,2764
2023-02-17 20:00:00,0,0.36029104430572306,0.639708955694277,Hold,60.725124,60.788578,60.47131,60.487175,1052
2023-02-17 21:00:00,0,0.3515999174797753,0.6484000825202247,Hold,60.479244,60.60615,60.447517,60.542698,113
2023-02-19 23:00:00,0,0.3178909145695071,0.682109085430493,Hold,60.542698,60.700687,60.4479,60.566395,1401
2023-02-20 00:00:00,0,0.31632608853987654,0.6836739114601235,Hold,60.574295,60.605892,60.384705,60.432102,1144
2023-02-20 01:00:00,0,0.36167999445176396,0.6383200055482361,Hold,60.432102,60.542698,60.28201,60.542698,2664
2023-02-20 02:00:00,0,0.3729834679819411,0.627016532018059,Hold,60.534798,60.819183,60.518997,60.72439,2555
2023-02-20 03:00:00,0,0.35950126362635143,0.6404987363736485,Hold,60.72439,60.91398,60.67699,60.84288,2021
2023-02-20 04:00:00,0,0.2909562870517581,0.7090437129482419,Hold,60.84288,60.87448,60.73229,60.755985,1113
2023-02-20 05:00:00,0,0.3825496845786526,0.6174503154213473,Hold,60.755985,60.961376,60.68489,60.953476,1719
2023-02-20 06:00:00,0,0.318854938987594,0.681145061012406,Hold,60.961376,61.000874,60.86658,60.88238,1732
2023-02-20 07:00:00,0,0.3765060439116565,0.6234939560883435,Hold,60.890278,61.12727,60.803383,61.07197,3187
2023-02-20 08:00:00,0,0.32588922494980127,0.6741107750501987,Hold,61.079872,61.198364,60.937675,61.06407,6236
2023-02-20 09:00:00,0,0.31889993484659745,0.6811000651534025,Hold,61.04827,61.166767,60.91398,61.079872,4901
2023-02-20 10:00:00,0,0.3076089452984723,0.6923910547015277,Hold,61.07197,61.10357,60.834984,60.91398,3304
2023-02-20 11:00:00,0,0.3004408375976361,0.6995591624023638,Hold,60.91398,60.937675,60.763885,60.819183,2674
2023-02-20 12:00:00,0,0.40687539220152014,0.5931246077984799,Hold,60.827084,61.06407,60.755985,60.992973,3731
2023-02-20 13:00:00,1,0.46430009334484446,0.5356999066551555,Hold,60.992973,61.348457,60.953476,61.28526,9952
2023-02-20 14:00:00,0,0.3693553218092486,0.6306446781907513,Hold,61.27736,61.411655,60.961376,61.000874,9432
2023-02-20 15:00:00,0,0.4172148499593161,0.5827851500406839,Hold,61.000874,61.198364,60.740185,60.787586,8075
2023-02-20 16:00:00,0,0.3850060036422877,0.6149939963577122,Hold,60.779686,60.969276,60.4716,60.953476,10503
2023-02-20 17:00:00,1,0.4225074063374261,0.5774925936625739,Hold,60.953476,61.206264,60.91398,61.174667,3949
2023-02-20 18:00:00,1,0.37213289894709295,0.6278671010529071,Hold,61.174667,61.23786,61.12727,61.206264,1170
2023-02-20 19:00:00,1,0.354452894388225,0.645547105611775,Hold,61.198364,61.222065,61.04827,61.150967,1028
2023-02-20 23:00:00,1,0.3233313543998683,0.6766686456001316,Hold,61.135166,61.143066,61.04037,61.06407,820
2023-02-21 00:00:00,1,0.26841715550291523,0.7315828444970848,Hold,61.05617,61.12727,61.008774,61.08777,737
2023-02-21 01:00:00,0,0.25151463772005944,0.7484853622799406,Hold,61.079872,61.11147,60.700687,60.700687,3429
2023-02-21 02:00:00,0,0.2641762495200972,0.7358237504799028,Hold,60.708588,60.73229,60.550594,60.637493,3146
2023-02-21 03:00:00,0,0.2335629470871054,0.7664370529128945,Hold,60.629593,60.68489,60.511097,60.550594,2495
2023-02-21 04:00:00,0,0.21214198086648434,0.7878580191335156,Hold,60.542698,60.590096,60.4479,60.4953,1845
2023-02-21 05:00:00,0,0.225242634865123,0.774757365134877,Hold,60.4874,60.582195,60.4163,60.4953,2538
2023-02-21 06:00:00,0,0.24717829016554982,0.7528217098344502,Hold,60.4795,60.558495,60.329407,60.526897,2941
2023-02-21 07:00:00,0,0.29603535445093754,0.7039646455490625,Hold,60.534798,60.755985,60.424202,60.716488,4099
2023-02-21 08:00:00,0,0.36250290739966623,0.6374970926003338,Hold,60.708588,61.08777,60.590096,60.629593,14425
2023-02-21 09:00:00,0,0.3226853803280551,0.6773146196719448,Hold,60.621693,60.85078,60.139816,60.771786,14343
2023-02-21 10:00:00,1,0.3002153822473846,0.6997846177526155,Hold,60.779686,61.150967,60.779686,61.143066,10063
2023-02-21 11:00:00,1,0.26141449059144545,0.7385855094085545,Hold,61.135166,61.32476,60.953476,61.008774,10156
2023-02-21 12:00:00,1,0.2952113407846164,0.7047886592153836,Hold,61.008774,61.09567,60.787586,60.87448,7255
2023-02-21 13:00:00,0,0.32209883112469845,0.6779011688753016,Hold,60.87448,60.969276,60.613792,60.84288,13074
2023-02-21 14:00:00,1,0.36015509450495076,0.6398449054950492,Hold,60.85078,61.174667,60.550594,60.763885,29385
2023-02-21 15:00:00,0,0.3742397150355673,0.6257602849644327,Hold,60.763885,60.90608,59.989723,60.313606,35467
2023-02-21 16:00:00,0,0.41579246668007475,0.5842075333199253,Hold,60.321507,60.566395,60.21091,60.25831,23329
2023-02-21 17:00:00,1,0.41353428719635477,0.5864657128036452,Hold,60.25831,60.637493,60.09242,60.605892,15472
2023-02-21 18:00:00,1,0.33513949958302774,0.6648605004169723,Hold,60.605892,60.86658,60.4716,60.65329,14859
2023-02-21 19:00:00,1,0.36134280276345193,0.638657197236548,Hold,60.64539,60.66119,59.958126,60.28991,27762
2023-02-21 20:00:00,1,0.36324005108635676,0.6367599489136433,Hold,60.29781,60.353104,60.116116,60.116116,3243
2023-02-21 21:00:00,1,0.42599037199363776,0.5740096280063622,Hold,60.116116,60.195114,60.09242,60.187214,1706
2023-02-21 23:00:00,1,0.40786907157866037,0.5921309284213396,Hold,60.124016,60.24251,60.108215,60.21091,789
2023-02-22 00:00:00,1,0.4520505705768757,0.5479494294231243,Hold,60.20301,60.23461,60.10032,60.139816,662
2023-02-22 01:00:00,0,0.4565251044595945,0.5434748955404055,Hold,60.147717,60.27411,59.973923,60.124016,3109
2023-02-22 02:00:00,1,0.4983793581435081,0.5016206418564919,Hold,60.139816,60.4716,60.05292,60.353104,3821
2023-02-22 03:00:00,1,0.47231263683606406,0.5276873631639359,Hold,60.353104,60.424202,60.25831,60.27411,1263
2023-02-22 04:00:00,1,0.490455123312013,0.509544876687987,Hold,60.28201,60.28201,60.139816,60.155613,1036
2023-02-22 05:00:00,1,0.4777947436139079,0.5222052563860922,Hold,60.163513,60.171413,59.981823,59.989723,3136
2023-02-22 06:00:00,1,0.4791261778597904,0.5208738221402096,Hold,59.989723,60.01342,59.894928,59.981823,3010
2023-02-22 07:00:00,0,0.47676816290689733,0.5232318370931026,Hold,59.997623,60.10032,59.863327,59.910725,3879
2023-02-22 08:00:00,0,0.4424262832707847,0.5575737167292153,Hold,59.90283,59.934425,59.539444,59.776432,13734
2023-02-22 09:00:00,0,0.4503891052435154,0.5496108947564846,Hold,59.776432,59.784332,59.21556,59.38145,12796
2023-02-22 10:00:00,0,0.4964665192388583,0.5035334807611417,Hold,59.38145,59.713238,59.20766,59.61844,7299
2023-02-22 11:00:00,0,0.4787928642017984,0.5212071357982015,Hold,59.61844,59.887028,59.515747,59.721134,9054
2023-02-22 12:00:00,1,0.5074334059492885,0.49256659405071146,Sell,59.713238,60.08452,59.689537,59.934425,9429
2023-02-22 13:00:00,1,0.464975138877257,0.5350248611227431,Hold,59.934425,60.147717,59.800133,60.02922,11480
2023-02-22 14:00:00,1,0.46050860779527375,0.5394913922047262,Hold,60.02132,60.23461,59.610542,59.784332,29296
2023-02-22 15:00:00,0,0.4444778283610948,0.5555221716389052,Hold,59.784332,59.784332,58.98647,59.057568,33658
2023-02-22 16:00:00,0,0.4346888842452859,0.5653111157547142,Hold,59.057568,59.136562,58.55199,58.725784,32074
2023-02-22 17:00:00,0,0.42131166398650033,0.5786883360134997,Hold,58.725784,58.931175,58.670486,58.74948,15498
2023-02-22 18:00:00,0,0.3980572758497279,0.6019427241502722,Hold,58.74158,58.781082,58.417698,58.512493,17468
2023-02-22 19:00:00,0,0.367015240496295,0.632984759503705,Hold,58.512493,58.63099,58.299202,58.322903,24202
2023-02-22 20:00:00,0,0.34969490901857647,0.6503050909814235,Hold,58.330803,58.4414,58.315002,58.3703,5118
2023-02-22 21:00:00,0,0.3457616671644494,0.6542383328355506,Hold,58.3703,58.417698,58.322903,58.338703,2807
2023-02-22 23:00:00,0,0.40879249339539614,0.5912075066046039,Hold,58.394,58.4335,58.322903,58.4256,943
2023-02-23 00:00:00,0,0.3518801776783617,0.6481198223216382,Hold,58.417698,58.528294,58.3545,58.3624,2057
2023-02-23 01:00:00,0,0.44108892735966454,0.5589110726403355,Hold,58.3545,58.670486,58.330803,58.63099,4586
2023-02-23 02:00:00,0,0.42025800824595955,0.5797419917540405,Hold,58.62309,58.74948,58.536194,58.733685,3552
2023-02-23 03:00:00,0,0.37645529679928275,0.6235447032007173,Hold,58.725784,58.75738,58.670486,58.702084,1574
2023-02-23 04:00:00,0,0.4044333855448742,0.5955666144551258,Hold,58.709984,58.74158,58.63099,58.702084,1082
2023-02-23 05:00:00,0,0.4085844662644234,0.5914155337355766,Hold,58.694183,58.75738,58.55199,58.57569,1951
2023-02-23 06:00:00,0,0.4416948039360901,0.5583051960639098,Hold,58.56779,58.670486,58.504593,58.591488,2516
2023-02-23 07:00:00,0,0.47125643639395437,0.5287435636060456,Hold,58.58359,58.773182,58.472996,58.678387,5956
2023-02-23 08:00:00,0,0.4363867254917432,0.5636132745082568,Hold,58.678387,58.891674,58.457195,58.670486,11586
2023-02-23 09:00:00,0,0.476924472897962,0.523075527102038,Hold,58.670486,58.733685,58.4256,58.63889,7586
2023-02-23 10:00:00,0,0.525453825172075,0.47454617482792505,Sell,58.63889,58.978573,58.58359,58.94697,9083
2023-02-23 11:00:00,0,0.5178114935302911,0.4821885064697089,Sell,58.954872,59.136562,58.875877,59.065468,7565
2023-02-23 12:00:00,0,0.48095395784886047,0.5190460421511396,Hold,59.065468,59.18396,58.962772,59.152363,7569
2023-02-23 13:00:00,0,0.5055412411247585,0.4944587588752415,Sell,59.160263,59.310356,58.899574,59.22346,19556
2023-02-23 14:00:00,0,0.5102730924709085,0.48972690752909154,Sell,59.22346,60.005524,59.073368,59.83173,40745
2023-02-23 15:00:00,0,0.46108536694870966,0.5389146330512904,Hold,59.83963,59.973923,59.555244,59.744835,22424
2023-02-23 16:00:00,0,0.463539889505993,0.536460110494007,Hold,59.744835,59.82383,59.097065,59.19186,36680
2023-02-23 17:00:00,0,0.5050207591143546,0.4949792408856454,Sell,59.18396,60.02922,59.128662,59.602642,23852
2023-02-23 18:00:00,0,0.48639812606648986,0.5136018739335102,Hold,59.602642,59.65794,59.334053,59.42095,13884
2023-02-23 19:00:00,0,0.5272209610315385,0.4727790389684615,Sell,59.42095,59.64214,59.334053,59.57894,21319
2023-02-23 20:00:00,0,0.5244007504212574,0.47559924957874256,Sell,59.58684,59.792233,59.58684,59.689537,4981
2023-02-23 21:00:00,0,0.5456699337654578,0.4543300662345422,Sell,59.681637,59.85543,59.665836,59.760635,2182
2023-02-23 23:00:00,0,0.540616387121774,0.45938361287822604,Sell,59.721134,59.776432,59.64214,59.752735,665
2023-02-24 00:00:00,0,0.5980121296368865,0.40198787036311345,Sell,59.744835,59.83963,59.705338,59.83173,753
2023-02-24 01:00:00,0,0.6363191579352729,0.36368084206472706,Sell,59.83963,60.108215,59.82383,60.060818,4767
2023-02-24 02:00:00,0,0.5759600816493324,0.42403991835066757,Sell,60.068718,60.108215,59.926525,59.934425,2288
2023-02-24 03:00:00,0,0.6115937225237056,0.3884062774762944,Sell,59.942326,60.068718,59.934425,60.04502,1788
2023-02-24 04:00:00,0,0.5839080769545433,0.4160919230454567,Sell,60.04502,60.147717,60.02922,60.09242,1562
2023-02-24 05:00:00,0,0.5232204851592798,0.47677951484072023,Sell,60.09242,60.10032,59.981823,59.989723,1427
2023-02-24 06:00:00,0,0.5728879024819195,0.42711209751808055,Sell,59.989723,60.195114,59.981823,60.116116,2374
2023-02-24 07:00:00,0,0.5613895168384337,0.43861048316156626,Sell,60.116116,60.22671,60.03712,60.155613,3983
2023-02-24 08:00:00,0,0.5128796385647459,0.48712036143525406,Sell,60.155613,60.432102,60.068718,60.09242,9917
2023-02-24 09:00:00,1,0.566457321722353,0.43354267827764703,Sell,60.10032,60.23461,59.973923,60.179314,6377
2023-02-24 10:00:00,1,0.5253369832401509,0.4746630167598491,Sell,60.171413,60.384705,60.02132,60.04502,7021
2023-02-24 11:00:00,0,0.5423096344677327,0.4576903655322673,Sell,60.03712,60.07662,59.689537,59.83173,7749
2023-02-24 12:00:00,1,0.562994900832144,0.437005099167856,Sell,59.82383,60.139816,59.76853,60.09242,6342
2023-02-24 13:00:00,0,0.5193636568245381,0.4806363431754619,Sell,60.09242,60.187214,59.555244,59.697437,20231
2023-02-24 14:00:00,0,0.5294280017692311,0.4705719982307689,Sell,59.697437,59.918625,58.528294,58.844276,46267
2023-02-24 15:00:00,0,0.5358594085841225,0.4641405914158775,Sell,58.836376,59.484146,58.74158,59.349854,29218
2023-02-24 16:00:00,0,0.5626896774339505,0.4373103225660495,Sell,59.349854,60.4479,59.19976,60.250412,38601
2023-02-24 17:00:00,0,0.5534247225839273,0.4465752774160727,Sell,60.250412,60.384705,59.760635,60.05292,20105
2023-02-24 18:00:00,0,0.5154939457892628,0.4845060542107372,Sell,60.04502,60.329407,60.01342,60.131916,12764
2023-02-24 19:00:00,0,0.5095129508771831,0.49048704912281693,Sell,60.131916,60.4795,60.060818,60.4005,17513
2023-02-24 20:00:00,0,0.47818515047980614,0.5218148495201939,Hold,60.4005,60.534798,60.376804,60.503197,6383
2023-02-24 21:00:00,0,0.4690711737902311,0.5309288262097689,Hold,60.503197,60.526897,60.368904,60.392605,1904
2023-02-26 23:00:00,0,0.46870599292351117,0.5312940070764889,Hold,60.368904,60.629593,60.345207,60.542698,2630
2023-02-27 00:00:00,0,0.45698182917956237,0.5430181708204376,Hold,60.534798,60.574295,60.4637,60.534798,894
2023-02-27 01:00:00,0,0.4388407809461714,0.5611592190538286,Hold,60.534798,60.550594,60.147717,60.361004,4048
2023-02-27 02:00:00,0,0.4596148050425632,0.5403851949574368,Hold,60.361004,60.432102,60.28991,60.29781,1425
2023-02-27 03:00:00,0,0.5139331999665971,0.48606680003340286,Sell,60.28991,60.29781,60.04502,60.10032,2193
2023-02-27 04:00:00,0,0.5316682955814954,0.4683317044185046,Sell,60.09242,60.131916,60.05292,60.124016,976
2023-02-27 05:00:00,0,0.5216850327897462,0.4783149672102538,Sell,60.116116,60.187214,59.887028,59.894928,2440
2023-02-27 06:00:00,0,0.5285090199515106,0.47149098004848944,Sell,59.887028,59.997623,59.82383,59.942326,2430
2023-02-27 07:00:00,0,0.5258785779682389,0.4741214220317611,Sell,59.942326,60.20301,59.705338,60.195114,5802
2023-02-27 08:00:00,0,0.5427357835202622,0.4572642164797378,Sell,60.195114,60.550594,60.187214,60.4716,10699
2023-02-27 09:00:00,0,0.5151605641320827,0.48483943586791733,Sell,60.4795,60.68489,60.4795,60.534798,6850
2023-02-27 10:00:00,0,0.4673722054589795,0.5326277945410205,Hold,60.526897,60.590096,60.155613,60.321507,5446
2023-02-27 11:00:00,0,0.4975817444283175,0.5024182555716825,Hold,60.305706,60.392605,59.926525,60.02132,6042
2023-02-27 12:00:00,0,0.48273549523742026,0.5172645047625797,Hold,60.02132,60.25831,60.005524,60.04502,6031
2023-02-27 13:00:00,0,0.500085177327419,0.499914822672581,Sell,60.04502,60.23461,59.863327,60.02132,12393
2023-02-27 14:00:00,0,0.5265882062571223,0.4734117937428777,Sell,60.02922,60.24251,59.25506,59.45255,27473
2023-02-27 15:00:00,0,0.514208774822381,0.48579122517761897,Sell,59.44465,60.03712,59.302456,59.721134,20925
2023-02-27 16:00:00,0,0.4700081290531083,0.5299918709468917,Hold,59.721134,60.05292,59.499947,59.997623,20668
2023-02-27 17:00:00,0,0.3879621459541761,0.6120378540458239,Hold,59.997623,60.25831,59.84753,59.989723,12815
2023-02-27 18:00:00,0,0.41773697305859686,0.5822630269414031,Hold,60.005524,60.02922,59.239258,59.365654,19124
2023-02-27 19:00:00,0,0.4093888337907342,0.5906111662092658,Hold,59.37355,59.894928,59.341953,59.697437,20997
2023-02-27 20:00:00,0,0.3795399345926714,0.6204600654073287,Hold,59.697437,59.83173,59.681637,59.784332,3493
2023-02-27 21:00:00,0,0.3826657806743886,0.6173342193256114,Hold,59.776432,59.871227,59.76853,59.84753,1967
2023-02-27 23:00:00,0,0.3983763210130616,0.6016236789869385,Hold,59.84753,59.918625,59.800133,59.82383,901
2023-02-28 00:00:00,0,0.29172145810953437,0.7082785418904656,Hold,59.83173,59.879128,59.82383,59.83173,518
2023-02-28 01:00:00,0,0.29870238840225155,0.7012976115977485,Hold,59.83173,59.918625,59.681637,59.808033,2461
2023-02-28 02:00:00,0,0.3272813973562659,0.6727186026437342,Hold,59.808033,59.981823,59.760635,59.910725,1629
2023-02-28 03:00:00,0,0.3042528206682194,0.6957471793317807,Hold,59.918625,59.989723,59.879128,59.966022,1416
2023-02-28 04:00:00,0,0.2905096478071395,0.7094903521928605,Hold,59.958126,59.989723,59.942326,59.973923,787
2023-02-28 05:00:00,0,0.28328954903745057,0.7167104509625495,Hold,59.973923,60.02922,59.863327,59.942326,2079
2023-02-28 06:00:00,0,0.35440549347781114,0.6455945065221889,Hold,59.942326,60.25831,59.942326,60.25831,4742
2023-02-28 07:00:00,0,0.3129762203232829,0.6870237796767171,Hold,60.250412,60.361004,60.147717,60.26621,5988
2023-02-28 08:00:00,0,0.31324738353610676,0.6867526164638933,Hold,60.25831,60.4716,60.131916,60.368904,11383
2023-02-28 09:00:00,0,0.26433344509978796,0.735666554900212,Hold,60.376804,60.566395,60.23461,60.392605,7080
2023-02-28 10:00:00,0,0.32285935971992835,0.6771406402800717,Hold,60.4005,60.73229,60.26621,60.73229,7967
2023-02-28 11:00:00,0,0.2865820716613803,0.7134179283386197,Hold,60.73229,60.811283,60.637493,60.740185,7033
2023-02-28 12:00:00,0,0.3589563266034555,0.6410436733965446,Hold,60.740185,60.88238,60.582195,60.87448,8498
2023-02-28 13:00:00,0,0.3830152655522076,0.6169847344477923,Hold,60.87448,61.31686,60.85868,61.150967,26874
2023-02-28 14:00:00,0,0.41309975395003484,0.5869002460499652,Hold,61.150967,61.48275,60.740185,60.763885,39516
2023-02-28 15:00:00,0,0.3460403735346603,0.6539596264653398,Hold,60.771786,61.380054,60.72439,60.937675,28946
2023-02-28 16:00:00,0,0.33325622940592414,0.6667437705940759,Hold,60.937675,61.29316,60.88238,61.11937,20405
2023-02-28 17:00:00,0,0.3260350117958793,0.6739649882041208,Hold,61.11937,61.29316,60.969276,61.22996,13150
2023-02-28 18:00:00,0,0.33629170111850565,0.6637082988814944,Hold,61.222065,61.261562,60.834984,60.969276,12191
2023-02-28 19:00:00,0,0.35618758688237107,0.6438124131176289,Hold,60.977177,61.10357,60.692787,60.700687,20872
2023-02-28 20:00:00,0,0.3829183117947525,0.6170816882052474,Hold,60.700687,60.803383,60.65329,60.700687,4185
2023-02-28 21:00:00,0,0.3788876025421617,0.6211123974578383,Hold,60.700687,60.748085,60.558495,60.700687,3110
2023-02-28 23:00:00,0,0.37244939669519567,0.6275506033048044,Hold,60.708588,60.716488,60.503197,60.558495,1396
2023-03-01 00:00:00,0,0.48192756795131836,0.5180724320486816,Hold,60.566395,60.590096,60.4716,60.511097,1038
2023-03-01 01:00:00,0,0.5561381840926488,0.4438618159073512,Sell,60.511097,61.079872,60.511097,61.05617,7443
2023-03-01 02:00:00,0,0.5464647252063111,0.45353527479368894,Sell,61.06407,61.23786,61.000874,61.135166,3821
2023-03-01 03:00:00,0,0.5421577295050556,0.4578422704949444,Sell,61.135166,61.22996,61.11147,61.198364,1622
2023-03-01 04:00:00,0,0.537255295129228,0.462744704870772,Sell,61.198364,61.253662,61.150967,61.24576,1173
2023-03-01 05:00:00,0,0.46276101572566725,0.5372389842743328,Hold,61.24576,61.253662,61.182564,61.190464,1458
2023-03-01 06:00:00,1,0.5288785034395501,0.4711214965604499,Sell,61.198364,61.348457,61.198364,61.269463,3444
2023-03-01 07:00:00,1,0.5117699174621307,0.48823008253786926,Sell,61.253662,61.372158,61.182564,61.214165,3627
2023-03-01 08:00:00,1,0.4853949925878474,0.5146050074121526,Hold,61.206264,61.411655,61.07197,61.24576,9646
2023-03-01 09:00:00,0,0.4007865882597436,0.5992134117402563,Hold,61.24576,61.395855,60.353104,60.534798,18550
2023-03-01 10:00:00,0,0.4056827842754371,0.5943172157245629,Hold,60.526897,60.637493,60.163513,60.20301,12030
2023-03-01 11:00:00,0,0.40618932871030644,0.5938106712896936,Hold,60.20301,60.329407,60.131916,60.28991,7362
2023-03-01 12:00:00,0,0.4109128982389991,0.5890871017610009,Hold,60.28201,60.526897,60.250412,60.4874,7277
2023-03-01 13:00:00,0,0.37114038869306654,0.6288596113069335,Hold,60.4874,60.597992,60.22671,60.518997,13713
2023-03-01 14:00:00,0,0.3647125029670876,0.6352874970329123,Hold,60.526897,61.024574,60.368904,60.605892,29396
2023-03-01 15:00:00,0,0.38854577542709595,0.611454224572904,Hold,60.605892,61.332657,60.163513,61.253662,47963
2023-03-01 16:00:00,0,0.36242527337086006,0.6375747266291399,Hold,61.24576,61.372158,60.526897,60.819183,36859
2023-03-01 17:00:00,0,0.39650169886120823,0.6034983011387918,Hold,60.811283,60.834984,60.321507,60.550594,19644
2023-03-01 18:00:00,0,0.3779644277672075,0.6220355722327925,Hold,60.550594,61.190464,60.4795,61.11937,15885
2023-03-01 19:00:00,0,0.38684079289296114,0.6131592071070389,Hold,61.11937,61.427452,61.05617,61.380054,19343
2023-03-01 20:00:00,0,0.3690160700457668,0.6309839299542332,Hold,61.380054,61.49855,61.332657,61.419556,5720
2023-03-01 21:00:00,0,0.3431385032405183,0.6568614967594817,Hold,61.419556,61.435352,61.340557,61.395855,2456
2023-03-01 23:00:00,0,0.36374221925106,0.63625778074894,Hold,61.411655,61.419556,61.269463,61.332657,947
2023-03-02 00:00:00,0,0.332551427376981,0.667448572623019,Hold,61.332657,61.411655,61.32476,61.340557,997
2023-03-02 01:00:00,0,0.3442427196700969,0.6557572803299031,Hold,61.340557,61.48275,61.190464,61.340557,5712
2023-03-02 02:00:00,0,0.3255429091162525,0.6744570908837475,Hold,61.340557,61.451153,61.31686,61.419556,1760
2023-03-02 03:00:00,0,0.2933488472427002,0.7066511527572998,Hold,61.419556,61.443253,61.332657,61.356358,1235
2023-03-02 04:00:00,0,0.30543615162022186,0.6945638483797781,Hold,61.364258,61.466953,61.364258,61.435352,1041
2023-03-02 05:00:00,0,0.28631371186470106,0.713686288135299,Hold,61.443253,61.451153,61.30896,61.356358,1353
2023-03-02 06:00:00,0,0.2914552239554694,0.7085447760445306,Hold,61.348457,61.364258,61.166767,61.222065,2318
2023-03-02 07:00:00,0,0.2876939201028847,0.7123060798971153,Hold,61.22996,61.27736,61.008774,61.11937,3882
2023-03-02 08:00:00,0,0.39300693667613584,0.6069930633238642,Hold,61.11937,61.56965,61.10357,61.545948,13073
2023-03-02 09:00:00,0,0.43266394129094693,0.567336058709053,Hold,61.545948,61.838234,61.51435,61.73554,12028
2023-03-02 10:00:00,1,0.3765737132668713,0.6234262867331287,Hold,61.73554,61.89353,61.617046,61.806637,7252
2023-03-02 11:00:00,0,0.3463793629962519,0.6536206370037481,Hold,61.814537,61.88563,61.68814,61.719738,5555
2023-03-02 12:00:00,0,0.32523969996676894,0.6747603000332311,Hold,61.71184,61.75924,61.56175,61.719738,5954
2023-03-02 13:00:00,0,0.37206997314702134,0.6279300268529786,Hold,61.719738,61.719738,61.32476,61.49855,16854
2023-03-02 14:00:00,0,0.3498617543694171,0.6501382456305829,Hold,61.49855,61.782936,61.30896,61.67234,25430
2023-03-02 15:00:00,0,0.3083406068717605,0.6916593931282395,Hold,61.67234,61.846134,61.48275,61.72764,21923
2023-03-02 16:00:00,1,0.31422367506287363,0.6857763249371264,Hold,61.72764,62.083122,61.640743,61.656544,24444
2023-03-02 17:00:00,1,0.3529061473358899,0.6470938526641101,Hold,61.664444,61.68814,61.24576,61.56175,18961
2023-03-02 18:00:00,1,0.38101207727571035,0.6189879227242896,Hold,61.56175,61.71184,61.466953,61.593346,11085
2023-03-02 19:00:00,1,0.3859666127785129,0.6140333872214871,Hold,61.593346,61.838234,61.585445,61.640743,20799
2023-03-02 20:00:00,1,0.41580882423800836,0.5841911757619916,Hold,61.640743,61.67234,61.545948,61.593346,4361
2023-03-02 21:00:00,0,0.4281648568188478,0.5718351431811521,Hold,61.585445,61.609146,61.48275,61.522247,1717
2023-03-02 23:00:00,0,0.469090582755527,0.530909417244473,Hold,61.530148,61.593346,61.47485,61.56965,599
2023-03-03 00:00:00,1,0.5756612581754369,0.4243387418245631,Sell,61.56965,61.664444,61.538048,61.664444,724
2023-03-03 01:00:00,0,0.5637562620839361,0.43624373791606386,Sell,61.67234,61.69604,61.380054,61.48275,3293
2023-03-03 02:00:00,0,0.5508428623501899,0.44915713764981013,Sell,61.49065,61.617046,61.48275,61.50645,1579
2023-03-03 03:00:00,0,0.5711676338993574,0.42883236610064257,Sell,61.50645,61.545948,61.48275,61.51435,688
2023-03-03 04:00:00,0,0.5837065524044669,0.4162934475955331,Sell,61.522247,61.577545,61.49065,61.56175,741
2023-03-03 05:00:00,1,0.5787902486634547,0.42120975133654526,Sell,61.56175,61.68814,61.55385,61.67234,1751
2023-03-03 06:00:00,0,0.5734281084409274,0.4265718915590726,Sell,61.664444,61.68814,61.538048,61.624943,1738
2023-03-03 07:00:00,0,0.5756451765145825,0.42435482348541753,Sell,61.624943,61.70394,61.419556,61.427452,3185
2023-03-03 08:00:00,1,0.5816458446010981,0.41835415539890186,Sell,61.427452,61.861935,61.427452,61.72764,9962
2023-03-03 09:00:00,1,0.5673354511521471,0.4326645488478529,Sell,61.72764,61.798737,61.348457,61.593346,9782
2023-03-03 10:00:00,1,0.5843358866497098,0.4156641133502902,Sell,61.593346,61.69604,61.411655,61.68814,6180
2023-03-03 11:00:00,1,0.5941292141281104,0.4058707858718896,Sell,61.68814,61.75134,61.419556,61.466953,6290
2023-03-03 12:00:00,1,0.6077869631081391,0.39221303689186093,Sell,61.459053,61.522247,61.403755,61.451153,6442
2023-03-03 13:00:00,0,0.5063522618218147,0.4936477381781853,Sell,61.443253,61.585445,60.4084,60.566395,32273
2023-03-03 14:00:00,0,0.4880450917012414,0.5119549082987587,Hold,60.550594,61.364258,59.90283,61.30896,75819
2023-03-03 15:00:00,0,0.4948219051784683,0.5051780948215316,Hold,61.30106,62.32011,61.04037,62.31221,41628
2023-03-03 16:00:00,0,0.48875861235163703,0.511241387648363,Hold,62.31221,62.620296,62.209515,62.5176,36787
2023-03-03 17:00:00,0,0.5461576527512128,0.45384234724878725,Sell,62.5255,62.873085,62.478104,62.841484,21776
2023-03-03 18:00:00,0,0.5363622875420595,0.4636377124579405,Sell,62.841484,62.920483,62.738792,62.833588,15234
2023-03-03 19:00:00,0,0.4618779151692533,0.5381220848307466,Hold,62.841484,63.094273,62.78619,63.078476,24332
2023-03-03 20:00:00,0,0.4473795285871798,0.5526204714128202,Hold,63.078476,63.094273,62.94418,63.03108,5381
2023-03-03 21:00:00,0,0.4805989978436195,0.5194010021563805,Hold,63.02318,63.117973,62.97578,63.078476,2406
2023-03-05 23:00:00,0,0.4749307551877785,0.5250692448122215,Hold,63.13377,63.13377,62.667694,62.71509,3340
2023-03-06 00:00:00,0,0.5121949911341982,0.4878050088658018,Sell,62.71509,62.76249,62.69929,62.69929,1190
2023-03-06 01:00:00,0,0.5001685752345124,0.4998314247654876,Sell,62.70719,62.74669,62.5334,62.604496,4290
2023-03-06 02:00:00,0,0.49504932169199034,0.5049506783080097,Hold,62.596596,62.620296,62.446507,62.454403,2923
2023-03-06 03:00:00,0,0.5195712211589153,0.4804287788410847,Sell,62.454403,62.5176,62.39911,62.462303,2145
2023-03-06 04:00:00,0,0.5424209645841024,0.4575790354158976,Sell,62.462303,62.493904,62.32801,62.34381,1622
2023-03-06 05:00:00,0,0.5764849935977436,0.42351500640225637,Sell,62.33591,62.5492,62.30431,62.493904,3264
2023-03-06 06:00:00,0,0.5330058084376537,0.46699419156234634,Sell,62.493904,62.620296,62.446507,62.470203,2152
2023-03-06 07:00:00,0,0.6199820394751038,0.3800179605248962,Sell,62.478104,62.77039,62.407005,62.76249,4351
2023-03-06 08:00:00,0,0.5420032184197582,0.4579967815802418,Sell,62.75459,62.849384,62.5255,62.5492,10432
2023-03-06 09:00:00,0,0.5692986341839379,0.4307013658160621,Sell,62.5571,62.74669,62.39121,62.5413,7632
2023-03-06 10:00:00,0,0.5106721395751628,0.4893278604248372,Sell,62.5334,62.5413,61.86983,61.972527,12773
2023-03-06 11:00:00,0,0.5288864421526146,0.4711135578473854,Sell,61.972527,62.051525,61.901432,62.004128,7575
2023-03-06 12:00:00,0,0.6305337195979447,0.3694662804020553,Sell,62.004128,62.15422,61.93303,62.098923,6894
2023-03-06 13:00:00,0,0.6077569973159652,0.3922430026840348,Sell,62.098923,62.288513,61.972527,62.288513,11127
2023-03-06 14:00:00,0,0.655724577685641,0.34427542231435904,Sell,62.296413,62.604496,61.94093,62.478104,31343
2023-03-06 15:00:00,0,0.6510520942332257,0.34894790576677426,Sell,62.478104,62.841484,62.35171,62.667694,21878
2023-03-06 16:00:00,0,0.6449094904024424,0.3550905095975576,Sell,62.675594,63.39446,62.636097,63.18117,35405
2023-03-06 17:00:00,0,0.6166696846963212,0.3833303153036788,Sell,63.189068,63.58405,63.189068,63.315464,23564
2023-03-06 18:00:00,0,0.619416325031829,0.380583674968171,Sell,63.315464,63.42606,63.22857,63.34706,14887
2023-03-06 19:00:00,1,0.6162406392312503,0.3837593607687497,Sell,63.33916,63.694645,63.275967,63.623547,22870
2023-03-06 20:00:00,1,0.5772084200208322,0.42279157997916783,Sell,63.623547,63.678844,63.560352,63.670944,6722
2023-03-06 21:00:00,0,0.49328397017845854,0.5067160298215414,Hold,63.670944,63.678844,63.57615,63.58405,2037
2023-03-06 23:00:00,0,0.5424245448891979,0.4575754551108021,Sell,63.59195,63.670944,63.512955,63.59985,1119
2023-03-07 00:00:00,0,0.543336764865899,0.456663235134101,Sell,63.59985,63.60775,63.54455,63.59195,940
2023-03-07 01:00:00,1,0.5512574486875078,0.4487425513124922,Sell,63.59985,63.884235,63.54455,63.876335,4080
2023-03-07 02:00:00,1,0.553038495305758,0.446961504694242,Sell,63.876335,63.939533,63.678844,63.765743,4009
2023-03-07 03:00:00,1,0.542692696678654,0.45730730332134595,Sell,63.757843,63.844738,63.702545,63.749943,1845
2023-03-07 04:00:00,1,0.538183779221924,0.46181622077807605,Sell,63.742043,63.765743,63.702545,63.742043,771
2023-03-07 05:00:00,1,0.5443581028014114,0.4556418971985886,Sell,63.726242,63.836838,63.710445,63.81314,1355
2023-03-07 06:00:00,1,0.5420860828727521,0.45791391712724794,Sell,63.821037,63.86054,63.57615,63.58405,3028
2023-03-07 07:00:00,1,0.5568093510878308,0.4431906489121692,Sell,63.57615,63.78154,63.568253,63.686745,4021
2023-03-07 08:00:00,1,0.5025467699790703,0.49745323002092967,Sell,63.686745,63.81314,63.36286,63.433956,9414
2023-03-07 09:00:00,1,0.5443814106899701,0.45561858931002985,Sell,63.433956,63.59985,63.323364,63.58405,7474
2023-03-07 10:00:00,1,0.5246718478242681,0.4753281521757319,Sell,63.58405,63.663048,63.36286,63.473457,6177
2023-03-07 11:00:00,1,0.4672385705779306,0.5327614294220694,Hold,63.473457,63.473457,63.078476,63.13377,9104
2023-03-07 12:00:00,1,0.4763798491409366,0.5236201508590634,Hold,63.14167,63.283863,63.054775,63.22067,8880
2023-03-07 13:00:00,0,0.45993970356824254,0.5400602964317575,Hold,63.22857,63.275967,62.936283,63.03108,11672
2023-03-07 14:00:00,1,0.4665639630291852,0.5334360369708149,Hold,63.038975,63.38656,63.007378,63.236465,20428
2023-03-07 15:00:00,1,0.36122890600903157,0.6387710939909684,Hold,63.22857,63.244366,61.89353,62.098923,59758
2023-03-07 16:00:00,0,0.3419121129177035,0.6580878870822965,Hold,62.098923,62.32011,61.451153,61.51435,39726
2023-03-07 17:00:00,0,0.3464437615138857,0.6535562384861143,Hold,61.51435,61.822433,61.47485,61.69604,19062
2023-03-07 18:00:00,0,0.32990041486624133,0.6700995851337587,Hold,61.69604,61.73554,61.261562,61.435352,19258
2023-03-07 19:00:00,0,0.31873591591979694,0.6812640840802031,Hold,61.427452,61.55385,60.87448,60.890278,29750
2023-03-07 20:00:00,0,0.30373031671041484,0.6962696832895852,Hold,60.890278,61.190464,60.87448,61.135166,6499
2023-03-07 21:00:00,0,0.31276791948202537,0.6872320805179746,Hold,61.143066,61.166767,60.90608,60.992973,2974
2023-03-07 23:00:00,0,0.33839401295283983,0.6616059870471602,Hold,61.079872,61.143066,60.87448,61.024574,1756
2023-03-08 00:00:00,0,0.4158023587507152,0.5841976412492849,Hold,61.024574,61.05617,60.937675,61.04827,1395
2023-03-08 01:00:00,0,0.38507585725807636,0.6149241427419236,Hold,61.04827,61.387955,61.024574,61.24576,5757
2023-03-08 02:00:00,0,0.382684379592244,0.617315620407756,Hold,61.23786,61.403755,61.206264,61.356358,2314
2023-03-08 03:00:00,0,0.380955179150164,0.619044820849836,Hold,61.364258,61.403755,61.27736,61.332657,2061
2023-03-08 04:00:00,0,0.3736232218126649,0.6263767781873351,Hold,61.340557,61.364258,61.261562,61.332657,993
2023-03-08 05:00:00,0,0.39433819025689565,0.6056618097431044,Hold,61.332657,61.380054,61.135166,61.22996,2075
2023-03-08 06:00:00,0,0.420990531152426,0.579009468847574,Hold,61.222065,61.27736,61.174667,61.261562,1614
2023-03-08 07:00:00,0,0.42146506323185556,0.5785349367681445,Hold,61.253662,61.253662,60.85078,60.953476,5993
2023-03-08 08:00:00,0,0.4128112927065607,0.5871887072934393,Hold,60.945576,61.261562,60.88238,60.992973,9645
2023-03-08 09:00:00,0,0.44482755796684675,0.5551724420331532,Hold,60.985073,61.22996,60.68489,61.10357,10193
2023-03-08 10:00:00,0,0.40063131727962586,0.5993686827203741,Hold,61.09567,61.32476,61.07197,61.150967,7745
2023-03-08 11:00:00,0,0.41172425028377885,0.5882757497162212,Hold,61.158867,61.261562,61.06407,61.11937,6188
2023-03-08 12:00:00,0,0.38891895209951244,0.6110810479004876,Hold,61.11147,61.222065,60.86658,61.04827,6587
2023-03-08 13:00:00,0,0.3895007193256416,0.6104992806743583,Hold,61.04037,61.182564,60.432102,60.590096,17250
2023-03-08 14:00:00,0,0.37538518576318247,0.6246148142368175,Hold,60.590096,60.779686,60.313606,60.708588,34329
2023-03-08 15:00:00,0,0.29199615217752317,0.7080038478224768,Hold,60.708588,61.135166,60.179314,60.329407,43829
2023-03-08 16:00:00,0,0.26247134375999553,0.7375286562400045,Hold,60.329407,60.85078,60.124016,60.305706,32765
2023-03-08 17:00:00,0,0.3358928407228631,0.6641071592771369,Hold,60.321507,60.66119,60.250412,60.542698,16626
2023-03-08 18:00:00,0,0.30403163267783734,0.6959683673221626,Hold,60.550594,60.787586,60.4479,60.613792,13021
2023-03-08 19:00:00,0,0.34171016348617234,0.6582898365138277,Hold,60.613792,60.700687,60.376804,60.4084,18287
2023-03-08 20:00:00,0,0.3142578268863547,0.6857421731136453,Hold,60.4084,60.503197,60.345207,60.424202,3867
2023-03-08 21:00:00,0,0.35808811324120593,0.6419118867587941,Hold,60.424202,60.4637,60.4005,60.4163,1275
2023-03-08 23:00:00,0,0.36537978665683,0.63462021334317,Hold,60.432102,60.4795,60.361004,60.4795,599
2023-03-09 00:00:00,0,0.3259015865917323,0.6740984134082677,Hold,60.4795,60.534798,60.440002,60.526897,826
2023-03-09 01:00:00,0,0.33977460841469787,0.6602253915853021,Hold,60.534798,60.605892,60.4005,60.440002,3100
2023-03-09 02:00:00,0,0.39339650234813495,0.606603497651865,Hold,60.440002,60.629593,60.424202,60.582195,1824
2023-03-09 03:00:00,0,0.4231458085682301,0.57685419143177,Hold,60.574295,60.574295,60.4716,60.534798,889
2023-03-09 04:00:00,0,0.3654850628091992,0.6345149371908008,Hold,60.542698,60.582195,60.4953,60.542698,718
2023-03-09 05:00:00,0,0.39481239230347775,0.6051876076965222,Hold,60.542698,60.621693,60.518997,60.534798,1364
2023-03-09 06:00:00,0,0.4490912886832193,0.5509087113167808,Hold,60.534798,60.66119,60.4953,60.613792,2091
2023-03-09 07:00:00,0,0.36684544618181614,0.6331545538181839,Hold,60.613792,60.621693,60.4005,60.4084,2773
2023-03-09 08:00:00,0,0.3928812356449587,0.6071187643550413,Hold,60.4084,60.708588,60.361004,60.384705,8298
2023-03-09 09:00:00,0,0.3615213622041929,0.6384786377958072,Hold,60.384705,60.534798,60.163513,60.4637,7083
2023-03-09 10:00:00,0,0.39757900104434046,0.6024209989556595,Hold,60.4558,60.67699,60.4005,60.503197,5245
2023-03-09 11:00:00,0,0.4744712461329834,0.5255287538670166,Hold,60.511097,60.771786,60.503197,60.605892,5117
2023-03-09 12:00:00,0,0.42447924564311057,0.5755207543568894,Hold,60.597992,60.771786,60.511097,60.621693,4783
2023-03-09 13:00:00,0,0.4590351666017933,0.5409648333982067,Hold,60.613792,61.10357,60.313606,61.08777,24590
2023-03-09 14:00:00,1,0.5188467242985136,0.48115327570148636,Sell,61.08777,61.664444,60.92978,61.435352,34017
2023-03-09 15:00:00,0,0.44822562397879695,0.551774376021203,Hold,61.427452,61.530148,60.827084,60.827084,26278
2023-03-09 16:00:00,1,0.39261158320884887,0.6073884167911512,Hold,60.827084,61.23786,60.708588,60.819183,20360
2023-03-09 17:00:00,0,0.38583418341282644,0.6141658165871735,Hold,60.819183,60.86658,60.321507,60.384705,20204
2023-03-09 18:00:00,0,0.31032499346159154,0.6896750065384085,Hold,60.376804,60.4479,59.776432,59.776432,28726
2023-03-09 19:00:00,0,0.2641565194366001,0.7358434805633999,Hold,59.776432,60.10032,59.689537,59.713238,25957
2023-03-09 20:00:00,0,0.3098489711821112,0.6901510288178888,Hold,59.721134,59.736935,59.58684,59.673737,8615
2023-03-09 21:00:00,0,0.35171493262520265,0.6482850673747973,Hold,59.673737,59.760635,59.63424,59.721134,2547
2023-03-09 23:00:00,0,0.32664304003957845,0.6733569599604216,Hold,59.760635,59.776432,59.523643,59.602642,1394
2023-03-10 00:00:00,0,0.4041316154349013,0.5958683845650987,Hold,59.59474,59.681637,59.563145,59.65004,1267
2023-03-10 01:00:00,0,0.3875469677363587,0.6124530322636412,Hold,59.64214,59.863327,59.62634,59.697437,4058
2023-03-10 02:00:00,0,0.39476406356606025,0.6052359364339397,Hold,59.689537,59.729034,59.45255,59.539444,3894
2023-03-10 03:00:00,0,0.36700148542573785,0.6329985145742621,Hold,59.531544,59.531544,59.318256,59.37355,3720
2023-03-10 04:00:00,0,0.4004166145173979,0.599583385482602,Hold,59.37355,59.38145,59.27086,59.341953,1725
2023-03-10 05:00:00,0,0.4219543316429525,0.5780456683570475,Hold,59.341953,59.42095,59.247158,59.40515,1974
2023-03-10 06:00:00,0,0.41134190016229566,0.5886580998377043,Hold,59.40515,59.46045,59.152363,59.176064,3595
2023-03-10 07:00:00,0,0.4689040668982381,0.531095933101762,Hold,59.176064,59.46045,59.136562,59.43675,4915
2023-03-10 08:00:00,0,0.4075392713627265,0.5924607286372735,Hold,59.42885,59.45255,59.065468,59.286655,12233
2023-03-10 09:00:00,0,0.4224451839952984,0.5775548160047016,Hold,59.286655,59.563145,59.065468,59.365654,10414
2023-03-10 10:00:00,0,0.40745063978716983,0.5925493602128302,Hold,59.357754,59.57104,59.22346,59.302456,7544
2023-03-10 11:00:00,0,0.4099842748600386,0.5900157251399614,Hold,59.302456,59.41305,59.152363,59.302456,7288
2023-03-10 12:00:00,0,0.4231991924141618,0.5768008075858382,Hold,59.294556,59.484146,59.176064,59.326153,7973
2023-03-10 13:00:00,0,0.5092273252610608,0.49077267473893915,Sell,59.334053,60.345207,59.112865,60.01342,34124
2023-03-10 14:00:00,0,0.47925102149545146,0.5207489785045485,Hold,60.02132,60.05292,59.531544,59.90283,32019
2023-03-10 15:00:00,0,0.43857567586016144,0.5614243241398386,Hold,59.910725,60.432102,59.59474,60.068718,28610
2023-03-10 16:00:00,0,0.3676991371041032,0.6323008628958968,Hold,60.068718,60.91398,59.926525,60.25831,36962
2023-03-10 17:00:00,0,0.35908907044424493,0.6409109295557551,Hold,60.26621,60.795483,60.124016,60.64539,18551
2023-03-10 18:00:00,0,0.36092092825254996,0.63907907174745,Hold,60.64539,60.771786,60.187214,60.345207,13143
2023-03-10 19:00:00,0,0.3779563996220663,0.6220436003779337,Hold,60.345207,60.66909,60.321507,60.4558,22547
2023-03-10 20:00:00,0,0.4008143195006685,0.5991856804993315,Hold,60.4637,60.534798,60.313606,60.4795,4307
2023-03-10 21:00:00,0,0.4007652863994414,0.5992347136005586,Hold,60.4716,60.574295,60.4084,60.574295,1788
2023-03-12 22:00:00,1,0.4472637774330423,0.5527362225669576,Hold,60.511097,61.198364,60.147717,60.969276,5030
2023-03-12 23:00:00,1,0.41601642731721605,0.583983572682784,Hold,60.945576,60.961376,60.708588,60.90608,2446
2023-03-13 00:00:00,1,0.395746751504253,0.604253248495747,Hold,60.90608,60.969276,60.819183,60.819183,2206
2023-03-13 01:00:00,0,0.4849304430557409,0.5150695569442592,Hold,60.827084,61.016674,60.337307,60.4005,4608
2023-03-13 02:00:00,1,0.48496681582707746,0.5150331841729225,Hold,60.4005,60.85078,60.345207,60.787586,3576
2023-03-13 03:00:00,1,0.5071792035015144,0.49282079649848565,Sell,60.795483,60.819183,60.67699,60.748085,1461
2023-03-13 04:00:00,1,0.4809931356784116,0.5190068643215884,Hold,60.748085,60.85868,60.708588,60.85078,935
2023-03-13 05:00:00,1,0.4850194312618661,0.5149805687381339,Hold,60.85078,60.87448,60.740185,60.85868,1245
2023-03-13 06:00:00,1,0.5072900834913986,0.4927099165086014,Sell,60.85078,60.88238,60.67699,60.755985,1698
2023-03-13 07:00:00,1,0.49730552634246744,0.5026944736575325,Hold,60.763885,60.985073,60.621693,60.88238,4433
2023-03-13 08:00:00,1,0.5617970132885679,0.4382029867114321,Sell,60.890278,60.961376,60.345207,60.353104,10857
2023-03-13 09:00:00,0,0.4351800856676279,0.5648199143323721,Hold,60.361004,60.376804,59.19186,59.40515,23468
2023-03-13 10:00:00,1,0.44339229487128945,0.5566077051287106,Hold,59.39725,59.697437,59.349854,59.665836,9487
2023-03-13 11:00:00,0,0.4252911131466773,0.5747088868533228,Hold,59.65794,59.879128,58.75738,58.79688,16785
2023-03-13 12:00:00,0,0.41949746088358375,0.5805025391164162,Hold,58.78898,58.80478,57.11426,57.54874,57869
2023-03-13 13:00:00,0,0.3632674005407288,0.6367325994592712,Hold,57.55664,58.99437,57.34335,58.931175,55087
2023-03-13 14:00:00,1,0.34910371389093686,0.6508962861090631,Hold,58.931175,59.942326,58.694183,59.82383,49551
2023-03-13 15:00:00,1,0.31017738535506556,0.6898226146449344,Hold,59.83173,60.24251,59.547344,59.989723,33438
2023-03-13 16:00:00,1,0.3225757436356711,0.6774242563643289,Hold,59.989723,60.08452,59.144463,59.168163,24499
2023-03-13 17:00:00,1,0.350762179436589,0.6492378205634111,Hold,59.152363,59.531544,58.907475,59.097065,16290
2023-03-13 18:00:00,1,0.36075847144617473,0.6392415285538253,Hold,59.104965,59.318256,58.709984,58.93907,23824
2023-03-13 19:00:00,1,0.35264533044642504,0.647354669553575,Hold,58.931175,58.954872,58.662586,58.75738,6329
2023-03-13 20:00:00,1,0.36558654206857094,0.6344134579314291,Hold,58.74158,59.01017,58.74158,59.00227,2110
2023-03-13 22:00:00,1,0.4086115320510654,0.5913884679489346,Hold,59.01017,59.057568,58.883778,59.01017,720
2023-03-13 23:00:00,1,0.3815238544691741,0.6184761455308259,Hold,59.01017,59.073368,58.907475,58.915375,745
2023-03-14 00:00:00,1,0.46991659220681536,0.5300834077931846,Hold,58.915375,58.978573,58.76528,58.836376,1687
2023-03-14 01:00:00,1,0.4680257972790374,0.5319742027209626,Hold,58.844276,59.168163,58.678387,58.702084,3609
2023-03-14 02:00:00,1,0.442569599986592,0.557430400013408,Hold,58.702084,58.844276,58.322903,58.3703,3485
2023-03-14 03:00:00,1,0.46182232376336646,0.5381776762366335,Hold,58.3703,58.480896,58.251804,58.4335,4005
2023-03-14 04:00:00,1,0.460290511098734,0.539709488901266,Hold,58.449295,58.480896,58.3703,58.449295,891
2023-03-14 05:00:00,1,0.4597289057466306,0.5402710942533694,Hold,58.457195,58.472996,58.299202,58.3624,1489
2023-03-14 06:00:00,1,0.44912008162549216,0.5508799183745079,Hold,58.3624,58.591488,58.307102,58.4256,3670
2023-03-14 07:00:00,1,0.49143252793911496,0.508567472060885,Hold,58.4335,58.55199,58.299202,58.3703,5187
2023-03-14 08:00:00,0,0.45512043681846276,0.5448795631815373,Hold,58.3624,58.654686,57.74623,57.97532,16905
2023-03-14 09:00:00,0,0.46766439717323205,0.532335602826768,Hold,57.98322,57.99902,57.477642,57.825226,15121
2023-03-14 10:00:00,0,0.4681327159515572,0.5318672840484429,Hold,57.825226,57.825226,57.422344,57.588238,10379
2023-03-14 11:00:00,0,0.4702850208408097,0.5297149791591903,Hold,57.572437,58.228107,57.56454,58.078014,12155
2023-03-14 12:00:00,0,0.42710310354806125,0.5728968964519388,Hold,58.078014,58.259705,57.52504,58.093815,19443
2023-03-14 13:00:00,1,0.42002510651620517,0.5799748934837948,Hold,58.085915,58.646786,57.398647,58.58359,36150
2023-03-14 14:00:00,0,0.4347884761083617,0.5652115238916383,Hold,58.591488,58.63889,58.141212,58.228107,23105
2023-03-14 15:00:00,1,0.431470056934855,0.5685299430651449,Hold,58.236008,58.79688,57.95952,58.338703,21587
2023-03-14 16:00:00,1,0.5221394573260378,0.47786054267396216,Sell,58.338703,58.3861,57.54084,57.71463,23766
2023-03-14 17:00:00,1,0.5178476028948813,0.4821523971051187,Sell,57.71463,57.864723,57.09846,57.12216,28167
2023-03-14 18:00:00,0,0.4692968901987383,0.5307031098012617,Hold,57.12216,57.185356,55.913517,55.984615,51933
2023-03-14 19:00:00,0,0.46378472560571954,0.5362152743942805,Hold,55.984615,56.52179,55.937218,56.50599,12072
2023-03-14 20:00:00,0,0.45575084558917794,0.5442491544108221,Hold,56.49809,56.553387,56.387497,56.46649,3451
2023-03-14 22:00:00,0,0.46318692898287217,0.5368130710171278,Hold,56.52969,56.71138,56.490192,56.656082,1470
2023-03-14 23:00:00,0,0.4618385245215513,0.5381614754784487,Hold,56.656082,56.837772,56.632385,56.735077,1643
2023-03-15 00:00:00,1,0.4115898833259237,0.5884101166740763,Hold,56.735077,56.91677,56.624485,56.877274,2430
2023-03-15 01:00:00,1,0.4376462556169069,0.562353744383093,Hold,56.869373,57.12216,56.861473,56.96417,4491
2023-03-15 02:00:00,1,0.43588619550185814,0.5641138044981419,Hold,56.96417,57.10636,56.948368,57.08266,2051
2023-03-15 03:00:00,1,0.43012174890532173,0.5698782510946783,Hold,57.08266,57.193256,57.051064,57.16956,1564
2023-03-15 04:00:00,1,0.4384551697247138,0.5615448302752861,Hold,57.177456,57.232754,57.15376,57.216957,799
2023-03-15 05:00:00,1,0.38978222610395397,0.610217773896046,Hold,57.216957,57.216957,56.91677,56.95627,2558
2023-03-15 06:00:00,1,0.41611370103836864,0.5838862989616314,Hold,56.948368,57.193256,56.932568,57.10636,2286
2023-03-15 07:00:00,1,0.38592885427532336,0.6140711457246766,Hold,57.11426,57.193256,56.948368,57.058964,4730
2023-03-15 08:00:00,1,0.41178545764003754,0.5882145423599625,Hold,57.043163,57.319653,56.869373,57.027367,10506
2023-03-15 09:00:00,1,0.39210056162141005,0.60789943837859,Hold,57.027367,57.043163,56.553387,56.758778,13536
2023-03-15 10:00:00,0,0.42348586582214254,0.5765141341778575,Hold,56.758778,56.766678,55.155155,55.178852,22443
2023-03-15 11:00:00,1,0.3989873858640064,0.6010126141359936,Hold,55.178852,55.771324,55.107758,55.716026,22658
2023-03-15 12:00:00,1,0.39313329384719387,0.6068667061528061,Hold,55.70813,55.70813,54.760174,54.85497,24469
2023-03-15 13:00:00,0,0.3725392786776589,0.6274607213223411,Hold,54.85497,54.894466,53.662125,54.04131,58484
2023-03-15 14:00:00,0,0.33576527777516985,0.6642347222248302,Hold,54.03341,54.67328,53.243446,53.39354,43225
2023-03-15 15:00:00,0,0.317277967179263,0.6827220328207371,Hold,53.39354,53.883316,52.95116,53.069656,36580
2023-03-15 16:00:00,0,0.3601180575538303,0.6398819424461697,Hold,53.069656,53.20395,51.947906,52.034805,52028
2023-03-15 17:00:00,0,0.3271225696431502,0.6728774303568499,Hold,52.034805,53.39354,51.86101,53.14075,37187
2023-03-15 18:00:00,0,0.3369379001672902,0.6630620998327098,Hold,53.13285,54.00971,52.793167,53.883316,40823
2023-03-15 19:00:00,0,0.29833186097887127,0.7016681390211288,Hold,53.883316,54.246696,53.725323,53.820118,11407
2023-03-15 20:00:00,0,0.3087365646980836,0.6912634353019165,Hold,53.820118,54.03341,53.75692,53.899117,2401
2023-03-15 22:00:00,0,0.31712437883602496,0.682875621163975,Hold,53.891216,54.301994,53.820118,53.883316,2758
2023-03-15 23:00:00,0,0.3165198155314203,0.6834801844685797,Hold,53.891216,54.00971,53.820118,53.85172,954
2023-03-16 00:00:00,0,0.4080005014890413,0.5919994985109587,Hold,53.867516,54.309895,53.84382,54.286198,3053
2023-03-16 01:00:00,0,0.4488634567910963,0.5511365432089037,Hold,54.286198,54.286198,53.59893,53.662125,5614
2023-03-16 02:00:00,0,0.4329023328570671,0.5670976671429329,Hold,53.662125,53.717422,53.33824,53.433037,2968
2023-03-16 03:00:00,0,0.47136510988462205,0.5286348901153779,Hold,53.425137,53.749023,53.425137,53.670025,2132
2023-03-16 04:00:00,0,0.45883272064276825,0.5411672793572317,Hold,53.677925,54.096607,53.646328,54.080807,1882
2023-03-16 05:00:00,0,0.4566992145954629,0.5433007854045371,Hold,54.072906,54.104504,53.82802,53.891216,2108
2023-03-16 06:00:00,0,0.4695713610065396,0.5304286389934604,Hold,53.899117,53.930714,53.60683,53.78062,2785
2023-03-16 07:00:00,0,0.4854886494394661,0.5145113505605339,Hold,53.76482,53.867516,53.472534,53.543633,5554
2023-03-16 08:00:00,0,0.5121361963652218,0.4878638036347782,Sell,53.535732,54.144005,53.496235,53.85172,13457
2023-03-16 09:00:00,0,0.5044482119435693,0.49555178805643074,Sell,53.84382,54.104504,53.488335,53.98601,8543
2023-03-16 10:00:00,0,0.4599689406969356,0.5400310593030644,Hold,53.97811,54.175602,53.701626,53.859615,6427
2023-03-16 11:00:00,0,0.46921711295253155,0.5307828870474685,Hold,53.859615,53.867516,53.02226,53.504135,10858
2023-03-16 12:00:00,0,0.47199555835056234,0.5280044416494376,Hold,53.504135,53.820118,53.085453,53.354042,11791
2023-03-16 13:00:00,0,0.4557488327821599,0.5442511672178401,Hold,53.354042,53.38564,52.279694,52.919563,30260
2023-03-16 14:00:00,0,0.410423620273991,0.589576379726009,Hold,52.911663,53.946514,51.90841,53.79642,39482
2023-03-16 15:00:00,0,0.39734035706855725,0.6026596429314428,Hold,53.804317,53.96231,53.00646,53.559433,24282
2023-03-16 16:00:00,0,0.39051275493044246,0.6094872450695575,Hold,53.559433,54.444187,53.18815,54.357292,21739
2023-03-16 17:00:00,1,0.34175324405041413,0.6582467559495859,Hold,54.373093,54.80757,54.120304,54.531086,19165
2023-03-16 18:00:00,0,0.3254253723367064,0.6745746276632936,Hold,54.515285,54.531086,53.56733,53.95441,21271
2023-03-16 19:00:00,0,0.3142511230207301,0.6857488769792699,Hold,53.96231,54.049206,53.741123,53.77272,4627
2023-03-16 20:00:00,0,0.3551282902174704,0.6448717097825296,Hold,53.78852,54.02551,53.78062,53.907013,2132
2023-03-16 22:00:00,0,0.33018807377790776,0.6698119262220923,Hold,53.922813,54.03341,53.922813,53.99391,430
2023-03-16 23:00:00,0,0.3401151071799685,0.6598848928200315,Hold,53.99391,54.03341,53.96231,53.97021,242
2023-03-17 00:00:00,0,0.3068666429606568,0.6931333570393432,Hold,53.97811,54.04131,53.907013,53.95441,539
2023-03-17 01:00:00,0,0.31268392405767337,0.6873160759423267,Hold,53.95441,54.128204,53.77272,54.088707,1042
2023-03-17 02:00:00,0,0.32928010479279257,0.6707198952072074,Hold,54.088707,54.40469,54.088707,54.34149,911
2023-03-17 03:00:00,1,0.3446171161655376,0.6553828838344624,Hold,54.34149,54.720676,54.333595,54.58638,1144
2023-03-17 04:00:00,1,0.3694097721027163,0.6305902278972837,Hold,54.60218,54.67328,54.546883,54.570583,374
2023-03-17 05:00:00,0,0.33150689220158525,0.6684931077984148,Hold,54.562683,54.58638,54.41259,54.42049,571
2023-03-17 06:00:00,0,0.311977693749291,0.6880223062507089,Hold,54.42839,54.42839,54.04131,54.1993,754
2023-03-17 07:00:00,0,0.3335793250559516,0.6664206749440484,Hold,54.1993,54.562683,54.104504,54.523186,1141
2023-03-17 08:00:00,0,0.30580527687034353,0.6941947231296565,Hold,54.531086,54.78387,54.175602,54.42839,3247
2023-03-17 09:00:00,1,0.35551170290448797,0.644488297095512,Hold,54.43629,54.894466,54.278297,54.86287,2268
2023-03-17 10:00:00,1,0.3912121426538966,0.6087878573461034,Hold,54.86287,55.012962,54.712776,54.878666,2201
2023-03-17 11:00:00,1,0.3409959592173251,0.6590040407826749,Hold,54.894466,54.894466,54.072906,54.43629,3361
2023-03-17 12:00:00,1,0.31584354918415947,0.6841564508158405,Hold,54.459988,54.459988,52.96696,53.40934,7596
2023-03-17 13:00:00,0,0.29899443723275476,0.7010055627672452,Hold,53.417236,53.78852,52.619377,52.619377,8675
2023-03-17 14:00:00,0,0.30714899588398087,0.6928510041160192,Hold,52.650974,53.038055,52.208595,52.216496,9478
2023-03-17 15:00:00,0,0.25745320854850245,0.7425467914514976,Hold,52.216496,52.69837,51.48183,52.650974,11575
2023-03-17 16:00:00,0,0.2586741742515043,0.7413258257484957,Hold,52.658875,53.235546,52.406086,52.848465,7935
2023-03-17 17:00:00,0,0.26736692034227005,0.73263307965773,Hold,52.856365,53.085453,52.611477,52.880062,4469
2023-03-17 18:00:00,0,0.2634642934127425,0.7365357065872575,Hold,52.880062,52.919563,52.532482,52.587776,5764
2023-03-17 19:00:00,0,0.27875527109103476,0.7212447289089652,Hold,52.611477,52.627277,52.240196,52.30339,1275
2023-03-17 20:00:00,0,0.33064967418247465,0.6693503258175253,Hold,52.31919,52.445583,52.287594,52.406086,600
2023-03-19 22:00:00,0,0.35120427535816817,0.6487957246418319,Hold,52.627277,53.219746,52.390285,52.982758,732
2023-03-19 23:00:00,0,0.33980130400748715,0.6601986959925128,Hold,52.982758,53.053856,52.77737,52.96696,178
2023-03-20 00:00:00,1,0.3435711832891482,0.6564288167108518,Hold,52.96696,53.09296,52.880337,52.96696,2387
2023-03-20 01:00:00,0,0.3861504103474833,0.6138495896525167,Hold,52.959084,53.313457,52.785835,52.833084,7534
2023-03-20 02:00:00,0,0.37429475876928336,0.6257052412307167,Hold,52.833084,52.99846,52.675587,52.69921,3111
2023-03-20 03:00:00,0,0.4181878629003127,0.5818121370996874,Hold,52.69921,52.74646,52.415714,52.43934,3877
2023-03-20 04:00:00,0,0.4180499929709729,0.5819500070290271,Hold,52.43934,52.455086,52.281837,52.289715,2493
2023-03-20 05:00:00,0,0.37954427100531835,0.6204557289946817,Hold,52.29759,52.329086,52.14009,52.155838,4141
2023-03-20 06:00:00,0,0.4110666927017792,0.5889333072982208,Hold,52.14009,52.155838,51.23447,51.258095,13195
2023-03-20 07:00:00,0,0.37982977177505906,0.620170228224941,Hold,51.258095,51.447094,50.990345,51.15572,15335
2023-03-20 08:00:00,0,0.3739175065960099,0.6260824934039901,Hold,51.147846,51.53372,50.683224,51.454967,22137
2023-03-20 09:00:00,0,0.3618183834557063,0.6381816165442937,Hold,51.454967,51.974716,51.09272,51.210846,18597
2023-03-20 10:00:00,0,0.34791208189469247,0.6520879181053075,Hold,51.226593,51.911716,51.053345,51.691216,15191
2023-03-20 11:00:00,0,0.3392294551203401,0.6607705448796599,Hold,51.66759,52.14009,51.643967,52.021965,16013
2023-03-20 12:00:00,0,0.29524407934783803,0.704755920652162,Hold,52.021965,52.754337,51.958965,52.707085,20645
2023-03-20 13:00:00,0,0.3444190566024778,0.6555809433975222,Hold,52.691338,52.80946,51.77784,52.116463,35171
2023-03-20 14:00:00,0,0.32471927110619736,0.6752807288938026,Hold,52.116463,52.31334,51.73059,52.18734,23750
2023-03-20 15:00:00,0,0.3049663729065072,0.6950336270934928,Hold,52.195213,52.63621,52.155838,52.321213,18693
2023-03-20 16:00:00,0,0.33927335432557265,0.6607266456744274,Hold,52.321213,52.56534,51.848717,51.911716,23685
2023-03-20 17:00:00,0,0.33638297489175295,0.663617025108247,Hold,51.911716,52.896084,51.848717,52.344837,20645
2023-03-20 18:00:00,0,0.3901977252287285,0.6098022747712715,Hold,52.344837,53.455208,52.289715,53.211082,33753
2023-03-20 19:00:00,0,0.4065625633780344,0.5934374366219656,Hold,53.20321,53.470955,53.15596,53.376457,6300
2023-03-20 20:00:00,0,0.40923875334569343,0.5907612466543066,Hold,53.368584,53.439457,53.28196,53.40008,1485
2023-03-20 22:00:00,0,0.405311316140816,0.594688683859184,Hold,53.415833,53.431583,53.297707,53.32921,999
2023-03-20 23:00:00,0,0.3946449517561474,0.6053550482438526,Hold,53.32133,53.368584,53.242584,53.26621,557
2023-03-21 00:00:00,0,0.42758385273493194,0.5724161472650681,Hold,53.26621,53.612705,53.100834,53.26621,5817
2023-03-21 01:00:00,0,0.42348027407846445,0.5765197259215356,Hold,53.26621,53.289833,53.01421,53.12446,2953
2023-03-21 02:00:00,0,0.4098304030177364,0.5901695969822636,Hold,53.116585,53.20321,52.69921,52.85671,3801
2023-03-21 03:00:00,0,0.4054798235918358,0.5945201764081642,Hold,52.864586,52.974834,52.77796,52.880337,1517
2023-03-21 04:00:00,0,0.41001903535795914,0.5899809646420409,Hold,52.880337,52.95121,52.833084,52.90396,837
2023-03-21 05:00:00,0,0.4272237740756864,0.5727762259243137,Hold,52.911835,53.045708,52.848835,52.880337,1967
2023-03-21 06:00:00,0,0.42660066527937945,0.5733993347206205,Hold,52.87246,53.07721,52.770084,53.053585,3024
2023-03-21 07:00:00,0,0.4673248007082039,0.5326751992917961,Hold,53.053585,53.148083,52.68346,52.785835,8018
2023-03-21 08:00:00,0,0.5190852444273149,0.48091475557268515,Sell,52.770084,54.04583,52.69921,53.88833,20608
2023-03-21 09:00:00,0,0.4970972469116901,0.5029027530883099,Hold,53.880455,54.09308,53.76233,54.077328,9654
2023-03-21 10:00:00,0,0.48499968622647704,0.515000313773523,Hold,54.085205,54.195454,53.84108,53.990704,8998
2023-03-21 11:00:00,0,0.5184185858775695,0.4815814141224305,Sell,53.998577,54.16395,53.502457,54.148205,13495
2023-03-21 12:00:00,0,0.5368121798271086,0.4631878201728914,Sell,54.140327,54.4317,54.03008,54.345078,14941
2023-03-21 13:00:00,0,0.5291711342026377,0.4708288657973623,Sell,54.35295,54.770325,53.880455,54.41595,34446
2023-03-21 14:00:00,0,0.4703972280993288,0.5296027719006712,Hold,54.42383,54.5892,53.73083,54.100952,45181
2023-03-21 15:00:00,0,0.4411311651919573,0.5588688348080427,Hold,54.116703,54.313576,53.69933,53.935577,20820
2023-03-21 16:00:00,0,0.4888062957280303,0.5111937042719696,Hold,53.935577,54.368702,53.864704,54.258453,19675
2023-03-21 17:00:00,0,0.4479711444967097,0.5520288555032903,Hold,54.258453,54.85695,54.16395,54.73095,27686
2023-03-21 18:00:00,0,0.47203414650243813,0.5279658534975619,Hold,54.73095,54.943573,54.534077,54.7152,25094
2023-03-21 19:00:00,0,0.4751193316591671,0.5248806683408329,Hold,54.707325,54.82545,54.66795,54.801823,5045
2023-03-21 20:00:00,0,0.4744479236363839,0.5255520763636161,Hold,54.801823,54.864822,54.628574,54.754574,2415
2023-03-21 22:00:00,0,0.4603017152633337,0.5396982847366663,Hold,54.7152,54.7152,54.54195,54.675827,752
2023-03-21 23:00:00,0,0.49290873238436295,0.507091267615637,Hold,54.675827,54.723076,54.6522,54.7152,480
2023-03-22 00:00:00,0,0.46271458676914345,0.5372854132308565,Hold,54.707325,54.76245,54.5262,54.6522,1599
2023-03-22 01:00:00,0,0.4932697266555892,0.5067302733444108,Hold,54.660076,54.6837,54.408077,54.455326,2527
2023-03-22 02:00:00,0,0.5047613498505555,0.49523865014944446,Sell,54.4632,54.502575,54.313576,54.392326,2656
2023-03-22 03:00:00,0,0.5141883712209793,0.48581162877902073,Sell,54.384453,54.581326,54.345078,54.565575,1343
2023-03-22 04:00:00,0,0.5210100277860477,0.47898997221395234,Sell,54.5577,54.6207,54.510452,54.5892,833
2023-03-22 05:00:00,0,0.5036634639384985,0.4963365360615015,Sell,54.597076,54.628574,54.439575,54.471077,1523
2023-03-22 06:00:00,0,0.5418473704465139,0.4581526295534861,Sell,54.4632,54.502575,54.266327,54.4947,2683
2023-03-22 07:00:00,0,0.5191079307128513,0.48089206928714867,Sell,54.4947,54.5577,54.250576,54.392326,5381
2023-03-22 08:00:00,0,0.49325865708553984,0.5067413429144602,Hold,54.376575,54.612827,54.345078,54.510452,9476
2023-03-22 09:00:00,0,0.5018383354578572,0.49816166454214283,Sell,54.518326,54.723076,54.35295,54.455326,7382
2023-03-22 10:00:00,0,0.5201822989182614,0.4798177010817386,Sell,54.455326,54.786076,54.305702,54.6837,7419
2023-03-22 11:00:00,0,0.5010659543978939,0.4989340456021061,Sell,54.675827,54.817574,54.486828,54.534077,7033
2023-03-22 12:00:00,0,0.5357582691134106,0.4642417308865894,Sell,54.54195,55.164074,54.54195,55.140446,12581
2023-03-22 13:00:00,0,0.4265822955105299,0.5734177044894702,Hold,55.132572,55.32157,54.573452,54.7782,25979
2023-03-22 14:00:00,0,0.474489554155753,0.525510445844247,Hold,54.786076,55.52632,54.510452,55.408195,31143
2023-03-22 15:00:00,0,0.38668555859218656,0.6133144414078134,Hold,55.392445,55.51057,55.101074,55.11682,19775
2023-03-22 16:00:00,0,0.4372140047640138,0.5627859952359862,Hold,55.108948,55.80982,55.030197,55.628696,20955
2023-03-22 17:00:00,0,0.42299325412040983,0.5770067458795902,Hold,55.628696,55.63657,55.282196,55.455444,12016
2023-03-22 18:00:00,0,0.41065785995345444,0.5893421400465455,Hold,55.46332,56.15632,55.44757,55.770443,34645
2023-03-22 19:00:00,0,0.41864902906467377,0.5813509709353262,Hold,55.76257,55.801945,55.101074,55.148323,14378
2023-03-22 20:00:00,0,0.41449112974002883,0.5855088702599711,Hold,55.148323,55.171947,55.022324,55.0617,3106
2023-03-22 22:00:00,0,0.40527178695920635,0.5947282130407936,Hold,55.085323,55.1877,55.0617,55.164074,685
2023-03-22 23:00:00,0,0.3930217379758215,0.6069782620241785,Hold,55.164074,55.203445,55.093197,55.171947,809
2023-03-23 00:00:00,0,0.5046416935638356,0.4953583064361644,Sell,55.171947,55.313698,55.1247,55.25857,2198
2023-03-23 01:00:00,0,0.5203866888157467,0.4796133111842533,Sell,55.25857,55.479073,55.1247,55.171947,3485
2023-03-23 02:00:00,0,0.5181023838910273,0.48189761610897275,Sell,55.17982,55.337322,55.05382,55.30582,2818
2023-03-23 03:00:00,0,0.5265613934885789,0.4734386065114211,Sell,55.313698,55.376698,55.171947,55.203445,1594
2023-03-23 04:00:00,0,0.5314048609283722,0.46859513907162775,Sell,55.203445,55.282196,55.1877,55.282196,632
2023-03-23 05:00:00,0,0.5475090760243113,0.4524909239756887,Sell,55.282196,55.400322,55.211323,55.250698,1561
2023-03-23 06:00:00,0,0.5100142088236447,0.4899857911763553,Sell,55.234947,55.392445,55.219196,55.345196,2086
2023-03-23 07:00:00,0,0.5352203433914109,0.4647796566085891,Sell,55.360947,55.55782,55.266445,55.408195,5216
2023-03-23 08:00:00,0,0.5901259351171462,0.40987406488285383,Sell,55.416073,55.74682,55.274323,55.644444,8792
2023-03-23 09:00:00,0,0.5805650266589514,0.4194349733410486,Sell,55.644444,55.668068,55.11682,55.19557,7570
2023-03-23 10:00:00,0,0.5758304328591547,0.4241695671408453,Sell,55.19557,55.408195,54.9987,55.353073,8096
2023-03-23 11:00:00,0,0.5595003282508865,0.44049967174911353,Sell,55.360947,55.518444,55.30582,55.423946,7024
2023-03-23 12:00:00,0,0.5864370209347848,0.4135629790652152,Sell,55.423946,55.691696,55.392445,55.49482,8907
2023-03-23 13:00:00,0,0.5672362246586747,0.43276377534132526,Sell,55.502697,56.305943,55.360947,55.998817,32533
2023-03-23 14:00:00,1,0.48404242578944423,0.5159575742105558,Hold,55.990944,56.361065,55.817696,56.27444,29377
2023-03-23 15:00:00,1,0.4938220327923902,0.5061779672076099,Hold,56.28232,56.439816,55.857067,55.88857,20636
2023-03-23 16:00:00,1,0.4917228128310934,0.5082771871689066,Hold,55.880695,56.08544,55.439697,55.471195,22259
2023-03-23 17:00:00,1,0.499884147983221,0.500115852016779,Hold,55.471195,55.479073,55.045948,55.148323,20848
2023-03-23 18:00:00,0,0.43985595279681966,0.5601440472031803,Hold,55.156197,55.416073,54.47895,54.73095,30878
2023-03-23 19:00:00,0,0.37583680441596057,0.6241631955840394,Hold,54.738823,55.045948,54.447453,54.518326,12218
2023-03-23 20:00:00,0,0.47083213132806795,0.5291678686719321,Hold,54.5262,54.723076,54.486828,54.707325,1938
2023-03-23 22:00:00,0,0.4755372181159357,0.5244627818840644,Hold,54.738823,54.7782,54.66795,54.73095,905
2023-03-23 23:00:00,0,0.5089574117706055,0.4910425882293945,Sell,54.723076,54.770325,54.707325,54.76245,475
2023-03-24 00:00:00,0,0.4408173413670658,0.5591826586329343,Hold,54.76245,54.79395,54.5577,54.63645,2132
2023-03-24 01:00:00,0,0.43187349200849307,0.568126507991507,Hold,54.63645,54.754574,54.376575,54.502575,4247
2023-03-24 02:00:00,0,0.4785679762605633,0.5214320237394368,Hold,54.502575,54.9987,54.486828,54.98295,4607
2023-03-24 03:00:00,0,0.47402411813391543,0.5259758818660846,Hold,54.98295,54.99082,54.864822,54.959324,1594
2023-03-24 04:00:00,0,0.5434757364738183,0.4565242635261817,Sell,54.95145,54.975075,54.88845,54.95145,933
2023-03-24 05:00:00,0,0.5270909962354234,0.47290900376457656,Sell,54.95145,55.108948,54.9357,54.9987,1875
2023-03-24 06:00:00,1,0.5440870800921177,0.4559129199078823,Sell,55.006573,55.19557,54.95145,55.17982,2346
2023-03-24 07:00:00,1,0.5077994862601823,0.49220051373981766,Sell,55.1877,55.423946,55.006573,55.006573,6397
2023-03-24 08:00:00,1,0.44998429098344006,0.5500157090165599,Hold,55.006573,55.022324,54.04583,54.321453,20353
2023-03-24 09:00:00,0,0.41653548370828725,0.5834645162917127,Hold,54.329327,54.5262,53.148083,53.242584,18960
2023-03-24 10:00:00,0,0.383842190863207,0.616157809136793,Hold,53.234707,53.337082,52.68346,53.148083,20625
2023-03-24 11:00:00,0,0.3581333823834005,0.6418666176165995,Hold,53.148083,53.163834,52.62046,53.069332,17578
2023-03-24 12:00:00,0,0.38468860582455827,0.6153113941754418,Hold,53.06146,53.455208,52.82521,53.337082,16790
2023-03-24 13:00:00,0,0.38590048254026943,0.6140995174597306,Hold,53.34496,53.98283,53.305584,53.96708,36243
2023-03-24 14:00:00,0,0.38848569800989863,0.6115143019901014,Hold,53.974953,54.305702,53.612705,53.738705,32484
2023-03-24 15:00:00,0,0.3778535079729509,0.6221464920270491,Hold,53.73083,54.738823,53.557583,54.6522,25524
2023-03-24 16:00:00,0,0.3539712967875151,0.646028703212485,Hold,54.6522,54.770325,53.98283,54.447453,25065
2023-03-24 17:00:00,0,0.3576292696667199,0.6423707303332802,Hold,54.455326,54.6207,54.329327,54.549828,12836
2023-03-24 18:00:00,0,0.332852676007809,0.667147323992191,Hold,54.54195,54.79395,54.41595,54.486828,19874
2023-03-24 19:00:00,0,0.3436949388722852,0.6563050611277148,Hold,54.486828,54.63645,54.408077,54.5262,5088
2023-03-24 20:00:00,0,0.33534473058444947,0.6646552694155505,Hold,54.518326,54.565575,54.471077,54.4947,1583
2023-03-26 22:00:00,0,0.3956970715746256,0.6043029284253745,Hold,54.66795,55.0617,54.612827,54.880573,3154
2023-03-26 23:00:00,0,0.38200994516540654,0.6179900548345935,Hold,54.8727,55.05382,54.770325,54.8727,1802
2023-03-27 00:00:00,0,0.3754505373738259,0.6245494626261741,Hold,54.8727,54.98295,54.73095,54.754574,2158
2023-03-27 01:00:00,0,0.36773151863083736,0.6322684813691626,Hold,54.76245,54.801823,54.486828,54.486828,3310
2023-03-27 02:00:00,0,0.40947435848988645,0.5905256415101136,Hold,54.4947,54.628574,54.439575,54.549828,1677
2023-03-27 03:00:00,0,0.40422892471557187,0.5957710752844281,Hold,54.549828,54.60495,54.439575,54.581326,1373
2023-03-27 04:00:00,0,0.4113919016471123,0.5886080983528876,Hold,54.581326,54.63645,54.5262,54.63645,809
2023-03-27 05:00:00,0,0.4728647613417481,0.527135238658252,Hold,54.644325,54.88845,54.612827,54.8727,2115
2023-03-27 06:00:00,0,0.5642568743354325,0.4357431256645675,Sell,54.8727,55.17982,54.817574,55.156197,4725
2023-03-27 07:00:00,0,0.5051938282741065,0.4948061717258935,Sell,55.140446,55.313698,54.675827,54.959324,9034
2023-03-27 08:00:00,0,0.43551439611080867,0.5644856038891913,Hold,54.959324,55.17982,54.628574,54.738823,10035
2023-03-27 09:00:00,0,0.5506192569860537,0.44938074301394626,Sell,54.738823,54.9357,54.7152,54.896324,5182
2023-03-27 10:00:00,0,0.6067109556679691,0.39328904433203093,Sell,54.896324,55.24282,54.849075,55.093197,6973
2023-03-27 11:00:00,0,0.5766093029698971,0.4233906970301029,Sell,55.093197,55.30582,55.0617,55.266445,6653
2023-03-27 12:00:00,0,0.5663879688682334,0.4336120311317666,Sell,55.274323,55.786194,55.24282,55.628696,15343
2023-03-27 13:00:00,0,0.5706469837686874,0.4293530162313126,Sell,55.628696,55.77832,55.290073,55.49482,21463
2023-03-27 14:00:00,0,0.5336958053072212,0.46630419469277884,Sell,55.502697,55.849194,55.392445,55.675945,19672
2023-03-27 15:00:00,0,0.526207353600298,0.473792646399702,Sell,55.68382,56.298065,55.46332,56.140568,24450
2023-03-27 16:00:00,0,0.5371255261813895,0.46287447381861047,Sell,56.140568,56.550064,55.96732,56.47919,22182
2023-03-27 17:00:00,0,0.5274163086072015,0.47258369139279854,Sell,56.47919,57.345436,56.46344,57.313934,32262
2023-03-27 18:00:00,0,0.477584253827941,0.522415746172059,Hold,57.313934,57.565933,57.195812,57.376934,64475
2023-03-27 19:00:00,0,0.44395105489658593,0.5560489451034141,Hold,57.36906,57.534435,57.32181,57.46356,6771
2023-03-27 20:00:00,0,0.39159057559784083,0.6084094244021592,Hold,57.46356,57.534435,57.36906,57.40056,2326
2023-03-27 22:00:00,0,0.39227935269936975,0.6077206473006302,Hold,57.376934,57.392685,57.298187,57.392685,976
2023-03-27 23:00:00,0,0.38487955666679813,0.6151204433332018,Hold,57.392685,57.502934,57.35331,57.49506,1256
2023-03-28 00:00:00,0,0.3615124345392092,0.6384875654607908,Hold,57.487186,57.526558,57.32181,57.518684,3513
2023-03-28 01:00:00,0,0.36834086210600053,0.6316591378939995,Hold,57.518684,57.526558,57.258812,57.38481,6098
2023-03-28 02:00:00,0,0.37838962817212696,0.621610371827873,Hold,57.38481,57.392685,57.203686,57.258812,3095
2023-03-28 03:00:00,0,0.39937217975235934,0.6006278202476407,Hold,57.266685,57.361187,57.24306,57.29031,2002
2023-03-28 04:00:00,0,0.40229170352384913,0.5977082964761509,Hold,57.29031,57.298187,57.219437,57.282436,1564
2023-03-28 05:00:00,0,0.39886469264882846,0.6011353073511716,Hold,57.27456,57.345436,57.235188,57.27456,2102
2023-03-28 06:00:00,0,0.4833886148930554,0.5166113851069446,Hold,57.27456,57.51081,57.27456,57.345436,4970
2023-03-28 07:00:00,0,0.5099734667611135,0.49002653323888645,Sell,57.33756,57.691933,57.258812,57.46356,10312
2023-03-28 08:00:00,0,0.5263132530529188,0.47368674694708124,Sell,57.46356,57.896683,57.44781,57.74706,12093
2023-03-28 09:00:00,0,0.4569936812240641,0.543006318775936,Hold,57.74706,57.841557,57.518684,57.707684,7358
2023-03-28 10:00:00,0,0.4568512973680834,0.5431487026319166,Hold,57.715557,57.841557,57.40056,57.44781,7542
2023-03-28 11:00:00,0,0.47042228440203854,0.5295777155979615,Hold,57.455685,57.652557,57.30606,57.329685,8005
2023-03-28 12:00:00,0,0.4708271486322838,0.5291728513677162,Hold,57.345436,57.54231,57.109188,57.38481,14267
2023-03-28 13:00:00,0,0.4269096715720318,0.5730903284279683,Hold,57.392685,57.55806,56.84931,57.36906,32115
2023-03-28 14:00:00,0,0.4985315031713795,0.5014684968286205,Hold,57.36906,57.80218,57.29031,57.589558,26572
2023-03-28 15:00:00,0,0.5065023483535495,0.49349765164645054,Sell,57.589558,58.11718,57.47931,58.101433,26728
2023-03-28 16:00:00,0,0.4697112651090924,0.5302887348909076,Hold,58.101433,58.219555,57.912434,58.172306,17219
2023-03-28 17:00:00,0,0.4719578196217004,0.5280421803782995,Hold,58.18018,58.19593,57.849434,57.99118,15574
2023-03-28 18:00:00,0,0.40335420977217656,0.5966457902278235,Hold,57.983307,58.046307,57.502934,57.754932,27781
2023-03-28 19:00:00,0,0.46432011233485626,0.5356798876651437,Hold,57.76281,57.82581,57.69981,57.80218,4433
2023-03-28 20:00:00,0,0.47217290762742614,0.5278270923725739,Hold,57.80218,58.022682,57.73918,57.94393,3470
2023-03-28 22:00:00,0,0.47655781349338117,0.5234421865066188,Hold,57.967556,58.085682,57.959682,58.038433,1051
2023-03-28 23:00:00,0,0.48127492469296496,0.518725075307035,Hold,58.038433,58.11718,58.030556,58.06993,641
2023-03-29 00:00:00,0,0.5048625855901661,0.49513741440983394,Sell,58.06993,58.18018,58.05418,58.101433,2069
2023-03-29 01:00:00,0,0.46999071135264703,0.530009288647353,Hold,58.109306,58.24318,58.00693,58.07781,3911
2023-03-29 02:00:00,0,0.45479840689208784,0.5452015931079122,Hold,58.085682,58.125057,57.967556,57.983307,1799
2023-03-29 03:00:00,0,0.4414184236603463,0.5585815763396538,Hold,57.967556,58.01481,57.88881,57.912434,1582
2023-03-29 04:00:00,0,0.4283304804856914,0.5716695195143087,Hold,57.920307,58.01481,57.896683,57.959682,1251
2023-03-29 05:00:00,0,0.4727250147530365,0.5272749852469635,Hold,57.959682,58.101433,57.936058,58.06993,1961
2023-03-29 06:00:00,0,0.45204975086795446,0.5479502491320456,Hold,58.06993,58.188057,58.00693,58.046307,3512
2023-03-29 07:00:00,0,0.47607807995761386,0.5239219200423861,Hold,58.05418,58.27468,57.975433,58.140804,6374
2023-03-29 08:00:00,0,0.4384759481212596,0.5615240518787403,Hold,58.14868,58.164433,57.88093,57.999058,8168
2023-03-29 09:00:00,1,0.5784788935270794,0.4215211064729206,Sell,57.999058,58.35343,57.94393,58.32193,7859
2023-03-29 10:00:00,1,0.5777853443485523,0.42221465565144767,Sell,58.32193,58.440056,58.235306,58.392803,6958
2023-03-29 11:00:00,0,0.5838313977048291,0.41616860229517094,Sell,58.40068,58.41643,58.156555,58.25893,8533
2023-03-29 12:00:00,1,0.5788441313050324,0.4211558686949676,Sell,58.25893,58.43218,58.24318,58.40068,9922
2023-03-29 13:00:00,1,0.49896385689052175,0.5010361431094783,Hold,58.408554,58.46368,58.062057,58.32193,23967
2023-03-29 14:00:00,0,0.48268238079811854,0.5173176192018815,Hold,58.329803,58.566055,57.770683,58.227432,41728
2023-03-29 15:00:00,0,0.4861883919736141,0.5138116080263859,Hold,58.235306,58.30618,57.345436,57.439934,38729
2023-03-29 16:00:00,0,0.5128514608168497,0.48714853918315026,Sell,57.439934,57.786434,57.361187,57.67618,20858
2023-03-29 17:00:00,0,0.45223077884933494,0.5477692211506651,Hold,57.67618,57.86518,57.298187,57.471436,16127
2023-03-29 18:00:00,0,0.4504545684852117,0.5495454315147883,Hold,57.47931,57.628933,57.32181,57.408436,16785
2023-03-29 19:00:00,0,0.4420871200343786,0.5579128799656214,Hold,57.41631,57.49506,57.32181,57.455685,4086
2023-03-29 20:00:00,0,0.3787896864573484,0.6212103135426517,Hold,57.46356,57.471436,57.30606,57.33756,1496
2023-03-29 22:00:00,0,0.4190287686118746,0.5809712313881255,Hold,57.471436,57.471436,57.30606,57.33756,681
2023-03-29 23:00:00,0,0.4369906320548512,0.5630093679451488,Hold,57.345436,57.41631,57.329685,57.408436,726
2023-03-30 00:00:00,0,0.4054550154732098,0.5945449845267903,Hold,57.40056,57.526558,57.36906,57.487186,2080
2023-03-30 01:00:00,0,0.3723370834607583,0.6276629165392418,Hold,57.487186,57.55806,57.250935,57.27456,2776
2023-03-30 02:00:00,0,0.3397305298501976,0.6602694701498024,Hold,57.282436,57.361187,57.18006,57.235188,2209
2023-03-30 03:00:00,0,0.34705996957790414,0.6529400304220958,Hold,57.24306,57.32181,57.18006,57.250935,1204
2023-03-30 04:00:00,0,0.3600783808247884,0.6399216191752116,Hold,57.266685,57.33756,57.258812,57.298187,764
2023-03-30 05:00:00,0,0.4225255995181802,0.5774744004818197,Hold,57.298187,57.63681,57.29031,57.613186,2919
2023-03-30 06:00:00,0,0.4314505867615785,0.5685494132384215,Hold,57.613186,57.644684,57.487186,57.60531,3513
2023-03-30 07:00:00,0,0.4549654703996923,0.5450345296003076,Hold,57.60531,57.76281,57.455685,57.74706,7857
2023-03-30 08:00:00,0,0.46696701047998657,0.5330329895200134,Hold,57.754932,58.109306,57.613186,58.093555,11665
2023-03-30 09:00:00,0,0.4400499621197304,0.5599500378802695,Hold,58.085682,58.109306,57.76281,58.030556,7141
2023-03-30 10:00:00,0,0.4189555368597584,0.5810444631402416,Hold,58.022682,58.11718,57.94393,58.046307,4899
2023-03-30 11:00:00,0,0.4190938854121444,0.5809061145878556,Hold,58.046307,58.046307,57.817932,57.92818,4836
2023-03-30 12:00:00,0,0.45168930422753184,0.5483106957724682,Hold,57.920307,58.164433,57.74706,57.86518,13582
2023-03-30 13:00:00,0,0.4577323010170099,0.5422676989829901,Hold,57.87306,58.13293,57.82581,57.896683,18196
2023-03-30 14:00:00,0,0.40790861814127605,0.5920913818587239,Hold,57.896683,58.44793,57.471436,58.093555,36612
2023-03-30 15:00:00,0,0.4021955731177245,0.5978044268822755,Hold,58.093555,58.518803,58.06993,58.38493,21280
2023-03-30 16:00:00,0,0.39100194913249847,0.6089980508675015,Hold,58.392803,58.581802,58.32193,58.41643,15285
2023-03-30 17:00:00,0,0.3946891855586934,0.6053108144413066,Hold,58.41643,58.52668,58.125057,58.51093,15873
2023-03-30 18:00:00,0,0.3916274893616789,0.6083725106383211,Hold,58.51093,58.7708,58.408554,58.542427,20853
2023-03-30 19:00:00,0,0.37945165179254237,0.6205483482074576,Hold,58.534554,58.542427,58.33768,58.534554,5235
2023-03-30 20:00:00,0,0.3491848966835586,0.6508151033164413,Hold,58.542427,58.613304,58.51093,58.566055,1956
2023-03-30 22:00:00,0,0.3431306009512186,0.6568693990487814,Hold,58.566055,58.605427,58.503056,58.57393,532
2023-03-30 23:00:00,0,0.3351237916554677,0.6648762083445323,Hold,58.57393,58.613304,58.542427,58.566055,473
2023-03-31 00:00:00,0,0.40346777867050476,0.5965322213294952,Hold,58.566055,58.668427,58.455803,58.621178,1905
2023-03-31 01:00:00,0,0.37995094038220767,0.6200490596177923,Hold,58.629055,58.802303,58.597553,58.644802,3082
2023-03-31 02:00:00,0,0.3705241498336243,0.6294758501663757,Hold,58.644802,58.692055,58.487305,58.51093,2251
2023-03-31 03:00:00,0,0.41713934798128766,0.5828606520187123,Hold,58.51093,58.57393,58.46368,58.534554,1266
2023-03-31 04:00:00,0,0.41126427555591993,0.5887357244440801,Hold,58.542427,58.613304,58.542427,58.558178,756
2023-03-31 05:00:00,0,0.40133989051117447,0.5986601094888255,Hold,58.558178,58.57393,58.43218,58.46368,1480
2023-03-31 06:00:00,0,0.44267136237281096,0.5573286376271891,Hold,58.46368,58.644802,58.36918,58.63693,3757
2023-03-31 07:00:00,0,0.4247793635488013,0.5752206364511987,Hold,58.63693,58.71568,58.13293,58.30618,9441
2023-03-31 08:00:00,0,0.43469041197103525,0.5653095880289647,Hold,58.314056,58.345554,58.093555,58.172306,8832
2023-03-31 09:00:00,0,0.4258478699357676,0.5741521300642324,Hold,58.18018,58.69993,58.140804,58.613304,8233
2023-03-31 10:00:00,0,0.47807199388350435,0.5219280061164957,Hold,58.613304,59.00705,58.605427,58.97555,8254
2023-03-31 11:00:00,0,0.459695478390411,0.540304521609589,Hold,58.983425,59.062176,58.84168,58.991302,8878
2023-03-31 12:00:00,0,0.48071457977599497,0.519285420224005,Hold,58.991302,59.062176,58.77868,58.951927,11651
2023-03-31 13:00:00,0,0.477945072144376,0.522054927855624,Hold,58.9598,59.4638,58.810177,59.2118,29336
2023-03-31 14:00:00,0,0.437593722246353,0.5624062777536469,Hold,59.2118,59.329926,58.794426,58.91255,21112
2023-03-31 15:00:00,0,0.4076391478933232,0.5923608521066768,Hold,58.91255,59.41655,58.47943,59.41655,28226
2023-03-31 16:00:00,0,0.42195460127696716,0.5780453987230328,Hold,59.408672,59.574047,59.235424,59.47955,16990
2023-03-31 17:00:00,0,0.3511526566658586,0.6488473433341414,Hold,59.47955,59.503174,59.282677,59.361423,12040
2023-03-31 18:00:00,0,0.37475304317786556,0.6252469568221344,Hold,59.3693,59.629173,59.329926,59.3693,23951
2023-03-31 19:00:00,0,0.398974345405159,0.6010256545948409,Hold,59.3693,59.550423,59.345676,59.518925,4759
2023-03-31 20:00:00,0,0.4350902643072137,0.5649097356927864,Hold,59.511047,59.613422,59.471672,59.613422,2143
2023-04-02 22:00:00,0,0.5106263800218669,0.4893736199781331,Sell,63.078403,64.33052,62.842155,63.763527,34319
2023-04-02 23:00:00,0,0.4701533090148466,0.5298466909851534,Hold,63.763527,63.8029,63.369778,63.393402,8876
2023-04-03 00:00:00,0,0.4744092179997578,0.5255907820002421,Hold,63.401276,63.432777,63.05478,63.13353,8656
2023-04-03 01:00:00,0,0.4677151329934553,0.5322848670065448,Hold,63.13353,63.13353,62.605907,62.889404,14639
2023-04-03 02:00:00,0,0.4665883807393031,0.5334116192606969,Hold,62.89728,62.97603,62.66103,62.731907,4702
2023-04-03 03:00:00,0,0.46830581336012883,0.5316941866398712,Hold,62.731907,62.96028,62.731907,62.91303,2909
2023-04-03 04:00:00,0,0.4536867032267707,0.5463132967732294,Hold,62.905155,62.905155,62.67678,62.73978,2751
2023-04-03 05:00:00,0,0.4606918585310069,0.5393081414689931,Hold,62.731907,62.73978,62.21216,62.22791,8021
2023-04-03 06:00:00,0,0.5338150718019038,0.4661849281980962,Sell,62.22791,62.834282,62.21216,62.708282,11756
2023-04-03 07:00:00,0,0.5463290334868415,0.4536709665131585,Sell,62.708282,62.936653,62.574406,62.85003,11242
2023-04-03 08:00:00,0,0.5218732020763992,0.4781267979236008,Sell,62.857906,63.141403,62.668907,62.889404,15387
2023-04-03 09:00:00,0,0.5130491680295401,0.48695083197045985,Sell,62.89728,63.062653,62.62166,62.80278,11901
2023-04-03 10:00:00,0,0.5276393149017757,0.47236068509822426,Sell,62.80278,63.18078,62.566532,63.094154,9862
2023-04-03 11:00:00,0,0.5901164541811703,0.4098835458188297,Sell,63.102028,63.550903,63.046906,63.50365,18948
2023-04-03 12:00:00,0,0.49948261761280854,0.5005173823871915,Hold,63.50365,63.550903,62.94453,63.141403,19808
2023-04-03 13:00:00,0,0.5858586737847525,0.41414132621524746,Sell,63.141403,63.558777,62.73978,63.44853,38562
2023-04-03 14:00:00,0,0.502337917392145,0.49766208260785505,Sell,63.44853,63.747776,62.983906,63.031155,40535
2023-04-03 15:00:00,0,0.4936038033617409,0.5063961966382591,Hold,63.046906,63.424904,62.72403,63.228027,30882
2023-04-03 16:00:00,0,0.5574427588366729,0.44255724116332706,Sell,63.228027,63.5194,63.078403,63.44853,23837
2023-04-03 17:00:00,0,0.5259305567426593,0.4740694432573407,Sell,63.44853,63.535152,63.212276,63.361904,17977
2023-04-03 18:00:00,0,0.5572879119298088,0.44271208807019125,Sell,63.369778,63.487904,63.05478,63.393402,28751
2023-04-03 19:00:00,0,0.5202028910718889,0.4797971089281111,Sell,63.401276,63.527275,63.19653,63.38553,5913
2023-04-03 20:00:00,0,0.4862587726746919,0.5137412273253081,Hold,63.369778,63.511528,63.24378,63.354027,2544
2023-04-03 22:00:00,0,0.49818469986352837,0.5018153001364716,Hold,63.346153,63.401276,63.25165,63.291027,867
2023-04-03 23:00:00,0,0.5048648071996659,0.49513519280033413,Sell,63.298904,63.369778,63.25953,63.369778,630
2023-04-04 00:00:00,0,0.5254762071150528,0.47452379288494717,Sell,63.369778,63.50365,63.32253,63.409153,2516
2023-04-04 01:00:00,0,0.6319340309269591,0.3680659690730409,Sell,63.401276,63.716274,63.354027,63.66115,3215
2023-04-04 02:00:00,0,0.6276620575676709,0.3723379424323291,Sell,63.66115,63.69265,63.535152,63.669025,1791
2023-04-04 03:00:00,0,0.5969617964027505,0.4030382035972495,Sell,63.6769,63.684776,63.590275,63.653275,1022
2023-04-04 04:00:00,0,0.5843964543059375,0.41560354569406255,Sell,63.653275,63.69265,63.598152,63.637527,825
2023-04-04 05:00:00,0,0.5948971612639057,0.4051028387360943,Sell,63.6454,63.795025,63.50365,63.621777,2826
2023-04-04 06:00:00,0,0.6344177354435764,0.3655822645564236,Sell,63.62965,63.779274,63.535152,63.732025,3610
2023-04-04 07:00:00,0,0.6380274668057897,0.3619725331942103,Sell,63.7399,64.0234,63.598152,63.826527,9114
2023-04-04 08:00:00,0,0.6271677431551385,0.37283225684486154,Sell,63.8344,63.9604,63.464275,63.550903,10734
2023-04-04 09:00:00,0,0.6391865210750263,0.36081347892497373,Sell,63.543026,63.826527,63.5194,63.72415,6152
2023-04-04 10:00:00,0,0.682898685211212,0.317101314788788,Sell,63.72415,64.03127,63.716274,63.968273,7276
2023-04-04 11:00:00,0,0.607493479658393,0.39250652034160705,Sell,63.968273,64.0234,63.8029,63.921024,7384
2023-04-04 12:00:00,0,0.5993950109843559,0.4006049890156441,Sell,63.921024,64.11002,63.747776,63.936775,11367
2023-04-04 13:00:00,0,0.6086102304422742,0.39138976955772575,Sell,63.94465,64.42502,63.8344,63.991898,35085
2023-04-04 14:00:00,0,0.5498313394064142,0.45016866059358585,Sell,64.00765,64.17302,63.03903,63.18078,43653
2023-04-04 15:00:00,0,0.555523268901725,0.444476731098275,Sell,63.18078,63.424904,62.69253,63.00753,34663
2023-04-04 16:00:00,0,0.5755435844072436,0.4244564155927564,Sell,63.00753,63.283154,62.92878,63.102028,15830
2023-04-04 17:00:00,0,0.592138401016834,0.407861598983166,Sell,63.109905,63.574528,63.031155,63.56665,15771
2023-04-04 18:00:00,0,0.6022155426268258,0.39778445737317425,Sell,63.558777,63.7084,63.298904,63.401276,22477
2023-04-04 19:00:00,0,0.6164965097470002,0.3835034902529998,Sell,63.401276,63.4564,63.172905,63.38553,6100
2023-04-04 20:00:00,0,0.5554850110086167,0.4445149889913833,Sell,63.393402,63.85015,63.369778,63.826527,3131
2023-04-04 22:00:00,0,0.5858583294177726,0.4141416705822274,Sell,63.795025,63.842274,63.62965,63.763527,1526
2023-04-04 23:00:00,0,0.5599769458241394,0.44002305417586063,Sell,63.763527,63.810776,63.732025,63.747776,626
2023-04-05 00:00:00,0,0.5484582629602155,0.4515417370397845,Sell,63.747776,63.889526,63.716274,63.75565,1982
2023-04-05 01:00:00,0,0.5753773000120493,0.42462269998795066,Sell,63.75565,63.936775,63.7399,63.889526,1891
2023-04-05 02:00:00,0,0.5919064382769882,0.4080935617230118,Sell,63.873775,63.94465,63.858025,63.905273,1033
2023-04-05 03:00:00,0,0.5936570114198314,0.4063429885801686,Sell,63.905273,63.921024,63.842274,63.85015,796
2023-04-05 04:00:00,0,0.5839266838226984,0.4160733161773016,Sell,63.85015,63.873775,63.779274,63.826527,1086
2023-04-05 05:00:00,0,0.5845084588031313,0.4154915411968687,Sell,63.826527,63.8974,63.7714,63.795025,918
2023-04-05 06:00:00,0,0.587542324077276,0.412457675922724,Sell,63.795025,63.94465,63.7399,63.81865,2679
2023-04-05 07:00:00,0,0.5658030636523079,0.4341969363476921,Sell,63.81865,63.97615,63.606026,63.763527,6753
2023-04-05 08:00:00,0,0.5362938826208224,0.46370611737917755,Sell,63.779274,63.936775,63.37765,63.37765,9949
2023-04-05 09:00:00,0,0.5131079971431763,0.48689200285682366,Sell,63.369778,63.56665,63.267403,63.306778,6555
2023-04-05 10:00:00,0,0.5649601716732771,0.43503982832672294,Sell,63.298904,63.4564,63.204403,63.424904,7083
2023-04-05 11:00:00,0,0.5763319012879399,0.4236680987120601,Sell,63.417027,63.606026,63.228027,63.511528,6930
2023-04-05 12:00:00,0,0.5388418915838926,0.4611581084161074,Sell,63.511528,63.574528,63.24378,63.361904,10896
2023-04-05 13:00:00,0,0.5451013400187243,0.45489865998127565,Sell,63.369778,63.653275,63.165028,63.38553,25422
2023-04-05 14:00:00,0,0.46710848416636824,0.5328915158336318,Hold,63.393402,63.487904,62.779156,63.094154,35297
2023-04-05 15:00:00,0,0.549792936292205,0.45020706370779495,Sell,63.094154,63.432777,62.96028,63.393402,25556
2023-04-05 16:00:00,0,0.5243645176839772,0.4756354823160228,Sell,63.401276,63.527275,63.220154,63.401276,13025
2023-04-05 17:00:00,0,0.5573195586057683,0.4426804413942317,Sell,63.409153,63.5824,63.38553,63.50365,11388
2023-04-05 18:00:00,0,0.48789055492451716,0.5121094450754828,Hold,63.495777,63.606026,63.306778,63.361904,15721
2023-04-05 19:00:00,0,0.4850345432698118,0.5149654567301882,Hold,63.369778,63.401276,63.275276,63.306778,2561
2023-04-05 20:00:00,0,0.47754340575296167,0.5224565942470383,Hold,63.31465,63.338276,63.24378,63.275276,1724
2023-04-05 22:00:00,0,0.540369937904886,0.45963006209511403,Sell,63.291027,63.409153,63.275276,63.369778,807
2023-04-05 23:00:00,0,0.5699718422656183,0.43002815773438174,Sell,63.369778,63.432777,63.346153,63.424904,401
2023-04-06 00:00:00,0,0.5004655639845927,0.49953443601540726,Sell,63.424904,63.432777,63.283154,63.361904,1952
2023-04-06 01:00:00,0,0.3894160271617831,0.610583972838217,Hold,63.361904,63.393402,62.968155,63.05478,5444
2023-04-06 02:00:00,0,0.40616205690485935,0.5938379430951406,Hold,63.05478,63.109905,62.86578,62.936653,2609
2023-04-06 03:00:00,0,0.3902562472639057,0.6097437527360943,Hold,62.92878,62.97603,62.73978,62.794907,2427
2023-04-06 04:00:00,0,0.444710429579447,0.5552895704205529,Hold,62.78703,63.354027,62.73978,63.046906,6518
2023-04-06 05:00:00,0,0.42886576725969805,0.571134232740302,Hold,63.046906,63.157154,62.92878,63.13353,2521
2023-04-06 06:00:00,0,0.45657250229104085,0.5434274977089592,Hold,63.125652,63.212276,63.046906,63.14928,2935
2023-04-06 07:00:00,0,0.4918869865862301,0.5081130134137699,Hold,63.157154,63.283154,63.03903,63.204403,5088
2023-04-06 08:00:00,0,0.48314655994658295,0.516853440053417,Hold,63.212276,63.298904,62.72403,63.157154,8657
2023-04-06 09:00:00,0,0.48423339739207955,0.5157666026079204,Hold,63.165028,63.31465,63.00753,63.267403,5952
2023-04-06 10:00:00,0,0.4718916736226605,0.5281083263773395,Hold,63.275276,63.424904,63.212276,63.275276,5094
2023-04-06 11:00:00,0,0.5911586570961439,0.4088413429038561,Sell,63.275276,63.72415,63.25953,63.700527,9485
2023-04-06 12:00:00,0,0.5398659444052548,0.4601340555947452,Sell,63.7084,63.75565,63.38553,63.472153,10440
2023-04-06 13:00:00,0,0.49565546127980814,0.5043445387201919,Hold,63.480026,63.6139,62.873653,63.291027,29568
2023-04-06 14:00:00,0,0.5200632766774753,0.4799367233225247,Sell,63.291027,63.527275,63.14928,63.401276,21186
2023-04-06 15:00:00,0,0.554728623040166,0.445271376959834,Sell,63.393402,63.590275,63.291027,63.5194,17110
2023-04-06 16:00:00,0,0.4369861324852155,0.5630138675147844,Hold,63.527275,63.543026,63.08628,63.330402,12214
2023-04-06 17:00:00,0,0.5116430263491303,0.4883569736508697,Sell,63.330402,63.487904,63.283154,63.44065,9520
2023-04-06 18:00:00,0,0.5108324253332044,0.4891675746667956,Sell,63.44065,63.5824,63.346153,63.44853,20743
2023-04-06 19:00:00,0,0.5107962263448924,0.4892037736551076,Sell,63.44065,63.50365,63.38553,63.409153,3956
2023-04-06 20:00:00,0,0.45986483866217126,0.5401351613378287,Hold,63.393402,63.409153,63.31465,63.361904,1712
2023-04-09 22:00:00,0,0.5355925137509355,0.46440748624906447,Sell,63.393402,63.9604,63.393402,63.8029,3324
2023-04-09 23:00:00,0,0.48099356106519325,0.5190064389348068,Hold,63.8029,63.826527,63.621777,63.6454,1300
2023-04-10 00:00:00,0,0.49171888893859533,0.5082811110614047,Hold,63.653275,63.8029,63.6454,63.700527,1304
2023-04-10 01:00:00,0,0.4819736627268982,0.5180263372731018,Hold,63.700527,63.8344,63.480026,63.621777,3829
2023-04-10 02:00:00,0,0.49687607534138095,0.503123924658619,Hold,63.621777,63.69265,63.511528,63.511528,1563
2023-04-10 03:00:00,0,0.5278984138962678,0.4721015861037322,Sell,63.50365,63.527275,63.409153,63.480026,1110
2023-04-10 04:00:00,0,0.49547809048281866,0.5045219095171813,Hold,63.480026,63.535152,63.424904,63.487904,650
2023-04-10 05:00:00,0,0.5429403809999505,0.45705961900004954,Sell,63.495777,63.606026,63.44065,63.480026,1178
2023-04-10 06:00:00,0,0.5136334888043372,0.48636651119566277,Sell,63.480026,63.598152,63.361904,63.535152,2588
2023-04-10 07:00:00,0,0.5130826244772442,0.4869173755227558,Sell,63.543026,63.669025,63.32253,63.5194,4106
2023-04-10 08:00:00,1,0.5965907920221086,0.40340920797789137,Sell,63.527275,63.72415,63.401276,63.66115,6070
2023-04-10 09:00:00,0,0.5625636108983694,0.43743638910163063,Sell,63.669025,63.8029,63.6139,63.621777,3126
2023-04-10 10:00:00,0,0.569952265520461,0.43004773447953903,Sell,63.6139,63.795025,63.590275,63.6139,2619
2023-04-10 11:00:00,1,0.5562529258943965,0.44374707410560355,Sell,63.6139,63.7399,63.487904,63.732025,4277
2023-04-10 12:00:00,0,0.46517109647300947,0.5348289035269905,Hold,63.732025,63.78715,62.771282,62.86578,16442
2023-04-10 13:00:00,0,0.45835527436625967,0.5416447256337403,Hold,62.857906,63.69265,62.794907,63.487904,26082
2023-04-10 14:00:00,0,0.4341575406322179,0.5658424593677821,Hold,63.487904,63.889526,63.188652,63.235905,20952
2023-04-10 15:00:00,0,0.4126091060352715,0.5873908939647285,Hold,63.24378,63.424904,62.905155,62.96028,14666
2023-04-10 16:00:00,0,0.44810926704237647,0.5518907329576235,Hold,62.952404,63.141403,62.857906,62.91303,10009
2023-04-10 17:00:00,0,0.43211247921964513,0.5678875207803549,Hold,62.91303,63.157154,62.826405,62.999653,8755
2023-04-10 18:00:00,0,0.4030090621578069,0.5969909378421931,Hold,63.015404,63.172905,62.69253,62.88153,17578
2023-04-10 19:00:00,0,0.3947549011557618,0.6052450988442382,Hold,62.889404,62.94453,62.794907,62.857906,4504
2023-04-10 20:00:00,0,0.3849507703885328,0.6150492296114671,Hold,62.85003,62.96028,62.842155,62.92878,1961
2023-04-10 22:00:00,0,0.3837855891455499,0.6162144108544501,Hold,62.905155,62.936653,62.834282,62.889404,439
2023-04-10 23:00:00,0,0.4130853041228232,0.5869146958771768,Hold,62.88153,62.889404,62.857906,62.88153,347
2023-04-11 00:00:00,0,0.3485468853678601,0.6514531146321398,Hold,62.88153,62.968155,62.794907,62.936653,1370
2023-04-11 01:00:00,0,0.3460358048846963,0.6539641951153037,Hold,62.936653,63.03903,62.826405,63.015404,2099
2023-04-11 02:00:00,0,0.38170478585406187,0.6182952141459381,Hold,63.015404,63.25165,63.015404,63.14928,3049
2023-04-11 03:00:00,0,0.4812486972475269,0.518751302752473,Hold,63.141403,63.291027,63.141403,63.220154,1432
2023-04-11 04:00:00,0,0.427360157482378,0.572639842517622,Hold,63.228027,63.291027,63.220154,63.25953,997
2023-04-11 05:00:00,0,0.47441538222843616,0.5255846177715638,Hold,63.25953,63.361904,63.235905,63.354027,1615
2023-04-11 06:00:00,0,0.44266334458341616,0.5573366554165838,Hold,63.346153,63.480026,63.25953,63.306778,4473
2023-04-11 07:00:00,0,0.43895218845163236,0.5610478115483677,Hold,63.298904,63.432777,63.172905,63.31465,5147
2023-04-11 08:00:00,0,0.42278239101426024,0.5772176089857397,Hold,63.31465,63.417027,63.157154,63.235905,7499
2023-04-11 09:00:00,0,0.475875586299898,0.524124413700102,Hold,63.235905,63.330402,63.02328,63.07053,5978
2023-04-11 10:00:00,0,0.46795818956012564,0.5320418104398743,Hold,63.078403,63.102028,62.542908,62.708282,11896
2023-04-11 11:00:00,0,0.45336392762290917,0.5466360723770909,Hold,62.700405,62.80278,62.503532,62.53503,8106
2023-04-11 12:00:00,0,0.4152725968476807,0.5847274031523193,Hold,62.53503,62.91303,62.527157,62.771282,10879
2023-04-11 13:00:00,0,0.493050517619854,0.5069494823801459,Hold,62.771282,63.37765,62.716156,63.157154,31207
2023-04-11 14:00:00,0,0.5234700097813945,0.47652999021860554,Sell,63.172905,63.72415,63.172905,63.653275,26568
2023-04-11 15:00:00,0,0.5390035820086071,0.4609964179913929,Sell,63.653275,64.141525,63.6454,64.062775,30778
2023-04-11 16:00:00,0,0.4639086972647096,0.5360913027352904,Hold,64.0549,64.15727,63.936775,64.1179,12367
2023-04-11 17:00:00,0,0.48284895331152283,0.5171510466884772,Hold,64.11002,64.19665,63.999775,64.165146,12763
2023-04-11 18:00:00,0,0.4569719995038286,0.5430280004961714,Hold,64.165146,64.25177,64.07065,64.11002,17416
2023-04-11 19:00:00,0,0.447712186902915,0.552287813097085,Hold,64.10215,64.17302,64.0234,64.12577,5270
2023-04-11 20:00:00,0,0.4568678966427752,0.5431321033572247,Hold,64.13365,64.19665,64.0234,64.1494,2552
2023-04-11 22:00:00,0,0.4154717200872289,0.5845282799127711,Hold,64.13365,64.141525,64.04702,64.086395,762
2023-04-11 23:00:00,0,0.43165094704405066,0.5683490529559494,Hold,64.07852,64.1809,64.07852,64.15727,594
2023-04-12 00:00:00,0,0.4710520365746529,0.5289479634253471,Hold,64.15727,64.2439,64.12577,64.17302,1174
2023-04-12 01:00:00,0,0.4852993560380749,0.514700643961925,Hold,64.1809,64.3069,64.12577,64.20452,2856
2023-04-12 02:00:00,0,0.5390901074767895,0.46090989252321046,Sell,64.212395,64.29902,64.165146,64.29902,1521
2023-04-12 03:00:00,0,0.4983429283107649,0.5016570716892351,Hold,64.291145,64.291145,64.15727,64.188774,900
2023-04-12 04:00:00,0,0.4825815380368611,0.5174184619631389,Hold,64.188774,64.25965,64.17302,64.22815,666
2023-04-12 05:00:00,0,0.5380227069096657,0.4619772930903343,Sell,64.22815,64.338394,64.220276,64.3069,1504
2023-04-12 06:00:00,0,0.5004488832832685,0.49955111671673147,Sell,64.3069,64.369896,64.212395,64.28327,2926
2023-04-12 07:00:00,0,0.5397671304769247,0.4602328695230753,Sell,64.291145,64.45652,64.19665,64.2754,7551
2023-04-12 08:00:00,0,0.5272389356906482,0.47276106430935183,Sell,64.28327,64.291145,64.00765,64.2754,8627
2023-04-12 09:00:00,0,0.5998710725568359,0.4001289274431641,Sell,64.267525,64.42502,64.23602,64.417145,4042
2023-04-12 10:00:00,0,0.4947335520603777,0.5052664479396223,Hold,64.40927,64.40927,64.1494,64.188774,4032
2023-04-12 11:00:00,0,0.46578269077372986,0.5342173092262701,Hold,64.1809,64.22815,64.07065,64.12577,5863
2023-04-12 12:00:00,0,0.5912145653858808,0.4087854346141192,Sell,64.1179,64.952644,64.09428,64.55102,25454
2023-04-12 13:00:00,0,0.6124214831310786,0.3875785168689214,Sell,64.5589,65.181015,64.495895,64.96839,35379
2023-04-12 14:00:00,0,0.5711677860415423,0.4288322139584577,Sell,64.96839,65.33064,64.80302,65.11802,32859
2023-04-12 15:00:00,0,0.5893502938663051,0.4106497061336949,Sell,65.12589,65.50389,64.96839,65.433014,21030
2023-04-12 16:00:00,0,0.5986325232742036,0.4013674767257964,Sell,65.433014,65.68501,65.33852,65.669266,19502
2023-04-12 17:00:00,0,0.5293572517502366,0.4706427482497634,Sell,65.66139,65.77951,65.39364,65.49602,15774
2023-04-12 18:00:00,0,0.5536982425845868,0.4463017574154132,Sell,65.488144,65.66139,65.40152,65.590515,19890
2023-04-12 19:00:00,0,0.48167152461855844,0.5183284753814416,Hold,65.58264,65.637764,65.511765,65.53539,5647
2023-04-12 20:00:00,0,0.5087780262166393,0.49122197378336074,Sell,65.54327,65.62202,65.51964,65.56689,1786
2023-04-12 22:00:00,0,0.46628079237034004,0.53371920762966,Hold,65.53539,65.54327,65.39364,65.42514,1443
2023-04-12 23:00:00,0,0.4736406560109105,0.5263593439890895,Hold,65.42514,65.48026,65.39364,65.433014,621
2023-04-13 00:00:00,1,0.5400686254155274,0.45993137458447264,Sell,65.433014,65.55114,65.40939,65.48026,1827
2023-04-13 01:00:00,1,0.5540770104582595,0.4459229895417405,Sell,65.48026,65.64564,65.385765,65.49602,3129
2023-04-13 02:00:00,1,0.5494831525454302,0.45051684745456977,Sell,65.49602,65.56689,65.464516,65.50389,1165
2023-04-13 03:00:00,0,0.5675548787612319,0.4324451212387681,Sell,65.49602,65.51964,65.42514,65.433014,938
2023-04-13 04:00:00,0,0.5815996565102566,0.4184003434897434,Sell,65.433014,65.44089,65.32277,65.362144,1851
2023-04-13 05:00:00,0,0.49775883571025903,0.502241164289741,Hold,65.362144,65.40152,65.283394,65.362144,1340
2023-04-13 06:00:00,0,0.5212837290543484,0.4787162709456516,Sell,65.362144,65.49602,65.35426,65.44089,2671
2023-04-13 07:00:00,1,0.5507186727407829,0.4492813272592171,Sell,65.44877,65.61414,65.40939,65.55901,5255
2023-04-13 08:00:00,1,0.5509228594804476,0.4490771405195524,Sell,65.55901,65.70864,65.34639,65.51964,10308
2023-04-13 09:00:00,1,0.5917732239001188,0.40822677609988123,Sell,65.51964,65.67714,65.40152,65.488144,5419
2023-04-13 10:00:00,0,0.48976067957052166,0.5102393204294784,Hold,65.488144,65.55901,65.19677,65.21252,7654
2023-04-13 11:00:00,0,0.5396780889021742,0.46032191109782583,Sell,65.21252,65.44877,65.17314,65.39364,6805
2023-04-13 12:00:00,0,0.5114762902582761,0.4885237097417239,Sell,65.39364,65.49602,65.188896,65.26764,10583
2023-04-13 13:00:00,0,0.43534621392486117,0.5646537860751388,Hold,65.26764,65.48026,65.08652,65.19677,20988
2023-04-13 14:00:00,1,0.5926036423020884,0.4073963576979116,Sell,65.19677,65.62202,65.157394,65.54327,16996
2023-04-13 15:00:00,0,0.4753400363617664,0.5246599636382336,Hold,65.54327,65.69289,64.91327,65.031395,24175
2023-04-13 16:00:00,0,0.44818263988367485,0.5518173601163252,Hold,65.02352,65.11802,64.86602,64.92114,10877
2023-04-13 17:00:00,0,0.4467813665129877,0.5532186334870123,Hold,64.92114,65.07077,64.76364,64.85027,11071
2023-04-13 18:00:00,0,0.46242746005558505,0.5375725399444149,Hold,64.84239,64.9369,64.66127,64.779396,17869
2023-04-13 19:00:00,0,0.42521795013685576,0.5747820498631442,Hold,64.779396,64.85815,64.73215,64.81877,3275
2023-04-13 20:00:00,0,0.44093447955373727,0.5590655204462627,Hold,64.826645,64.91327,64.779396,64.91327,1509
2023-04-13 22:00:00,0,0.4479390298820043,0.5520609701179957,Hold,64.88964,64.91327,64.779396,64.79514,604
2023-04-13 23:00:00,0,0.4735826172323922,0.5264173827676077,Hold,64.79514,64.85027,64.76364,64.779396,499
2023-04-14 00:00:00,0,0.49519099739631256,0.5048090026036874,Hold,64.779396,64.905396,64.700645,64.826645,1762
2023-04-14 01:00:00,0,0.5943317063903363,0.4056682936096637,Sell,64.826645,65.031395,64.826645,65.01564,2805
2023-04-14 02:00:00,0,0.5716482946278933,0.42835170537210665,Sell,65.01564,65.07864,64.86602,64.929016,2284
2023-04-14 03:00:00,0,0.5994227485279482,0.4005772514720518,Sell,64.92114,65.055016,64.87389,65.02352,1273
2023-04-14 04:00:00,0,0.6017945808868737,0.39820541911312635,Sell,65.02352,65.055016,64.96839,64.984146,680
2023-04-14 05:00:00,0,0.6291933707873961,0.3708066292126039,Sell,64.99202,65.0629,64.9369,65.03927,1152
2023-04-14 06:00:00,0,0.5949976273569509,0.40500237264304906,Sell,65.031395,65.031395,64.85815,64.88964,2713
2023-04-14 07:00:00,0,0.5042180042209892,0.49578199577901083,Sell,64.88177,64.929016,64.48015,64.50377,9224
2023-04-14 08:00:00,0,0.5138266199755314,0.48617338002446864,Sell,64.51164,64.78727,64.38565,64.66127,10996
2023-04-14 09:00:00,0,0.6143389775617247,0.38566102243827527,Sell,64.66914,64.952644,64.598274,64.929016,5545
2023-04-14 10:00:00,0,0.6207208101945868,0.3792791898054132,Sell,64.9369,65.00777,64.84239,64.99202,4070
2023-04-14 11:00:00,0,0.6294966701989861,0.37050332980101386,Sell,64.99202,65.031395,64.78727,64.81877,5149
2023-04-14 12:00:00,0,0.5679169484972498,0.43208305150275017,Sell,64.83452,65.031395,64.69277,64.747894,8452
2023-04-14 13:00:00,1,0.7335192077647407,0.26648079223525933,Sell,64.74002,65.45664,64.67702,65.35426,23285
2023-04-14 14:00:00,0,0.655141472376749,0.344858527623251,Sell,65.34639,65.433014,64.38565,64.81877,29654
2023-04-14 15:00:00,1,0.7027380510925929,0.2972619489074071,Sell,64.826645,65.26764,64.71639,65.12589,17584
2023-04-14 16:00:00,1,0.6679234676517792,0.33207653234822077,Sell,65.12589,65.20464,64.747894,65.12589,12108
2023-04-14 17:00:00,1,0.6552383623539371,0.34476163764606294,Sell,65.133766,65.32277,64.952644,65.03927,10054
2023-04-14 18:00:00,1,0.6106873629185836,0.3893126370814164,Sell,65.03927,65.08652,64.75577,64.952644,14675
2023-04-14 19:00:00,1,0.6118072303623765,0.3881927696376235,Sell,64.952644,65.133766,64.92114,65.07864,4400
2023-04-14 20:00:00,1,0.595619336604132,0.404380663395868,Sell,65.0629,65.14952,65.03927,65.110146,1446
2023-04-16 22:00:00,1,0.5379479269801928,0.4620520730198072,Sell,64.952644,65.110146,64.89752,65.01564,1362
2023-04-16 23:00:00,1,0.5286067516571034,0.47139324834289664,Sell,65.01564,65.031395,64.9369,65.01564,569
2023-04-17 00:00:00,1,0.5453737395894247,0.4546262604105753,Sell,65.01564,65.133766,64.9369,65.00777,1726
2023-04-17 01:00:00,1,0.5607419898469821,0.4392580101530179,Sell,64.99202,65.110146,64.81877,64.984146,2088
2023-04-17 02:00:00,1,0.5644618047614182,0.43553819523858184,Sell,64.99202,65.102264,64.905396,65.031395,1026
2023-04-17 03:00:00,1,0.5524346781307037,0.4475653218692963,Sell,65.03927,65.08652,64.96839,65.00777,565
2023-04-17 04:00:00,1,0.5700267052421387,0.4299732947578613,Sell,65.01564,65.02352,64.94477,64.952644,331
2023-04-17 05:00:00,1,0.5784183019281616,0.42158169807183843,Sell,64.94477,65.07077,64.905396,64.94477,852
2023-04-17 06:00:00,1,0.6072600422776591,0.39273995772234094,Sell,64.929016,65.031395,64.826645,65.02352,1405
2023-04-17 07:00:00,1,0.5714569872352337,0.42854301276476625,Sell,65.02352,65.09439,64.89752,64.9369,4122
2023-04-17 08:00:00,0,0.44526743485963755,0.5547325651403625,Hold,64.94477,64.99202,64.44865,64.472275,6296
2023-04-17 09:00:00,1,0.5340982364977924,0.4659017635022076,Sell,64.472275,64.905396,64.45652,64.88964,3598
2023-04-17 10:00:00,1,0.4393004899444407,0.5606995100555593,Hold,64.88964,64.89752,64.63764,64.6849,3770
2023-04-17 11:00:00,1,0.42327227668854245,0.5767277233114576,Hold,64.67702,64.76364,64.55102,64.56677,3179
2023-04-17 12:00:00,0,0.41037688864580235,0.5896231113541976,Hold,64.574646,64.621895,64.42502,64.46439,6757
2023-04-17 13:00:00,1,0.40502003136916803,0.5949799686308319,Hold,64.472275,64.72427,64.35415,64.5274,11760
2023-04-17 14:00:00,1,0.37314363415086743,0.6268563658491326,Hold,64.5274,64.74002,64.062775,64.44077,17931
2023-04-17 15:00:00,0,0.39015057588551705,0.609849424114483,Hold,64.44865,64.574646,63.527275,63.779274,23784
2023-04-17 16:00:00,0,0.3963390731045226,0.6036609268954773,Hold,63.7714,63.88165,63.480026,63.550903,7780
2023-04-17 17:00:00,0,0.35771324866541,0.64228675133459,Hold,63.543026,63.78715,63.495777,63.558777,6902
2023-04-17 18:00:00,0,0.4200606469306038,0.5799393530693961,Hold,63.550903,63.826527,63.369778,63.72415,16092
2023-04-17 19:00:00,0,0.4181738036931351,0.5818261963068649,Hold,63.72415,63.842274,63.716274,63.7399,2973
2023-04-17 20:00:00,0,0.42808855528040857,0.5719114447195914,Hold,63.732025,63.81865,63.72415,63.747776,1195
2023-04-17 22:00:00,0,0.4017481318992563,0.5982518681007437,Hold,63.78715,63.826527,63.653275,63.6769,310
2023-04-17 23:00:00,0,0.39673025068837275,0.6032697493116272,Hold,63.6769,63.7084,63.6454,63.66115,135
2023-04-18 00:00:00,0,0.35040943678161446,0.6495905632183856,Hold,63.66115,63.716274,63.558777,63.62965,455
2023-04-18 01:00:00,0,0.38309027935517065,0.6169097206448293,Hold,63.621777,63.8974,63.56665,63.8344,560
2023-04-18 02:00:00,0,0.3834212826666932,0.6165787173333068,Hold,63.842274,63.9604,63.732025,63.8659,594
2023-04-18 03:00:00,0,0.394046855758297,0.605953144241703,Hold,63.8659,63.9604,63.8029,63.8029,349
2023-04-18 04:00:00,0,0.37693111099008886,0.6230688890099112,Hold,63.8029,63.8344,63.7399,63.763527,150
2023-04-18 05:00:00,0,0.36969067912968334,0.6303093208703167,Hold,63.763527,63.9604,63.72415,63.873775,478
2023-04-18 06:00:00,1,0.36219231682243974,0.6378076831775603,Hold,63.88165,64.00765,63.8029,63.97615,419
2023-04-18 07:00:00,0,0.3605173929326215,0.6394826070673785,Hold,63.984024,63.984024,63.69265,63.732025,631
2023-04-18 08:00:00,0,0.29075031941099905,0.709249680589001,Hold,63.716274,63.75565,63.298904,63.298904,2051
2023-04-18 09:00:00,0,0.36705884675458067,0.6329411532454193,Hold,63.31465,63.598152,63.283154,63.4564,2304
2023-04-18 10:00:00,0,0.3718403343258671,0.6281596656741328,Hold,63.464275,63.69265,63.37765,63.5824,1849
2023-04-18 11:00:00,0,0.3510345790403935,0.6489654209596065,Hold,63.598152,63.606026,63.306778,63.369778,837
2023-04-18 12:00:00,0,0.3041104817081021,0.6958895182918978,Hold,63.38553,63.50365,63.157154,63.220154,1843
2023-04-18 13:00:00,0,0.2780807340415268,0.7219192659584732,Hold,63.267403,63.732025,63.062653,63.094154,4082
2023-04-18 14:00:00,0,0.4001564403178826,0.5998435596821174,Hold,63.102028,63.842274,62.89728,63.669025,5082
2023-04-18 15:00:00,1,0.4486364182151214,0.5513635817848785,Hold,63.6769,64.141525,63.637527,64.04702,3823
2023-04-18 16:00:00,1,0.37026764006848883,0.6297323599315112,Hold,64.0549,64.11002,63.8974,63.94465,1367
2023-04-18 17:00:00,1,0.3668895352753501,0.6331104647246499,Hold,63.936775,64.165146,63.8029,63.984024,1833
2023-04-18 18:00:00,1,0.3156592099209055,0.6843407900790945,Hold,63.984024,63.991898,63.574528,63.6454,3241
2023-04-18 19:00:00,1,0.3216773556908371,0.6783226443091629,Hold,63.653275,63.700527,63.56665,63.6139,722
2023-04-18 20:00:00,1,0.35096695261356514,0.6490330473864349,Hold,63.590275,63.716274,63.590275,63.669025,479
2023-04-18 22:00:00,1,0.3680327663831715,0.6319672336168285,Hold,63.72415,63.763527,63.6769,63.7399,115
2023-04-18 23:00:00,1,0.3629438835930174,0.6370561164069826,Hold,63.75565,63.7714,63.716274,63.7399,63
2023-04-19 00:00:00,1,0.32378993583568544,0.6762100641643145,Hold,63.7399,63.802876,63.708412,63.724155,1031
2023-04-19 01:00:00,1,0.31218799158442817,0.6878120084155719,Hold,63.716286,63.952446,63.66118,63.669052,2462
2023-04-19 02:00:00,1,0.3481552889977418,0.6518447110022583,Hold,63.669052,63.724155,63.58246,63.637566,1412
2023-04-19 03:00:00,1,0.34986997180455387,0.6501300281954461,Hold,63.637566,63.66118,63.566715,63.61395,1141
2023-04-19 04:00:00,1,0.3210552928807652,0.6789447071192348,Hold,63.61395,63.637566,63.511612,63.550972,967
2023-04-19 05:00:00,1,0.3003831768047305,0.6996168231952695,Hold,63.5431,63.5431,63.42502,63.48012,1426
2023-04-19 06:00:00,1,0.24815530499023522,0.7518446950097648,Hold,63.47225,63.527355,63.31481,63.330555,3273
2023-04-19 07:00:00,1,0.28396789650456605,0.716032103495434,Hold,63.330555,63.41715,63.023544,63.055035,8400
2023-04-19 08:00:00,0,0.3290387903753971,0.6709612096246029,Hold,63.062904,63.08652,62.252087,62.417397,26001
2023-04-19 09:00:00,0,0.3347258792292576,0.6652741207707424,Hold,62.409527,62.519733,62.18911,62.472504,10806
2023-04-19 10:00:00,0,0.2838169771419032,0.7161830228580968,Hold,62.480373,62.629944,62.38591,62.519733,8304
2023-04-19 11:00:00,0,0.2759124863028651,0.724087513697135,Hold,62.527607,62.551224,62.291447,62.42527,7386
2023-04-19 12:00:00,1,0.22020143304092188,0.7797985669590781,Hold,62.42527,62.755894,62.23634,62.724407,14871
2023-04-19 13:00:00,0,0.27646235416504533,0.7235376458349547,Hold,62.724407,62.77164,61.945076,62.00018,29778
2023-04-19 14:00:00,1,0.230452716826395,0.769547283173605,Hold,61.99231,62.88972,61.819122,62.74015,45620
2023-04-19 15:00:00,0,0.2644954896547657,0.7355045103452342,Hold,62.74015,62.88972,62.38591,62.42527,20593
2023-04-19 16:00:00,1,0.23797733281231956,0.7620226671876804,Hold,62.42527,62.527607,62.086773,62.527607,17538
2023-04-19 17:00:00,1,0.20850284403869182,0.7914971559613082,Hold,62.527607,62.88972,62.488247,62.77164,15034
2023-04-19 18:00:00,1,0.25979095256413876,0.7402090474358612,Hold,62.77951,62.834618,62.322933,62.38591,19546
2023-04-19 19:00:00,1,0.21627371329818046,0.7837262867018195,Hold,62.38591,62.42527,62.291447,62.322933,3946
2023-04-19 20:00:00,1,0.2645267382065419,0.7354732617934581,Hold,62.31506,62.322933,62.126133,62.19698,2272
2023-04-19 22:00:00,1,0.26629457764834685,0.7337054223516531,Hold,62.212727,62.244213,62.11826,62.173367,1003
2023-04-19 23:00:00,1,0.2537857222979729,0.7462142777020271,Hold,62.15762,62.165493,62.047413,62.102516,878
2023-04-20 00:00:00,1,0.3211787725336828,0.6788212274663172,Hold,62.102516,62.173367,62.03167,62.15762,2172
2023-04-20 01:00:00,1,0.30937618188286714,0.6906238181171329,Hold,62.165493,62.204853,61.945076,62.015923,3361
2023-04-20 02:00:00,1,0.3009783110189174,0.6990216889810825,Hold,62.008053,62.03954,61.826996,61.84274,2396
2023-04-20 03:00:00,1,0.2889594952678592,0.7110405047321409,Hold,61.84274,61.850613,61.677425,61.73253,2964
2023-04-20 04:00:00,1,0.28960536811004783,0.7103946318899521,Hold,61.72466,61.787636,61.708916,61.72466,1236
2023-04-20 05:00:00,1,0.2739594301425328,0.7260405698574672,Hold,61.72466,61.72466,61.590836,61.72466,2742
2023-04-20 06:00:00,1,0.2773401873190485,0.7226598126809515,Hold,61.716785,61.8821,61.638065,61.76402,4208
2023-04-20 07:00:00,0,0.3142695093556405,0.6857304906443595,Hold,61.756145,61.787636,61.26021,61.323185,12139
2023-04-20 08:00:00,0,0.2930649138457621,0.7069350861542378,Hold,61.323185,61.55147,61.102768,61.22872,16424
2023-04-20 09:00:00,0,0.3126665350912611,0.6873334649087389,Hold,61.22872,61.29957,61.008305,61.244465,11554
2023-04-20 10:00:00,0,0.343347580207207,0.656652419792793,Hold,61.244465,61.4885,61.094894,61.44914,7859
2023-04-20 11:00:00,0,0.29945233307134944,0.7005476669286506,Hold,61.45701,61.543602,61.33893,61.41765,7206
2023-04-20 12:00:00,0,0.3088889787475325,0.6911110212524675,Hold,61.40978,61.45701,61.181488,61.33893,14914
2023-04-20 13:00:00,0,0.28229875465840043,0.7177012453415996,Hold,61.3468,61.4885,60.874477,61.03979,34449
2023-04-20 14:00:00,0,0.28250033107694517,0.7174996689230548,Hold,61.03979,61.26808,60.73278,60.874477,31413
2023-04-20 15:00:00,0,0.29734022638603835,0.7026597736139617,Hold,60.874477,61.07915,60.598957,60.827248,26588
2023-04-20 16:00:00,0,0.37803707934797254,0.6219629206520274,Hold,60.819374,61.165745,60.591084,61.142128,21585
2023-04-20 17:00:00,0,0.340690346733764,0.6593096532662359,Hold,61.134254,61.401905,60.92958,61.110638,23706
2023-04-20 18:00:00,0,0.34476639325325004,0.6552336067467499,Hold,61.102768,61.134254,60.630444,60.92958,30790
2023-04-20 19:00:00,0,0.32374996738888034,0.6762500326111196,Hold,60.937454,60.937454,60.701294,60.780014,4176
2023-04-20 20:00:00,0,0.3025020803444471,0.6974979196555529,Hold,60.780014,60.80363,60.669804,60.72491,2009
2023-04-20 22:00:00,0,0.3404390797759084,0.6595609202240915,Hold,60.717037,60.756397,60.661934,60.73278,932
2023-04-20 23:00:00,0,0.34804628402162047,0.6519537159783795,Hold,60.740654,60.756397,60.701294,60.717037,618
2023-04-21 00:00:00,0,0.39029981031097194,0.6097001896890281,Hold,60.709164,60.80363,60.701294,60.787888,1425
2023-04-21 01:00:00,0,0.37650180061168115,0.6234981993883189,Hold,60.787888,60.85086,60.669804,60.701294,2887
2023-04-21 02:00:00,0,0.42048360699045295,0.579516393009547,Hold,60.701294,60.858734,60.677677,60.8115,1930
2023-04-21 03:00:00,0,0.4041720185533705,0.5958279814466295,Hold,60.8115,60.905968,60.8115,60.88235,1288
2023-04-21 04:00:00,0,0.4082578324899818,0.5917421675100182,Hold,60.88235,60.984688,60.827248,60.858734,2550
2023-04-21 05:00:00,0,0.40617439457429566,0.5938256054257043,Hold,60.866608,60.89022,60.740654,60.76427,1489
2023-04-21 06:00:00,0,0.36928803129787546,0.6307119687021245,Hold,60.756397,60.835117,60.441517,60.449387,5799
2023-04-21 07:00:00,0,0.4089320027042296,0.5910679972957704,Hold,60.449387,60.88235,60.394283,60.835117,8228
2023-04-21 08:00:00,0,0.387940109569696,0.6120598904303041,Hold,60.84299,61.055534,60.72491,60.898094,10880
2023-04-21 09:00:00,0,0.36865066476371305,0.6313493352362869,Hold,60.89022,60.976814,60.787888,60.858734,4444
2023-04-21 10:00:00,0,0.3751221553754272,0.6248778446245729,Hold,60.858734,60.953197,60.748524,60.827248,3968
2023-04-21 11:00:00,0,0.4151673189434727,0.5848326810565273,Hold,60.819374,61.173615,60.73278,61.063408,8625
2023-04-21 12:00:00,0,0.42934717561987207,0.5706528243801279,Hold,61.063408,61.35467,61.008305,61.165745,12684
2023-04-21 13:00:00,0,0.4367700043402068,0.5632299956597933,Hold,61.165745,61.708916,61.094894,61.39403,33217
2023-04-21 14:00:00,0,0.43577015851352496,0.564229841486475,Hold,61.39403,61.52786,60.85086,61.071278,27652
2023-04-21 15:00:00,0,0.3893202539310731,0.6106797460689268,Hold,61.071278,61.401905,61.016174,61.331055,17373
2023-04-21 16:00:00,0,0.3689896918617163,0.6310103081382836,Hold,61.33893,61.47275,61.11851,61.142128,11177
2023-04-21 17:00:00,0,0.36996879289668083,0.6300312071033192,Hold,61.142128,61.30744,61.016174,61.252335,10977
2023-04-21 18:00:00,0,0.4139338483294144,0.5860661516705856,Hold,61.244465,61.362545,61.134254,61.220848,18643
2023-04-21 19:00:00,0,0.4393741133273547,0.5606258866726452,Hold,61.212975,61.23659,61.149998,61.220848,3530
2023-04-21 20:00:00,0,0.4519192273829894,0.5480807726170106,Hold,61.212975,61.401905,61.19723,61.362545,2171
2023-04-23 22:00:00,0,0.41788759222993715,0.5821124077700628,Hold,61.37829,61.38616,61.102768,61.252335,2210
2023-04-23 23:00:00,0,0.41909470640053065,0.5809052935994694,Hold,61.252335,61.252335,61.15787,61.181488,578
2023-04-24 00:00:00,0,0.41821088541433443,0.5817891145856655,Hold,61.18936,61.18936,60.89022,60.953197,2298
2023-04-24 01:00:00,0,0.36952706818224573,0.6304729318177542,Hold,60.953197,61.087025,60.780014,60.787888,3741
2023-04-24 02:00:00,0,0.37939776533177133,0.6206022346682287,Hold,60.787888,60.866608,60.64619,60.677677,2556
2023-04-24 03:00:00,0,0.4033192286752398,0.5966807713247602,Hold,60.677677,60.80363,60.677677,60.740654,1591
2023-04-24 04:00:00,0,0.3962499017278426,0.6037500982721574,Hold,60.740654,60.740654,60.591084,60.6147,1458
2023-04-24 05:00:00,0,0.3763069394847792,0.6236930605152208,Hold,60.6147,60.622574,60.441517,60.488747,3836
2023-04-24 06:00:00,0,0.38253969663245907,0.617460303367541,Hold,60.480877,60.598957,60.4179,60.543854,3142
2023-04-24 07:00:00,0,0.4400950022820203,0.5599049977179797,Hold,60.543854,60.858734,60.394283,60.84299,8237
2023-04-24 08:00:00,0,0.523783160951811,0.476216839048189,Sell,60.85086,61.38616,60.819374,61.283825,13113
2023-04-24 09:00:00,0,0.5048747646352038,0.49512523536479625,Sell,61.291695,61.31531,61.094894,61.19723,6109
2023-04-24 10:00:00,0,0.5162359419098844,0.4837640580901156,Sell,61.205105,61.22872,61.063408,61.094894,4772
2023-04-24 11:00:00,0,0.515298225883542,0.484701774116458,Sell,61.102768,61.22872,61.071278,61.173615,4030
2023-04-24 12:00:00,0,0.47123728982302576,0.5287627101769743,Hold,61.173615,61.27595,60.76427,60.795757,10660
2023-04-24 13:00:00,0,0.5684799133526349,0.4315200866473651,Sell,60.787888,61.771893,60.57534,61.598705,34988
2023-04-24 14:00:00,0,0.554318688629874,0.445681311370126,Sell,61.590836,62.03954,61.52786,61.638065,31435
2023-04-24 15:00:00,1,0.5670621262766853,0.4329378737233147,Sell,61.638065,62.11826,61.51211,61.99231,22157
2023-04-24 16:00:00,1,0.566071698610102,0.433928301389898,Sell,61.99231,62.22847,61.905716,62.047413,12530
2023-04-24 17:00:00,1,0.5556818283945778,0.4443181716054222,Sell,62.047413,62.330807,61.913586,62.0789,14707
2023-04-24 18:00:00,1,0.5368378564011106,0.4631621435988894,Sell,62.0789,62.102516,61.92146,61.99231,18840
2023-04-24 19:00:00,1,0.5512479691168632,0.44875203088313675,Sell,61.99231,62.07103,61.952946,62.008053,4550
2023-04-24 20:00:00,1,0.5831863693044518,0.4168136306955482,Sell,62.00018,62.008053,61.913586,61.937202,1722
2023-04-24 22:00:00,0,0.5682785149492513,0.4317214850507487,Sell,61.984436,61.984436,61.8821,61.889973,934
2023-04-24 23:00:00,0,0.6038722462674553,0.3961277537325447,Sell,61.905716,61.905716,61.850613,61.897842,547
2023-04-25 00:00:00,1,0.5697895161468314,0.4302104838531686,Sell,61.889973,62.07103,61.889973,62.055283,1671
2023-04-25 01:00:00,1,0.5814354634044133,0.4185645365955867,Sell,62.063156,62.23634,62.03954,62.102516,3488
2023-04-25 02:00:00,1,0.5890227823487966,0.41097721765120343,Sell,62.11039,62.11826,61.929333,61.984436,1860
2023-04-25 03:00:00,1,0.5582363386101419,0.4417636613898581,Sell,61.984436,62.07103,61.905716,62.03954,1279
2023-04-25 04:00:00,0,0.5773409702865955,0.4226590297134045,Sell,62.03954,62.063156,61.952946,61.984436,1194
2023-04-25 05:00:00,0,0.5460442890418161,0.4539557109581839,Sell,61.984436,62.015923,61.787636,61.866356,2507
2023-04-25 06:00:00,1,0.5374332696710146,0.46256673032898543,Sell,61.866356,62.086773,61.850613,62.023796,3076
2023-04-25 07:00:00,1,0.5433352019047807,0.4566647980952193,Sell,62.03167,62.23634,61.968693,62.14975,8089
2023-04-25 08:00:00,1,0.541579381333229,0.458420618666771,Sell,62.15762,62.244213,61.889973,62.094643,9693
2023-04-25 09:00:00,1,0.6369156686168038,0.3630843313831962,Sell,62.094643,62.094643,61.6853,61.80338,8869
2023-04-25 10:00:00,1,0.5536092908198557,0.44639070918014434,Sell,61.80338,61.80338,61.46488,61.504242,8801
2023-04-25 11:00:00,0,0.46811978632748275,0.5318802136725173,Hold,61.504242,61.61445,61.362545,61.37829,8009
2023-04-25 12:00:00,1,0.4784699443177519,0.5215300556822481,Hold,61.38616,61.716785,61.291695,61.362545,14273
2023-04-25 13:00:00,0,0.4145018950945374,0.5854981049054626,Hold,61.362545,61.4885,60.677677,60.85086,43535
2023-04-25 14:00:00,0,0.42410100112991195,0.575898998870088,Hold,60.84299,60.96107,60.2211,60.528107,41845
2023-04-25 15:00:00,0,0.3776303532402024,0.6223696467597977,Hold,60.528107,60.80363,60.331306,60.69342,29891
2023-04-25 16:00:00,0,0.40955038734405674,0.5904496126559433,Hold,60.69342,61.11851,60.669804,60.795757,18607
2023-04-25 17:00:00,0,0.34654306312396876,0.6534569368760312,Hold,60.795757,60.874477,60.402157,60.709164,17178
2023-04-25 18:00:00,0,0.3525125161595422,0.6474874838404578,Hold,60.701294,60.827248,60.559597,60.77214,22583
2023-04-25 19:00:00,0,0.339718622345768,0.660281377654232,Hold,60.780014,60.827248,60.630444,60.65406,4748
2023-04-25 20:00:00,0,0.4111874694732067,0.5888125305267933,Hold,60.661934,60.795757,60.65406,60.717037,2530
2023-04-25 22:00:00,0,0.4233577251957945,0.5766422748042055,Hold,60.677677,60.89022,60.677677,60.819374,1330
2023-04-25 23:00:00,0,0.41798226018600276,0.5820177398139972,Hold,60.819374,60.874477,60.795757,60.84299,755
2023-04-26 00:00:00,0,0.4574160350972077,0.5425839649027924,Hold,60.84299,60.953197,60.84299,60.945328,1606
2023-04-26 01:00:00,0,0.41242345245709394,0.587576547542906,Hold,60.937454,60.937454,60.6147,60.89022,4407
2023-04-26 02:00:00,0,0.44081329448440587,0.5591867055155941,Hold,60.88235,60.984688,60.77214,60.968945,1734
2023-04-26 03:00:00,0,0.41715369745296405,0.582846302547036,Hold,60.96107,61.031918,60.92171,60.976814,1398
2023-04-26 04:00:00,1,0.4685108981697087,0.5314891018302913,Hold,60.968945,61.102768,60.96107,61.07915,1248
2023-04-26 05:00:00,1,0.44015602201420595,0.559843977985794,Hold,61.07915,61.22872,61.008305,61.212975,3203
2023-04-26 06:00:00,1,0.4529695654482143,0.5470304345517857,Hold,61.220848,61.283825,61.071278,61.22872,3273
2023-04-26 07:00:00,0,0.44864231042429364,0.5513576895757064,Hold,61.22872,61.252335,60.69342,60.80363,10816
2023-04-26 08:00:00,1,0.518681360746555,0.481318639253445,Sell,60.8115,61.3468,60.717037,61.19723,14587
2023-04-26 09:00:00,1,0.44902278641622434,0.5509772135837756,Hold,61.205105,61.27595,60.795757,60.84299,9271
2023-04-26 10:00:00,1,0.4405440049203935,0.5594559950796065,Hold,60.84299,60.96107,60.72491,60.780014,7613
2023-04-26 11:00:00,1,0.4207506020099164,0.5792493979900837,Hold,60.77214,60.795757,60.26833,60.488747,16630
2023-04-26 12:00:00,0,0.4781079801673635,0.5218920198326364,Hold,60.488747,60.661934,60.11089,60.134506,22748
2023-04-26 13:00:00,0,0.428645989561779,0.571354010438221,Hold,60.14238,60.315563,59.60708,59.654312,42066
2023-04-26 14:00:00,0,0.36145504809705753,0.6385449519029425,Hold,59.654312,60.291946,59.5441,60.26833,46143
2023-04-26 15:00:00,1,0.34816463752204724,0.6518353624779527,Hold,60.26833,60.787888,60.26833,60.630444,35387
2023-04-26 16:00:00,1,0.3690625787096708,0.6309374212903291,Hold,60.638317,60.740654,60.0243,60.07153,15366
2023-04-26 17:00:00,0,0.3690223672183025,0.6309776327816975,Hold,60.07153,60.244717,59.63857,59.670055,18880
2023-04-26 18:00:00,0,0.3790351563804838,0.6209648436195162,Hold,59.670055,59.6858,58.30032,58.44989,75734
2023-04-26 19:00:00,0,0.34313033893066935,0.6568696610693306,Hold,58.442017,58.575844,58.29245,58.457764,12098
2023-04-26 20:00:00,0,0.3495478992875371,0.6504521007124628,Hold,58.457764,58.591587,58.44989,58.520737,4032
2023-04-26 22:00:00,0,0.34822146645322816,0.6517785335467718,Hold,58.552227,58.623074,58.457764,58.552227,1543
2023-04-26 23:00:00,0,0.34087732384353364,0.6591226761564664,Hold,58.552227,58.591587,58.512867,58.583714,630
2023-04-27 00:00:00,0,0.3745269183048469,0.625473081695153,Hold,58.575844,58.71754,58.512867,58.670307,3010
2023-04-27 01:00:00,0,0.383432753248307,0.6165672467516929,Hold,58.67818,58.709667,58.575844,58.623074,3647
2023-04-27 02:00:00,0,0.4085783050897539,0.5914216949102461,Hold,58.623074,58.71754,58.520737,58.60733,2552
2023-04-27 03:00:00,0,0.4242540691643841,0.5757459308356159,Hold,58.60733,58.67818,58.56797,58.623074,1456
2023-04-27 04:00:00,0,0.41547240486905057,0.5845275951309494,Hold,58.623074,58.670307,58.5601,58.615204,1190
2023-04-27 05:00:00,0,0.4404877147460652,0.5595122852539348,Hold,58.615204,58.780518,58.552227,58.741154,2274
2023-04-27 06:00:00,0,0.4117306525315581,0.588269347468442,Hold,58.733284,58.76477,58.59946,58.693924,4355
2023-04-27 07:00:00,0,0.429012433373799,0.570987566626201,Hold,58.693924,58.84349,58.504993,58.812004,9491
2023-04-27 08:00:00,0,0.4122573497701941,0.5877426502298059,Hold,58.819878,58.91434,58.5601,58.741154,11167
2023-04-27 09:00:00,0,0.39163249110569537,0.6083675088943046,Hold,58.733284,58.7569,58.520737,58.5601,8648
2023-04-27 10:00:00,0,0.3946001482902799,0.6053998517097201,Hold,58.552227,58.63882,58.434147,58.473507,8259
2023-04-27 11:00:00,0,0.4204801451786529,0.5795198548213472,Hold,58.473507,58.819878,58.434147,58.693924,9253
2023-04-27 12:00:00,0,0.3921477597530086,0.6078522402469915,Hold,58.693924,58.827747,58.59946,58.63882,11433
2023-04-27 13:00:00,0,0.38196534020755646,0.6180346597924435,Hold,58.64669,58.977318,58.308193,58.977318,34515
2023-04-27 14:00:00,0,0.40327912268242977,0.5967208773175703,Hold,58.977318,59.26071,58.52861,58.591587,36472
2023-04-27 15:00:00,0,0.4570132056832669,0.542986794316733,Hold,58.591587,59.000935,58.276707,58.80413,31132
2023-04-27 16:00:00,0,0.46730980427644303,0.532690195723557,Hold,58.80413,59.008804,58.630947,58.937958,14217
2023-04-27 17:00:00,0,0.4950110644858618,0.5049889355141381,Hold,58.930084,59.18199,58.812004,58.827747,15220
2023-04-27 18:00:00,0,0.4297822027235214,0.5702177972764786,Hold,58.819878,58.961575,58.504993,58.88285,24414
2023-04-27 19:00:00,0,0.4204415275408552,0.5795584724591448,Hold,58.87498,58.945827,58.83562,58.898598,5833
2023-04-27 20:00:00,0,0.428676953349265,0.5713230466507351,Hold,58.898598,58.969444,58.87498,58.898598,2398
2023-04-27 22:00:00,0,0.42437833647823425,0.5756216635217657,Hold,58.969444,58.977318,58.83562,58.890724,766
2023-04-27 23:00:00,0,0.4578127187237208,0.5421872812762791,Hold,58.88285,58.890724,58.84349,58.88285,475
2023-04-28 00:00:00,0,0.4602339240597709,0.5397660759402291,Hold,58.87498,58.91434,58.812004,58.859238,1189
2023-04-28 01:00:00,0,0.5190823546576444,0.4809176453423556,Sell,58.859238,59.056038,58.76477,59.000935,2866
2023-04-28 02:00:00,0,0.5183047845393344,0.4816952154606656,Sell,59.000935,59.03242,58.906467,59.03242,1584
2023-04-28 03:00:00,0,0.5415975636738541,0.45840243632614586,Sell,59.03242,59.119015,58.91434,59.11114,1607
2023-04-28 04:00:00,0,0.5401243108096,0.4598756891904,Sell,59.11114,59.44177,59.103268,59.237095,5936
2023-04-28 05:00:00,0,0.5209191161417555,0.47908088385824454,Sell,59.22922,59.26071,59.126884,59.18199,2395
2023-04-28 06:00:00,0,0.4914504701040495,0.5085495298959505,Hold,59.174118,59.237095,59.07178,59.103268,3535
2023-04-28 07:00:00,0,0.47053993199606786,0.5294600680039321,Hold,59.103268,59.119015,58.84349,58.9537,8490
2023-04-28 08:00:00,0,0.4566733501759108,0.5433266498240892,Hold,58.9537,59.008804,58.229473,58.316067,16373
2023-04-28 09:00:00,0,0.47436096438477926,0.5256390356152207,Hold,58.316067,58.969444,58.197987,58.890724,15113
2023-04-28 10:00:00,0,0.5039145983445237,0.4960854016554763,Sell,58.890724,59.126884,58.87498,59.040295,7078
2023-04-28 11:00:00,0,0.5227150662995148,0.4772849337004852,Sell,59.040295,59.315815,59.03242,59.197735,8496
2023-04-28 12:00:00,0,0.5263663048348444,0.47363369516515563,Sell,59.205605,59.37879,59.000935,59.22135,11534
2023-04-28 13:00:00,0,0.42093034159470666,0.5790696584052933,Hold,59.22135,59.26071,58.654564,58.733284,25305
2023-04-28 14:00:00,0,0.6255631219820454,0.37443687801795456,Sell,58.733284,59.67793,58.709667,59.614952,28647
2023-04-28 15:00:00,0,0.5970574498847105,0.40294255011528946,Sell,59.614952,60.30769,59.33943,60.236843,35734
2023-04-28 16:00:00,0,0.5619595660084707,0.43804043399152925,Sell,60.236843,60.449387,60.10302,60.10302,16628
2023-04-28 17:00:00,1,0.6333676047001899,0.36663239529981007,Sell,60.11089,60.543854,60.016426,60.425774,18432
2023-04-28 18:00:00,1,0.6035444501544943,0.3964555498455057,Sell,60.433643,60.551723,60.291946,60.370667,23477
2023-04-28 19:00:00,1,0.5920435225577863,0.40795647744221375,Sell,60.37854,60.425774,60.29982,60.410027,3589
2023-04-28 20:00:00,1,0.5605595066611272,0.4394404933388728,Sell,60.402157,60.45726,60.30769,60.323437,1927
2023-04-30 22:00:00,0,0.5648238143185619,0.4351761856814381,Sell,60.34705,60.370667,60.06366,60.10302,2287
2023-04-30 23:00:00,0,0.5468641200788701,0.4531358799211299,Sell,60.10302,60.15025,59.87473,59.906216,2022
2023-05-01 00:00:00,0,0.5692555431042099,0.4307444568957901,Sell,59.898346,60.055786,59.898346,60.0243,1365
2023-05-01 01:00:00,1,0.5675015237288712,0.4324984762711288,Sell,60.0243,60.0243,59.898346,59.929832,1148
2023-05-01 02:00:00,1,0.616113648402921,0.38388635159707896,Sell,59.937706,60.000683,59.890472,59.98494,830
2023-05-01 03:00:00,1,0.6274679016604094,0.37253209833959056,Sell,59.977066,59.99281,59.91409,59.945576,631
2023-05-01 04:00:00,1,0.6192434120302398,0.3807565879697602,Sell,59.945576,59.961323,59.843243,59.945576,1430
2023-05-01 05:00:00,1,0.636673750505833,0.36332624949416703,Sell,59.945576,59.98494,59.929832,59.95345,991
2023-05-01 06:00:00,1,0.5805979790952411,0.41940202090475887,Sell,59.961323,59.961323,59.780266,59.819626,2314
2023-05-01 07:00:00,0,0.5536177033403025,0.44638229665969753,Sell,59.827496,59.858986,59.614952,59.64644,3892
2023-05-01 08:00:00,0,0.48150872630174135,0.5184912736982586,Hold,59.64644,59.788136,59.087524,59.095398,8772
2023-05-01 09:00:00,0,0.5332464450044153,0.4667535549955847,Sell,59.087524,59.25284,59.048164,59.22135,5281
2023-05-01 10:00:00,0,0.4745831000117938,0.5254168999882062,Hold,59.213478,59.237095,58.99306,59.11114,4443
2023-05-01 11:00:00,0,0.4946003754057833,0.5053996245942167,Hold,59.11114,59.25284,59.016678,59.119015,5329
2023-05-01 12:00:00,0,0.4522257516338887,0.5477742483661113,Hold,59.11114,59.315815,58.937958,59.03242,10331
2023-05-01 13:00:00,1,0.5850440780590465,0.41495592194095354,Sell,59.03242,59.882603,58.7569,59.622826,26871
2023-05-01 14:00:00,0,0.5265197108365847,0.47348028916341534,Sell,59.622826,59.843243,59.25284,59.394535,19167
2023-05-01 15:00:00,0,0.5442507847499667,0.4557492152500333,Sell,59.38666,59.575592,59.048164,59.38666,15525
2023-05-01 16:00:00,0,0.5225384264609257,0.47746157353907426,Sell,59.394535,59.551975,59.197735,59.33156,10425
2023-05-01 17:00:00,0,0.5368980909854272,0.4631019090145728,Sell,59.33943,59.41815,58.670307,59.26071,18425
2023-05-01 18:00:00,1,0.6049932846849734,0.3950067153150266,Sell,59.26071,59.740906,59.237095,59.67793,18233
2023-05-01 19:00:00,1,0.5240916437407118,0.4759083562592882,Sell,59.6858,59.693672,59.56772,59.575592,3489
2023-05-01 20:00:00,1,0.5279702372415314,0.47202976275846864,Sell,59.575592,59.63857,59.551975,59.630695,2021
2023-05-01 22:00:00,1,0.47245816175784716,0.5275418382421528,Hold,59.63857,59.64644,59.5441,59.56772,666
2023-05-01 23:00:00,0,0.5009955176957377,0.4990044823042623,Sell,59.55985,59.56772,59.50474,59.512615,500
2023-05-02 00:00:00,1,0.46770812652559285,0.5322918734744071,Hold,59.50474,59.614952,59.50474,59.60708,974
2023-05-02 01:00:00,0,0.48530930132127614,0.5146906986787239,Hold,59.60708,59.67793,59.52836,59.536232,1450
2023-05-02 02:00:00,1,0.49127197600863726,0.5087280239913627,Hold,59.5441,59.64644,59.512615,59.63857,862
2023-05-02 03:00:00,1,0.5093760795723581,0.4906239204276419,Sell,59.64644,59.701546,59.614952,59.654312,1006
2023-05-02 04:00:00,0,0.5015297825733829,0.4984702174266171,Sell,59.654312,59.693672,59.56772,59.56772,934
2023-05-02 05:00:00,0,0.4553898546497088,0.5446101453502912,Hold,59.575592,59.67793,59.394535,59.40241,1865
2023-05-02 06:00:00,0,0.4909850555553676,0.5090149444446324,Hold,59.394535,59.52049,59.355175,59.46538,2375
2023-05-02 07:00:00,0,0.4511208443919321,0.5488791556080679,Hold,59.46538,59.91409,59.244965,59.244965,10761
2023-05-02 08:00:00,1,0.4942646358290492,0.5057353641709508,Hold,59.244965,59.575592,59.119015,59.52049,12847
2023-05-02 09:00:00,1,0.47507040036434006,0.52492959963566,Hold,59.52836,59.55985,59.213478,59.244965,4854
2023-05-02 10:00:00,0,0.47406256792242246,0.5259374320775776,Hold,59.237095,59.30007,59.087524,59.22922,5324
2023-05-02 11:00:00,1,0.5464153527896252,0.45358464721037484,Sell,59.237095,59.44964,59.134758,59.41028,6146
2023-05-02 12:00:00,1,0.4450891016136529,0.5549108983863471,Hold,59.41028,59.536232,59.07178,59.174118,10723
2023-05-02 13:00:00,1,0.4206461308967622,0.5793538691032378,Hold,59.166245,59.174118,57.662685,57.765022,56466
2023-05-02 14:00:00,1,0.3365606212064533,0.6634393787935466,Hold,57.757153,57.804382,56.843994,56.851868,63066
2023-05-02 15:00:00,1,0.3237349787064297,0.6762650212935704,Hold,56.851868,57.229725,56.655064,56.859737,41917
2023-05-02 16:00:00,1,0.278475036140803,0.721524963859197,Hold,56.859737,56.98569,56.544857,56.655064,28797
2023-05-02 17:00:00,1,0.27370839523528956,0.7262916047647104,Hold,56.647194,56.7574,56.355927,56.513367,23157
2023-05-02 18:00:00,1,0.2799205978498175,0.7200794021501825,Hold,56.513367,56.55273,56.222103,56.474007,36871
2023-05-02 19:00:00,1,0.27927295212045744,0.7207270478795426,Hold,56.48188,56.52124,56.332314,56.332314,6102
2023-05-02 20:00:00,1,0.3263723469592357,0.6736276530407643,Hold,56.340183,56.411034,56.300823,56.316566,2784
2023-05-02 22:00:00,1,0.3269778294635781,0.6730221705364219,Hold,56.332314,56.371674,56.28508,56.340183,836
2023-05-02 23:00:00,1,0.32688774744126176,0.6731122525587383,Hold,56.332314,56.395287,56.300823,56.3638,758
2023-05-03 00:00:00,1,0.3966038241431427,0.6033961758568573,Hold,56.371674,56.411034,56.29295,56.40316,1954
2023-05-03 01:00:00,1,0.42167510352972726,0.5783248964702727,Hold,56.395287,56.426777,56.316566,56.348057,2428
2023-05-03 02:00:00,1,0.42767131964185295,0.5723286803581471,Hold,56.348057,56.411034,56.348057,56.40316,1237
2023-05-03 03:00:00,1,0.4270620012406072,0.5729379987593928,Hold,56.40316,56.434647,56.3638,56.395287,1422
2023-05-03 04:00:00,1,0.4176265404763286,0.5823734595236714,Hold,56.387417,56.395287,56.332314,56.371674,1106
2023-05-03 05:00:00,1,0.4057565721889179,0.5942434278110821,Hold,56.379543,56.40316,56.277206,56.308697,1535
2023-05-03 06:00:00,1,0.4193514940787741,0.5806485059212259,Hold,56.308697,56.513367,56.261463,56.418903,5001
2023-05-03 07:00:00,1,0.42247365927421965,0.5775263407257804,Hold,56.418903,56.418903,55.797012,55.883606,16210
2023-05-03 08:00:00,1,0.42883704066541983,0.5711629593345802,Hold,55.883606,55.891476,54.93896,55.340435,33010
2023-05-03 09:00:00,1,0.4509492801516307,0.5490507198483693,Hold,55.340435,55.4349,54.97832,55.24597,14880
2023-05-03 10:00:00,1,0.42264250635965966,0.5773574936403403,Hold,55.24597,55.25384,54.561104,54.62408,17473
2023-05-03 11:00:00,1,0.4377817371517213,0.5622182628482787,Hold,54.616207,54.875984,54.482384,54.82875,18506
2023-05-03 12:00:00,1,0.4111052526851496,0.5888947473148505,Hold,54.82875,54.954704,54.537487,54.600464,21899
2023-05-03 13:00:00,1,0.4185191160257465,0.5814808839742536,Hold,54.600464,54.82088,54.175373,54.28558,37062
2023-05-03 14:00:00,1,0.43421973339084563,0.5657802666091544,Hold,54.28558,54.521744,53.939213,54.12027,42938
2023-05-03 15:00:00,0,0.45063855153648874,0.5493614484635112,Hold,54.12814,54.443024,53.490505,53.876236,58142
2023-05-03 16:00:00,1,0.4435585121161216,0.5564414878838784,Hold,53.884106,54.309196,53.797516,54.057293,27127
2023-05-03 17:00:00,1,0.4292671945515688,0.5707328054484312,Hold,54.057293,54.27771,53.939213,54.096653,14597
2023-05-03 18:00:00,1,0.3935513439554876,0.6064486560445124,Hold,54.08878,54.380047,53.750282,54.12027,29423
2023-05-03 19:00:00,1,0.4478710197114812,0.5521289802885188,Hold,54.112396,54.151756,53.640076,53.647945,7352
2023-05-03 20:00:00,1,0.45879466256390694,0.541205337436093,Hold,53.647945,53.781773,53.608585,53.640076,3045
2023-05-03 22:00:00,0,0.3361605595740623,0.6638394404259377,Hold,53.65582,53.687305,50.097656,52.640324,18301
2023-05-03 23:00:00,0,0.30968511576001995,0.69031488423998,Hold,52.648197,53.057545,52.49863,52.947334,3895
2023-05-04 00:00:00,0,0.3244953704690452,0.6755046295309548,Hold,52.947334,53.66369,52.939465,53.553482,10422
2023-05-04 01:00:00,0,0.363619614693489,0.636380385306511,Hold,53.553482,54.568974,53.553482,54.293453,15631
2023-05-04 02:00:00,0,0.38894282682271314,0.6110571731772869,Hold,54.293453,54.340687,53.978573,54.017933,5060
2023-05-04 03:00:00,0,0.40206174809886647,0.5979382519011336,Hold,54.017933,54.269836,53.947083,54.24622,2443
2023-05-04 04:00:00,0,0.39003146985524717,0.6099685301447528,Hold,54.24622,54.35643,54.175373,54.301327,2092
2023-05-04 05:00:00,0,0.3725325120319034,0.6274674879680966,Hold,54.301327,54.54536,54.23835,54.505997,4007
2023-05-04 06:00:00,0,0.38170896852666786,0.6182910314733321,Hold,54.490253,54.647694,54.183247,54.600464,6015
2023-05-04 07:00:00,0,0.36251832966721664,0.6374816703327834,Hold,54.600464,54.679184,54.269836,54.54536,10173
2023-05-04 08:00:00,0,0.35109272324939855,0.6489072767506014,Hold,54.55323,54.63195,54.23835,54.59259,11051
2023-05-04 09:00:00,0,0.33993144598014724,0.6600685540198528,Hold,54.59259,54.67131,54.309196,54.332813,7406
2023-05-04 10:00:00,0,0.3385998404226924,0.6614001595773076,Hold,54.324944,54.387917,53.978573,54.01006,7589
2023-05-04 11:00:00,0,0.35157606758217147,0.6484239324178285,Hold,54.025803,54.065163,53.789642,54.017933,8575
2023-05-04 12:00:00,0,0.34796104426939467,0.6520389557306053,Hold,54.017933,54.293453,53.884106,54.01006,13933
2023-05-04 13:00:00,0,0.344449244791627,0.655550755208373,Hold,54.00219,54.15963,53.45902,53.797516,35619
2023-05-04 14:00:00,0,0.34974101079398007,0.65025898920602,Hold,53.789642,53.805386,53.12052,53.61646,35251
2023-05-04 15:00:00,0,0.3493290997243266,0.6506709002756734,Hold,53.61646,54.1675,53.49838,54.01006,29523
2023-05-04 16:00:00,0,0.36446279917752283,0.6355372008224771,Hold,54.00219,54.35643,53.876236,54.12027,14988
2023-05-04 17:00:00,0,0.4030377548540535,0.5969622451459464,Hold,54.12814,54.97832,54.033676,54.450893,30488
2023-05-04 18:00:00,0,0.36083530407480113,0.6391646959251989,Hold,54.443024,54.505997,53.860493,53.954956,21055
2023-05-04 19:00:00,0,0.3536828398786804,0.6463171601213196,Hold,53.954956,54.065163,53.797516,53.978573,6900
2023-05-04 20:00:00,0,0.37077913096692694,0.6292208690330731,Hold,53.978573,54.104523,53.92347,53.994316,2072
2023-05-04 22:00:00,0,0.40765106710528964,0.5923489328947104,Hold,54.08091,54.136013,54.017933,54.136013,980
2023-05-04 23:00:00,0,0.45825301800738155,0.5417469819926184,Hold,54.12814,54.151756,54.104523,54.112396,447
2023-05-05 00:00:00,0,0.4292455655056353,0.5707544344943647,Hold,54.12027,54.12027,53.907722,54.00219,2198
2023-05-05 01:00:00,0,0.4243949604654507,0.5756050395345493,Hold,54.00219,54.293453,53.986443,54.20686,2706
2023-05-05 02:00:00,0,0.40637675340918594,0.593623246590814,Hold,54.191116,54.23835,54.08091,54.230476,1560
2023-05-05 03:00:00,0,0.45276610342124674,0.5472338965787533,Hold,54.230476,54.39579,54.222607,54.39579,2066
2023-05-05 04:00:00,0,0.47634675132840454,0.5236532486715955,Hold,54.39579,54.521744,54.372173,54.47451,1533
2023-05-05 05:00:00,0,0.4330925245702006,0.5669074754297994,Hold,54.47451,54.505997,54.364304,54.43515,1241
2023-05-05 06:00:00,0,0.477320753529342,0.522679246470658,Hold,54.43515,54.679184,54.427277,54.639824,3040
2023-05-05 07:00:00,0,0.5156213702582586,0.4843786297417414,Sell,54.63195,54.970448,54.568974,54.86811,8184
2023-05-05 08:00:00,0,0.49346457216260403,0.5065354278373959,Hold,54.86811,54.946835,54.490253,54.90747,9912
2023-05-05 09:00:00,0,0.49935082841737144,0.5006491715826286,Hold,54.915344,54.931087,54.655567,54.86811,5490
2023-05-05 10:00:00,0,0.5003018569662631,0.49969814303373694,Sell,54.86024,55.482132,54.86024,55.37192,14697
2023-05-05 11:00:00,0,0.5098259606448864,0.4901740393551136,Sell,55.379795,55.678932,55.33256,55.442772,10065
2023-05-05 12:00:00,0,0.5198011473179112,0.48019885268208884,Sell,55.442772,55.74191,55.340435,55.46639,15778
2023-05-05 13:00:00,0,0.5045969346437155,0.49540306535628453,Sell,55.458515,56.371674,55.12789,56.32444,42781
2023-05-05 14:00:00,0,0.49582083820105166,0.5041791617989484,Hold,56.32444,56.489754,56.033173,56.316566,28470
2023-05-05 15:00:00,0,0.4871366344456176,0.5128633655543824,Hold,56.316566,56.355927,55.82063,55.946583,21974
2023-05-05 16:00:00,0,0.5091264337402005,0.4908735662597995,Sell,55.93871,56.229977,55.883606,56.198486,14250
2023-05-05 17:00:00,0,0.5056547288648681,0.49434527113513194,Sell,56.198486,56.32444,55.985943,56.190617,12659
2023-05-05 18:00:00,0,0.5254077252843222,0.4745922747156778,Sell,56.190617,56.529114,56.08828,56.261463,24985
2023-05-05 19:00:00,0,0.5012616162291554,0.49873838377084456,Sell,56.261463,56.316566,56.167,56.190617,4948
2023-05-05 20:00:00,0,0.4753778443689071,0.5246221556310928,Hold,56.182743,56.237846,56.08828,56.143383,2086
2023-05-07 22:00:00,0,0.5063745609747252,0.4936254390252748,Sell,56.167,56.59996,56.151257,56.32444,4151
2023-05-07 23:00:00,0,0.4689522747727002,0.5310477252272998,Hold,56.32444,56.40316,56.190617,56.222103,1384
2023-05-08 00:00:00,0,0.5053112132291379,0.49468878677086214,Sell,56.222103,56.269337,56.151257,56.198486,1823
2023-05-08 01:00:00,0,0.469737904010251,0.530262095989749,Hold,56.20636,56.308697,55.922966,55.985943,3816
2023-05-08 02:00:00,0,0.4641497093861829,0.5358502906138172,Hold,55.985943,56.371674,55.97807,56.28508,2015
2023-05-08 03:00:00,0,0.44614224154590104,0.5538577584540989,Hold,56.28508,56.32444,56.190617,56.237846,997
2023-05-08 04:00:00,0,0.43823037045652236,0.5617696295434776,Hold,56.24572,56.513367,56.229977,56.497623,1849
2023-05-08 05:00:00,0,0.4682791064590451,0.531720893540955,Hold,56.497623,56.59996,56.466137,56.568474,1823
2023-05-08 06:00:00,0,0.4938973001696396,0.5061026998303604,Hold,56.5606,56.820377,56.474007,56.74953,4232
2023-05-08 07:00:00,0,0.4675113260895755,0.5324886739104244,Hold,56.74953,56.993565,56.67081,56.938457,7369
2023-05-08 08:00:00,0,0.493793896022017,0.506206103977983,Hold,56.94633,57.33993,56.90697,57.095898,12553
2023-05-08 09:00:00,0,0.5026862013639666,0.4973137986360334,Sell,57.095898,57.37929,57.056538,57.316315,5744
2023-05-08 10:00:00,0,0.48485784432900814,0.5151421556709919,Hold,57.316315,57.583965,57.316315,57.536736,7639
2023-05-08 11:00:00,1,0.4673455002592873,0.5326544997407128,Hold,57.536736,57.78864,57.489502,57.733536,8498
2023-05-08 12:00:00,0,0.4695579452300646,0.5304420547699353,Hold,57.725662,57.828,57.387165,57.47376,13875
2023-05-08 13:00:00,0,0.47646651889918284,0.5235334811008172,Hold,57.465885,58.009056,57.25334,57.36355,30685
2023-05-08 14:00:00,0,0.47145323827379315,0.5285467617262068,Hold,57.36355,57.56035,57.158875,57.45801,20101
2023-05-08 15:00:00,0,0.4777775640886024,0.5222224359113976,Hold,57.465885,57.63907,57.35568,57.59184,14598
2023-05-08 16:00:00,0,0.4212600805965447,0.5787399194034553,Hold,57.583965,57.686302,57.41078,57.489502,11200
2023-05-08 17:00:00,1,0.4380976952630612,0.5619023047369388,Hold,57.48163,57.78864,57.4344,57.70992,11099
2023-05-08 18:00:00,0,0.4270484585956573,0.5729515414043427,Hold,57.70992,57.78864,57.465885,57.528862,18684
2023-05-08 19:00:00,0,0.4171026883424913,0.5828973116575087,Hold,57.528862,57.536736,57.30057,57.32419,6067
2023-05-08 20:00:00,0,0.4584826116546407,0.5415173883453592,Hold,57.32419,57.347805,57.276955,57.308445,2176
2023-05-08 22:00:00,0,0.4998423366549304,0.5001576633450696,Hold,57.33993,57.48163,57.316315,57.41078,779
2023-05-08 23:00:00,1,0.4692920887671859,0.5307079112328141,Hold,57.41865,57.47376,57.41865,57.45014,459
2023-05-09 00:00:00,1,0.43226790839709023,0.5677320916029098,Hold,57.44227,57.489502,57.37142,57.45014,1658
2023-05-09 01:00:00,0,0.3937048709793323,0.6062951290206677,Hold,57.45801,57.465885,57.17462,57.25334,2467
2023-05-09 02:00:00,1,0.40679660636859205,0.593203393631408,Hold,57.26121,57.528862,57.25334,57.45801,2146
2023-05-09 03:00:00,1,0.40278208987664943,0.5972179101233506,Hold,57.45801,57.45801,57.33993,57.426525,1313
2023-05-09 04:00:00,1,0.3998579222704434,0.6001420777295565,Hold,57.426525,57.4344,57.35568,57.36355,456
2023-05-09 05:00:00,0,0.40895660769483233,0.5910433923051677,Hold,57.35568,57.37929,57.056538,57.06441,2426
2023-05-09 06:00:00,0,0.4423050353102523,0.5576949646897478,Hold,57.06441,57.316315,57.056538,57.119514,3940
2023-05-09 07:00:00,0,0.4257267029093261,0.5742732970906739,Hold,57.111645,57.39504,56.804634,56.82825,8808
2023-05-09 08:00:00,0,0.4269775981387826,0.5730224018612173,Hold,56.83612,57.14313,56.781017,56.969948,11458
2023-05-09 09:00:00,0,0.4212316881295643,0.5787683118704356,Hold,56.969948,57.32419,56.962074,57.080154,7300
2023-05-09 10:00:00,0,0.41598052592600804,0.5840194740739919,Hold,57.072285,57.25334,56.977818,57.111645,4320
2023-05-09 11:00:00,0,0.41127755820304485,0.5887224417969552,Hold,57.119514,57.14313,56.91484,56.993565,4382
2023-05-09 12:00:00,0,0.42362570087449525,0.5763742991255048,Hold,56.98569,57.20611,56.86761,57.18249,8136
2023-05-09 13:00:00,0,0.40281941760271733,0.5971805823972827,Hold,57.18249,57.387165,56.725914,57.017178,27784
2023-05-09 14:00:00,0,0.37725244485684817,0.6227475551431518,Hold,57.017178,57.17462,56.55273,56.98569,25471
2023-05-09 15:00:00,0,0.3881399833327346,0.6118600166672654,Hold,56.993565,57.040794,56.159126,56.63145,28727
2023-05-09 16:00:00,0,0.4046342878700259,0.595365712129974,Hold,56.63932,57.24547,56.584217,57.158875,29447
2023-05-09 17:00:00,0,0.42185445666422605,0.578145543335774,Hold,57.166748,58.0248,57.056538,57.90672,25025
2023-05-09 18:00:00,0,0.3950398738253939,0.604960126174606,Hold,57.90672,58.079903,57.741405,57.930336,20201
2023-05-09 19:00:00,0,0.38966086595609,0.6103391340439099,Hold,57.93821,57.969696,57.828,57.828,4510
2023-05-09 20:00:00,0,0.3630138706684806,0.6369861293315193,Hold,57.828,57.93821,57.812256,57.883102,2446
2023-05-09 22:00:00,0,0.38967878563450714,0.6103212143654928,Hold,57.922462,57.93821,57.780766,57.890976,1089
2023-05-09 23:00:00,1,0.40749752214387325,0.5925024778561268,Hold,57.898846,57.953953,57.890976,57.93821,398
2023-05-10 00:00:00,0,0.33576591686899476,0.6642340831310052,Hold,57.93821,57.953953,57.804382,57.820126,1672
2023-05-10 01:00:00,0,0.3364345236632877,0.6635654763367123,Hold,57.828,57.969696,57.686302,57.702045,3572
2023-05-10 02:00:00,0,0.36940438010035415,0.6305956198996459,Hold,57.70992,57.733536,57.544605,57.55248,2465
2023-05-10 03:00:00,0,0.35972908962350103,0.640270910376499,Hold,57.55248,57.6312,57.55248,57.59184,1325
2023-05-10 04:00:00,0,0.4169604268180011,0.5830395731819988,Hold,57.583965,57.654816,57.583965,57.646942,960
2023-05-10 05:00:00,0,0.4205685822681716,0.5794314177318284,Hold,57.646942,57.686302,57.56035,57.615456,1890
2023-05-10 06:00:00,0,0.40976436765189833,0.5902356323481017,Hold,57.615456,57.646942,57.41865,57.59971,3502
2023-05-10 07:00:00,0,0.4033549626887752,0.5966450373112249,Hold,57.59971,57.796513,57.308445,57.347805,7221
2023-05-10 08:00:00,0,0.37732782208588156,0.6226721779141184,Hold,57.35568,57.47376,57.02505,57.20611,11644
2023-05-10 09:00:00,0,0.39783661126677927,0.6021633887332207,Hold,57.20611,57.35568,57.032925,57.198235,7483
2023-05-10 10:00:00,0,0.4080609661916407,0.5919390338083593,Hold,57.190365,57.44227,57.13526,57.37142,5572
2023-05-10 11:00:00,0,0.4325279314946119,0.5674720685053881,Hold,57.37929,57.55248,57.308445,57.49737,4881
2023-05-10 12:00:00,1,0.4835044813595587,0.5164955186404413,Hold,57.49737,58.166496,57.40291,58.119263,20950
2023-05-10 13:00:00,0,0.40406235179460365,0.5959376482053964,Hold,58.119263,58.14288,56.899097,57.009308,36959
2023-05-10 14:00:00,0,0.3841589632248107,0.6158410367751893,Hold,57.001434,57.47376,56.694424,56.922714,40457
2023-05-10 15:00:00,0,0.4328002476815865,0.5671997523184136,Hold,56.922714,57.646942,56.91484,57.308445,28498
2023-05-10 16:00:00,0,0.4213817718087167,0.5786182281912833,Hold,57.308445,57.623325,57.190365,57.276955,13823
2023-05-10 17:00:00,0,0.39345168526271007,0.6065483147372899,Hold,57.276955,57.33206,56.52124,56.87548,22191
2023-05-10 18:00:00,0,0.42271438510551645,0.5772856148944836,Hold,56.86761,57.20611,56.78889,57.119514,19263
2023-05-10 19:00:00,0,0.40861424883548086,0.5913857511645191,Hold,57.119514,57.347805,57.10377,57.276955,4262
2023-05-10 20:00:00,0,0.4433674085056756,0.5566325914943244,Hold,57.28483,57.36355,57.26121,57.30057,1203
2023-05-10 22:00:00,0,0.4707588217841526,0.5292411782158474,Hold,57.28483,57.35568,57.25334,57.347805,630
2023-05-10 23:00:00,0,0.48946259744854803,0.510537402551452,Hold,57.35568,57.41078,57.347805,57.36355,576
2023-05-11 00:00:00,0,0.5356399470925082,0.4643600529074918,Sell,57.35568,57.44227,57.316315,57.41078,1275
2023-05-11 01:00:00,0,0.5009564400424318,0.4990435599575682,Sell,57.41078,57.56035,57.25334,57.28483,3029
2023-05-11 02:00:00,1,0.5192409056513398,0.48075909434866015,Sell,57.28483,57.528862,57.25334,57.51312,1721
2023-05-11 03:00:00,1,0.5335398516666803,0.4664601483333197,Sell,57.51312,57.615456,57.48163,57.528862,1849
2023-05-11 04:00:00,1,0.5312181154932268,0.46878188450677316,Sell,57.536736,57.607582,57.51312,57.568222,955
2023-05-11 05:00:00,1,0.5581113549987733,0.4418886450012267,Sell,57.568222,57.772896,57.56035,57.694176,2348
2023-05-11 06:00:00,0,0.5633270339027066,0.43667296609729345,Sell,57.694176,57.70992,57.21398,57.30057,4781
2023-05-11 07:00:00,0,0.525386355511151,0.474613644488849,Sell,57.30057,57.623325,57.30057,57.51312,8456
2023-05-11 08:00:00,1,0.5804716615398834,0.4195283384601166,Sell,57.52099,57.772896,57.44227,57.741405,9637
2023-05-11 09:00:00,1,0.5322145286226118,0.46778547137738824,Sell,57.741405,57.859486,57.489502,57.576096,7520
2023-05-11 10:00:00,1,0.5026832774081504,0.49731672259184956,Sell,57.583965,57.6312,57.32419,57.35568,5438
2023-05-11 11:00:00,1,0.4993789699809324,0.5006210300190677,Hold,57.35568,57.4344,56.86761,56.899097,11795
2023-05-11 12:00:00,1,0.4485412832789441,0.5514587167210558,Hold,56.899097,57.17462,56.40316,56.497623,22814
2023-05-11 13:00:00,0,0.3934696506597876,0.6065303493402123,Hold,56.505497,56.584217,56.041046,56.269337,36262
2023-05-11 14:00:00,0,0.39248047846321943,0.6075195215367806,Hold,56.269337,56.3638,55.600212,56.222103,38083
2023-05-11 15:00:00,0,0.40206565163408076,0.5979343483659192,Hold,56.21423,56.568474,56.09615,56.17487,25639
2023-05-11 16:00:00,0,0.42282548614211196,0.5771745138578881,Hold,56.167,56.44252,56.13551,56.229977,10420
2023-05-11 17:00:00,0,0.4036271181135289,0.5963728818864711,Hold,56.229977,56.277206,55.678932,55.804886,15979
2023-05-11 18:00:00,0,0.41942553650790737,0.5805744634920926,Hold,55.797012,56.00956,55.678932,55.836372,21484
2023-05-11 19:00:00,0,0.4163882631897997,0.5836117368102003,Hold,55.836372,56.300823,55.749783,56.237846,12270
2023-05-11 20:00:00,0,0.42023191781410074,0.5797680821858993,Hold,56.237846,56.308697,56.20636,56.222103,1470
2023-05-11 22:00:00,1,0.43348738130911113,0.5665126186908889,Hold,56.222103,56.28508,56.159126,56.20636,720
2023-05-11 23:00:00,1,0.4358099689612994,0.5641900310387006,Hold,56.198486,56.198486,56.12764,56.167,429
2023-05-12 00:00:00,1,0.3923138613192799,0.6076861386807201,Hold,56.159126,56.198486,56.09615,56.190617,1285
2023-05-12 01:00:00,0,0.36529431971259013,0.6347056802874098,Hold,56.182743,56.190617,55.734035,55.765526,3841
2023-05-12 02:00:00,0,0.40266357635927225,0.5973364236407277,Hold,55.757652,55.797012,55.31682,55.678932,5980
2023-05-12 03:00:00,0,0.3775888192373046,0.6224111807626954,Hold,55.686806,55.797012,55.497875,55.521492,1880
2023-05-12 04:00:00,0,0.42248997946171535,0.5775100205382846,Hold,55.521492,55.600212,55.419155,55.59234,1482
2023-05-12 05:00:00,0,0.43784198974239824,0.5621580102576018,Hold,55.59234,55.694675,55.51362,55.647446,1986
2023-05-12 06:00:00,0,0.4181138650625686,0.5818861349374314,Hold,55.647446,55.655315,55.27746,55.31682,4247
2023-05-12 07:00:00,0,0.45850124161240247,0.5414987583875975,Hold,55.32469,55.749783,55.31682,55.41128,9339
2023-05-12 08:00:00,0,0.44050829010681475,0.5594917098931853,Hold,55.40341,55.726166,55.21448,55.529366,13733
2023-05-12 09:00:00,0,0.43579204998215293,0.5642079500178471,Hold,55.529366,55.89935,55.28533,55.836372,9650
2023-05-12 10:00:00,0,0.3973039929034053,0.6026960070965948,Hold,55.828503,56.05679,55.678932,55.9702,7076
2023-05-12 11:00:00,0,0.38495789157349997,0.6150421084265001,Hold,55.962326,56.151257,55.78127,56.119766,6249
2023-05-12 12:00:00,1,0.35028956754649576,0.6497104324535042,Hold,56.119766,56.24572,55.907223,56.17487,11144
2023-05-12 13:00:00,1,0.3778529299265164,0.6221470700734836,Hold,56.167,56.489754,56.00956,56.40316,23492
2023-05-12 14:00:00,0,0.2821137817827561,0.7178862182172439,Hold,56.379543,56.505497,55.62383,55.875732,24975
2023-05-12 15:00:00,0,0.30214079210037437,0.6978592078996256,Hold,55.875732,56.041046,55.12789,55.2381,26336
2023-05-12 16:00:00,0,0.299534401648065,0.700465598351935,Hold,55.2381,55.568726,55.182995,55.20661,13499
2023-05-12 17:00:00,0,0.25889690580751207,0.7411030941924879,Hold,55.21448,55.39554,55.049168,55.120018,12844
2023-05-12 18:00:00,0,0.306674088705979,0.693325911294021,Hold,55.120018,55.24597,55.05704,55.17512,15154
2023-05-12 19:00:00,0,0.3085769278990258,0.6914230721009742,Hold,55.17512,55.24597,55.159378,55.182995,3519
2023-05-12 20:00:00,0,0.3502660365388342,0.6497339634611659,Hold,55.182995,55.230225,55.13576,55.17512,1470
2023-05-14 22:00:00,0,0.37592559979818596,0.624074400201814,Hold,55.13576,55.25384,55.112144,55.190865,1113
2023-05-14 23:00:00,0,0.37942901019409464,0.6205709898059053,Hold,55.182995,55.190865,55.05704,55.143635,514
2023-05-15 00:00:00,0,0.4154427418722182,0.5845572581277818,Hold,55.143635,55.28533,55.104275,55.222355,1926
2023-05-15 01:00:00,0,0.3150313920318247,0.6849686079681754,Hold,55.230225,55.28533,54.75003,54.86811,5359
2023-05-15 02:00:00,0,0.3183681653640734,0.6816318346359266,Hold,54.875984,54.93896,54.757904,54.765778,1504
2023-05-15 03:00:00,0,0.3633831469415782,0.6366168530584217,Hold,54.773647,54.82875,54.647694,54.66344,2245
2023-05-15 04:00:00,0,0.39386342351874315,0.6061365764812569,Hold,54.655567,54.718544,54.639824,54.694927,1260
2023-05-15 05:00:00,0,0.44168478586048454,0.5583152141395155,Hold,54.687054,55.13576,54.66344,55.104275,4099
2023-05-15 06:00:00,0,0.40522947124173897,0.594770528758261,Hold,55.120018,55.120018,54.8996,55.001938,3280
2023-05-15 07:00:00,0,0.4770275874103961,0.5229724125896039,Hold,54.994064,55.261715,54.90747,55.230225,5437
2023-05-15 08:00:00,0,0.38992249003615365,0.6100775099638464,Hold,55.230225,55.4349,55.17512,55.19874,7863
2023-05-15 09:00:00,0,0.43829412862593076,0.5617058713740692,Hold,55.190865,55.39554,55.159378,55.35618,3856
2023-05-15 10:00:00,0,0.4378417594713107,0.5621582405286893,Hold,55.35618,55.41128,55.2381,55.31682,5134
2023-05-15 11:00:00,0,0.46333748644833955,0.5366625135516605,Hold,55.308945,55.537235,55.28533,55.537235,5054
2023-05-15 12:00:00,0,0.3929617951248445,0.6070382048751555,Hold,55.537235,55.726166,55.31682,55.419155,11617
2023-05-15 13:00:00,0,0.42258181966211683,0.5774181803378832,Hold,55.41128,55.852116,55.36405,55.608086,20379
2023-05-15 14:00:00,0,0.48060422415055554,0.5193957758494445,Hold,55.608086,56.21423,55.419155,56.143383,23550
2023-05-15 15:00:00,0,0.42366481013475016,0.5763351898652498,Hold,56.151257,56.237846,55.812756,56.182743,17240
2023-05-15 16:00:00,0,0.40663963325492725,0.5933603667450728,Hold,56.17487,56.434647,55.946583,56.277206,13621
2023-05-15 17:00:00,0,0.38166743270295234,0.6183325672970477,Hold,56.269337,56.300823,55.993813,56.033173,7731
2023-05-15 18:00:00,0,0.35339171187630203,0.646608288123698,Hold,56.025303,56.167,55.891476,55.93084,13514
2023-05-15 19:00:00,0,0.3828523389873877,0.6171476610126123,Hold,55.922966,56.269337,55.867863,55.985943,9506
2023-05-15 20:00:00,0,0.39855357899130356,0.6014464210086965,Hold,55.993813,56.182743,55.962326,56.12764,1888
2023-05-15 22:00:00,0,0.4358625222100098,0.5641374777899901,Hold,56.143383,56.261463,56.12764,56.222103,800
2023-05-15 23:00:00,0,0.4337170221153979,0.5662829778846021,Hold,56.229977,56.277206,56.198486,56.21423,450
2023-05-16 00:00:00,0,0.4757818296292455,0.5242181703707545,Hold,56.21423,56.237846,56.111893,56.20636,1270
2023-05-16 01:00:00,1,0.5212508687729205,0.4787491312270795,Sell,56.20636,56.513367,56.198486,56.497623,3351
2023-05-16 02:00:00,1,0.43407696334529156,0.5659230366547084,Hold,56.489754,56.497623,56.25359,56.371674,1981
2023-05-16 03:00:00,0,0.4475835277809705,0.5524164722190295,Hold,56.3638,56.371674,56.198486,56.25359,987
2023-05-16 04:00:00,1,0.4283819460903243,0.5716180539096757,Hold,56.25359,56.261463,56.17487,56.24572,692
2023-05-16 05:00:00,0,0.42691050742362924,0.5730894925763708,Hold,56.237846,56.237846,56.033173,56.064663,1850
2023-05-16 06:00:00,0,0.3944485255628897,0.6055514744371103,Hold,56.072533,56.111893,55.828503,55.867863,3744
2023-05-16 07:00:00,0,0.4443002237790937,0.5556997762209064,Hold,55.867863,56.229977,55.797012,56.08828,5494
2023-05-16 08:00:00,0,0.41516358180831053,0.5848364181916894,Hold,56.08828,56.395287,55.985943,56.033173,10610
2023-05-16 09:00:00,0,0.3837845070321376,0.6162154929678624,Hold,56.033173,56.159126,55.529366,55.82063,10335
2023-05-16 10:00:00,0,0.4455610287533778,0.5544389712466222,Hold,55.828503,56.12764,55.70255,56.08828,6559
2023-05-16 11:00:00,0,0.41013879054383245,0.5898612094561675,Hold,56.080406,56.080406,55.797012,55.93084,5196
2023-05-16 12:00:00,0,0.4306163750440643,0.5693836249559356,Hold,55.922966,56.20636,55.915092,56.041046,11207
2023-05-16 13:00:00,0,0.47845626046789785,0.5215437395321021,Hold,56.05679,56.489754,55.891476,56.17487,21868
2023-05-16 14:00:00,0,0.4198885385014662,0.5801114614985339,Hold,56.167,56.348057,55.615955,55.639572,19155
2023-05-16 15:00:00,0,0.39883260216343225,0.6011673978365677,Hold,55.6317,55.962326,55.458515,55.734035,17145
2023-05-16 16:00:00,0,0.3818873093084271,0.6181126906915728,Hold,55.726166,55.852116,55.576595,55.797012,9583
2023-05-16 17:00:00,0,0.33936987927843726,0.6606301207215628,Hold,55.789143,55.907223,55.694675,55.71042,6144
2023-05-16 18:00:00,0,0.3669200358892259,0.633079964110774,Hold,55.70255,55.812756,55.576595,55.655315,10785
2023-05-16 19:00:00,0,0.3554730320321698,0.6445269679678303,Hold,55.647446,55.694675,55.537235,55.537235,2909
2023-05-16 20:00:00,0,0.33249179829013426,0.6675082017098657,Hold,55.537235,55.576595,55.458515,55.521492,2200
2023-05-16 22:00:00,0,0.33449402118680277,0.6655059788131972,Hold,55.576595,55.647446,55.54511,55.639572,488
2023-05-16 23:00:00,0,0.34687367518232876,0.6531263248176713,Hold,55.6317,55.639572,55.576595,55.600212,190
2023-05-17 00:00:00,0,0.32168321903564406,0.678316780964356,Hold,55.600212,55.600212,55.40341,55.49,1276
2023-05-17 01:00:00,0,0.34332206653455244,0.6566779334654476,Hold,55.49,55.726166,55.42703,55.537235,2576
2023-05-17 02:00:00,0,0.3406872897273144,0.6593127102726857,Hold,55.537235,55.93871,55.529366,55.89935,2574
2023-05-17 03:00:00,0,0.3056806143119373,0.6943193856880627,Hold,55.89935,55.915092,55.78127,55.82063,1124
2023-05-17 04:00:00,0,0.3182661667302236,0.6817338332697764,Hold,55.812756,55.844246,55.757652,55.757652,603
2023-05-17 05:00:00,0,0.3918476489698755,0.6081523510301245,Hold,55.757652,55.765526,55.269585,55.27746,3639
2023-05-17 06:00:00,0,0.3533723274687262,0.6466276725312738,Hold,55.269585,55.4349,55.222355,55.36405,4098
2023-05-17 07:00:00,0,0.33280853398811133,0.6671914660118887,Hold,55.34831,55.42703,55.13576,55.27746,7426
2023-05-17 08:00:00,0,0.3803169115975151,0.6196830884024849,Hold,55.27746,55.74191,55.20661,55.726166,11240
2023-05-17 09:00:00,0,0.4141247760968221,0.5858752239031779,Hold,55.726166,55.89935,55.560852,55.89935,6539
2023-05-17 10:00:00,0,0.45205333997178726,0.5479466600282128,Hold,55.891476,56.159126,55.78127,56.072533,7036
2023-05-17 11:00:00,0,0.3873717190837419,0.6126282809162581,Hold,56.072533,56.143383,55.875732,55.954453,4494
2023-05-17 12:00:00,0,0.43450621946152673,0.5654937805384732,Hold,55.946583,56.033173,55.70255,55.97807,8065
2023-05-17 13:00:00,0,0.44190027032912005,0.55809972967088,Hold,55.985943,56.7574,55.97807,56.24572,29492
2023-05-17 14:00:00,0,0.4254997266373964,0.5745002733626037,Hold,56.25359,56.568474,55.89935,56.21423,23819
2023-05-17 15:00:00,0,0.4956461717460413,0.5043538282539587,Hold,56.20636,57.13526,56.080406,56.977818,27273
2023-05-17 16:00:00,0,0.4391257680906618,0.5608742319093383,Hold,56.98569,57.67056,56.98569,57.387165,17417
2023-05-17 17:00:00,0,0.44051761760769964,0.5594823823923003,Hold,57.387165,57.505245,57.276955,57.48163,9771
2023-05-17 18:00:00,0,0.4341858899231024,0.5658141100768976,Hold,57.47376,57.47376,57.237595,57.32419,13108
2023-05-17 19:00:00,0,0.42701523076071984,0.5729847692392802,Hold,57.316315,57.35568,57.20611,57.28483,3979
2023-05-17 20:00:00,0,0.4377210176574058,0.5622789823425942,Hold,57.28483,57.30057,57.14313,57.20611,2109
2023-05-17 22:00:00,0,0.4588668484181973,0.5411331515818028,Hold,57.269085,57.33206,57.20611,57.24547,384
2023-05-17 23:00:00,0,0.45683174520722963,0.5431682547927703,Hold,57.24547,57.25334,57.18249,57.198235,300
2023-05-18 00:00:00,0,0.43728726561623915,0.5627127343837608,Hold,57.190365,57.229725,57.151005,57.151005,676
2023-05-18 01:00:00,0,0.49898975018303693,0.5010102498169631,Hold,57.14313,57.190365,57.06441,57.127388,717
2023-05-18 02:00:00,0,0.5186423083042182,0.4813576916957818,Sell,57.119514,57.237595,57.10377,57.190365,454
2023-05-18 03:00:00,0,0.49575363400340805,0.5042463659965919,Hold,57.198235,57.2927,57.198235,57.21398,437
2023-05-18 04:00:00,0,0.5314306797825399,0.4685693202174601,Sell,57.22185,57.22185,57.088028,57.127388,410
2023-05-18 05:00:00,0,0.5168719331565979,0.48312806684340215,Sell,57.127388,57.151005,56.962074,57.02505,569
2023-05-18 06:00:00,0,0.5370662285997257,0.46293377140027425,Sell,57.02505,57.2927,56.977818,57.190365,1294
2023-05-18 07:00:00,0,0.5585225398827898,0.44147746011721023,Sell,57.17462,57.237595,57.032925,57.22185,1350
2023-05-18 08:00:00,0,0.5168183978708598,0.4831816021291402,Sell,57.22185,57.26121,57.001434,57.001434,1457
2023-05-18 09:00:00,0,0.6049098789742916,0.3950901210257084,Sell,57.009308,57.127388,56.962074,57.088028,754
2023-05-18 10:00:00,0,0.6210693205669148,0.3789306794330852,Sell,57.072285,57.26121,56.82825,57.229725,1344
2023-05-18 11:00:00,0,0.5675086577975944,0.4324913422024056,Sell,57.22185,57.36355,57.18249,57.22185,1057
2023-05-18 12:00:00,0,0.5607272625216873,0.43927273747831275,Sell,57.237595,57.24547,56.655064,56.725914,2519
2023-05-18 13:00:00,0,0.5440295907001138,0.4559704092998862,Sell,56.725914,57.056538,56.466137,56.725914,5308
2023-05-18 14:00:00,0,0.6131073739838445,0.3868926260161555,Sell,56.71804,57.02505,56.52124,56.87548,3628
2023-05-18 15:00:00,0,0.4784320610091706,0.5215679389908294,Hold,56.87548,57.032925,56.379543,56.450394,3217
2023-05-18 16:00:00,0,0.44761742820924244,0.5523825717907576,Hold,56.44252,56.584217,56.277206,56.411034,2423
2023-05-18 17:00:00,0,0.4879052418080392,0.5120947581919608,Hold,56.40316,56.544857,56.29295,56.32444,1621
2023-05-18 18:00:00,0,0.5234770773807789,0.47652292261922113,Sell,56.316566,56.59996,56.222103,56.529114,4495
2023-05-18 19:00:00,0,0.5158536050762202,0.48414639492377975,Sell,56.529114,56.71017,56.52124,56.662937,1065
2023-05-18 20:00:00,0,0.4729433232406534,0.5270566767593465,Hold,56.662937,56.71017,56.59996,56.615704,814
2023-05-18 22:00:00,0,0.529489891313399,0.47051010868660104,Sell,56.63145,56.781017,56.59996,56.773148,100
2023-05-18 23:00:00,0,0.4583381492733591,0.5416618507266409,Hold,56.773148,56.773148,56.655064,56.686554,75
2023-05-19 00:00:00,0,0.462691620294647,0.5373083797053531,Hold,56.67868,56.694424,56.489754,56.544857,661
2023-05-19 01:00:00,0,0.4573753172585596,0.5426246827414404,Hold,56.52124,56.623577,56.458263,56.474007,73
2023-05-19 02:00:00,0,0.5188167131685611,0.48118328683143885,Sell,56.489754,56.993565,56.489754,56.977818,230
2023-05-19 03:00:00,0,0.5236816871226823,0.47631831287731774,Sell,57.017178,57.040794,56.899097,56.962074,86
2023-05-19 04:00:00,0,0.4990715539090128,0.5009284460909872,Hold,56.993565,56.993565,56.891228,56.930588,35
2023-05-19 05:00:00,0,0.5080377754307659,0.4919622245692341,Sell,56.930588,57.017178,56.91484,56.94633,97
2023-05-19 06:00:00,0,0.5177439475048344,0.48225605249516557,Sell,56.969948,57.198235,56.954205,57.111645,305
2023-05-19 07:00:00,0,0.5302394070733992,0.4697605929266008,Sell,57.111645,57.18249,56.87548,57.040794,330
2023-05-19 08:00:00,0,0.48978623497037427,0.5102137650296257,Hold,57.048668,57.048668,56.725914,56.765274,187
2023-05-19 09:00:00,0,0.516364136717431,0.483635863282569,Sell,56.781017,57.229725,56.765274,57.17462,234
2023-05-19 10:00:00,0,0.495009750186763,0.504990249813237,Hold,57.198235,57.308445,57.151005,57.22185,249
2023-05-19 11:00:00,0,0.5091537600615024,0.49084623993849763,Sell,57.229725,57.33993,57.111645,57.32419,468
2023-05-19 12:00:00,1,0.5510156244518074,0.4489843755481926,Sell,57.35568,57.70992,57.35568,57.686302,1130
2023-05-19 13:00:00,1,0.4971148650529501,0.5028851349470499,Hold,57.71779,57.780766,56.83612,56.91484,1588
2023-05-19 14:00:00,0,0.4475518109932168,0.5524481890067832,Hold,56.891228,56.993565,56.450394,56.71017,938
2023-05-19 15:00:00,0,0.40290560258838115,0.5970943974116188,Hold,56.694424,56.812508,56.001686,56.316566,1468
2023-05-19 16:00:00,0,0.3591974363824055,0.6408025636175945,Hold,56.300823,56.489754,56.17487,56.348057,576
2023-05-19 17:00:00,0,0.32600719062626915,0.6739928093737309,Hold,56.387417,56.489754,55.915092,55.93084,509
2023-05-19 18:00:00,0,0.37123485944667667,0.6287651405533233,Hold,55.9702,56.44252,55.962326,56.44252,3497
2023-05-19 19:00:00,0,0.36665086729228363,0.6333491327077163,Hold,56.44252,56.55273,56.32444,56.529114,321
2023-05-19 20:00:00,0,0.32163626827658,0.67836373172342,Hold,56.536983,56.536983,56.418903,56.418903,477
2023-05-21 22:00:00,0,0.2959659452754824,0.7040340547245176,Hold,56.418903,56.497406,56.269753,56.28545,1385
2023-05-21 23:00:00,0,0.38385029262404496,0.616149707375955,Hold,56.28545,56.395355,56.269753,56.387505,667
2023-05-22 00:00:00,0,0.3750695611024456,0.6249304388975544,Hold,56.387505,56.434605,56.309002,56.356102,958
2023-05-22 01:00:00,0,0.35695473345500417,0.6430452665449958,Hold,56.356102,56.450306,55.798744,55.908646,8110
2023-05-22 02:00:00,0,0.35129919400608756,0.6487008059939124,Hold,55.900795,55.994995,55.822292,55.853695,2938
2023-05-22 03:00:00,0,0.35059702520649355,0.6494029747935064,Hold,55.853695,55.900795,55.65744,55.72024,3261
2023-05-22 04:00:00,0,0.3877156458024894,0.6122843541975106,Hold,55.72024,55.877243,55.70454,55.861546,1585
2023-05-22 05:00:00,0,0.3446145259182359,0.6553854740817642,Hold,55.853695,55.869396,55.735943,55.806595,2014
2023-05-22 06:00:00,0,0.3920052020158602,0.6079947979841398,Hold,55.806595,55.830143,55.476887,55.59464,7500
2023-05-22 07:00:00,0,0.43574592748593605,0.5642540725140639,Hold,55.59464,56.1049,55.54754,56.018547,8696
2023-05-22 08:00:00,0,0.4233355991035801,0.5766644008964199,Hold,56.026398,56.434605,55.900795,56.28545,10925
2023-05-22 09:00:00,0,0.3989766606638738,0.6010233393361262,Hold,56.277603,56.363953,56.152,56.1991,4849
2023-05-22 10:00:00,0,0.37079808050176516,0.6292019194982348,Hold,56.1991,56.324703,56.073498,56.30115,4602
2023-05-22 11:00:00,0,0.4233309922971781,0.5766690077028219,Hold,56.30115,56.473854,56.28545,56.473854,5843
2023-05-22 12:00:00,0,0.40981742964515644,0.5901825703548436,Hold,56.466003,56.638706,56.12845,56.2148,12382
2023-05-22 13:00:00,0,0.4306469903311289,0.569353009668871,Hold,56.2148,56.67796,56.002846,56.371803,30049
2023-05-22 14:00:00,0,0.4158536511220883,0.5841463488779117,Hold,56.379654,56.568058,56.1049,56.2619,25716
2023-05-22 15:00:00,0,0.4450197506388961,0.5549802493611039,Hold,56.2619,56.73291,56.14415,56.513107,20866
2023-05-22 16:00:00,0,0.4247043189403395,0.5752956810596606,Hold,56.513107,56.81141,56.340405,56.646557,14029
2023-05-22 17:00:00,0,0.44409478775703776,0.5559052122429622,Hold,56.638706,56.93701,56.62301,56.79571,14828
2023-05-22 18:00:00,0,0.45786797317941985,0.5421320268205801,Hold,56.79571,56.79571,56.505257,56.568058,18162
2023-05-22 19:00:00,0,0.44924937321496733,0.5507506267850326,Hold,56.568058,56.591606,56.466003,56.552357,3302
2023-05-22 20:00:00,0,0.45156616372794933,0.5484338362720507,Hold,56.544506,56.638706,56.520954,56.615158,2046
2023-05-22 22:00:00,0,0.451593765675177,0.548406234324823,Hold,56.599457,56.72506,56.575905,56.701508,627
2023-05-22 23:00:00,0,0.5050307890716108,0.4949692109283892,Sell,56.701508,56.83496,56.67011,56.78001,875
2023-05-23 00:00:00,0,0.4329883717361243,0.5670116282638757,Hold,56.78001,56.79571,56.66226,56.74076,1781
2023-05-23 01:00:00,0,0.5407064413134761,0.4592935586865239,Sell,56.73291,57.007664,56.67011,56.850662,4798
2023-05-23 02:00:00,0,0.5631112385644448,0.4368887614355552,Sell,56.850662,56.905613,56.76431,56.897762,2074
2023-05-23 03:00:00,0,0.5033407085109305,0.4966592914890695,Sell,56.905613,56.905613,56.74076,56.78786,1415
2023-05-23 04:00:00,0,0.42009010960499865,0.5799098903950013,Hold,56.78786,56.81141,56.646557,56.68581,1053
2023-05-23 05:00:00,0,0.44308655230538646,0.5569134476946136,Hold,56.68581,56.82711,56.615158,56.76431,2323
2023-05-23 06:00:00,0,0.40449635325935834,0.5955036467406416,Hold,56.76431,56.87421,56.583755,56.63086,3883
2023-05-23 07:00:00,0,0.41608869161697914,0.5839113083830209,Hold,56.63086,56.654408,56.2933,56.363953,9138
2023-05-23 08:00:00,0,0.402576713721856,0.597423286278144,Hold,56.363953,56.583755,56.30115,56.371803,13960
2023-05-23 09:00:00,0,0.4160955311160069,0.5839044688839932,Hold,56.379654,56.607307,56.34825,56.599457,5250
2023-05-23 10:00:00,0,0.4598779429223903,0.5401220570776097,Hold,56.591606,57.141117,56.489555,57.023365,10842
2023-05-23 11:00:00,0,0.4583684535251181,0.5416315464748819,Hold,57.023365,57.20392,56.88206,57.180367,7986
2023-05-23 12:00:00,0,0.46527745431000367,0.5347225456899963,Hold,57.180367,57.431572,57.172516,57.337368,13474
2023-05-23 13:00:00,0,0.4231789207344355,0.5768210792655645,Hold,57.337368,57.729877,57.031216,57.706326,34980
2023-05-23 14:00:00,0,0.36872126502985353,0.6312787349701465,Hold,57.714176,57.90258,57.25887,57.36877,37482
2023-05-23 15:00:00,0,0.3270685677406953,0.6729314322593047,Hold,57.36092,57.706326,57.290268,57.596424,22008
2023-05-23 16:00:00,0,0.32218764246950954,0.6778123575304904,Hold,57.596424,57.659225,57.45512,57.604275,12387
2023-05-23 17:00:00,0,0.36938992375346397,0.6306100762465361,Hold,57.604275,57.73773,57.494373,57.596424,11552
2023-05-23 18:00:00,0,0.43248998964478114,0.5675100103552189,Hold,57.596424,57.682774,57.062614,57.25102,21926
2023-05-23 19:00:00,0,0.40320056193762926,0.5967994380623707,Hold,57.243168,57.39232,57.20392,57.37662,4682
2023-05-23 20:00:00,0,0.4354682039050815,0.5645317960949185,Hold,57.37662,57.92613,57.35307,57.918278,6072
2023-05-23 22:00:00,0,0.4214900451028708,0.5785099548971292,Hold,57.91043,58.075283,57.78483,57.98893,2129
2023-05-23 23:00:00,0,0.3739632783879786,0.6260367216120214,Hold,57.98893,58.03603,57.91043,57.96538,941
2023-05-24 00:00:00,0,0.3466729244190766,0.6533270755809234,Hold,57.96538,58.020332,57.87903,57.87903,2219
2023-05-24 01:00:00,0,0.3689652106541713,0.6310347893458287,Hold,57.88688,58.04388,57.83978,57.93398,4108
2023-05-24 02:00:00,0,0.34110288807173306,0.6588971119282669,Hold,57.93398,57.94968,57.800526,57.89473,2601
2023-05-24 03:00:00,0,0.3542352225733618,0.6457647774266382,Hold,57.89473,57.92613,57.816227,57.84763,1544
2023-05-24 04:00:00,0,0.38798301050756173,0.6120169894924383,Hold,57.84763,57.94968,57.83978,57.94183,776
2023-05-24 05:00:00,0,0.33685500704969334,0.6631449929503066,Hold,57.94183,57.99678,57.85548,57.91043,2158
2023-05-24 06:00:00,0,0.3685086325262291,0.6314913674737709,Hold,57.91043,57.98108,57.84763,57.95753,3468
2023-05-24 07:00:00,0,0.35276139891431585,0.6472386010856841,Hold,57.94968,57.95753,57.714176,57.84763,11218
2023-05-24 08:00:00,0,0.462127272500779,0.537872727499221,Hold,57.85548,58.200886,57.84763,58.185184,12994
2023-05-24 09:00:00,0,0.4552570561029279,0.5447429438970721,Hold,58.177334,58.459938,58.15378,58.37359,11780
2023-05-24 10:00:00,0,0.40722204691079467,0.5927779530892053,Hold,58.37359,58.42854,58.075283,58.216583,8689
2023-05-24 11:00:00,0,0.37018997279856164,0.6298100272014384,Hold,58.224434,58.271534,58.09883,58.122383,7830
2023-05-24 12:00:00,0,0.41383531016378855,0.5861646898362114,Hold,58.122383,58.208733,57.92613,58.200886,12923
2023-05-24 13:00:00,0,0.3638532638398189,0.6361467361601811,Hold,58.200886,58.51489,58.083134,58.200886,30973
2023-05-24 14:00:00,1,0.44270717709765367,0.5572928229023464,Hold,58.200886,58.664043,58.00463,58.50704,43825
2023-05-24 15:00:00,1,0.3553724920113053,0.6446275079886947,Hold,58.499187,58.56199,58.193035,58.404987,23534
2023-05-24 16:00:00,0,0.332570151503504,0.667429848496496,Hold,58.389286,58.59339,57.40802,57.776978,39328
2023-05-24 17:00:00,0,0.36304270420121565,0.6369572957987844,Hold,57.769127,57.98893,57.494373,57.94968,18875
2023-05-24 18:00:00,0,0.35256227887974995,0.64743772112025,Hold,57.94968,58.412838,57.808376,57.83978,35220
2023-05-24 19:00:00,1,0.3304155099722944,0.6695844900277056,Hold,57.83978,58.04388,57.722027,58.04388,19765
2023-05-24 20:00:00,1,0.3661998025883498,0.6338001974116503,Hold,58.028183,58.263687,57.95753,58.263687,2545
2023-05-24 22:00:00,1,0.34672806300775955,0.6532719369922404,Hold,58.255836,58.279385,58.122383,58.169483,1042
2023-05-24 23:00:00,1,0.3409153245677778,0.6590846754322222,Hold,58.177334,58.287235,58.161633,58.263687,524
2023-05-25 00:00:00,1,0.41298530780405374,0.5870146921959463,Hold,58.263687,58.310787,58.193035,58.255836,1296
2023-05-25 01:00:00,1,0.4427287009093477,0.5572712990906523,Hold,58.247986,58.326485,58.075283,58.185184,3056
2023-05-25 02:00:00,1,0.4497322956115261,0.5502677043884738,Hold,58.185184,58.381435,58.114532,58.185184,2331
2023-05-25 03:00:00,1,0.4247172897683867,0.5752827102316134,Hold,58.177334,58.287235,58.145935,58.255836,1005
2023-05-25 04:00:00,1,0.43529027651087443,0.5647097234891256,Hold,58.255836,58.295086,58.200886,58.240135,796
2023-05-25 05:00:00,1,0.4351792275070831,0.5648207724929168,Hold,58.247986,58.271534,58.09098,58.10668,1636
2023-05-25 06:00:00,1,0.464301577201715,0.5356984227982851,Hold,58.10668,58.200886,57.96538,58.130234,3610
2023-05-25 07:00:00,1,0.43626515586804715,0.5637348441319529,Hold,58.122383,58.15378,57.87903,57.95753,7067
2023-05-25 08:00:00,1,0.49132213966037125,0.5086778603396287,Hold,57.96538,58.067432,57.557175,57.627823,10139
2023-05-25 09:00:00,1,0.4997891951819967,0.5002108048180033,Hold,57.627823,57.706326,57.439423,57.447273,7343
2023-05-25 10:00:00,0,0.43692026956256963,0.5630797304374304,Hold,57.447273,57.572872,57.164665,57.188217,9493
2023-05-25 11:00:00,0,0.4806014268081705,0.5193985731918296,Hold,57.196068,57.35307,57.164665,57.32167,7460
2023-05-25 12:00:00,1,0.513195689266303,0.486804310733697,Sell,57.31382,57.698475,57.101864,57.486523,18529
2023-05-25 13:00:00,0,0.5396136304336224,0.4603863695663776,Sell,57.494373,57.604275,56.466003,56.75646,52997
2023-05-25 14:00:00,0,0.4249327656252574,0.5750672343747426,Hold,56.74861,56.98411,56.411053,56.921314,28627
2023-05-25 15:00:00,0,0.4134060400361504,0.5865939599638497,Hold,56.92916,57.094017,55.72024,55.979298,45678
2023-05-25 16:00:00,0,0.3980367237431649,0.6019632762568351,Hold,55.971447,56.371803,55.877243,56.28545,21808
2023-05-25 17:00:00,0,0.35041988910686866,0.6495801108931314,Hold,56.28545,56.34825,56.1049,56.23835,16570
2023-05-25 18:00:00,0,0.38850661149691096,0.6114933885030891,Hold,56.2462,56.458157,56.222652,56.34825,44148
2023-05-25 19:00:00,0,0.4224951254330402,0.5775048745669598,Hold,56.356102,56.536655,56.34825,56.505257,5407
2023-05-25 20:00:00,0,0.3703509862150974,0.6296490137849027,Hold,56.505257,56.520954,56.309002,56.371803,2298
2023-05-25 22:00:00,0,0.39078733774577035,0.6092126622542297,Hold,56.434605,56.505257,56.403202,56.442455,1012
2023-05-25 23:00:00,0,0.4021613163229691,0.5978386836770309,Hold,56.442455,56.450306,56.332554,56.395355,647
2023-05-26 00:00:00,0,0.3842148486904048,0.6157851513095952,Hold,56.395355,56.481705,56.28545,56.481705,1967
2023-05-26 01:00:00,0,0.37320222008383924,0.6267977799161608,Hold,56.489555,56.497406,56.15985,56.1991,3936
2023-05-26 02:00:00,0,0.4059044622925303,0.5940955377074697,Hold,56.1991,56.316853,56.120598,56.1363,2552
2023-05-26 03:00:00,0,0.45491014404129304,0.545089855958707,Hold,56.12845,56.371803,56.120598,56.332554,2405
2023-05-26 04:00:00,0,0.412092279676662,0.587907720323338,Hold,56.332554,56.34825,56.28545,56.30115,754
2023-05-26 05:00:00,0,0.43142485602574715,0.5685751439742528,Hold,56.309002,56.544506,56.28545,56.411053,3399
2023-05-26 06:00:00,0,0.4777060898723043,0.5222939101276958,Hold,56.411053,56.607307,56.363953,56.568058,4331
2023-05-26 07:00:00,0,0.4197536696391388,0.5802463303608612,Hold,56.560207,56.701508,56.2619,56.332554,9388
2023-05-26 08:00:00,0,0.4494700541523531,0.5505299458476469,Hold,56.340405,56.701508,56.2619,56.552357,9288
2023-05-26 09:00:00,0,0.45826640715912953,0.5417335928408704,Hold,56.552357,56.83496,56.450306,56.82711,6877
2023-05-26 10:00:00,0,0.4417716049591296,0.5582283950408704,Hold,56.81926,56.88206,56.68581,56.850662,6350
2023-05-26 11:00:00,0,0.4514271705761181,0.5485728294238819,Hold,56.850662,57.031216,56.83496,56.897762,6473
2023-05-26 12:00:00,0,0.49181864212870646,0.5081813578712935,Hold,56.905613,57.101864,56.693657,57.101864,14388
2023-05-26 13:00:00,0,0.4743674851699667,0.5256325148300334,Hold,57.101864,57.34522,56.952713,57.078316,27950
2023-05-26 14:00:00,0,0.4557885345152845,0.5442114654847154,Hold,57.086166,57.29812,56.693657,56.75646,21472
2023-05-26 15:00:00,0,0.4835436766474329,0.5164563233525671,Hold,56.75646,57.227467,56.74861,56.921314,19748
2023-05-26 16:00:00,0,0.4744088118046189,0.5255911881953811,Hold,56.921314,57.101864,56.83496,56.858513,11920
2023-05-26 17:00:00,0,0.47497770073356793,0.5250222992664321,Hold,56.858513,56.976265,56.78001,56.952713,12704
2023-05-26 18:00:00,0,0.4993748935693703,0.5006251064306297,Hold,56.952713,57.164665,56.81926,57.133266,21047
2023-05-26 19:00:00,0,0.4852988439278528,0.5147011560721473,Hold,57.133266,57.227467,57.109715,57.117565,5061
2023-05-26 20:00:00,0,0.5137801108314913,0.48621988916850867,Sell,57.117565,57.235317,57.101864,57.20392,1302
2023-05-28 22:00:00,1,0.5529959596784206,0.44700404032157937,Sell,57.486523,57.674927,57.36092,57.431572,2712
2023-05-28 23:00:00,1,0.4589507210177078,0.5410492789822923,Hold,57.439423,57.478672,57.35307,57.47082,686
2023-05-29 00:00:00,1,0.4741826134513814,0.5258173865486186,Hold,57.478672,57.533623,57.447273,57.494373,1942
2023-05-29 01:00:00,1,0.5301989462628585,0.46980105373714154,Sell,57.486523,57.674927,57.36877,57.612125,3567
2023-05-29 02:00:00,1,0.4551989442248056,0.5448010557751943,Hold,57.619976,57.73773,57.565025,57.588573,2139
2023-05-29 03:00:00,1,0.4350628190708637,0.5649371809291364,Hold,57.588573,57.627823,57.502224,57.525772,874
2023-05-29 04:00:00,1,0.4800991441368781,0.519900855863122,Hold,57.525772,57.541473,57.502224,57.533623,455
2023-05-29 05:00:00,1,0.4566851580232314,0.5433148419767686,Hold,57.533623,57.580723,57.38447,57.39232,1433
2023-05-29 06:00:00,1,0.4818146543371277,0.5181853456628722,Hold,57.39232,57.486523,57.32167,57.447273,2427
2023-05-29 07:00:00,1,0.5108178965431892,0.4891821034568108,Sell,57.447273,57.580723,57.39232,57.46297,3349
2023-05-29 08:00:00,0,0.528763500822833,0.47123649917716703,Sell,57.46297,57.502224,57.243168,57.26672,5376
2023-05-29 09:00:00,0,0.4974257116902944,0.5025742883097055,Hold,57.26672,57.26672,56.897762,56.92916,5384
2023-05-29 10:00:00,0,0.5052589058615735,0.4947410941384265,Sell,56.921314,56.999813,56.88991,56.952713,2932
2023-05-29 11:00:00,0,0.4964182592713619,0.503581740728638,Hold,56.952713,57.039066,56.858513,56.866364,2767
2023-05-29 12:00:00,0,0.5040900876135181,0.49590991238648185,Sell,56.858513,56.88206,56.568058,56.68581,5944
2023-05-29 13:00:00,0,0.5417945902200622,0.45820540977993784,Sell,56.67796,56.88206,56.552357,56.84281,8245
2023-05-29 14:00:00,0,0.48481472382782326,0.5151852761721767,Hold,56.850662,56.952713,56.76431,56.88991,4492
2023-05-29 15:00:00,0,0.48996060043171386,0.5100393995682861,Hold,56.88991,56.98411,56.850662,56.93701,3166
2023-05-29 16:00:00,0,0.48874833826996916,0.5112516617300309,Hold,56.944862,57.29812,56.944862,57.282417,2871
2023-05-29 17:00:00,0,0.4265083974259245,0.5734916025740755,Hold,57.282417,57.29812,57.180367,57.20392,1057
2023-05-29 18:00:00,0,0.4777593978748206,0.5222406021251794,Hold,57.227467,57.337368,57.21177,57.337368,656
2023-05-29 22:00:00,0,0.4953574883546475,0.5046425116453526,Hold,57.290268,57.35307,57.21177,57.32167,832
2023-05-29 23:00:00,0,0.5031098949932831,0.49689010500671693,Sell,57.32952,57.34522,57.196068,57.20392,673
2023-05-30 00:00:00,0,0.4492589282377087,0.5507410717622914,Hold,57.20392,57.25887,57.117565,57.188217,2199
2023-05-30 01:00:00,1,0.5173158117248515,0.4826841882751485,Sell,57.20392,57.588573,57.20392,57.447273,4894
2023-05-30 02:00:00,1,0.5353615761218353,0.4646384238781647,Sell,57.447273,57.533623,57.21177,57.219616,3117
2023-05-30 03:00:00,1,0.5129685244701463,0.4870314755298537,Sell,57.219616,57.235317,56.78786,56.850662,4210
2023-05-30 04:00:00,1,0.5286458063766747,0.4713541936233253,Sell,56.850662,56.850662,56.74076,56.79571,1440
2023-05-30 05:00:00,0,0.4608926789010539,0.5391073210989461,Hold,56.78786,56.850662,56.615158,56.615158,2820
2023-05-30 06:00:00,1,0.5164692467179572,0.48353075328204276,Sell,56.62301,56.968414,56.62301,56.93701,3571
2023-05-30 07:00:00,1,0.5168078116521125,0.48319218834788746,Sell,56.93701,56.98411,56.607307,56.72506,6285
2023-05-30 08:00:00,0,0.41539586556417035,0.5846041344358297,Hold,56.72506,56.75646,56.065647,56.073498,16935
2023-05-30 09:00:00,0,0.3894994558923227,0.6105005441076773,Hold,56.073498,56.152,55.743793,55.947895,13950
2023-05-30 10:00:00,1,0.37082071348716755,0.6291792865128325,Hold,55.947895,56.466003,55.861546,56.316853,12981
2023-05-30 11:00:00,1,0.32093930308750335,0.6790606969124966,Hold,56.324703,56.560207,56.28545,56.473854,7352
2023-05-30 12:00:00,1,0.38961659933143983,0.6103834006685602,Hold,56.473854,56.536655,55.932198,56.010696,15061
2023-05-30 13:00:00,1,0.4414419053163872,0.5585580946836128,Hold,56.010696,56.03425,54.754677,55.04513,57535
2023-05-30 14:00:00,1,0.3831262815575204,0.6168737184424796,Hold,55.04513,55.335587,54.574123,54.731125,36537
2023-05-30 15:00:00,1,0.37114784053144023,0.6288521594685598,Hold,54.738976,55.147182,54.519173,54.605522,31367
2023-05-30 16:00:00,1,0.354604509670764,0.645395490329236,Hold,54.59767,54.848877,54.44067,54.534874,21412
2023-05-30 17:00:00,0,0.3886211541581709,0.6113788458418291,Hold,54.54272,54.558422,54.181618,54.33077,22142
2023-05-30 18:00:00,1,0.4151789837082561,0.5848210162917439,Hold,54.33077,54.738976,54.315067,54.676174,24103
2023-05-30 19:00:00,1,0.3777703388110912,0.6222296611889089,Hold,54.676174,54.786076,54.676174,54.762527,5329
2023-05-30 20:00:00,1,0.3418775591654195,0.6581224408345805,Hold,54.754677,54.786076,54.519173,54.589825,2905
2023-05-30 22:00:00,1,0.34796486717196323,0.6520351328280367,Hold,54.652626,54.699726,54.566273,54.613373,799
2023-05-30 23:00:00,1,0.3400093805837831,0.6599906194162168,Hold,54.613373,54.652626,54.558422,54.59767,596
2023-05-31 00:00:00,1,0.3687882914935183,0.6312117085064817,Hold,54.589825,54.691875,54.54272,54.605522,2468
2023-05-31 01:00:00,1,0.3396736100104553,0.6603263899895446,Hold,54.613373,54.691875,54.41712,54.44067,4675
2023-05-31 02:00:00,0,0.3481367932974566,0.6518632067025434,Hold,54.44067,54.49562,54.29937,54.307217,3622
2023-05-31 03:00:00,0,0.367771234671051,0.632228765328949,Hold,54.307217,54.42497,54.28367,54.36217,1687
2023-05-31 04:00:00,0,0.3655760689938387,0.6344239310061612,Hold,54.35432,54.40927,54.34647,54.38572,846
2023-05-31 05:00:00,1,0.41032744644484964,0.5896725535551504,Hold,54.38572,54.519173,54.189465,54.48777,4159
2023-05-31 06:00:00,1,0.38927197756787235,0.6107280224321276,Hold,54.48777,54.49562,54.36217,54.43282,3143
2023-05-31 07:00:00,0,0.3606548622475106,0.6393451377524895,Hold,54.42497,54.644775,54.040314,54.205166,11365
2023-05-31 08:00:00,0,0.3474103361856946,0.6525896638143054,Hold,54.205166,54.707577,53.91471,54.01676,16528
2023-05-31 09:00:00,0,0.35820158474503977,0.6417984152549603,Hold,54.008915,54.44067,53.514355,53.585007,16382
2023-05-31 10:00:00,0,0.3530858866835882,0.6469141133164118,Hold,53.585007,53.69491,52.831394,53.106148,25620
2023-05-31 11:00:00,0,0.30555342149705456,0.6944465785029454,Hold,53.106148,53.153248,52.917744,53.035496,14404
2023-05-31 12:00:00,0,0.29144467130841467,0.7085553286915853,Hold,53.035496,53.0669,52.64299,52.854942,29230
2023-05-31 13:00:00,0,0.32598117219706224,0.6740188278029378,Hold,52.854942,54.267967,52.61944,53.86761,68441
2023-05-31 14:00:00,0,0.30971168497544177,0.6902883150245582,Hold,53.87546,54.54272,53.647808,54.063866,36497
2023-05-31 15:00:00,0,0.31210352157958254,0.6878964784204175,Hold,54.071712,54.307217,53.74201,54.118816,25782
2023-05-31 16:00:00,0,0.32103035993198,0.6789696400680201,Hold,54.126667,54.39357,53.87546,53.891163,15381
2023-05-31 17:00:00,0,0.306207216952009,0.6937927830479911,Hold,53.883312,54.01676,53.71846,53.74986,13258
2023-05-31 18:00:00,0,0.29877858104113025,0.7012214189588697,Hold,53.74986,53.76556,53.23175,53.490803,33227
2023-05-31 19:00:00,0,0.3081366645917209,0.691863335408279,Hold,53.490803,53.530056,53.23175,53.23175,6310
2023-05-31 20:00:00,0,0.32984040934975306,0.6701595906502469,Hold,53.23175,53.459404,53.035496,53.043346,5376
2023-05-31 22:00:00,0,0.3590117248561582,0.6409882751438418,Hold,53.0669,53.153248,52.996246,53.145397,1324
2023-05-31 23:00:00,0,0.35835152578810264,0.6416484742118973,Hold,53.13755,53.1768,53.106148,53.16895,708
2023-06-01 00:00:00,0,0.40176958974504606,0.5982304102549539,Hold,53.1611,53.24745,53.090446,53.106148,2376
2023-06-01 01:00:00,0,0.38281467925526474,0.6171853207447353,Hold,53.098297,53.671356,53.098297,53.647808,7368
2023-06-01 02:00:00,0,0.38850587947908677,0.6114941205209132,Hold,53.647808,53.85976,53.553604,53.78911,6292
2023-06-01 03:00:00,0,0.3563326092923936,0.6436673907076065,Hold,53.78911,53.87546,53.734158,53.82051,2739
2023-06-01 04:00:00,0,0.38810816543672494,0.6118918345632751,Hold,53.82051,53.883312,53.66351,53.69491,4940
2023-06-01 05:00:00,0,0.3954994945951406,0.6045005054048593,Hold,53.70276,53.74986,53.592857,53.65566,3024
2023-06-01 06:00:00,0,0.4214771192513217,0.5785228807486783,Hold,53.65566,54.040314,53.632107,53.92256,5851
2023-06-01 07:00:00,0,0.4321521444195384,0.5678478555804616,Hold,53.930412,53.938263,53.522205,53.545757,9887
2023-06-01 08:00:00,0,0.4164629512306874,0.5835370487693126,Hold,53.545757,53.75771,53.3809,53.569305,9156
2023-06-01 09:00:00,0,0.42134788009261365,0.5786521199073864,Hold,53.577156,53.624256,53.21605,53.522205,8350
2023-06-01 10:00:00,0,0.4577675316805335,0.5422324683194665,Hold,53.506504,53.577156,53.004097,53.035496,13527
2023-06-01 11:00:00,0,0.42701212541878153,0.5729878745812185,Hold,53.035496,53.32595,53.035496,53.310253,6231
2023-06-01 12:00:00,0,0.4683901987272454,0.5316098012727546,Hold,53.302402,53.82051,53.27885,53.600708,17055
2023-06-01 13:00:00,0,0.42918513878413167,0.5708148612158683,Hold,53.608555,53.66351,53.098297,53.428005,31484
2023-06-01 14:00:00,0,0.48401366220266084,0.5159863377973392,Hold,53.435852,54.252266,53.3809,54.095264,27521
2023-06-01 15:00:00,0,0.46870042360654685,0.5312995763934532,Hold,54.095264,55.53969,53.96966,55.492588,61696
2023-06-01 16:00:00,0,0.4493135124251022,0.5506864875748978,Hold,55.492588,55.790894,55.46119,55.61034,28425
2023-06-01 17:00:00,0,0.47180249251685336,0.5281975074831466,Hold,55.61034,55.61034,55.359135,55.40624,14955
2023-06-01 18:00:00,0,0.4932582919843076,0.5067417080156924,Hold,55.40624,55.414085,54.94308,55.06868,24222
2023-06-01 19:00:00,0,0.4607804188815257,0.5392195811184743,Hold,55.06868,55.07653,54.950928,54.98233,3988
2023-06-01 20:00:00,0,0.4608754090515233,0.5391245909484768,Hold,54.99018,55.115784,54.96663,55.06868,2159
2023-06-01 22:00:00,0,0.4681396309624724,0.5318603690375276,Hold,55.115784,55.115784,54.96663,55.04513,1004
2023-06-01 23:00:00,0,0.45307638322858834,0.5469236167714117,Hold,55.02943,55.060833,54.99803,55.02158,410
2023-06-02 00:00:00,0,0.4469455258522642,0.5530544741477358,Hold,55.02158,55.07653,54.950928,55.03728,1795
2023-06-02 01:00:00,0,0.46965840348002175,0.5303415965199783,Hold,55.03728,55.194283,55.02943,55.13933,2865
2023-06-02 02:00:00,0,0.4848923015432375,0.5151076984567625,Hold,55.13933,55.312035,55.08438,55.288486,2254
2023-06-02 03:00:00,0,0.49462792130392297,0.505372078696077,Hold,55.288486,55.45334,55.249233,55.382687,2401
2023-06-02 04:00:00,0,0.47091283977395304,0.529087160226047,Hold,55.390537,55.398388,55.288486,55.296333,1151
2023-06-02 05:00:00,0,0.5340565856369881,0.4659434143630119,Sell,55.288486,55.57109,55.249233,55.55539,2958
2023-06-02 06:00:00,0,0.5556098471430432,0.4443901528569568,Sell,55.57109,55.688843,55.492588,55.64959,4619
2023-06-02 07:00:00,0,0.5464691681324176,0.45353083186758236,Sell,55.641743,55.728092,55.45334,55.60249,7717
2023-06-02 08:00:00,0,0.5525082866492808,0.44749171335071924,Sell,55.61034,56.0421,55.202133,55.979298,16402
2023-06-02 09:00:00,0,0.51802971233985,0.48197028766015004,Sell,55.98715,56.17555,55.66529,55.759495,13151
2023-06-02 10:00:00,0,0.5349488328151926,0.46505116718480743,Sell,55.76734,55.955746,55.751644,55.885094,5005
2023-06-02 11:00:00,0,0.5032772955205712,0.4967227044794288,Sell,55.877243,56.0421,55.76734,55.916496,6199
2023-06-02 12:00:00,0,0.5516021862651121,0.44839781373488785,Sell,55.908646,56.473854,55.900795,56.25405,17801
2023-06-02 13:00:00,0,0.5200766061762657,0.4799233938237343,Sell,56.2462,56.638706,56.0892,56.458157,28576
2023-06-02 14:00:00,0,0.5340956166956082,0.46590438330439177,Sell,56.466003,56.654408,55.979298,56.057796,27046
2023-06-02 15:00:00,0,0.5427804286746225,0.4572195713253775,Sell,56.073498,56.332554,55.822292,56.2619,21914
2023-06-02 16:00:00,0,0.387006615600948,0.612993384399052,Hold,56.269753,56.403202,55.971447,56.1834,15587
2023-06-02 17:00:00,0,0.3707249294843052,0.6292750705156949,Hold,56.17555,56.34825,56.065647,56.332554,11580
2023-06-02 18:00:00,0,0.3503505203824182,0.6496494796175818,Hold,56.332554,56.473854,56.14415,56.2619,25640
2023-06-02 19:00:00,0,0.34718649085645076,0.6528135091435492,Hold,56.2619,56.615158,56.2462,56.489555,10928
2023-06-02 20:00:00,0,0.3337120674370438,0.6662879325629563,Hold,56.497406,56.552357,56.411053,56.418903,2295
2023-06-04 22:00:00,1,0.36371694014463185,0.6362830598553681,Hold,58.899548,58.923096,57.541473,57.79268,18786
2023-06-04 23:00:00,1,0.3562356551502333,0.6437643448497667,Hold,57.800526,57.83978,57.51792,57.596424,4121
2023-06-05 00:00:00,0,0.35922607657759487,0.6407739234224051,Hold,57.596424,57.596424,57.031216,57.046913,7328
2023-06-05 01:00:00,0,0.35710521204041784,0.6428947879595821,Hold,57.054764,57.133266,56.71721,57.023365,10560
2023-06-05 02:00:00,0,0.3502601622727671,0.649739837727233,Hold,56.999813,57.023365,56.82711,56.87421,3767
2023-06-05 03:00:00,0,0.31154896680451666,0.6884510331954834,Hold,56.87421,57.133266,56.87421,57.046913,2886
2023-06-05 04:00:00,0,0.31698168074962446,0.6830183192503756,Hold,57.054764,57.125416,56.92916,57.117565,2463
2023-06-05 05:00:00,0,0.3219536406014395,0.6780463593985605,Hold,57.109715,57.235317,56.921314,56.952713,3874
2023-06-05 06:00:00,0,0.3222745080506079,0.677725491949392,Hold,56.960564,57.26672,56.960564,57.117565,5158
2023-06-05 07:00:00,0,0.3377407382774246,0.6622592617225753,Hold,57.125416,57.580723,57.125416,57.447273,10750
2023-06-05 08:00:00,1,0.3442764273779582,0.6557235726220418,Hold,57.45512,57.94183,57.42372,57.651375,17502
2023-06-05 09:00:00,0,0.32890249697476787,0.6710975030252322,Hold,57.651375,57.729877,57.188217,57.25887,8350
2023-06-05 10:00:00,0,0.29834010378377945,0.7016598962162206,Hold,57.25887,57.439423,57.25887,57.40802,4229
2023-06-05 11:00:00,1,0.34145880471059625,0.6585411952894038,Hold,57.40017,57.729877,57.32952,57.604275,6205
2023-06-05 12:00:00,1,0.3620301199506309,0.6379698800493692,Hold,57.612125,57.98108,57.572872,57.714176,21354
2023-06-05 13:00:00,1,0.3329238676610258,0.6670761323389742,Hold,57.706326,57.90258,57.007664,57.133266,31654
2023-06-05 14:00:00,1,0.3079065178244802,0.6920934821755198,Hold,57.141117,57.243168,56.536655,57.023365,41259
2023-06-05 15:00:00,1,0.32823746272668786,0.6717625372733121,Hold,57.031216,57.26672,56.77216,57.078316,22081
2023-06-05 16:00:00,1,0.32391837833250214,0.6760816216674979,Hold,57.086166,57.36092,57.015514,57.35307,12614
2023-06-05 17:00:00,1,0.32750944830613843,0.6724905516938615,Hold,57.34522,57.36877,56.92916,57.015514,11489
2023-06-05 18:00:00,0,0.34975487800046595,0.650245121999534,Hold,57.007664,57.078316,56.458157,56.520954,24986
2023-06-05 19:00:00,0,0.30167294913352416,0.6983270508664758,Hold,56.528805,56.591606,56.371803,56.395355,5448
2023-06-05 20:00:00,0,0.3051910518418334,0.6948089481581665,Hold,56.403202,56.505257,56.309002,56.450306,2369
2023-06-05 22:00:00,0,0.32836095606121685,0.6716390439387832,Hold,56.513107,56.520954,56.379654,56.387505,873
2023-06-05 23:00:00,0,0.36435634799238886,0.6356436520076112,Hold,56.387505,56.489555,56.379654,56.481705,546
2023-06-06 00:00:00,0,0.3161452552680082,0.6838547447319918,Hold,56.489555,56.520954,56.387505,56.434605,1471
2023-06-06 01:00:00,0,0.29647556585687285,0.7035244341431272,Hold,56.434605,56.544506,56.15985,56.20695,5096
2023-06-06 02:00:00,0,0.30955844912081265,0.6904415508791873,Hold,56.2148,56.497406,56.2148,56.442455,3026
2023-06-06 03:00:00,0,0.31295032896560726,0.6870496710343927,Hold,56.450306,56.497406,56.379654,56.434605,1209
2023-06-06 04:00:00,1,0.34372110869739597,0.6562788913026041,Hold,56.434605,56.489555,56.363953,56.458157,1576
2023-06-06 05:00:00,0,0.3357355400709921,0.664264459929008,Hold,56.458157,56.520954,56.2619,56.28545,3196
2023-06-06 06:00:00,0,0.31250217061849334,0.6874978293815066,Hold,56.28545,56.324703,55.908646,55.947895,7281
2023-06-06 07:00:00,0,0.31389253183831484,0.6861074681616852,Hold,55.940044,56.018547,55.429787,55.66529,16801
2023-06-06 08:00:00,0,0.3032348233094371,0.6967651766905629,Hold,55.67314,55.837994,55.052982,55.100082,15960
2023-06-06 09:00:00,0,0.35017857106381267,0.6498214289361873,Hold,55.100082,55.72024,55.060833,55.680992,10115
2023-06-06 10:00:00,0,0.33368776359925445,0.6663122364007456,Hold,55.688843,55.751644,55.335587,55.366985,8075
2023-06-06 11:00:00,0,0.31512122375507,0.68487877624493,Hold,55.366985,55.421936,55.209984,55.312035,8695
2023-06-06 12:00:00,0,0.346003693302245,0.653996306697755,Hold,55.312035,55.57109,55.304184,55.46119,11078
2023-06-06 13:00:00,0,0.35857850880191044,0.6414214911980896,Hold,55.45334,55.845844,55.359135,55.64959,29784
2023-06-06 14:00:00,0,0.3518265607843046,0.6481734392156955,Hold,55.64959,56.583755,55.60249,56.450306,32799
2023-06-06 15:00:00,0,0.30214545279626925,0.6978545472037307,Hold,56.450306,56.78001,56.222652,56.316853,26987
2023-06-06 16:00:00,0,0.28632177835839484,0.7136782216416051,Hold,56.316853,56.520954,56.25405,56.442455,11065
2023-06-06 17:00:00,0,0.2830566927058213,0.7169433072941787,Hold,56.450306,56.497406,56.309002,56.434605,10956
2023-06-06 18:00:00,0,0.31680653294957295,0.683193467050427,Hold,56.442455,56.520954,56.19125,56.2619,14025
2023-06-06 19:00:00,0,0.3222941076588991,0.6777058923411009,Hold,56.2619,56.316853,56.065647,56.15985,4588
2023-06-06 20:00:00,0,0.355866168683579,0.644133831316421,Hold,56.1677,56.20695,56.04995,56.0892,3261
2023-06-06 22:00:00,0,0.37685012172142085,0.6231498782785792,Hold,56.17555,56.277603,56.14415,56.1991,1107
2023-06-06 23:00:00,0,0.4004577601065242,0.5995422398934758,Hold,56.1991,56.34825,56.1834,56.324703,814
2023-06-07 00:00:00,0,0.3972092836092014,0.6027907163907986,Hold,56.316853,56.426754,56.25405,56.379654,1977
2023-06-07 01:00:00,0,0.3914641758825927,0.6085358241174073,Hold,56.387505,56.473854,56.25405,56.2933,2855
2023-06-07 02:00:00,0,0.39497696820679495,0.605023031793205,Hold,56.28545,56.324703,56.0892,56.1049,2782
2023-06-07 03:00:00,0,0.3815361258671003,0.6184638741328997,Hold,56.09705,56.1834,55.98715,56.0892,2233
2023-06-07 04:00:00,0,0.3699750597286701,0.6300249402713298,Hold,56.08135,56.120598,56.026398,56.03425,875
2023-06-07 05:00:00,0,0.38771154390948137,0.6122884560905186,Hold,56.026398,56.0421,55.861546,55.916496,3116
2023-06-07 06:00:00,0,0.4142546929597623,0.5857453070402376,Hold,55.924347,56.08135,55.877243,56.018547,3329
2023-06-07 07:00:00,0,0.391008185116609,0.608991814883391,Hold,56.010696,56.08135,55.743793,55.806595,6657
2023-06-07 08:00:00,0,0.44341342338486245,0.5565865766151376,Hold,55.806595,56.473854,55.790894,56.442455,14619
2023-06-07 09:00:00,0,0.48612672088047976,0.5138732791195202,Hold,56.442455,56.67011,56.309002,56.63086,7669
2023-06-07 10:00:00,0,0.5290931349768919,0.4709068650231081,Sell,56.63086,56.999813,56.62301,56.98411,8900
2023-06-07 11:00:00,0,0.438728886846149,0.561271113153851,Hold,56.991962,57.086166,56.83496,56.858513,8863
2023-06-07 12:00:00,0,0.5027379116516977,0.4972620883483023,Sell,56.858513,57.101864,56.83496,57.031216,8386
2023-06-07 13:00:00,0,0.4443499786953061,0.5556500213046939,Hold,57.015514,57.15682,56.544506,56.960564,29435
2023-06-07 14:00:00,0,0.47086157938429835,0.5291384206157017,Hold,56.960564,57.282417,56.88991,56.952713,33203
2023-06-07 15:00:00,1,0.5153767755870422,0.4846232244129578,Sell,56.960564,57.45512,56.78001,57.431572,24791
2023-06-07 16:00:00,0,0.40097769704015845,0.5990223029598416,Hold,57.431572,57.431572,56.921314,56.999813,16935
2023-06-07 17:00:00,0,0.4448407489530469,0.5551592510469531,Hold,56.991962,57.21177,56.921314,57.086166,10663
2023-06-07 18:00:00,0,0.39155926028063376,0.6084407397193663,Hold,57.094017,57.125416,56.84281,56.88991,15772
2023-06-07 19:00:00,0,0.38779100860931337,0.6122089913906866,Hold,56.88206,57.046913,56.88206,56.999813,5272
2023-06-07 20:00:00,0,0.3944577179462091,0.6055422820537909,Hold,56.999813,57.015514,56.866364,56.88206,1639
2023-06-07 22:00:00,0,0.43215285433573325,0.5678471456642668,Hold,56.88991,56.944862,56.850662,56.88206,585
2023-06-07 23:00:00,0,0.4383946966108714,0.5616053033891286,Hold,56.88991,56.897762,56.850662,56.858513,414
2023-06-08 00:00:00,0,0.45512127548489373,0.5448787245151063,Hold,56.858513,56.93701,56.74861,56.92916,1652
2023-06-08 01:00:00,0,0.43725915722544234,0.5627408427745577,Hold,56.93701,56.999813,56.701508,56.71721,3044
2023-06-08 02:00:00,0,0.4161450362609718,0.5838549637390282,Hold,56.71721,56.905613,56.70936,56.87421,2133
2023-06-08 03:00:00,0,0.38474088503724296,0.6152591149627571,Hold,56.87421,56.905613,56.78001,56.81141,1284
2023-06-08 04:00:00,0,0.4076276407749908,0.5923723592250092,Hold,56.803562,56.858513,56.76431,56.803562,1113
2023-06-08 05:00:00,0,0.43387782971766514,0.5661221702823349,Hold,56.803562,57.007664,56.76431,56.897762,2292
2023-06-08 06:00:00,0,0.4395713419971589,0.560428658002841,Hold,56.905613,57.046913,56.81926,57.031216,2744
2023-06-08 07:00:00,0,0.40404542878280886,0.5959545712171912,Hold,57.023365,57.21177,56.88991,56.968414,7477
2023-06-08 08:00:00,0,0.4856878610906159,0.5143121389093841,Hold,56.968414,57.015514,56.62301,56.638706,12259
2023-06-08 09:00:00,0,0.4878310201356306,0.5121689798643694,Hold,56.63086,57.133266,56.575905,57.125416,7200
2023-06-08 10:00:00,1,0.4839414461275192,0.5160585538724808,Hold,57.133266,57.525772,57.109715,57.36877,10969
2023-06-08 11:00:00,1,0.4274260380736969,0.572573961926303,Hold,57.36092,57.47082,57.26672,57.41587,5892
2023-06-08 12:00:00,1,0.3830928193503185,0.6169071806496815,Hold,57.42372,57.51792,57.196068,57.29812,10775
2023-06-08 13:00:00,1,0.4136428725517003,0.5863571274482997,Hold,57.29812,57.30597,56.458157,56.68581,35454
2023-06-08 14:00:00,1,0.4269284283838133,0.5730715716161867,Hold,56.67796,56.77216,56.2462,56.497406,27584
2023-06-08 15:00:00,0,0.4640083853785562,0.5359916146214438,Hold,56.489555,56.583755,54.275818,54.44067,81591
2023-06-08 16:00:00,0,0.4471386313714345,0.5528613686285655,Hold,54.44067,55.798744,54.189465,55.55539,68853
2023-06-08 17:00:00,0,0.4260310997298679,0.573968900270132,Hold,55.56324,56.23835,55.51614,56.0892,33404
2023-06-08 18:00:00,0,0.41330468419661515,0.5866953158033849,Hold,56.0892,56.2462,55.783043,55.900795,20744
2023-06-08 19:00:00,0,0.4031915919321983,0.5968084080678018,Hold,55.900795,55.947895,55.688843,55.743793,4117
2023-06-08 20:00:00,0,0.42423481878258423,0.5757651812174158,Hold,55.743793,55.743793,55.61819,55.696693,2022
2023-06-08 22:00:00,0,0.44086131798694755,0.5591386820130524,Hold,55.688843,55.783043,55.66529,55.735943,778
2023-06-08 23:00:00,0,0.4204020499842251,0.5795979500157749,Hold,55.728092,55.728092,55.60249,55.61819,720
2023-06-09 00:00:00,0,0.4327225875025888,0.5672774124974111,Hold,55.61819,55.72024,55.50829,55.72024,1816
2023-06-09 01:00:00,0,0.4072443692256142,0.5927556307743858,Hold,55.71239,55.869396,55.633892,55.641743,3124
2023-06-09 02:00:00,0,0.4242113471201746,0.5757886528798254,Hold,55.64959,55.688843,55.54754,55.641743,1899
2023-06-09 03:00:00,0,0.43575823221353593,0.5642417677864641,Hold,55.633892,55.728092,55.60249,55.633892,1011
2023-06-09 04:00:00,0,0.43525559596350355,0.5647444040364964,Hold,55.633892,55.64959,55.50829,55.56324,929
2023-06-09 05:00:00,0,0.445199180078058,0.5548008199219421,Hold,55.56324,55.65744,55.484737,55.56324,2440
2023-06-09 06:00:00,0,0.4745359483097295,0.5254640516902704,Hold,55.56324,55.728092,55.437637,55.67314,3474
2023-06-09 07:00:00,1,0.49838000017809825,0.5016199998219018,Hold,55.66529,56.010696,55.51614,55.979298,8281
2023-06-09 08:00:00,1,0.4792494123585492,0.5207505876414509,Hold,55.979298,56.2305,55.70454,56.15985,11657
2023-06-09 09:00:00,1,0.46120998967955495,0.538790010320445,Hold,56.152,56.2619,56.073498,56.15985,6394
2023-06-09 10:00:00,1,0.47427488914246113,0.5257251108575389,Hold,56.1677,56.1677,55.798744,56.073498,6114
2023-06-09 11:00:00,1,0.4842736669087183,0.5157263330912817,Hold,56.073498,56.2462,56.0421,56.1677,5739
2023-06-09 12:00:00,1,0.5059286711985048,0.4940713288014952,Sell,56.1677,56.23835,55.900795,56.1677,9118
2023-06-09 13:00:00,0,0.4865097805883304,0.5134902194116696,Hold,56.17555,56.1834,55.55539,55.76734,28276
2023-06-09 14:00:00,1,0.5238171192062425,0.4761828807937575,Sell,55.76734,56.340405,55.76734,56.277603,21400
2023-06-09 15:00:00,1,0.47892884151316345,0.5210711584868366,Hold,56.269753,56.2933,55.837994,55.900795,18277
2023-06-09 16:00:00,1,0.46063070579899934,0.5393692942010007,Hold,55.900795,56.03425,55.72024,55.845844,14148
2023-06-09 17:00:00,1,0.46700151754092356,0.5329984824590764,Hold,55.837994,55.853695,55.17858,55.335587,20009
2023-06-09 18:00:00,1,0.42466761044134155,0.5753323895586584,Hold,55.343437,55.476887,55.02943,55.09223,18472
2023-06-09 19:00:00,1,0.4820753063313229,0.5179246936686771,Hold,55.09223,55.209984,55.03728,55.18643,4709
2023-06-09 20:00:00,1,0.48297830186384605,0.517021698136154,Hold,55.17858,55.264935,55.17858,55.225685,1869
2023-06-11 22:00:00,1,0.4221656030881403,0.5778343969118598,Hold,55.162884,55.209984,54.88028,54.888126,2100
2023-06-11 23:00:00,1,0.41428312921703586,0.5857168707829641,Hold,54.895977,54.95878,54.82533,54.93523,1051
2023-06-12 00:00:00,1,0.41113287805792403,0.588867121942076,Hold,54.93523,54.94308,54.809628,54.92738,1749
2023-06-12 01:00:00,1,0.446969634606032,0.553030365393968,Hold,54.91953,54.92738,54.40927,54.43282,7606
2023-06-12 02:00:00,1,0.4397435342017844,0.5602564657982156,Hold,54.43282,54.558422,54.40142,54.44852,3347
2023-06-12 03:00:00,1,0.4494361481428464,0.5505638518571536,Hold,54.44852,54.49562,54.38572,54.472073,1929
2023-06-12 04:00:00,1,0.420482576492833,0.579517423507167,Hold,54.464222,54.49562,54.275818,54.315067,2340
2023-06-12 05:00:00,1,0.41500236297869103,0.584997637021309,Hold,54.315067,54.47992,54.315067,54.44067,2440
2023-06-12 06:00:00,1,0.4108232631019162,0.5891767368980838,Hold,54.44067,54.621223,54.40927,54.534874,4124
2023-06-12 07:00:00,1,0.43088135078449064,0.5691186492155094,Hold,54.534874,54.581974,53.84406,53.946114,16456
2023-06-12 08:00:00,0,0.39048253622956786,0.6095174637704321,Hold,53.938263,54.071712,53.475105,53.687057,22275
2023-06-12 09:00:00,0,0.3633015122393831,0.6366984877606169,Hold,53.687057,53.76556,53.12185,53.585007,16472
2023-06-12 10:00:00,0,0.4156727006171299,0.5843272993828701,Hold,53.569305,53.96181,53.498653,53.92256,6895
2023-06-12 11:00:00,0,0.3798400514193197,0.6201599485806804,Hold,53.92256,54.008915,53.671356,53.836212,6037
2023-06-12 12:00:00,0,0.359877918077943,0.640122081922057,Hold,53.82836,53.930412,53.37305,53.404453,13543
2023-06-12 13:00:00,0,0.3523084450641297,0.6476915549358703,Hold,53.404453,53.647808,53.0669,53.21605,34825
2023-06-12 14:00:00,0,0.32419841032272473,0.6758015896772753,Hold,53.21605,53.255302,52.43889,53.1297,43821
2023-06-12 15:00:00,0,0.324505930131481,0.675494069868519,Hold,53.12185,53.506504,53.12185,53.302402,26984
2023-06-12 16:00:00,0,0.3187105446636848,0.6812894553363151,Hold,53.302402,53.349503,52.79214,52.988396,15308
2023-06-12 17:00:00,0,0.33329438942627027,0.6667056105737297,Hold,52.988396,53.0669,52.831394,52.894196,11480
2023-06-12 18:00:00,0,0.3563991418269664,0.6436008581730336,Hold,52.902046,53.004097,52.43889,52.54879,27815
2023-06-12 19:00:00,0,0.3366654694374168,0.6633345305625832,Hold,52.54879,52.69009,52.53309,52.63514,5587
2023-06-12 20:00:00,0,0.3416774203194038,0.6583225796805963,Hold,52.63514,52.870644,52.63514,52.862793,2794
2023-06-12 22:00:00,0,0.33689481281044725,0.6631051871895528,Hold,52.839245,52.933445,52.760742,52.894196,1180
2023-06-12 23:00:00,0,0.33141359567705075,0.6685864043229492,Hold,52.902046,52.933445,52.854942,52.917744,740
2023-06-13 00:00:00,0,0.32975259431634996,0.67024740568365,Hold,52.909893,52.988396,52.713642,52.807842,4801
2023-06-13 01:00:00,0,0.35874082218747616,0.6412591778125238,Hold,52.815693,52.964848,52.729343,52.925594,4277
2023-06-13 02:00:00,0,0.3621709945158835,0.6378290054841165,Hold,52.917744,53.011948,52.721493,53.004097,2962
2023-06-13 03:00:00,0,0.3525866581294747,0.6474133418705252,Hold,53.004097,53.004097,52.839245,52.964848,2045
2023-06-13 04:00:00,0,0.3376567033443183,0.6623432966556817,Hold,52.964848,52.980545,52.894196,52.956997,1427
2023-06-13 05:00:00,0,0.3777045294648709,0.6222954705351291,Hold,52.949146,53.035496,52.79999,52.909893,2892
2023-06-13 06:00:00,0,0.35450410878112815,0.6454958912188719,Hold,52.909893,53.1925,52.831394,52.956997,7170
2023-06-13 07:00:00,0,0.3371841873850359,0.6628158126149641,Hold,52.956997,53.18465,52.847095,52.988396,8493
2023-06-13 08:00:00,0,0.3425969930426185,0.6574030069573815,Hold,52.988396,53.29455,52.847095,53.26315,10028
2023-06-13 09:00:00,0,0.3427682975421357,0.6572317024578642,Hold,53.255302,53.506504,53.043346,53.3338,10430
2023-06-13 10:00:00,0,0.43348500690380265,0.5665149930961974,Hold,53.3338,53.77341,53.3181,53.647808,9194
2023-06-13 11:00:00,0,0.38575430027440166,0.6142456997255983,Hold,53.647808,53.79696,53.428005,53.624256,8296
2023-06-13 12:00:00,0,0.46885323804505474,0.5311467619549453,Hold,53.624256,54.189465,53.577156,54.040314,21690
2023-06-13 13:00:00,0,0.507710084095388,0.492289915904612,Sell,54.040314,54.746826,53.946114,54.723274,38211
2023-06-13 14:00:00,0,0.46862169206911136,0.5313783079308887,Hold,54.723274,54.81748,54.39357,54.566273,26138
2023-06-13 15:00:00,0,0.442689383196989,0.5573106168030111,Hold,54.566273,54.754677,54.205166,54.307217,19460
2023-06-13 16:00:00,0,0.45301201810652897,0.5469879818934711,Hold,54.307217,54.644775,54.260117,54.55057,10400
2023-06-13 17:00:00,0,0.4325590914085979,0.5674409085914021,Hold,54.55057,54.676174,54.45637,54.676174,8488
2023-06-13 18:00:00,0,0.37702545597806664,0.6229745440219334,Hold,54.676174,54.793926,54.220867,54.28367,21180
2023-06-13 19:00:00,0,0.3560273769143739,0.6439726230856261,Hold,54.28367,54.41712,54.260117,54.28367,5116
2023-06-13 20:00:00,0,0.33687885449334626,0.6631211455066537,Hold,54.29152,54.472073,54.267967,54.38572,1771
2023-06-13 22:00:00,0,0.39351443564625943,0.6064855643537406,Hold,54.44067,54.44067,54.275818,54.29152,989
2023-06-13 23:00:00,0,0.40547364644251993,0.5945263535574801,Hold,54.29152,54.36217,54.28367,54.33077,407
2023-06-14 00:00:00,0,0.4227183638257732,0.5772816361742268,Hold,54.322918,54.35432,54.228718,54.28367,1391
2023-06-14 01:00:00,0,0.41253746197663105,0.5874625380233689,Hold,54.28367,54.38572,54.220867,54.29937,2435
2023-06-14 02:00:00,0,0.47686335165839094,0.5231366483416091,Hold,54.307217,54.49562,54.267967,54.47992,1587
2023-06-14 03:00:00,0,0.45165708742259963,0.5483429125774004,Hold,54.47992,54.558422,54.39357,54.54272,1710
2023-06-14 04:00:00,0,0.4295825677637571,0.570417432236243,Hold,54.534874,54.55057,54.472073,54.519173,781
2023-06-14 05:00:00,0,0.46379161779936573,0.5362083822006343,Hold,54.527023,54.746826,54.511322,54.636925,2542
2023-06-14 06:00:00,0,0.47533915045654823,0.5246608495434517,Hold,54.636925,54.731125,54.621223,54.660473,2646
2023-06-14 07:00:00,0,0.536832058577683,0.463167941422317,Sell,54.660473,54.99803,54.464222,54.95878,9673
2023-06-14 08:00:00,1,0.5216517509851282,0.47834824901487183,Sell,54.95878,55.13933,54.731125,55.06868,10410
2023-06-14 09:00:00,0,0.506738063230359,0.49326193676964103,Sell,55.06868,55.06868,54.895977,55.00588,4322
2023-06-14 10:00:00,1,0.5260079616452732,0.4739920383547268,Sell,55.00588,55.335587,55.00588,55.296333,6880
2023-06-14 11:00:00,0,0.5075768476702271,0.49242315232977285,Sell,55.288486,55.335587,54.731125,54.856728,14939
2023-06-14 12:00:00,1,0.5281912642013564,0.4718087357986436,Sell,54.856728,55.13148,54.762527,55.08438,8744
2023-06-14 13:00:00,1,0.5175923835789212,0.48240761642107877,Sell,55.08438,55.312035,54.96663,54.99018,18012
2023-06-14 14:00:00,0,0.5991257115370765,0.4008742884629235,Sell,54.98233,55.107933,54.33077,54.43282,34370
2023-06-14 15:00:00,0,0.5854213277843516,0.41457867221564837,Sell,54.43282,54.684025,53.86761,53.938263,25052
2023-06-14 16:00:00,0,0.4978191604038471,0.5021808395961529,Hold,53.930412,54.534874,53.87546,54.39357,13764
2023-06-14 17:00:00,0,0.5253861211641141,0.4746138788358859,Sell,54.40142,54.527023,54.008915,54.063866,9511
2023-06-14 18:00:00,0,0.44455995241195995,0.5554400475880401,Hold,54.071712,54.150215,53.435852,53.632107,30753
2023-06-14 19:00:00,0,0.478560797036801,0.521439202963199,Hold,53.624256,53.985363,53.624256,53.985363,6096
2023-06-14 20:00:00,0,0.4685402636273618,0.5314597363726382,Hold,53.977512,54.008915,53.82836,53.91471,2051
2023-06-14 22:00:00,0,0.4679313317061547,0.5320686682938454,Hold,53.930412,53.96181,53.85191,53.883312,396
2023-06-14 23:00:00,0,0.4618253778915391,0.5381746221084609,Hold,53.87546,53.938263,53.74986,53.79696,482
2023-06-15 00:00:00,0,0.39549406305508933,0.6045059369449106,Hold,53.78911,53.836212,53.74986,53.781258,433
2023-06-15 01:00:00,0,0.408238036222372,0.591761963777628,Hold,53.77341,53.77341,53.490803,53.522205,1177
2023-06-15 02:00:00,0,0.3823355851908019,0.6176644148091981,Hold,53.537907,53.600708,53.482956,53.498653,510
2023-06-15 03:00:00,0,0.41924943663042913,0.5807505633695709,Hold,53.498653,53.530056,53.412304,53.435852,482
2023-06-15 04:00:00,0,0.39971328504507175,0.6002867149549282,Hold,53.435852,53.482956,53.357353,53.451553,388
2023-06-15 05:00:00,0,0.42739092080353674,0.5726090791964633,Hold,53.451553,53.92256,53.420155,53.85191,1332
2023-06-15 06:00:00,0,0.4369678875799489,0.563032112420051,Hold,53.85976,53.993214,53.77341,53.90686,916
2023-06-15 07:00:00,0,0.43635665843646737,0.5636433415635327,Hold,53.89901,53.90686,53.553604,53.84406,2552
2023-06-15 08:00:00,0,0.4328004171900234,0.5671995828099766,Hold,53.85976,54.071712,53.608555,53.632107,2934
2023-06-15 09:00:00,0,0.4453800514483248,0.5546199485516752,Hold,53.616405,54.228718,53.545757,54.181618,2683
2023-06-15 10:00:00,0,0.44027629406568725,0.5597237059343128,Hold,54.189465,54.36217,54.008915,54.29937,2111
2023-06-15 11:00:00,0,0.4301848133871629,0.5698151866128371,Hold,54.29937,54.33862,54.056015,54.126667,2095
2023-06-15 12:00:00,0,0.4365926748298721,0.5634073251701279,Hold,54.126667,54.165916,53.930412,54.118816,2001
2023-06-15 13:00:00,0,0.46711653056632685,0.5328834694336732,Hold,54.126667,54.558422,54.040314,54.40142,6568
2023-06-15 14:00:00,0,0.46639483727381015,0.5336051627261899,Hold,54.40927,54.81748,54.23657,54.81748,7052
2023-06-15 15:00:00,0,0.406363910886768,0.593636089113232,Hold,54.809628,55.296333,54.77038,55.194283,9377
2023-06-15 16:00:00,0,0.411163434526521,0.5888365654734791,Hold,55.170734,55.296333,55.03728,55.18643,3731
2023-06-15 17:00:00,0,0.4289872266136033,0.5710127733863968,Hold,55.18643,55.70454,55.115784,55.52399,4670
2023-06-15 18:00:00,0,0.3998383891336998,0.6001616108663002,Hold,55.51614,55.56324,55.351288,55.46904,6649
2023-06-15 19:00:00,0,0.3800639175692486,0.6199360824307514,Hold,55.484737,55.484737,55.351288,55.374836,1193
2023-06-15 20:00:00,0,0.3640376266874838,0.6359623733125161,Hold,55.374836,55.445488,55.359135,55.398388,826
2023-06-15 22:00:00,0,0.3608109470233729,0.6391890529766271,Hold,55.382687,55.421936,55.327736,55.382687,264
2023-06-15 23:00:00,0,0.383660143994529,0.6163398560054709,Hold,55.366985,55.52399,55.366985,55.414085,198
2023-06-16 00:00:00,0,0.35973574305118816,0.6402642569488118,Hold,55.437637,55.445488,55.257084,55.312035,336
2023-06-16 01:00:00,0,0.3699532006256123,0.6300467993743877,Hold,55.335587,55.429787,55.272785,55.374836,195
2023-06-16 02:00:00,0,0.40135836751105974,0.5986416324889403,Hold,55.366985,55.366985,55.249233,55.272785,205
2023-06-16 03:00:00,0,0.38541429240540376,0.6145857075945962,Hold,55.264935,55.351288,55.264935,55.327736,129
2023-06-16 04:00:00,0,0.3882712031360505,0.6117287968639495,Hold,55.296333,55.398388,55.280636,55.319885,103
2023-06-16 05:00:00,0,0.45562922139995243,0.5443707786000476,Hold,55.327736,55.531837,55.249233,55.492588,275
2023-06-16 06:00:00,0,0.4247618604424909,0.575238139557509,Hold,55.50829,55.61034,55.445488,55.51614,487
2023-06-16 07:00:00,0,0.4110921578965811,0.5889078421034188,Hold,55.53969,55.60249,55.217834,55.249233,463
2023-06-16 08:00:00,0,0.428074749969203,0.571925250030797,Hold,55.264935,55.50829,55.170734,55.374836,795
2023-06-16 09:00:00,0,0.389147598582434,0.610852401417566,Hold,55.366985,55.414085,54.93523,55.07653,688
2023-06-16 10:00:00,0,0.4056233031779701,0.5943766968220299,Hold,55.04513,55.241383,54.91168,55.241383,378
2023-06-16 11:00:00,0,0.4643944363886447,0.5356055636113553,Hold,55.217834,55.492588,55.209984,55.46904,990
2023-06-16 12:00:00,0,0.5134275404475525,0.48657245955244754,Sell,55.484737,55.971447,55.40624,55.892944,2148
2023-06-16 13:00:00,0,0.3784618581784701,0.6215381418215299,Hold,55.908646,55.932198,55.209984,55.335587,2477
2023-06-16 14:00:00,0,0.3993933359863535,0.6006066640136465,Hold,55.374836,55.947895,55.374836,55.892944,2648
2023-06-16 15:00:00,0,0.3346219489666751,0.6653780510333249,Hold,55.885094,55.908646,55.50829,55.775192,1570
2023-06-16 16:00:00,0,0.3813150444662336,0.6186849555337663,Hold,55.775192,55.845844,55.56324,55.798744,949
2023-06-16 17:00:00,0,0.37871360941636234,0.6212863905836377,Hold,55.783043,56.09705,55.76734,56.0892,2108
2023-06-16 18:00:00,0,0.39181008655581173,0.6081899134441883,Hold,56.073498,56.434605,55.963596,56.379654,3700
2023-06-16 19:00:00,0,0.3794508839172297,0.6205491160827703,Hold,56.403202,56.418903,56.2305,56.23835,889
2023-06-16 20:00:00,0,0.36312089761242106,0.6368791023875789,Hold,56.25405,56.309002,56.04995,56.08135,160
2023-06-18 22:00:00,0,0.3731084279634279,0.6268915720365721,Hold,56.08135,56.104816,55.96401,56.05788,1037
2023-06-18 23:00:00,0,0.35447612405744966,0.6455238759425503,Hold,56.050056,56.05788,55.862312,55.917072,1063
2023-06-19 00:00:00,0,0.3637298798617976,0.6362701201382024,Hold,55.90925,55.90925,55.74497,55.784084,1495
2023-06-19 01:00:00,0,0.42665277689920533,0.5733472231007947,Hold,55.77626,55.807552,55.51811,55.60416,4257
2023-06-19 02:00:00,0,0.3863763925604317,0.6136236074395682,Hold,55.60416,55.635452,55.40077,55.43206,2461
2023-06-19 03:00:00,0,0.4069139301467206,0.5930860698532794,Hold,55.43206,55.525932,55.424236,55.51029,1494
2023-06-19 04:00:00,0,0.3913026993572491,0.608697300642751,Hold,55.51029,55.51029,55.43206,55.471172,1005
2023-06-19 05:00:00,0,0.3952727052257075,0.6047272947742925,Hold,55.471172,55.760616,55.471172,55.651096,3063
2023-06-19 06:00:00,0,0.3590785733613723,0.6409214266386277,Hold,55.65892,55.77626,55.643272,55.7215,2100
2023-06-19 07:00:00,0,0.42011589159724927,0.5798841084027507,Hold,55.729324,56.065704,55.580692,55.94836,6231
2023-06-19 08:00:00,0,0.3909998882178824,0.6090001117821175,Hold,55.94836,56.034412,55.85449,55.956184,4995
2023-06-19 09:00:00,0,0.43615334352477036,0.5638466564752296,Hold,55.956184,56.22998,55.901424,56.159576,5015
2023-06-19 10:00:00,0,0.35081534866807335,0.6491846513319266,Hold,56.159576,56.214336,55.97183,56.128284,3886
2023-06-19 11:00:00,0,0.3853400545980579,0.6146599454019421,Hold,56.13611,56.245625,56.065704,56.222157,2967
2023-06-19 12:00:00,1,0.4001025613915394,0.5998974386084606,Hold,56.22998,56.53507,56.206512,56.386436,7767
2023-06-19 13:00:00,0,0.347654892461787,0.652345107538213,Hold,56.386436,56.449017,56.034412,56.323853,10939
2023-06-19 14:00:00,0,0.4188989130900257,0.5811010869099743,Hold,56.323853,56.3395,56.050056,56.05788,6759
2023-06-19 15:00:00,0,0.3977234643726691,0.602276535627331,Hold,56.050056,56.089172,55.66674,55.77626,9149
2023-06-19 16:00:00,0,0.4048105149952075,0.5951894850047925,Hold,55.768436,55.83102,55.541576,55.79973,5439
2023-06-19 17:00:00,0,0.36623121374273404,0.633768786257266,Hold,55.791904,55.85449,55.768436,55.83102,1390
2023-06-19 18:00:00,0,0.3292843813887274,0.6707156186112726,Hold,55.823196,55.956184,55.815376,55.94054,523
2023-06-19 22:00:00,0,0.348674358304607,0.651325641695393,Hold,55.94054,55.979652,55.791904,55.807552,1027
2023-06-19 23:00:00,0,0.33087692682629094,0.669123073173709,Hold,55.807552,55.846664,55.77626,55.77626,569
2023-06-20 00:00:00,0,0.3672535216749315,0.6327464783250685,Hold,55.791904,55.90925,55.784084,55.784084,1352
2023-06-20 01:00:00,0,0.3879857425540118,0.6120142574459881,Hold,55.784084,55.877956,55.525932,55.557224,3073
2023-06-20 02:00:00,0,0.3397665379397705,0.6602334620602295,Hold,55.56505,55.752792,55.56505,55.729324,1710
2023-06-20 03:00:00,0,0.3351647476244492,0.6648352523755507,Hold,55.729324,55.74497,55.65892,55.68239,1249
2023-06-20 04:00:00,0,0.3309504091479254,0.6690495908520746,Hold,55.674564,55.690212,55.635452,55.65892,806
2023-06-20 05:00:00,0,0.32531225470433794,0.6746877452956621,Hold,55.65892,55.674564,55.5494,55.66674,1875
2023-06-20 06:00:00,0,0.3458211508366694,0.6541788491633306,Hold,55.66674,55.85449,55.424236,55.815376,5647
2023-06-20 07:00:00,0,0.3705455367032664,0.6294544632967336,Hold,55.823196,56.206512,55.760616,55.995296,9485
2023-06-20 08:00:00,0,0.39039468149951634,0.6096053185004837,Hold,56.00312,56.28474,55.995296,56.22998,8502
2023-06-20 09:00:00,0,0.33915609919466133,0.6608439008053386,Hold,56.222157,56.62112,56.143932,56.19087,12575
2023-06-20 10:00:00,1,0.3608351553935152,0.6391648446064848,Hold,56.19087,56.464664,56.183044,56.30821,4735
2023-06-20 11:00:00,1,0.3638651671474155,0.6361348328525844,Hold,56.30821,56.433372,56.128284,56.151752,5246
2023-06-20 12:00:00,0,0.3719485197090025,0.6280514802909976,Hold,56.151752,56.214336,55.56505,55.65892,18562
2023-06-20 13:00:00,0,0.32933699546429196,0.670663004535708,Hold,55.65892,55.90925,54.688896,55.087856,45632
2023-06-20 14:00:00,0,0.3061686465084621,0.6938313534915379,Hold,55.080036,55.220844,54.571556,55.025276,33871
2023-06-20 15:00:00,0,0.3125120743012917,0.6874879256987083,Hold,55.0331,55.33819,54.884468,55.025276,23502
2023-06-20 16:00:00,0,0.3207445051798326,0.6792554948201674,Hold,55.025276,55.353832,54.970516,55.189552,16216
2023-06-20 17:00:00,0,0.3661610500031337,0.6338389499968663,Hold,55.197376,55.416412,55.09568,55.361656,11630
2023-06-20 18:00:00,0,0.3689326824455985,0.6310673175544015,Hold,55.369476,55.768436,55.197376,55.705856,31163
2023-06-20 19:00:00,0,0.36704679819078884,0.6329532018092112,Hold,55.705856,55.846664,55.690212,55.784084,4639
2023-06-20 20:00:00,0,0.34600872458662524,0.6539912754133748,Hold,55.791904,55.815376,55.424236,55.43988,4665
2023-06-20 22:00:00,0,0.37631900547773595,0.6236809945222641,Hold,55.463352,55.463352,55.385124,55.447704,651
2023-06-20 23:00:00,0,0.34075428711316424,0.6592457128868358,Hold,55.447704,55.49464,55.424236,55.478996,453
2023-06-21 00:00:00,0,0.3606418823970622,0.6393581176029378,Hold,55.48682,55.62763,55.471172,55.60416,1760
2023-06-21 01:00:00,0,0.37779586644002705,0.622204133559973,Hold,55.596336,55.88578,55.541576,55.85449,5301
2023-06-21 02:00:00,0,0.37074198492660887,0.6292580150733911,Hold,55.85449,55.94054,55.823196,55.870132,2540
2023-06-21 03:00:00,0,0.4123277539767518,0.5876722460232482,Hold,55.877956,55.995296,55.838844,55.90925,2118
2023-06-21 04:00:00,0,0.4434143239640576,0.5565856760359424,Hold,55.90925,56.096992,55.90925,56.042236,1913
2023-06-21 05:00:00,0,0.4208778424877742,0.5791221575122258,Hold,56.050056,56.073524,55.90925,55.917072,1955
2023-06-21 06:00:00,0,0.39238032277452434,0.6076196772254756,Hold,55.917072,55.96401,55.7215,55.791904,4522
2023-06-21 07:00:00,0,0.43036326042878703,0.569636739571213,Hold,55.791904,56.096992,55.729324,55.838844,8110
2023-06-21 08:00:00,0,0.4069344297664262,0.5930655702335739,Hold,55.846664,56.11264,55.588516,55.784084,10586
2023-06-21 09:00:00,0,0.38045244755602553,0.6195475524439744,Hold,55.791904,55.877956,55.541576,55.690212,6929
2023-06-21 10:00:00,0,0.4148477252756628,0.5851522747243372,Hold,55.68239,55.917072,55.60416,55.690212,5186
2023-06-21 11:00:00,0,0.39343657516362884,0.6065634248363712,Hold,55.690212,55.784084,55.557224,55.643272,4914
2023-06-21 12:00:00,0,0.45553894988993376,0.5444610501100662,Hold,55.62763,55.917072,55.416412,55.768436,12715
2023-06-21 13:00:00,0,0.5075798149651126,0.4924201850348874,Sell,55.77626,56.386436,55.611984,56.28474,27595
2023-06-21 14:00:00,0,0.5005589080410615,0.4994410919589385,Sell,56.28474,56.59765,56.010944,56.495956,26481
2023-06-21 15:00:00,1,0.5065287634031617,0.49347123659683834,Sell,56.495956,56.863625,56.378613,56.808865,26552
2023-06-21 16:00:00,1,0.4127006590313116,0.5872993409686884,Hold,56.80104,56.887093,56.64459,56.777573,11090
2023-06-21 17:00:00,1,0.4274868965251532,0.5725131034748467,Hold,56.769753,56.81669,56.62894,56.730637,8158
2023-06-21 18:00:00,1,0.3922681496182084,0.6077318503817917,Hold,56.73846,56.81669,56.64459,56.785397,16991
2023-06-21 19:00:00,1,0.36508761235751813,0.6349123876424818,Hold,56.785397,56.840157,56.73846,56.808865,5066
2023-06-21 20:00:00,1,0.38540532816707923,0.6145946718329207,Hold,56.808865,56.82451,56.582005,56.613297,2827
2023-06-21 22:00:00,1,0.40804373127745436,0.5919562687225457,Hold,56.660233,56.730637,56.62894,56.730637,512
2023-06-21 23:00:00,1,0.3476585797313905,0.6523414202686095,Hold,56.730637,56.746284,56.675877,56.70717,486
2023-06-22 00:00:00,1,0.4017384778198532,0.5982615221801468,Hold,56.714993,56.730637,56.64459,56.722813,1326
2023-06-22 01:00:00,1,0.41085351808214515,0.5891464819178549,Hold,56.714993,56.754105,56.64459,56.675877,1464
2023-06-22 02:00:00,1,0.41537113418388105,0.584628865816119,Hold,56.668056,56.668056,56.53507,56.62112,1643
2023-06-22 03:00:00,0,0.4204676326031358,0.5795323673968642,Hold,56.613297,56.62112,56.527245,56.58983,802
2023-06-22 04:00:00,0,0.4339521926582487,0.5660478073417513,Hold,56.58983,56.59765,56.40208,56.42555,1364
2023-06-22 05:00:00,0,0.4600159374464089,0.5399840625535911,Hold,56.42555,56.472485,56.41773,56.433372,1093
2023-06-22 06:00:00,1,0.5135026248945725,0.48649737510542745,Sell,56.441196,56.668056,56.41773,56.613297,3154
2023-06-22 07:00:00,0,0.45379090893615204,0.546209091063848,Hold,56.62112,56.668056,56.495956,56.558537,5136
2023-06-22 08:00:00,1,0.5093163723269094,0.4906836276730906,Sell,56.558537,56.832333,56.269096,56.386436,12130
2023-06-22 09:00:00,1,0.4679080060412011,0.5320919939587989,Hold,56.378613,56.441196,55.924892,56.018764,11760
2023-06-22 10:00:00,1,0.4282858253959969,0.5717141746040031,Hold,56.018764,56.05788,55.635452,55.66674,9823
2023-06-22 11:00:00,1,0.3650258537144583,0.6349741462855417,Hold,55.66674,55.68239,55.408592,55.65892,11797
2023-06-22 12:00:00,1,0.3481492300961094,0.6518507699038907,Hold,55.651096,55.73715,55.502464,55.56505,10872
2023-06-22 13:00:00,0,0.39547201818907546,0.6045279818109246,Hold,55.56505,55.580692,54.83753,55.017452,45111
2023-06-22 14:00:00,1,0.42541854573347654,0.5745814542665235,Hold,55.017452,55.314716,54.735832,55.236492,30208
2023-06-22 15:00:00,1,0.48051795635044847,0.5194820436495515,Hold,55.213024,55.478996,54.18824,54.344696,55789
2023-06-22 16:00:00,0,0.4806897937193515,0.5193102062806485,Hold,54.35252,54.516796,53.922268,54.110012,27831
2023-06-22 17:00:00,0,0.4324761504370245,0.5675238495629755,Hold,54.110012,54.501152,54.078724,54.086544,18689
2023-06-22 18:00:00,1,0.4557727559192158,0.5442272440807843,Hold,54.094368,54.430748,54.078724,54.35252,19333
2023-06-22 19:00:00,1,0.4200401813697049,0.5799598186302951,Hold,54.35252,54.391632,54.172596,54.29776,4974
2023-06-22 20:00:00,1,0.4324840951635894,0.5675159048364107,Hold,54.305584,54.422924,54.250824,54.391632,2473
2023-06-22 22:00:00,1,0.43436422941569824,0.5656357705843018,Hold,54.391632,54.485504,54.313404,54.329052,1245
2023-06-22 23:00:00,1,0.452624110414138,0.547375889585862,Hold,54.329052,54.375988,54.227356,54.227356,820
2023-06-23 00:00:00,1,0.40245269376724685,0.5975473062327532,Hold,54.235176,54.40728,54.203888,54.375988,2328
2023-06-23 01:00:00,1,0.41441092717593053,0.5855890728240695,Hold,54.38381,54.38381,54.094368,54.12566,3045
2023-06-23 02:00:00,1,0.41576624114675964,0.5842337588532404,Hold,54.117836,54.12566,54.01614,54.047432,2176
2023-06-23 03:00:00,0,0.4075828250782607,0.5924171749217393,Hold,54.055256,54.0709,53.773636,53.812748,3846
2023-06-23 04:00:00,0,0.3798813040217429,0.6201186959782571,Hold,53.804928,53.87533,53.609356,53.773636,4365
2023-06-23 05:00:00,0,0.3956065772204827,0.6043934227795174,Hold,53.781456,53.859684,53.7267,53.804928,2486
2023-06-23 06:00:00,1,0.48205501371708726,0.5179449862829127,Hold,53.804928,53.96138,53.632824,53.95356,5421
2023-06-23 07:00:00,0,0.3407560829582717,0.6592439170417284,Hold,53.945736,53.969204,53.241688,53.343384,13957
2023-06-23 08:00:00,0,0.367336339784604,0.632663660215396,Hold,53.327736,53.64847,53.296448,53.437256,12551
2023-06-23 09:00:00,0,0.4514549470581987,0.5485450529418012,Hold,53.437256,53.82057,53.2808,53.773636,9300
2023-06-23 10:00:00,0,0.40096005601669854,0.5990399439833014,Hold,53.765812,53.883152,53.382496,53.47637,9448
2023-06-23 11:00:00,0,0.4304227102499878,0.5695772897500122,Hold,53.468548,53.797104,53.398144,53.718876,6018
2023-06-23 12:00:00,0,0.3829027148176554,0.6170972851823446,Hold,53.7267,53.750168,53.33556,53.36685,10786
2023-06-23 13:00:00,0,0.38231984378152095,0.617680156218479,Hold,53.36685,53.67194,52.68627,53.460724,52513
2023-06-23 14:00:00,0,0.34078183037153814,0.6592181696284618,Hold,53.460724,53.687584,53.233864,53.601536,21084
2023-06-23 15:00:00,0,0.3201511544873092,0.6798488455126908,Hold,53.59371,54.086544,53.437256,53.922268,29328
2023-06-23 16:00:00,0,0.27982409364150307,0.7201759063584969,Hold,53.93009,54.008316,53.718876,53.851864,14503
2023-06-23 17:00:00,0,0.31271766189443034,0.6872823381055697,Hold,53.84404,54.0709,53.7267,54.008316,11020
2023-06-23 18:00:00,0,0.32080259873519634,0.6791974012648037,Hold,54.000496,54.243,53.96138,54.117836,18447
2023-06-23 19:00:00,0,0.3613025822069176,0.6386974177930824,Hold,54.117836,54.227356,54.078724,54.172596,4344
2023-06-23 20:00:00,0,0.35644192910482647,0.6435580708951736,Hold,54.172596,54.454216,54.164772,54.368164,3125
2023-06-25 22:00:00,0,0.4173037831484791,0.5826962168515208,Hold,54.63414,54.845352,54.29776,54.782772,4754
2023-06-25 23:00:00,1,0.3732823134819898,0.6267176865180102,Hold,54.790592,54.798416,54.69672,54.712364,1136
2023-06-26 00:00:00,1,0.34674472062887407,0.6532552793711259,Hold,54.728012,54.75148,54.516796,54.649784,1944
2023-06-26 01:00:00,0,0.3276356852163779,0.672364314783622,Hold,54.64196,54.649784,54.235176,54.243,7561
2023-06-26 02:00:00,0,0.2968089477802066,0.7031910522197934,Hold,54.243,54.422924,54.219532,54.235176,3332
2023-06-26 03:00:00,0,0.3158427492678887,0.6841572507321113,Hold,54.235176,54.250824,53.984848,54.110012,4023
2023-06-26 04:00:00,0,0.31540508661685407,0.6845949133831459,Hold,54.110012,54.274292,54.094368,54.266468,1440
2023-06-26 05:00:00,0,0.28388597644075486,0.7161140235592451,Hold,54.266468,54.344696,54.12566,54.29776,2752
2023-06-26 06:00:00,1,0.35249752565103304,0.647502474348967,Hold,54.289936,54.626316,54.258644,54.5872,5138
2023-06-26 07:00:00,0,0.29325056785014575,0.7067494321498542,Hold,54.5872,54.704544,53.96138,54.258644,11107
2023-06-26 08:00:00,0,0.30373958722603783,0.6962604127739622,Hold,54.266468,54.266468,53.750168,53.992672,13630
2023-06-26 09:00:00,0,0.31115722801078644,0.6888427719892136,Hold,54.000496,54.446392,53.96138,54.36034,6998
2023-06-26 10:00:00,0,0.3067598399349931,0.6932401600650069,Hold,54.35252,54.501152,54.164772,54.211708,5643
2023-06-26 11:00:00,1,0.34092510817802396,0.659074891821976,Hold,54.211708,54.571556,54.15695,54.540264,5424
2023-06-26 12:00:00,0,0.29101609029110037,0.7089839097088997,Hold,54.548088,54.61067,53.8988,54.0709,13290
2023-06-26 13:00:00,0,0.3921959958870829,0.6078040041129171,Hold,54.063076,54.798416,53.804928,54.501152,33424
2023-06-26 14:00:00,0,0.3141277725702998,0.6858722274297002,Hold,54.501152,54.540264,53.984848,54.039608,21385
2023-06-26 15:00:00,0,0.39366648375163776,0.6063335162483623,Hold,54.031784,54.501152,53.96138,54.49333,21234
2023-06-26 16:00:00,1,0.3558344342119716,0.6441655657880284,Hold,54.49333,54.72019,54.344696,54.657608,17786
2023-06-26 17:00:00,0,0.2868169201270921,0.713183079872908,Hold,54.657608,54.759304,54.454216,54.532444,12971
2023-06-26 18:00:00,0,0.24277741891356097,0.757222581086439,Hold,54.540264,54.626316,54.15695,54.36034,16288
2023-06-26 19:00:00,0,0.25036651816201944,0.7496334818379806,Hold,54.36034,54.49333,54.282116,54.4151,3805
2023-06-26 20:00:00,0,0.25204030419077994,0.7479596958092201,Hold,54.4151,54.46986,54.368164,54.391632,1638
2023-06-26 22:00:00,0,0.228499345381149,0.771500654618851,Hold,54.36034,54.391632,54.321228,54.321228,560
2023-06-26 23:00:00,0,0.25363772808485435,0.7463622719151457,Hold,54.321228,54.391632,54.289936,54.344696,524
2023-06-27 00:00:00,0,0.31517087622464734,0.6848291237753527,Hold,54.344696,54.375988,54.211708,54.258644,1266
2023-06-27 01:00:00,1,0.35337269693053713,0.6466273030694629,Hold,54.258644,54.61067,54.203888,54.571556,4020
2023-06-27 02:00:00,0,0.3732491945179564,0.6267508054820436,Hold,54.571556,54.595024,54.462036,54.516796,2091
2023-06-27 03:00:00,0,0.3647378283721233,0.6352621716278767,Hold,54.52462,54.61067,54.516796,54.555912,1056
2023-06-27 04:00:00,1,0.37417418964001375,0.6258258103599863,Hold,54.555912,54.649784,54.532444,54.595024,1139
2023-06-27 05:00:00,1,0.3743259776678374,0.6256740223321626,Hold,54.595024,54.75148,54.5872,54.712364,2226
2023-06-27 06:00:00,1,0.33957822107456154,0.6604217789254385,Hold,54.712364,54.876644,54.540264,54.555912,6663
2023-06-27 07:00:00,0,0.39266398133956915,0.6073360186604309,Hold,54.555912,54.688896,54.219532,54.329052,8045
2023-06-27 08:00:00,1,0.4108255245960112,0.5891744754039888,Hold,54.336872,54.728012,54.250824,54.540264,12128
2023-06-27 09:00:00,0,0.4387235762444622,0.5612764237555379,Hold,54.540264,54.555912,53.33556,53.53895,27805
2023-06-27 10:00:00,0,0.4139104175514487,0.5860895824485512,Hold,53.546776,53.757988,53.460724,53.656292,11424
2023-06-27 11:00:00,0,0.379659547884058,0.620340452115942,Hold,53.64847,53.664116,52.983536,53.210396,15669
2023-06-27 12:00:00,0,0.4111181856587832,0.5888818143412168,Hold,53.21822,53.750168,53.20257,53.625004,20027
2023-06-27 13:00:00,0,0.35022415963030973,0.6497758403696903,Hold,53.61718,54.196064,53.492016,53.56242,38670
2023-06-27 14:00:00,0,0.37566764185158985,0.6243323581484101,Hold,53.554596,54.250824,53.47637,53.96138,26784
2023-06-27 15:00:00,0,0.3702736672064824,0.6297263327935176,Hold,53.95356,54.094368,53.155636,53.19475,25204
2023-06-27 16:00:00,0,0.33241891657731687,0.6675810834226832,Hold,53.19475,53.531128,53.08523,53.155636,22968
2023-06-27 17:00:00,0,0.38492777888154084,0.6150722211184592,Hold,53.155636,53.452904,53.038296,53.351208,14579
2023-06-27 18:00:00,0,0.36233289986948264,0.6376671001305174,Hold,53.351208,53.351208,52.834904,52.9366,24027
2023-06-27 19:00:00,0,0.3484654133762051,0.6515345866237949,Hold,52.9366,52.983536,52.80361,52.960068,6526
2023-06-27 20:00:00,0,0.3646203144131212,0.6353796855868787,Hold,52.96789,53.21822,52.928776,53.21822,4335
2023-06-27 22:00:00,0,0.39907785435733506,0.600922145642665,Hold,53.20257,53.233864,53.10088,53.13999,1108
2023-06-27 23:00:00,0,0.39517280111516484,0.6048271988848352,Hold,53.132168,53.186928,53.077408,53.155636,851
2023-06-28 00:00:00,0,0.3830636077591895,0.6169363922408104,Hold,53.147816,53.24951,53.061764,53.132168,2305
2023-06-28 01:00:00,0,0.390233444864459,0.609766555135541,Hold,53.124348,53.186928,52.99136,53.038296,3873
2023-06-28 02:00:00,0,0.40087400301385095,0.5991259969861491,Hold,53.038296,53.319916,53.014828,53.24951,3195
2023-06-28 03:00:00,0,0.41988791458486807,0.5801120854151319,Hold,53.241688,53.382496,53.210396,53.327736,2379
2023-06-28 04:00:00,0,0.4045772564266866,0.5954227435733134,Hold,53.327736,53.429432,53.077408,53.10088,5547
2023-06-28 05:00:00,0,0.4160614042478648,0.5839385957521352,Hold,53.10088,53.351208,53.10088,53.296448,3516
2023-06-28 06:00:00,0,0.4124045969855738,0.5875954030144261,Hold,53.296448,53.359028,53.04612,53.147816,4348
2023-06-28 07:00:00,0,0.42694623793435815,0.5730537620656418,Hold,53.147816,53.27298,52.9366,53.19475,7203
2023-06-28 08:00:00,0,0.4206814460935757,0.5793185539064243,Hold,53.19475,53.24951,52.451588,52.662804,16470
2023-06-28 09:00:00,0,0.41205838143917933,0.5879416185608206,Hold,52.65498,53.546776,52.56893,53.351208,16798
2023-06-28 10:00:00,0,0.41459612026140086,0.5854038797385992,Hold,53.343384,53.452904,52.9366,52.97571,7655
2023-06-28 11:00:00,0,0.41533212359488775,0.5846678764051123,Hold,52.97571,53.116524,52.834904,52.944424,7652
2023-06-28 12:00:00,0,0.4034154056515448,0.5965845943484551,Hold,52.9366,52.9366,52.545464,52.780144,17134
2023-06-28 13:00:00,0,0.42226324233964496,0.577736757660355,Hold,52.772324,53.33556,52.584576,52.87402,34603
2023-06-28 14:00:00,0,0.405914092072865,0.594085907927135,Hold,52.87402,53.711052,52.733208,53.48419,43961
2023-06-28 15:00:00,0,0.4118175240660674,0.5881824759339326,Hold,53.48419,54.38381,53.437256,54.235176,39061
2023-06-28 16:00:00,0,0.43004751767902133,0.5699524823209787,Hold,54.227356,54.446392,54.000496,54.38381,17215
2023-06-28 17:00:00,0,0.44728047534342996,0.55271952465657,Hold,54.391632,54.548088,54.266468,54.501152,14669
2023-06-28 18:00:00,0,0.4116809928695655,0.5883190071304345,Hold,54.49333,54.548088,54.203888,54.274292,15663
2023-06-28 19:00:00,0,0.41410207193345205,0.585897928066548,Hold,54.266468,54.305584,54.12566,54.13348,4632
2023-06-28 20:00:00,0,0.377150207372303,0.622849792627697,Hold,54.149128,54.15695,54.063076,54.094368,2822
2023-06-28 22:00:00,0,0.39552487910944234,0.6044751208905577,Hold,54.172596,54.203888,54.078724,54.172596,731
2023-06-28 23:00:00,0,0.39935217774437565,0.6006478222556244,Hold,54.172596,54.258644,54.149128,54.219532,738
2023-06-29 00:00:00,0,0.44794306576254894,0.5520569342374511,Hold,54.219532,54.282116,54.172596,54.250824,2133
2023-06-29 01:00:00,0,0.461189846552083,0.538810153447917,Hold,54.250824,54.430748,54.18042,54.305584,4088
2023-06-29 02:00:00,0,0.46459122067630454,0.5354087793236955,Hold,54.305584,54.321228,54.172596,54.18824,1897
2023-06-29 03:00:00,0,0.455290114588636,0.544709885411364,Hold,54.196064,54.203888,54.0709,54.13348,1846
2023-06-29 04:00:00,0,0.4529933347303411,0.5470066652696589,Hold,54.13348,54.203888,54.086544,54.117836,1289
2023-06-29 05:00:00,0,0.43358174575327396,0.566418254246726,Hold,54.117836,54.15695,54.023964,54.12566,1736
2023-06-29 06:00:00,0,0.4780814875723613,0.5219185124276386,Hold,54.117836,54.289936,54.078724,54.211708,3675
2023-06-29 07:00:00,0,0.4598528679705431,0.5401471320294569,Hold,54.211708,54.274292,53.937912,54.023964,6307
2023-06-29 08:00:00,0,0.553716348234626,0.446283651765374,Sell,54.031784,54.759304,53.96138,54.626316,15031
2023-06-29 09:00:00,0,0.48334399936521766,0.5166560006347823,Hold,54.63414,54.704544,54.313404,54.391632,7452
2023-06-29 10:00:00,0,0.5185803078007013,0.4814196921992987,Sell,54.38381,54.618492,54.35252,54.571556,4565
2023-06-29 11:00:00,0,0.4537236295596693,0.5462763704403307,Hold,54.571556,54.790592,54.540264,54.57938,7504
2023-06-29 12:00:00,0,0.49550814107905383,0.5044918589209462,Hold,54.57938,54.618492,54.102192,54.313404,13064
2023-06-29 13:00:00,0,0.43766373660972024,0.5623362633902798,Hold,54.29776,54.82971,54.149128,54.798416,28710
2023-06-29 14:00:00,0,0.3770788951685842,0.6229211048314158,Hold,54.790592,55.22867,54.75148,54.790592,32938
2023-06-29 15:00:00,0,0.46667742816289215,0.5333225718371079,Hold,54.782772,54.861,53.922268,54.430748,36813
2023-06-29 16:00:00,0,0.38997458451688766,0.6100254154831124,Hold,54.430748,54.735832,54.391632,54.681076,15338
2023-06-29 17:00:00,0,0.36518686479269863,0.6348131352073014,Hold,54.673252,54.712364,54.329052,54.532444,11978
2023-06-29 18:00:00,0,0.38517754894663264,0.6148224510533673,Hold,54.52462,54.728012,54.485504,54.61067,15160
2023-06-29 19:00:00,0,0.3211150194376922,0.6788849805623078,Hold,54.61067,54.64196,54.52462,54.618492,3113
2023-06-29 20:00:00,0,0.3470563794497972,0.6529436205502028,Hold,54.618492,54.63414,54.555912,54.5872,1470
2023-06-29 22:00:00,0,0.36814111167786195,0.6318588883221381,Hold,54.618492,54.618492,54.555912,54.595024,640
2023-06-29 23:00:00,0,0.34174007465236056,0.6582599253476394,Hold,54.595024,54.618492,54.540264,54.555912,412
2023-06-30 00:00:00,0,0.34366153512902164,0.6563384648709784,Hold,54.548088,54.5872,54.43857,54.446392,1952
2023-06-30 01:00:00,0,0.36089641026697217,0.6391035897330278,Hold,54.454216,54.649784,54.446392,54.64196,1898
2023-06-30 02:00:00,0,0.41964666246913906,0.5803533375308609,Hold,54.649784,54.77495,54.61067,54.759304,2067
2023-06-30 03:00:00,0,0.3985339230590863,0.6014660769409137,Hold,54.759304,54.81406,54.704544,54.72019,1589
2023-06-30 04:00:00,0,0.3909593618326222,0.6090406381673779,Hold,54.72019,54.728012,54.66543,54.688896,815
2023-06-30 05:00:00,0,0.38600785704729396,0.613992142952706,Hold,54.688896,54.75148,54.64196,54.728012,1610
2023-06-30 06:00:00,0,0.401219433377721,0.598780566622279,Hold,54.728012,54.743656,54.532444,54.57938,3002
2023-06-30 07:00:00,0,0.45980979870649086,0.5401902012935091,Hold,54.5872,54.970516,54.555912,54.900112,8669
2023-06-30 08:00:00,0,0.4703424378539271,0.5296575621460728,Hold,54.900112,55.17391,54.743656,55.103504,13502
2023-06-30 09:00:00,0,0.4248910793984318,0.5751089206015683,Hold,55.11133,55.330364,54.821884,54.931404,13138
2023-06-30 10:00:00,0,0.40866131279928225,0.5913386872007178,Hold,54.92358,54.962692,54.52462,54.618492,8219
2023-06-30 11:00:00,0,0.40573139358342675,0.5942686064165732,Hold,54.61067,54.735832,54.52462,54.681076,7445
2023-06-30 12:00:00,0,0.4958342305148278,0.5041657694851722,Hold,54.681076,55.220844,54.391632,55.189552,19227
2023-06-30 13:00:00,0,0.4510161847926144,0.5489838152073856,Hold,55.197376,55.408592,54.81406,54.970516,27957
2023-06-30 14:00:00,0,0.41394372011228386,0.5860562798877161,Hold,54.962692,55.447704,54.962692,55.197376,25830
2023-06-30 15:00:00,0,0.3831790158226046,0.6168209841773954,Hold,55.197376,55.502464,55.197376,55.48682,24172
2023-06-30 16:00:00,0,0.3720498853081679,0.627950114691832,Hold,55.48682,55.57287,55.0331,55.080036,16727
2023-06-30 17:00:00,0,0.3401835246029924,0.6598164753970076,Hold,55.087856,55.299072,54.92358,55.28343,16231
2023-06-30 18:00:00,0,0.35583292399495664,0.6441670760050433,Hold,55.28343,55.369476,55.080036,55.299072,20006
2023-06-30 19:00:00,0,0.35703673768399236,0.6429632623160076,Hold,55.299072,55.314716,55.134796,55.197376,4141
2023-06-30 20:00:00,0,0.3944500977699796,0.6055499022300204,Hold,55.189552,55.213024,55.017452,55.11133,2594
2023-07-02 22:00:00,0,0.3583530555639992,0.6416469444360008,Hold,55.11133,55.43206,55.0331,55.048744,1920
2023-07-02 23:00:00,0,0.4078375676209715,0.5921624323790284,Hold,55.048744,55.103504,54.970516,55.087856,1080
2023-07-03 00:00:00,0,0.43230140172646464,0.5676985982735354,Hold,55.087856,55.126972,55.0331,55.080036,1302
2023-07-03 01:00:00,0,0.44289183181613295,0.557108168183867,Hold,55.072212,55.314716,55.04092,55.213024,2799
2023-07-03 02:00:00,0,0.4155609770947478,0.5844390229052522,Hold,55.220844,55.32254,55.17391,55.25996,1828
2023-07-03 03:00:00,0,0.41354242645730444,0.5864575735426956,Hold,55.26778,55.299072,55.197376,55.29125,1303
2023-07-03 04:00:00,0,0.41803007664094444,0.5819699233590556,Hold,55.299072,55.314716,55.213024,55.29125,908
2023-07-03 05:00:00,0,0.4547864829001403,0.5452135170998598,Hold,55.28343,55.28343,55.134796,55.166084,1592
2023-07-03 06:00:00,0,0.4000772656192346,0.5999227343807654,Hold,55.166084,55.189552,55.009632,55.0331,3533
2023-07-03 07:00:00,0,0.5174400322969056,0.4825599677030944,Sell,55.048744,55.275604,54.939224,55.189552,6799
2023-07-03 08:00:00,0,0.5105750315417522,0.4894249684582478,Sell,55.197376,55.768436,54.704544,55.65892,19717
2023-07-03 09:00:00,1,0.4857148630958466,0.5142851369041535,Hold,55.65892,56.143932,55.651096,55.901424,26125
2023-07-03 10:00:00,0,0.45283838802849824,0.5471616119715017,Hold,55.8936,55.90925,55.68239,55.760616,5829
2023-07-03 11:00:00,1,0.44076945628808967,0.5592305437119103,Hold,55.760616,55.901424,55.580692,55.8936,6347
2023-07-03 12:00:00,0,0.4563576810433112,0.5436423189566888,Hold,55.8936,56.104816,55.705856,55.752792,13002
2023-07-03 13:00:00,0,0.4833144102562407,0.5166855897437592,Hold,55.74497,55.877956,54.900112,55.048744,31851
2023-07-03 14:00:00,0,0.3976468955685222,0.6023531044314778,Hold,55.05657,55.541576,54.782772,55.525932,29594
2023-07-03 15:00:00,0,0.3562984100026489,0.643701589997351,Hold,55.533756,55.74497,55.26778,55.5494,20696
2023-07-03 16:00:00,0,0.391460205557135,0.608539794442865,Hold,55.5494,55.619804,54.900112,55.0331,18245
2023-07-03 17:00:00,0,0.3751621335236629,0.6248378664763371,Hold,55.025276,55.0331,54.516796,54.712364,11972
2023-07-03 18:00:00,0,0.38628418092350275,0.6137158190764973,Hold,54.712364,54.845352,54.52462,54.782772,15060
2023-07-03 19:00:00,0,0.34777758464065356,0.6522224153593464,Hold,54.782772,54.876644,54.735832,54.861,1647
2023-07-03 20:00:00,0,0.32401079932001764,0.6759892006799824,Hold,54.861,54.915756,54.83753,54.853176,1053
2023-07-03 22:00:00,0,0.36150226988031087,0.6384977301196891,Hold,54.876644,54.954872,54.798416,54.80624,860
2023-07-03 23:00:00,0,0.38226363839179817,0.6177363616082019,Hold,54.80624,54.83753,54.759304,54.82971,557
2023-07-04 00:00:00,0,0.42146861707237293,0.5785313829276271,Hold,54.821884,54.82971,54.75148,54.821884,894
2023-07-04 01:00:00,0,0.4616580652763114,0.5383419347236886,Hold,54.81406,54.884468,54.712364,54.876644,2103
2023-07-04 02:00:00,0,0.4261389043051456,0.5738610956948544,Hold,54.86882,54.954872,54.845352,54.931404,1551
2023-07-04 03:00:00,0,0.45157071071728344,0.5484292892827165,Hold,54.939224,55.00181,54.89229,54.954872,1871
2023-07-04 04:00:00,0,0.43448016001912937,0.5655198399808706,Hold,54.954872,54.970516,54.876644,54.89229,755
2023-07-04 05:00:00,0,0.4224775440293673,0.5775224559706327,Hold,54.89229,54.900112,54.75148,54.759304,1405
2023-07-04 06:00:00,0,0.4996192193608291,0.5003807806391709,Hold,54.75148,55.00181,54.681076,54.954872,3439
2023-07-04 07:00:00,0,0.4738404918837373,0.5261595081162627,Hold,54.962692,55.158264,54.915756,55.04092,5385
2023-07-04 08:00:00,0,0.49734401339596007,0.5026559866040399,Hold,55.04092,55.181732,54.954872,55.126972,6558
2023-07-04 09:00:00,0,0.4697932618982242,0.5302067381017759,Hold,55.126972,55.34601,55.11133,55.314716,5366
2023-07-04 10:00:00,0,0.47562298311221535,0.5243770168877846,Hold,55.32254,55.3773,55.166084,55.330364,4528
2023-07-04 11:00:00,0,0.5124172254311223,0.48758277456887766,Sell,55.33819,55.580692,55.299072,55.57287,5927
2023-07-04 12:00:00,0,0.4473864943053742,0.5526135056946258,Hold,55.57287,55.651096,55.48682,55.57287,6316
2023-07-04 13:00:00,0,0.40773651382334275,0.5922634861766573,Hold,55.56505,55.596336,55.306896,55.385124,9467
2023-07-04 14:00:00,0,0.5186579981632706,0.48134200183672937,Sell,55.392944,55.79973,55.361656,55.752792,9928
2023-07-04 15:00:00,0,0.45613525529080223,0.5438647447091978,Hold,55.74497,55.823196,55.596336,55.729324,9181
2023-07-04 16:00:00,0,0.4951010910954941,0.504898908904506,Hold,55.729324,55.79973,55.60416,55.768436,4467
2023-07-04 17:00:00,0,0.4739611267594757,0.5260388732405243,Hold,55.768436,55.768436,55.674564,55.7215,1185
2023-07-04 18:00:00,0,0.40685879949857934,0.5931412005014207,Hold,55.71368,55.729324,55.541576,55.541576,996
2023-07-04 22:00:00,0,0.380333254103776,0.619666745896224,Hold,55.557224,55.596336,55.463352,55.502464,977
2023-07-04 23:00:00,0,0.40885113903259,0.59114886096741,Hold,55.502464,55.60416,55.45553,55.588516,719
2023-07-05 00:00:00,0,0.4426894041538821,0.557310595846118,Hold,55.596336,55.698032,55.541576,55.651096,1745
2023-07-05 01:00:00,0,0.4302771649650638,0.5697228350349361,Hold,55.643272,55.674564,55.40077,55.424236,2962
2023-07-05 02:00:00,0,0.4348626936331687,0.5651373063668312,Hold,55.424236,55.48682,55.369476,55.43988,1325
2023-07-05 03:00:00,0,0.4527045566701914,0.5472954433298086,Hold,55.43988,55.471172,55.369476,55.43988,1064
2023-07-05 04:00:00,0,0.4709999675957361,0.5290000324042639,Hold,55.43206,55.49464,55.416412,55.49464,670
2023-07-05 05:00:00,0,0.49426339880790804,0.505736601192092,Hold,55.49464,55.57287,55.447704,55.5494,1544
2023-07-05 06:00:00,0,0.48673395475535536,0.5132660452446447,Hold,55.541576,55.5494,55.314716,55.385124,3051
2023-07-05 07:00:00,0,0.5145665145441759,0.4854334854558241,Sell,55.392944,55.68239,55.385124,55.45553,6905
2023-07-05 08:00:00,0,0.4423248315874605,0.5576751684125395,Hold,55.45553,55.45553,55.025276,55.3773,15582
2023-07-05 09:00:00,0,0.5315852484947449,0.46841475150525513,Sell,55.385124,55.760616,55.26778,55.74497,10423
2023-07-05 10:00:00,0,0.46741846215976884,0.5325815378402312,Hold,55.752792,55.760616,55.525932,55.690212,5976
2023-07-05 11:00:00,0,0.49078932744856624,0.5092106725514338,Hold,55.690212,55.77626,55.596336,55.71368,5719
2023-07-05 12:00:00,0,0.5313525552091001,0.4686474447908999,Sell,55.7215,56.010944,55.557224,55.815376,21199
2023-07-05 13:00:00,0,0.6067020739236876,0.3932979260763124,Sell,55.79973,56.386436,55.651096,55.987476,44727
2023-07-05 14:00:00,0,0.563918558962886,0.436081441037114,Sell,55.995296,56.22998,55.596336,55.823196,22119
2023-07-05 15:00:00,0,0.5759185927959385,0.4240814072040615,Sell,55.823196,56.378613,55.525932,56.30821,29214
2023-07-05 16:00:00,0,0.5560980090218154,0.4439019909781846,Sell,56.30821,56.41773,56.128284,56.1674,15082
2023-07-05 17:00:00,1,0.5786324769558054,0.42136752304419456,Sell,56.17522,56.42555,56.010944,56.39426,14329
2023-07-05 18:00:00,0,0.4925075843859583,0.5074924156140417,Hold,56.39426,56.45684,56.13611,56.292564,24348
2023-07-05 19:00:00,1,0.4844982933240688,0.5155017066759312,Hold,56.292564,56.36297,56.269096,56.276917,4073
2023-07-05 20:00:00,0,0.49535568686067594,0.5046443131393241,Hold,56.276917,56.300385,56.183044,56.19087,2266
2023-07-05 22:00:00,0,0.5544143766408673,0.44558562335913265,Sell,56.1674,56.276917,56.11264,56.25345,903
2023-07-05 23:00:00,0,0.5497145831420867,0.45028541685791335,Sell,56.25345,56.300385,56.22998,56.269096,551
2023-07-06 00:00:00,0,0.5711501696944797,0.42884983030552026,Sell,56.276917,56.3395,56.19869,56.25345,1825
2023-07-06 01:00:00,0,0.5789162645477508,0.4210837354522492,Sell,56.25345,56.331676,56.1674,56.30821,2210
2023-07-06 02:00:00,0,0.5615430038002792,0.4384569961997208,Sell,56.316032,56.37079,56.245625,56.316032,1750
2023-07-06 03:00:00,0,0.5591724807836589,0.4408275192163411,Sell,56.316032,56.316032,56.089172,56.11264,2109
2023-07-06 04:00:00,0,0.6017602795704782,0.3982397204295218,Sell,56.104816,56.11264,56.02659,56.089172,1985
2023-07-06 05:00:00,0,0.579464314538565,0.42053568546143505,Sell,56.089172,56.143932,55.96401,56.050056,2129
2023-07-06 06:00:00,0,0.5586117574970688,0.4413882425029312,Sell,56.050056,56.17522,56.018764,56.128284,2309
2023-07-06 07:00:00,0,0.6024026888512047,0.39759731114879526,Sell,56.13611,56.276917,55.987476,56.034412,7348
2023-07-06 08:00:00,1,0.6486286822305459,0.3513713177694541,Sell,56.034412,56.527245,55.94836,56.503777,13954
2023-07-06 09:00:00,1,0.5935987797707302,0.40640122022926983,Sell,56.503777,56.58983,56.355145,56.42555,6388
2023-07-06 10:00:00,1,0.5897033848848559,0.41029661511514415,Sell,56.42555,56.433372,56.05788,56.245625,7795
2023-07-06 11:00:00,1,0.5828400785793483,0.4171599214206517,Sell,56.237804,56.472485,56.22998,56.316032,5393
2023-07-06 12:00:00,0,0.6044305858941466,0.39556941410585345,Sell,56.316032,56.34732,55.62763,55.838844,20412
2023-07-06 13:00:00,0,0.4623889298028657,0.5376110701971343,Hold,55.838844,56.13611,55.197376,55.244312,33460
2023-07-06 14:00:00,0,0.43004489113823635,0.5699551088617636,Hold,55.236492,55.45553,54.931404,55.408592,41449
2023-07-06 15:00:00,0,0.4843735511331668,0.5156264488668332,Hold,55.408592,55.807552,55.072212,55.68239,38101
2023-07-06 16:00:00,0,0.515125865232174,0.48487413476782604,Sell,55.66674,55.924892,55.29125,55.901424,15387
2023-07-06 17:00:00,0,0.4782901501621715,0.5217098498378285,Hold,55.90925,56.276917,55.815376,56.143932,26106
2023-07-06 18:00:00,0,0.48903119887308627,0.5109688011269138,Hold,56.143932,56.34732,56.089172,56.3395,17706
2023-07-06 19:00:00,0,0.43492663462385434,0.5650733653761457,Hold,56.34732,56.355145,56.19087,56.237804,3894
2023-07-06 20:00:00,0,0.4500988812434114,0.5499011187565885,Hold,56.237804,56.261272,56.183044,56.25345,1773
2023-07-06 22:00:00,0,0.45879415958954123,0.5412058404104587,Hold,56.237804,56.25345,56.159576,56.222157,723
2023-07-06 23:00:00,0,0.5273128970687272,0.4726871029312728,Sell,56.214336,56.237804,56.183044,56.19087,364
2023-07-07 00:00:00,0,0.5479896640933476,0.4520103359066524,Sell,56.19869,56.222157,56.13611,56.206512,1425
2023-07-07 01:00:00,0,0.5528797264257503,0.44712027357424966,Sell,56.214336,56.237804,56.08135,56.159576,2434
2023-07-07 02:00:00,0,0.5219054087608314,0.47809459123916864,Sell,56.151752,56.30821,56.143932,56.300385,1687
2023-07-07 03:00:00,0,0.5242178626997535,0.47578213730024654,Sell,56.300385,56.39426,56.28474,56.36297,1914
2023-07-07 04:00:00,0,0.5277734914775628,0.4722265085224372,Sell,56.37079,56.39426,56.355145,56.36297,957
2023-07-07 05:00:00,0,0.5923708086585738,0.40762919134142617,Sell,56.37079,56.5116,56.34732,56.495956,2604
2023-07-07 06:00:00,0,0.5613961545737839,0.4386038454262161,Sell,56.488132,56.550713,56.355145,56.386436,3879
2023-07-07 07:00:00,0,0.6331216602824945,0.3668783397175055,Sell,56.386436,56.636765,56.378613,56.503777,9774
2023-07-07 08:00:00,0,0.6387946984281528,0.36120530157184716,Sell,56.503777,56.519424,56.073524,56.12046,8940
2023-07-07 09:00:00,0,0.6125227558155508,0.3874772441844492,Sell,56.12046,56.488132,56.104816,56.464664,5824
2023-07-07 10:00:00,0,0.5835947329792576,0.41640526702074243,Sell,56.45684,56.519424,56.300385,56.433372,4790
2023-07-07 11:00:00,0,0.5969998755364831,0.40300012446351685,Sell,56.441196,56.495956,56.261272,56.276917,4168
2023-07-07 12:00:00,0,0.5892681173074419,0.4107318826925581,Sell,56.269096,56.53507,56.08135,56.276917,15850
2023-07-07 13:00:00,0,0.6340082157759827,0.36599178422401735,Sell,56.276917,56.84798,55.690212,56.79322,46173
2023-07-07 14:00:00,0,0.6135343212549802,0.3864656787450198,Sell,56.80104,57.09831,56.714993,57.074837,28362
2023-07-07 15:00:00,0,0.5771016283744006,0.4228983716255994,Sell,57.074837,57.19218,56.754105,57.121777,25647
2023-07-07 16:00:00,0,0.5941165975514591,0.40588340244854093,Sell,57.121777,57.458153,57.012257,57.36428,16693
2023-07-07 17:00:00,0,0.5300456069787115,0.4699543930212885,Sell,57.36428,57.458153,57.25476,57.42686,16665
2023-07-07 18:00:00,0,0.5561112442990398,0.4438887557009602,Sell,57.42686,57.825825,57.36428,57.771065,39177
2023-07-07 19:00:00,0,0.5086412637128064,0.4913587362871936,Sell,57.771065,57.794533,57.55985,57.606785,10532
2023-07-07 20:00:00,0,0.5070673416540614,0.4929326583459386,Sell,57.61461,57.66937,57.59114,57.630253,2254
2023-07-09 22:00:00,0,0.5195892809128541,0.48041071908714594,Sell,57.778885,57.888405,57.50509,57.583317,1888
2023-07-09 23:00:00,0,0.4910870015088779,0.508912998491122,Hold,57.59114,57.598965,57.458153,57.55203,1064
2023-07-10 00:00:00,0,0.42731598043639074,0.5726840195636093,Hold,57.544205,57.567673,57.44251,57.4738,1600
2023-07-10 01:00:00,0,0.46808632550655954,0.5319136744934405,Hold,57.4738,57.70848,57.4738,57.598965,3626
2023-07-10 02:00:00,0,0.3872437557642179,0.6127562442357821,Hold,57.598965,57.638077,57.44251,57.450333,1523
2023-07-10 03:00:00,0,0.4287130206296938,0.5712869793703061,Hold,57.465977,57.520737,57.32517,57.36428,2496
2023-07-10 04:00:00,0,0.46668809844068276,0.5333119015593173,Hold,57.36428,57.458153,57.348637,57.411217,977
2023-07-10 05:00:00,0,0.4772628299049393,0.5227371700950607,Hold,57.403393,57.4738,57.356457,57.379925,1748
2023-07-10 06:00:00,0,0.48292493157904626,0.5170750684209537,Hold,57.38775,57.403393,57.293877,57.379925,3095
2023-07-10 07:00:00,0,0.48065353556171475,0.5193464644382852,Hold,57.38775,57.520737,57.176533,57.21565,8652
2023-07-10 08:00:00,0,0.5234702984047647,0.47652970159523533,Sell,57.207825,57.403393,57.08266,57.200005,9430
2023-07-10 09:00:00,0,0.5688510436805636,0.4311489563194364,Sell,57.200005,57.512913,57.19218,57.49727,4942
2023-07-10 10:00:00,0,0.5106118716433576,0.48938812835664236,Sell,57.49727,57.583317,57.301697,57.379925,5817
2023-07-10 11:00:00,0,0.5487611405701509,0.4512388594298491,Sell,57.38775,57.73195,57.239117,57.395573,8812
2023-07-10 12:00:00,0,0.5140628823792847,0.48593711762071534,Sell,57.38775,57.575497,57.153065,57.168713,11704
2023-07-10 13:00:00,0,0.5897784919340987,0.4102215080659013,Sell,57.16089,57.755417,57.121777,57.70066,28853
2023-07-10 14:00:00,0,0.567346907456819,0.43265309254318096,Sell,57.692837,58.005745,57.50509,57.802357,25074
2023-07-10 15:00:00,0,0.5355341932196447,0.4644658067803553,Sell,57.794533,57.95881,57.50509,57.778885,22945
2023-07-10 16:00:00,0,0.5182247049769587,0.4817752950230413,Sell,57.778885,57.810177,57.176533,57.262585,20539
2023-07-10 17:00:00,0,0.5835686412588696,0.41643135874113035,Sell,57.262585,57.30952,56.84798,57.09831,19067
2023-07-10 18:00:00,0,0.5659599278500315,0.43404007214996854,Sell,57.10613,57.25476,56.918385,57.145245,19891
2023-07-10 19:00:00,0,0.5758263160970719,0.4241736839029281,Sell,57.145245,57.301697,57.121777,57.24694,3579
2023-07-10 20:00:00,0,0.5751772087711314,0.42482279122886857,Sell,57.24694,57.293877,57.21565,57.27041,1691
2023-07-10 22:00:00,0,0.5668262201802932,0.43317377981970684,Sell,57.25476,57.27041,57.19218,57.19218,844
2023-07-10 23:00:00,0,0.599592810859893,0.400407189140107,Sell,57.200005,57.239117,57.184357,57.200005,490
2023-07-11 00:00:00,0,0.5552449367213472,0.4447550632786528,Sell,57.207825,57.450333,57.16089,57.379925,2565
2023-07-11 01:00:00,0,0.4846549375434256,0.5153450624565744,Hold,57.372105,57.465977,57.30952,57.340813,2340
2023-07-11 02:00:00,0,0.5125781584641886,0.48742184153581136,Sell,57.33299,57.465977,57.301697,57.465977,1758
2023-07-11 03:00:00,0,0.48482708716722844,0.5151729128327716,Hold,57.4738,57.4738,57.372105,57.458153,1086
2023-07-11 04:00:00,0,0.5030361221151609,0.4969638778848391,Sell,57.458153,57.489445,57.44251,57.458153,865
2023-07-11 05:00:00,0,0.4978867263772442,0.5021132736227558,Hold,57.458153,57.512913,57.348637,57.38775,1850
2023-07-11 06:00:00,0,0.5263735315378157,0.47362646846218426,Sell,57.379925,57.44251,57.317345,57.38775,2764
2023-07-11 07:00:00,0,0.5648855257656193,0.43511447423438065,Sell,57.379925,57.59114,57.36428,57.458153,7079
2023-07-11 08:00:00,0,0.5267225554397253,0.47327744456027465,Sell,57.458153,57.692837,57.27041,57.317345,12670
2023-07-11 09:00:00,0,0.5324035708817857,0.4675964291182143,Sell,57.317345,57.33299,57.090485,57.317345,9411
2023-07-11 10:00:00,0,0.5666288811332946,0.43337111886670543,Sell,57.317345,57.41904,57.16089,57.379925,6255
2023-07-11 11:00:00,0,0.5961321502760025,0.4038678497239975,Sell,57.379925,57.53638,57.348637,57.4738,4592
2023-07-11 12:00:00,0,0.5431203613597545,0.4568796386402455,Sell,57.4738,57.528557,57.293877,57.42686,8608
2023-07-11 13:00:00,0,0.6219974352431099,0.3780025647568901,Sell,57.42686,57.833645,57.41904,57.794533,25390
2023-07-11 14:00:00,0,0.6233648916940709,0.37663510830592906,Sell,57.794533,58.38906,57.755417,58.303013,35359
2023-07-11 15:00:00,0,0.6147843471294192,0.3852156528705808,Sell,58.303013,58.57681,58.193493,58.35777,25701
2023-07-11 16:00:00,0,0.5615432909835127,0.43845670901648726,Sell,58.35777,58.514225,58.32648,58.428177,12055
2023-07-11 17:00:00,0,0.5119863874157686,0.48801361258423137,Sell,58.435997,58.61592,58.40471,58.451645,9858
2023-07-11 18:00:00,0,0.5122573311656403,0.4877426688343597,Sell,58.451645,58.63939,58.38124,58.568985,19747
2023-07-11 19:00:00,0,0.45914965290762366,0.5408503470923763,Hold,58.56116,58.61592,58.55334,58.592453,4097
2023-07-11 20:00:00,0,0.4448733385004151,0.5551266614995849,Hold,58.58463,58.592453,58.428177,58.52205,4490
2023-07-11 22:00:00,0,0.45432774189538944,0.5456722581046105,Hold,58.537693,58.55334,58.46729,58.49858,741
2023-07-11 23:00:00,0,0.4492952621320825,0.5507047378679175,Hold,58.49858,58.545517,58.49858,58.514225,493
2023-07-12 00:00:00,0,0.38093795624428617,0.6190620437557138,Hold,58.506405,58.57681,58.482933,58.514225,1464
2023-07-12 01:00:00,0,0.43479733140942417,0.5652026685905758,Hold,58.514225,58.7802,58.514225,58.733265,4184
2023-07-12 02:00:00,0,0.3953122756561671,0.6046877243438329,Hold,58.72544,58.7802,58.623745,58.678505,1862
2023-07-12 03:00:00,0,0.40431809253129913,0.5956819074687009,Hold,58.67068,58.686325,58.56116,58.568985,1005
2023-07-12 04:00:00,0,0.3989740427139892,0.6010259572860108,Hold,58.56116,58.662857,58.56116,58.600277,1182
2023-07-12 05:00:00,0,0.40652133987957634,0.5934786601204236,Hold,58.600277,58.63157,58.451645,58.490757,2106
2023-07-12 06:00:00,0,0.3948078715387918,0.6051921284612082,Hold,58.482933,58.529873,58.41253,58.451645,2996
2023-07-12 07:00:00,0,0.4718780746459438,0.5281219253540562,Hold,58.451645,58.717617,58.451645,58.686325,6961
2023-07-12 08:00:00,0,0.4629431606170256,0.5370568393829744,Hold,58.686325,58.78802,58.49858,58.7802,10137
2023-07-12 09:00:00,0,0.4475972454964304,0.5524027545035697,Hold,58.772377,58.86625,58.58463,58.764553,8938
2023-07-12 10:00:00,0,0.44900828162350964,0.5509917183764903,Hold,58.764553,58.7802,58.52205,58.61592,7123
2023-07-12 11:00:00,0,0.5001809759317609,0.4998190240682391,Sell,58.61592,58.819313,58.529873,58.772377,5748
2023-07-12 12:00:00,0,0.5258743996723967,0.4741256003276033,Sell,58.7802,59.140045,58.756733,59.03053,16345
2023-07-12 13:00:00,0,0.5487149833918464,0.45128501660815357,Sell,59.03053,59.515537,58.881897,59.37473,32377
2023-07-12 14:00:00,0,0.5237734053876879,0.4762265946123121,Sell,59.37473,59.46078,58.983593,59.35126,34370
2023-07-12 15:00:00,0,0.5001723179037264,0.4998276820962736,Sell,59.35126,59.570297,58.960125,59.335617,28913
2023-07-12 16:00:00,0,0.46244757902582345,0.5375524209741765,Hold,59.327793,59.343437,58.881897,59.046173,13453
2023-07-12 17:00:00,0,0.4911625003393087,0.5088374996606913,Hold,59.053997,59.288677,58.92101,59.24174,9241
2023-07-12 18:00:00,0,0.48777585647205796,0.512224143527942,Hold,59.23392,59.4686,59.08529,59.452957,15756
2023-07-12 19:00:00,0,0.4659067442960325,0.5340932557039675,Hold,59.452957,59.4686,59.382553,59.437313,3373
2023-07-12 20:00:00,0,0.43665059292785025,0.5633494070721498,Hold,59.437313,59.4686,59.335617,59.343437,2039
2023-07-12 22:00:00,0,0.42583107470562787,0.5741689252943721,Hold,59.335617,59.366905,59.273033,59.35126,817
2023-07-12 23:00:00,0,0.5055649794950853,0.4944350205049147,Sell,59.35126,59.382553,59.304325,59.31997,515
2023-07-13 00:00:00,0,0.4579861784126087,0.5420138215873913,Hold,59.31215,59.35126,59.23392,59.288677,2076
2023-07-13 01:00:00,0,0.4877989768978932,0.5122010231021068,Hold,59.288677,59.398197,59.226097,59.390373,2576
2023-07-13 02:00:00,0,0.5540162298469549,0.44598377015304513,Sell,59.390373,59.48425,59.35126,59.476425,1711
2023-07-13 03:00:00,0,0.5479291057582938,0.4520708942417062,Sell,59.476425,59.562477,59.445133,59.48425,1393
2023-07-13 04:00:00,0,0.5142533335781586,0.4857466664218414,Sell,59.476425,59.499893,59.37473,59.382553,1060
2023-07-13 05:00:00,0,0.5338033205012961,0.4661966794987039,Sell,59.382553,59.445133,59.35126,59.382553,1628
2023-07-13 06:00:00,0,0.5482491566330713,0.4517508433669287,Sell,59.382553,59.421665,59.304325,59.40602,2354
2023-07-13 07:00:00,0,0.5820247033801879,0.41797529661981214,Sell,59.398197,59.476425,59.288677,59.437313,6546
2023-07-13 08:00:00,0,0.5401510613846858,0.4598489386153142,Sell,59.445133,59.57812,59.25739,59.2965,9967
2023-07-13 09:00:00,0,0.5608808903871763,0.43911910961282374,Sell,59.2965,59.41384,59.20263,59.273033,6171
2023-07-13 10:00:00,0,0.5494358727657745,0.45056412723422545,Sell,59.280857,59.437313,59.23392,59.343437,3869
2023-07-13 11:00:00,0,0.534650911913223,0.465349088086777,Sell,59.35126,59.452957,59.280857,59.31215,5292
2023-07-13 12:00:00,0,0.49757054799042805,0.502429452009572,Hold,59.31215,59.31215,59.03835,59.08529,15000
2023-07-13 13:00:00,0,0.5995310355061481,0.40046896449385194,Sell,59.08529,59.781513,58.92101,59.75022,32596
2023-07-13 14:00:00,0,0.6289344824347538,0.3710655175652462,Sell,59.75022,60.157005,59.57812,59.93797,40537
2023-07-13 15:00:00,0,0.5618282315773403,0.4381717684226597,Sell,59.930145,59.969257,59.343437,59.49207,22090
2023-07-13 16:00:00,0,0.5221128208714528,0.47788717912854717,Sell,59.49207,59.499893,59.226097,59.41384,11896
2023-07-13 17:00:00,0,0.5921975369242185,0.4078024630757815,Sell,59.41384,59.65635,59.390373,59.609413,10352
2023-07-13 18:00:00,1,0.5560338502460113,0.44396614975398874,Sell,59.609413,60.33693,59.52336,60.329105,36008
2023-07-13 19:00:00,1,0.5601378782613132,0.4398621217386868,Sell,60.329105,60.493385,60.297813,60.48556,7499
2023-07-13 20:00:00,1,0.5373038904554609,0.4626961095445391,Sell,60.48556,60.493385,60.36822,60.39951,2951
2023-07-13 22:00:00,1,0.5701053362669135,0.4298946637330865,Sell,60.360397,60.469913,60.305637,60.39951,1089
2023-07-13 23:00:00,1,0.5772940654195252,0.4227059345804748,Sell,60.39951,60.446445,60.383865,60.422977,514
2023-07-14 00:00:00,1,0.5472817039545924,0.4527182960454076,Sell,60.422977,60.462093,60.31346,60.32128,2075
2023-07-14 01:00:00,1,0.5475728418475455,0.4524271581524545,Sell,60.31346,60.407333,60.250877,60.33693,2104
2023-07-14 02:00:00,1,0.5566492039232557,0.4433507960767443,Sell,60.34475,60.36822,60.16483,60.274345,2176
2023-07-14 03:00:00,1,0.5524938439353518,0.44750615606464816,Sell,60.274345,60.289993,60.188297,60.22741,953
2023-07-14 04:00:00,1,0.5708022573971656,0.4291977426028344,Sell,60.219585,60.243057,60.17265,60.20394,572
2023-07-14 05:00:00,1,0.5833767482773493,0.4166232517226507,Sell,60.211765,60.297813,60.16483,60.289993,1252
2023-07-14 06:00:00,0,0.5159719020333141,0.4840280979666859,Sell,60.289993,60.289993,59.906677,59.961437,5029
2023-07-14 07:00:00,1,0.5480628748953967,0.45193712510460327,Sell,59.969257,60.14136,59.88321,60.09442,6313
2023-07-14 08:00:00,1,0.5535666623291512,0.4464333376708488,Sell,60.102245,60.22741,59.953613,60.047485,8552
2023-07-14 09:00:00,1,0.5763083032031566,0.4236916967968434,Sell,60.039665,60.219585,59.906677,60.157005,7758
2023-07-14 10:00:00,1,0.5092130620332527,0.4907869379667473,Sell,60.157005,60.266525,60.008373,60.063133,6103
2023-07-14 11:00:00,1,0.5341339051362948,0.4658660948637052,Sell,60.063133,60.211765,59.969257,60.039665,5315
2023-07-14 12:00:00,1,0.5598706243362713,0.4401293756637287,Sell,60.047485,60.14918,59.969257,60.11007,6802
2023-07-14 13:00:00,1,0.5502149205193226,0.44978507948067736,Sell,60.11007,60.157005,59.664173,59.85974,22610
2023-07-14 14:00:00,0,0.3994562354190202,0.6005437645809798,Hold,59.851917,59.851917,58.756733,58.944477,39193
2023-07-14 15:00:00,1,0.41374041404850126,0.5862595859514987,Hold,58.944477,59.390373,58.86625,59.359085,17919
2023-07-14 16:00:00,0,0.3956356871197143,0.6043643128802857,Hold,59.359085,59.40602,58.999237,59.022705,10360
2023-07-14 17:00:00,0,0.3872718164239296,0.6127281835760704,Hold,59.01488,59.20263,58.913185,59.077465,9850
2023-07-14 18:00:00,0,0.39936728264455157,0.6006327173554484,Hold,59.06964,59.194805,58.92101,58.9523,17155
2023-07-14 19:00:00,0,0.3926518620251639,0.6073481379748361,Hold,58.960125,58.999237,58.89754,58.928833,3989
2023-07-14 20:00:00,0,0.38511416304985946,0.6148858369501405,Hold,58.928833,58.928833,58.795845,58.881897,2294
2023-07-16 22:00:00,0,0.4018590691812275,0.5981409308187725,Hold,58.686325,58.7802,58.365593,58.57681,3335
2023-07-16 23:00:00,0,0.40471461833398265,0.5952853816660173,Hold,58.57681,58.61592,58.482933,58.6081,521
2023-07-17 00:00:00,0,0.3998195996938722,0.6001804003061277,Hold,58.600277,58.655037,58.56116,58.61592,861
2023-07-17 01:00:00,0,0.41692112107970125,0.5830788789202987,Hold,58.61592,58.741085,58.41253,58.46729,2656
2023-07-17 02:00:00,0,0.41822296186717456,0.5817770381328254,Hold,58.459465,58.529873,58.420353,58.451645,1058
2023-07-17 03:00:00,0,0.43791601747560244,0.5620839825243975,Hold,58.459465,58.52205,58.451645,58.514225,836
2023-07-17 04:00:00,0,0.4147358871017128,0.5852641128982872,Hold,58.49858,58.506405,58.40471,58.44382,679
2023-07-17 05:00:00,0,0.3907562850283558,0.6092437149716442,Hold,58.44382,58.475113,58.365593,58.38124,867
2023-07-17 06:00:00,0,0.4099648456328169,0.5900351543671831,Hold,58.38906,58.396885,58.138733,58.24043,5510
2023-07-17 07:00:00,0,0.41617404248071527,0.5838259575192848,Hold,58.248253,58.459465,58.12309,58.170025,5202
2023-07-17 08:00:00,0,0.43563636635564046,0.5643636336443596,Hold,58.17785,58.279545,57.904053,57.982277,8172
2023-07-17 09:00:00,0,0.3973976131895571,0.6026023868104429,Hold,57.982277,59.52336,57.76324,57.93534,43764
2023-07-17 10:00:00,0,0.444959619965222,0.5550403800347781,Hold,57.92752,58.224785,57.888405,58.146557,4702
2023-07-17 11:00:00,0,0.47704587347641475,0.5229541265235853,Hold,58.15438,58.38906,58.13091,58.263897,4423
2023-07-17 12:00:00,0,0.4756865427392083,0.5243134572607917,Hold,58.263897,58.420353,58.091797,58.193493,6438
2023-07-17 13:00:00,0,0.5021998617534674,0.4978001382465326,Sell,58.18567,58.55334,58.13091,58.44382,15500
2023-07-17 14:00:00,0,0.5050296494781665,0.49497035052183347,Sell,58.44382,58.717617,58.342125,58.662857,10339
2023-07-17 15:00:00,0,0.47209242489451025,0.5279075751054898,Hold,58.662857,58.772377,58.052685,58.13091,10486
2023-07-17 16:00:00,0,0.44324885712149387,0.5567511428785061,Hold,58.13091,58.34995,58.060505,58.091797,5849
2023-07-17 17:00:00,0,0.46117096415380465,0.5388290358461953,Hold,58.083973,58.138733,57.919697,57.93534,6098
2023-07-17 18:00:00,0,0.4349459187445141,0.5650540812554858,Hold,57.919697,58.193493,57.904053,57.92752,11112
2023-07-17 19:00:00,0,0.44496315367140915,0.5550368463285908,Hold,57.92752,58.04486,57.919697,57.974457,2205
2023-07-17 20:00:00,0,0.424096644632345,0.575903355367655,Hold,57.982277,58.029217,57.93534,57.982277,879
2023-07-17 22:00:00,0,0.47083182888114783,0.5291681711188522,Hold,58.029217,58.052685,57.943165,57.95881,434
2023-07-17 23:00:00,0,0.48693573477554547,0.5130642652244546,Hold,57.966633,58.083973,57.943165,58.083973,281
2023-07-18 00:00:00,0,0.44791614575080724,0.5520838542491928,Hold,58.052685,58.17785,58.052685,58.138733,463
2023-07-18 01:00:00,0,0.46312376801337757,0.5368762319866225,Hold,58.146557,58.279545,58.115265,58.170025,680
2023-07-18 02:00:00,0,0.42464559802650825,0.5753544019734917,Hold,58.17785,58.18567,58.083973,58.17785,324
2023-07-18 03:00:00,0,0.46035042238353685,0.5396495776164631,Hold,58.17785,58.287365,58.15438,58.21696,863
2023-07-18 04:00:00,0,0.4514963131224648,0.5485036868775353,Hold,58.21696,58.24043,58.201317,58.21696,381
2023-07-18 05:00:00,0,0.45370892212691605,0.546291077873084,Hold,58.21696,58.248253,58.146557,58.15438,172
2023-07-18 06:00:00,0,0.4596247896428325,0.5403752103571675,Hold,58.170025,58.170025,58.060505,58.060505,465
2023-07-18 07:00:00,0,0.45012499384394355,0.5498750061560564,Hold,58.060505,58.170025,57.794533,57.966633,1481
2023-07-18 08:00:00,0,0.46341787294624726,0.5365821270537527,Hold,57.966633,58.248253,57.864937,58.15438,1468
2023-07-18 09:00:00,0,0.48183392759815097,0.5181660724018491,Hold,58.15438,58.459465,58.06833,58.435997,1413
2023-07-18 10:00:00,0,0.47825129790678006,0.5217487020932199,Hold,58.428177,58.435997,58.21696,58.310833,1049
2023-07-18 11:00:00,0,0.46492817510426143,0.5350718248957386,Hold,58.303013,58.32648,58.18567,58.209137,419
2023-07-18 12:00:00,0,0.4380177878421474,0.5619822121578526,Hold,58.201317,58.29519,57.943165,57.974457,1420
2023-07-18 13:00:00,0,0.5131347386270599,0.48686526137294006,Sell,57.966633,58.850605,57.92752,58.795845,4275
2023-07-18 14:00:00,0,0.4767812693347873,0.5232187306652127,Hold,58.80367,59.046173,58.52205,58.881897,4154
2023-07-18 15:00:00,0,0.478251041257465,0.521748958742535,Hold,58.889717,59.100933,58.795845,58.944477,2484
2023-07-18 16:00:00,0,0.5258828565200255,0.47411714347997447,Sell,58.944477,59.343437,58.889717,59.17916,2950
2023-07-18 17:00:00,0,0.4818806651345098,0.5181193348654902,Hold,59.18698,59.390373,59.100933,59.343437,2747
2023-07-18 18:00:00,0,0.4577626536434626,0.5422373463565374,Hold,59.343437,59.421665,59.053997,59.210453,8967
2023-07-18 19:00:00,0,0.43330749675064834,0.5666925032493517,Hold,59.18698,59.26521,59.116577,59.25739,626
2023-07-18 20:00:00,0,0.41541647907597257,0.5845835209240274,Hold,59.249565,59.304325,59.09311,59.304325,463
2023-07-18 22:00:00,0,0.41999302182526976,0.5800069781747302,Hold,59.327793,59.335617,59.249565,59.335617,226
2023-07-18 23:00:00,0,0.4680810851220072,0.5319189148779928,Hold,59.2965,59.31215,59.273033,59.304325,39
2023-07-19 00:00:00,0,0.42314742616894185,0.5768525738310581,Hold,59.304325,59.319984,59.171215,59.202534,1815
2023-07-19 01:00:00,0,0.4674507293711617,0.5325492706288383,Hold,59.194706,59.288666,59.171215,59.202534,1872
2023-07-19 02:00:00,0,0.4183195302667247,0.5816804697332754,Hold,59.210365,59.210365,59.022446,59.030273,1977
2023-07-19 03:00:00,0,0.44019225824000113,0.5598077417599989,Hold,59.038105,59.108574,58.975464,58.998955,1710
2023-07-19 04:00:00,0,0.44344576204116043,0.5565542379588395,Hold,59.006786,59.030273,58.975464,59.006786,1004
2023-07-19 05:00:00,0,0.5060236894274528,0.4939763105725472,Sell,59.006786,59.218193,58.998955,59.186874,1928
2023-07-19 06:00:00,0,0.48707103128406576,0.5129289687159342,Hold,59.194706,59.241684,59.116405,59.226025,3228
2023-07-19 07:00:00,0,0.4372253621303636,0.5627746378696363,Hold,59.226025,59.226025,58.975464,59.139896,6965
2023-07-19 08:00:00,0,0.5626573302554375,0.4373426697445625,Sell,59.139896,59.687992,59.061596,59.570545,13949
2023-07-19 09:00:00,0,0.512856102383742,0.487143897616258,Sell,59.562714,59.641014,59.406113,59.421776,6374
2023-07-19 10:00:00,0,0.47703906912536786,0.5229609308746321,Hold,59.413944,59.492245,59.296494,59.351303,5495
2023-07-19 11:00:00,0,0.45238777367790084,0.5476122263220992,Hold,59.343475,59.445263,59.249516,59.351303,6131
2023-07-19 12:00:00,0,0.524588669383828,0.475411330616172,Sell,59.343475,59.695824,59.335644,59.648846,12270
2023-07-19 13:00:00,1,0.5047833741039218,0.4952166258960782,Sell,59.648846,60.165623,59.413944,60.10298,33799
2023-07-19 14:00:00,0,0.5118723073791893,0.4881276926208107,Sell,60.095154,60.189114,59.218193,59.586205,40242
2023-07-19 15:00:00,0,0.47437162976408254,0.5256283702359175,Hold,59.578373,59.977703,59.437435,59.500072,27184
2023-07-19 16:00:00,0,0.44344359821256163,0.5565564017874384,Hold,59.500072,59.539223,59.155556,59.390453,19039
2023-07-19 17:00:00,0,0.39784819268997285,0.6021518073100272,Hold,59.390453,59.554886,58.865845,58.881504,17800
2023-07-19 18:00:00,0,0.3771449707920264,0.6228550292079735,Hold,58.881504,59.038105,58.740566,59.006786,24514
2023-07-19 19:00:00,0,0.3933607839544086,0.6066392160455913,Hold,58.998955,59.006786,58.850185,58.944145,4845
2023-07-19 20:00:00,0,0.39818158658388664,0.6018184134161133,Hold,58.936314,59.045937,58.904995,59.030273,2436
2023-07-19 22:00:00,0,0.3900524244008173,0.6099475755991828,Hold,58.983295,58.983295,58.873676,58.889336,916
2023-07-19 23:00:00,0,0.39828777645952157,0.6017122235404784,Hold,58.889336,58.904995,58.842354,58.873676,574
2023-07-20 00:00:00,0,0.40726028262417413,0.5927397173758259,Hold,58.873676,58.967636,58.834526,58.912827,2419
2023-07-20 01:00:00,0,0.4131974329918044,0.5868025670081956,Hold,58.920654,59.163383,58.920654,59.061596,3024
2023-07-20 02:00:00,0,0.3886519671178913,0.6113480328821087,Hold,59.069424,59.116405,58.983295,59.092915,1676
2023-07-20 03:00:00,0,0.41447347294950115,0.5855265270504988,Hold,59.085083,59.100746,59.006786,59.030273,1011
2023-07-20 04:00:00,0,0.399962093931637,0.6000379060683629,Hold,59.022446,59.038105,58.959805,58.959805,985
2023-07-20 05:00:00,0,0.40014768214082946,0.5998523178591706,Hold,58.967636,59.014614,58.920654,58.991123,1844
2023-07-20 06:00:00,0,0.42797957817042026,0.5720204218295797,Hold,58.975464,59.030273,58.858017,59.014614,4265
2023-07-20 07:00:00,0,0.45492249209225505,0.545077507907745,Hold,59.006786,59.085083,58.865845,58.889336,7586
2023-07-20 08:00:00,0,0.44476780895386164,0.5552321910461384,Hold,58.889336,59.273003,58.826694,59.218193,10677
2023-07-20 09:00:00,0,0.48855124860731397,0.511448751392686,Hold,59.226025,59.249516,58.983295,58.998955,5458
2023-07-20 10:00:00,0,0.4689773131086798,0.5310226868913202,Hold,58.998955,59.194706,58.944145,59.194706,4863
2023-07-20 11:00:00,0,0.47186679011658184,0.5281332098834182,Hold,59.186874,59.312153,59.139896,59.210365,5620
2023-07-20 12:00:00,0,0.4947769050516884,0.5052230949483116,Hold,59.218193,59.241684,59.045937,59.210365,9090
2023-07-20 13:00:00,1,0.4522258008037997,0.5477741991962003,Hold,59.210365,59.625355,59.171215,59.406113,29844
2023-07-20 14:00:00,0,0.4605751877956655,0.5394248122043346,Hold,59.406113,59.617523,59.006786,59.163383,26165
2023-07-20 15:00:00,0,0.3968518166718267,0.6031481833281733,Hold,59.163383,59.343475,58.349068,58.803204,36095
2023-07-20 16:00:00,0,0.44688422422941165,0.5531157757705883,Hold,58.803204,59.445263,58.709244,59.304325,24309
2023-07-20 17:00:00,0,0.42403268620786216,0.5759673137921378,Hold,59.312153,59.366966,59.038105,59.241684,13224
2023-07-20 18:00:00,0,0.5116326026061676,0.4883673973938324,Sell,59.233856,59.398285,59.014614,59.359135,26750
2023-07-20 19:00:00,0,0.5107079904744793,0.48929200952552065,Sell,59.366966,59.406113,59.249516,59.296494,4441
2023-07-20 20:00:00,0,0.4873370628750025,0.5126629371249976,Hold,59.304325,59.343475,59.265175,59.273003,1518
2023-07-20 22:00:00,0,0.45586749137517224,0.5441325086248278,Hold,59.273003,59.359135,59.265175,59.319984,583
2023-07-20 23:00:00,0,0.4900683402430227,0.5099316597569773,Hold,59.327816,59.390453,59.304325,59.382626,558
2023-07-21 00:00:00,0,0.5117819765744736,0.48821802342552645,Sell,59.374794,59.390453,59.280834,59.327816,1271
2023-07-21 01:00:00,0,0.533035169151518,0.46696483084848195,Sell,59.327816,59.625355,59.327816,59.625355,3307
2023-07-21 02:00:00,0,0.5219838043210895,0.4780161956789105,Sell,59.625355,59.87591,59.578373,59.774124,5013
2023-07-21 03:00:00,0,0.4995620985460093,0.5004379014539907,Hold,59.78195,59.789783,59.656673,59.703655,2047
2023-07-21 04:00:00,0,0.4885742960431577,0.5114257039568423,Hold,59.695824,59.758465,59.664505,59.750633,1231
2023-07-21 05:00:00,0,0.4953928894634479,0.5046071105365522,Hold,59.758465,59.774124,59.672333,59.719315,1759
2023-07-21 06:00:00,0,0.5147369372592036,0.48526306274079645,Sell,59.719315,59.860252,59.695824,59.821102,3678
2023-07-21 07:00:00,0,0.47963715306131127,0.5203628469386887,Hold,59.821102,59.922894,59.734974,59.860252,7026
2023-07-21 08:00:00,0,0.49348657958287795,0.506513420417122,Hold,59.868084,59.868084,59.570545,59.648846,12600
2023-07-21 09:00:00,0,0.5237428639029553,0.4762571360970447,Sell,59.648846,60.001194,59.633183,59.962044,9203
2023-07-21 10:00:00,0,0.4785119197831221,0.521488080216878,Hold,59.962044,60.056004,59.868084,59.868084,6328
2023-07-21 11:00:00,0,0.48585302995761787,0.5141469700423822,Hold,59.87591,60.048172,59.797615,59.883743,7020
2023-07-21 12:00:00,0,0.5123035120685971,0.48769648793140286,Sell,59.883743,60.173454,59.852425,60.079494,15699
2023-07-21 13:00:00,0,0.4704184726024584,0.5295815273975416,Hold,60.071663,60.087322,59.437435,59.468754,28868
2023-07-21 14:00:00,0,0.44655118750177414,0.5534488124982259,Hold,59.468754,60.10298,59.413944,59.774124,27791
2023-07-21 15:00:00,0,0.5050855617442114,0.4949144382557886,Sell,59.766293,60.149963,59.734974,60.016853,17733
2023-07-21 16:00:00,0,0.48626027835555885,0.5137397216444411,Hold,60.024685,60.345715,59.78195,60.33005,15809
2023-07-21 17:00:00,0,0.4737771758637228,0.5262228241362772,Hold,60.322224,60.353542,60.00902,60.10298,13307
2023-07-21 18:00:00,0,0.46190616346089214,0.5380938365391079,Hold,60.110813,60.51797,60.048172,60.353542,20062
2023-07-21 19:00:00,0,0.42806743976950123,0.5719325602304988,Hold,60.353542,60.3692,60.212605,60.220432,4049
2023-07-21 20:00:00,0,0.43528647137615795,0.564713528623842,Hold,60.212605,60.267414,60.118645,60.157795,2084
2023-07-23 22:00:00,0,0.42710693872638655,0.5728930612736134,Hold,60.298733,60.306564,59.985535,59.985535,1606
2023-07-23 23:00:00,0,0.45697883727432126,0.5430211627256787,Hold,59.985535,60.048172,59.954212,59.96987,914
2023-07-24 00:00:00,0,0.4732939487604587,0.5267060512395413,Hold,59.96987,60.06383,59.946384,60.06383,1622
2023-07-24 01:00:00,0,0.48154796181091,0.51845203818909,Hold,60.071663,60.118645,59.954212,60.032513,3494
2023-07-24 02:00:00,0,0.44662553898857427,0.5533744610114257,Hold,60.024685,60.220432,59.993362,60.212605,2181
2023-07-24 03:00:00,0,0.435291698919947,0.564708301080053,Hold,60.204773,60.33005,60.149963,60.259583,2879
2023-07-24 04:00:00,0,0.45017230642208145,0.5498276935779185,Hold,60.251755,60.2909,60.19694,60.228264,1324
2023-07-24 05:00:00,0,0.4249643160814077,0.5750356839185923,Hold,60.228264,60.251755,60.149963,60.189114,1431
2023-07-24 06:00:00,0,0.4197749165575521,0.5802250834424478,Hold,60.189114,60.212605,60.040344,60.079494,2890
2023-07-24 07:00:00,0,0.40068461520927867,0.5993153847907213,Hold,60.079494,60.134304,59.852425,60.016853,7565
2023-07-24 08:00:00,0,0.4850044000535628,0.5149955999464372,Hold,60.016853,60.38486,59.977703,60.322224,12186
2023-07-24 09:00:00,0,0.5661492569690282,0.4338507430309718,Sell,60.322224,60.854664,60.134304,60.82334,14457
2023-07-24 10:00:00,0,0.5013651009577806,0.49863489904221936,Sell,60.831173,60.948624,60.619762,60.69023,10169
2023-07-24 11:00:00,0,0.452594989376498,0.547405010623502,Hold,60.682404,60.76853,60.604103,60.674572,6253
2023-07-24 12:00:00,0,0.5150112103335659,0.4849887896664341,Sell,60.682404,61.019093,60.59627,60.90164,14010
2023-07-24 13:00:00,0,0.509863265808526,0.49013673419147397,Sell,60.90164,61.18352,60.470993,61.113052,40435
2023-07-24 14:00:00,0,0.5401281956716308,0.45987180432836916,Sell,61.10522,61.66115,61.02692,61.567192,36941
2023-07-24 15:00:00,0,0.5352236111210878,0.46477638887891215,Sell,61.55936,61.96652,61.33229,61.91954,32955
2023-07-24 16:00:00,0,0.47573697452770775,0.5242630254722922,Hold,61.91954,62.07614,61.700302,61.97435,20672
2023-07-24 17:00:00,0,0.4645320970571507,0.5354679029428493,Hold,61.96652,62.04482,61.66898,61.739452,17861
2023-07-24 18:00:00,0,0.3985152513635647,0.6014847486364353,Hold,61.739452,61.80209,61.59068,61.80209,23835
2023-07-24 19:00:00,0,0.3871462934251347,0.6128537065748654,Hold,61.80209,61.84907,61.739452,61.794262,4841
2023-07-24 20:00:00,0,0.3798762780969473,0.6201237219030526,Hold,61.794262,61.82558,61.74728,61.794262,2564
2023-07-24 22:00:00,0,0.3620865269958958,0.6379134730041043,Hold,61.739452,61.78643,61.700302,61.72379,974
2023-07-24 23:00:00,0,0.3351731498314815,0.6648268501685185,Hold,61.72379,61.77077,61.72379,61.74728,480
2023-07-25 00:00:00,0,0.3288481176156798,0.6711518823843202,Hold,61.74728,61.80209,61.70813,61.794262,1732
2023-07-25 01:00:00,0,0.3206740527382695,0.6793259472617306,Hold,61.794262,61.88039,61.65332,61.74728,4332
2023-07-25 02:00:00,0,0.3289689138929913,0.6710310861070087,Hold,61.75511,61.87256,61.71596,61.82558,1752
2023-07-25 03:00:00,0,0.3529939144190724,0.6470060855809276,Hold,61.81775,61.8569,61.74728,61.82558,1074
2023-07-25 04:00:00,0,0.3372945271398033,0.6627054728601967,Hold,61.82558,61.84907,61.80209,61.82558,767
2023-07-25 05:00:00,0,0.356706407256156,0.643293592743844,Hold,61.82558,61.91171,61.7786,61.833412,2616
2023-07-25 06:00:00,0,0.3624498698658817,0.6375501301341183,Hold,61.833412,61.91954,61.77077,61.82558,3490
2023-07-25 07:00:00,0,0.35773665205982574,0.6422633479401743,Hold,61.82558,61.91171,61.52804,61.55936,8881
2023-07-25 08:00:00,0,0.33753161172429014,0.6624683882757099,Hold,61.55936,61.72379,61.300972,61.512383,13000
2023-07-25 09:00:00,0,0.3664675606649006,0.6335324393350994,Hold,61.52021,61.70813,61.44191,61.567192,7542
2023-07-25 10:00:00,0,0.4170814794573588,0.5829185205426413,Hold,61.567192,61.78643,61.5437,61.72379,4533
2023-07-25 11:00:00,0,0.3738559961151077,0.6261440038848922,Hold,61.72379,61.89605,61.567192,61.62983,7547
2023-07-25 12:00:00,0,0.3884967145716872,0.6115032854283128,Hold,61.62983,61.70813,61.340122,61.434082,13275
2023-07-25 13:00:00,0,0.37360151433837013,0.6263984856616298,Hold,61.44191,61.66898,61.324463,61.567192,28465
2023-07-25 14:00:00,0,0.474684040312672,0.525315959687328,Hold,61.567192,62.12312,61.5437,61.86473,29564
2023-07-25 15:00:00,0,0.481356451131363,0.518643548868637,Hold,61.87256,62.49896,61.84907,62.44415,34307
2023-07-25 16:00:00,0,0.5035087807758566,0.4964912192241434,Sell,62.43632,62.49896,62.11529,62.20925,19454
2023-07-25 17:00:00,0,0.5066927091729257,0.49330729082707425,Sell,62.20925,62.53811,62.20142,62.49896,13612
2023-07-25 18:00:00,0,0.4616912743964826,0.5383087256035174,Hold,62.49896,62.5616,62.26406,62.29538,22405
2023-07-25 19:00:00,0,0.4709732726268341,0.5290267273731659,Hold,62.29538,62.36585,62.27972,62.3267,4558
2023-07-25 20:00:00,0,0.45184640249830904,0.5481535975016909,Hold,62.3267,62.405,62.08397,62.10746,4184
2023-07-25 22:00:00,0,0.43264758861284075,0.5673524113871593,Hold,62.12312,62.17793,62.03699,62.06048,1129
2023-07-25 23:00:00,0,0.477117797873514,0.5228822021264861,Hold,62.05265,62.10746,62.02916,62.0918,718
2023-07-26 00:00:00,0,0.49574037625738915,0.5042596237426109,Hold,62.09963,62.17793,62.02916,62.0918,1948
2023-07-26 01:00:00,0,0.5762364234282461,0.4237635765717539,Sell,62.08397,62.19359,61.99001,62.17793,2766
2023-07-26 02:00:00,0,0.5290410541309578,0.4709589458690422,Sell,62.17793,62.17793,62.03699,62.13095,1689
2023-07-26 03:00:00,0,0.4890950690010534,0.5109049309989466,Hold,62.13095,62.17793,62.00567,62.06831,1707
2023-07-26 04:00:00,0,0.5070399542186097,0.4929600457813903,Sell,62.06831,62.09963,61.97435,61.99784,1570
2023-07-26 05:00:00,0,0.5297849356228598,0.4702150643771402,Sell,61.99784,62.0135,61.927372,61.96652,1786
2023-07-26 06:00:00,0,0.5321256434791763,0.46787435652082365,Sell,61.96652,62.0918,61.95869,62.05265,2761
2023-07-26 07:00:00,0,0.6524521756067656,0.3475478243932344,Sell,62.05265,62.31104,62.02916,62.22491,6568
2023-07-26 08:00:00,0,0.5808955510556855,0.41910444894431453,Sell,62.23274,62.26406,61.90388,61.98218,9513
2023-07-26 09:00:00,0,0.4818730045670094,0.5181269954329906,Hold,61.96652,61.99784,61.67681,61.700302,9148
2023-07-26 10:00:00,0,0.48385910159705936,0.5161408984029406,Hold,61.700302,61.78643,61.622,61.739452,8001
2023-07-26 11:00:00,0,0.4366432189229524,0.5633567810770477,Hold,61.739452,61.739452,61.55153,61.59068,5949
2023-07-26 12:00:00,0,0.4237827270350836,0.5762172729649164,Hold,61.59851,61.8569,61.57502,61.69247,12696
2023-07-26 13:00:00,0,0.5363713184315454,0.4636286815684546,Sell,61.700302,62.13095,61.57502,62.04482,29401
2023-07-26 14:00:00,0,0.5412766438388218,0.4587233561611782,Sell,62.04482,62.3267,61.88039,62.08397,32824
2023-07-26 15:00:00,0,0.43669218536618776,0.5633078146338122,Hold,62.08397,62.45981,61.75511,61.7786,32297
2023-07-26 16:00:00,0,0.554142281712454,0.44585771828754595,Sell,61.7786,62.08397,61.69247,62.05265,19589
2023-07-26 17:00:00,0,0.4729999021494146,0.5270000978505853,Hold,62.06048,62.06048,61.69247,61.7786,12126
2023-07-26 18:00:00,0,0.4065175439605791,0.593482456039421,Hold,61.80209,61.89605,61.50455,61.700302,24184
2023-07-26 19:00:00,0,0.45072294384275075,0.5492770561572493,Hold,61.70813,61.84907,61.59851,61.794262,7970
2023-07-26 20:00:00,0,0.4186679773112741,0.581332022688726,Hold,61.794262,61.8569,61.7786,61.794262,1612
2023-07-26 22:00:00,0,0.400899232034433,0.599100767965567,Hold,61.7786,61.833412,61.75511,61.82558,539
2023-07-26 23:00:00,0,0.4374079773295036,0.5625920226704964,Hold,61.82558,61.90388,61.82558,61.86473,553
2023-07-27 00:00:00,0,0.5335551809028086,0.4664448190971914,Sell,61.8569,61.99784,61.80992,61.99001,1981
2023-07-27 01:00:00,0,0.6281639946271027,0.3718360053728973,Sell,61.99784,62.27972,61.99001,62.27972,4178
2023-07-27 02:00:00,0,0.6800324589740198,0.31996754102598024,Sell,62.287548,62.35802,62.26406,62.3267,2837
2023-07-27 03:00:00,0,0.6724693046269339,0.3275306953730661,Sell,62.31887,62.42066,62.31887,62.38934,2246
2023-07-27 04:00:00,0,0.6432648828214649,0.3567351171785351,Sell,62.39717,62.42066,62.34236,62.35802,1411
2023-07-27 05:00:00,0,0.6401172355595302,0.35988276444046985,Sell,62.35802,62.37368,62.22491,62.24057,2102
2023-07-27 06:00:00,0,0.6074913922325458,0.3925086077674542,Sell,62.24057,62.27972,62.11529,62.154438,3779
2023-07-27 07:00:00,0,0.661447274064684,0.33855272593531605,Sell,62.16227,62.44415,62.16227,62.20925,7539
2023-07-27 08:00:00,0,0.6922349471171414,0.3077650528828586,Sell,62.19359,62.29538,62.07614,62.27189,8779
2023-07-27 09:00:00,0,0.6990549841274407,0.3009450158725593,Sell,62.287548,62.4833,62.248398,62.35802,6869
2023-07-27 10:00:00,0,0.6917423259415949,0.3082576740584051,Sell,62.35802,62.42849,62.154438,62.26406,5379
2023-07-27 11:00:00,0,0.7143842376723233,0.2856157623276767,Sell,62.26406,62.33453,62.20925,62.3267,4845
2023-07-27 12:00:00,0,0.7701869063771356,0.2298130936228644,Sell,62.3267,62.76518,62.27189,62.514618,18514
2023-07-27 13:00:00,0,0.6852711929669194,0.3147288070330806,Sell,62.52245,62.663387,61.88039,62.11529,36316
2023-07-27 14:00:00,0,0.7036463680672131,0.29635363193278685,Sell,62.11529,62.702538,62.07614,62.54594,30417
2023-07-27 15:00:00,0,0.7066567116066571,0.2933432883933429,Sell,62.55377,62.82782,62.49896,62.67122,22877
2023-07-27 16:00:00,0,0.7241343120649614,0.27586568793503863,Sell,62.663387,63.1097,62.57726,63.08621,19257
2023-07-27 17:00:00,0,0.6329038296175163,0.36709617038248366,Sell,63.08621,63.1097,62.27972,62.38934,24256
2023-07-27 18:00:00,0,0.6790059011459046,0.32099409885409536,Sell,62.39717,62.796497,62.27189,62.44415,25940
2023-07-27 19:00:00,0,0.6634316135067768,0.3365683864932232,Sell,62.45198,62.57726,62.39717,62.514618,4328
2023-07-27 20:00:00,0,0.6484919469783845,0.3515080530216155,Sell,62.514618,62.59292,62.45981,62.49896,1658
2023-07-27 22:00:00,0,0.65083444227184,0.34916555772816005,Sell,62.514618,62.514618,62.381508,62.42849,792
2023-07-27 23:00:00,0,0.6077194928405312,0.3922805071594688,Sell,62.42066,62.42066,62.3267,62.34236,736
2023-07-28 00:00:00,0,0.6545786279559352,0.34542137204406476,Sell,62.34236,62.37368,62.248398,62.36585,2369
2023-07-28 01:00:00,0,0.651112263505641,0.348887736494359,Sell,62.36585,62.54594,62.36585,62.49113,2499
2023-07-28 02:00:00,0,0.6425246490734134,0.35747535092658655,Sell,62.49896,62.49896,62.27972,62.42849,1767
2023-07-28 03:00:00,0,0.6527387207640765,0.34726127923592354,Sell,62.42849,62.53811,62.381508,62.44415,2441
2023-07-28 04:00:00,0,0.6510718222732649,0.3489281777267351,Sell,62.44415,62.475468,62.35019,62.39717,1325
2023-07-28 05:00:00,0,0.6855570152277789,0.3144429847722211,Sell,62.39717,62.52245,62.38934,62.52245,1654
2023-07-28 06:00:00,0,0.7147430862649987,0.2852569137350013,Sell,62.53028,62.608578,62.475468,62.569427,2630
2023-07-28 07:00:00,0,0.7174047647292293,0.2825952352707707,Sell,62.57726,62.80433,62.55377,62.63207,6346
2023-07-28 08:00:00,0,0.7254550925442318,0.2745449074557682,Sell,62.6399,62.7182,62.46764,62.608578,7812
2023-07-28 09:00:00,0,0.7007353484245319,0.2992646515754681,Sell,62.608578,62.663387,62.475468,62.55377,3803
2023-07-28 10:00:00,0,0.6967643524700535,0.3032356475299465,Sell,62.55377,62.57726,62.37368,62.46764,4291
2023-07-28 11:00:00,0,0.6968706183474995,0.3031293816525005,Sell,62.46764,62.59292,62.43632,62.53028,3837
2023-07-28 12:00:00,0,0.7648029893899209,0.23519701061007914,Sell,62.53028,62.80433,62.52245,62.76518,10227
2023-07-28 13:00:00,0,0.6574980931614346,0.3425019068385654,Sell,62.77301,62.78867,61.91171,62.41283,38945
2023-07-28 14:00:00,0,0.6894078295606225,0.3105921704393775,Sell,62.405,62.945267,62.25623,62.50679,33458
2023-07-28 15:00:00,0,0.6410312847891322,0.3589687152108678,Sell,62.50679,62.835648,62.42066,62.54594,21040
2023-07-28 16:00:00,0,0.5906613571409912,0.4093386428590088,Sell,62.53811,62.57726,62.21708,62.30321,15248
2023-07-28 17:00:00,0,0.7081614401507932,0.2918385598492068,Sell,62.30321,62.76518,62.27189,62.741688,13871
2023-07-28 18:00:00,0,0.6532286363960997,0.34677136360390026,Sell,62.741688,63.188,62.65556,62.929607,26363
2023-07-28 19:00:00,0,0.6530447123633261,0.34695528763667394,Sell,62.929607,63.0314,62.89829,63.023567,5334
2023-07-28 20:00:00,0,0.6290409836090504,0.37095901639094964,Sell,63.01574,63.195827,63.00008,63.16451,2777
2023-07-30 22:00:00,0,0.6372133813677459,0.36278661863225414,Sell,63.14885,63.14885,62.968758,62.984417,1824
2023-07-30 23:00:00,0,0.6575157496643382,0.34248425033566177,Sell,62.984417,63.062717,62.9531,62.96093,1036
2023-07-31 00:00:00,0,0.6292133102730153,0.3707866897269847,Sell,62.9531,63.007908,62.890457,62.89829,1342
2023-07-31 01:00:00,0,0.7094504930673281,0.2905495069326719,Sell,62.89829,63.08621,62.82782,62.96093,3056
2023-07-31 02:00:00,0,0.7064005521299747,0.29359944787002534,Sell,62.968758,62.99225,62.88263,62.93744,1664
2023-07-31 03:00:00,0,0.6635611784530006,0.33643882154699944,Sell,62.93744,62.93744,62.74952,62.780838,1916
2023-07-31 04:00:00,0,0.6791074201902154,0.3208925798097846,Sell,62.77301,62.835648,62.741688,62.81999,1218
2023-07-31 05:00:00,0,0.6694627707601469,0.33053722923985307,Sell,62.81999,62.890457,62.741688,62.81999,1933
2023-07-31 06:00:00,0,0.701513792000612,0.29848620799938796,Sell,62.82782,63.03923,62.81999,62.99225,3284
2023-07-31 07:00:00,0,0.6835665083537033,0.31643349164629675,Sell,63.00008,63.12536,62.92178,62.9531,6441
2023-07-31 08:00:00,0,0.7048729897088283,0.2951270102911717,Sell,62.9531,63.25847,62.929607,63.188,9789
2023-07-31 09:00:00,0,0.7436516226085426,0.25634837739145744,Sell,63.195827,63.556007,62.99225,63.540348,11771
2023-07-31 10:00:00,0,0.7457900218455359,0.2542099781544641,Sell,63.540348,63.759586,63.52469,63.681286,8718
2023-07-31 11:00:00,0,0.7015319066300838,0.2984680933699162,Sell,63.67346,63.783077,63.571667,63.665627,6258
2023-07-31 12:00:00,0,0.724258661786101,0.275741338213899,Sell,63.665627,63.822227,63.556007,63.634308,13452
2023-07-31 13:00:00,0,0.7222433977306446,0.2777566022693554,Sell,63.634308,63.963165,63.52469,63.75176,34102
2023-07-31 14:00:00,0,0.6874024943850646,0.3125975056149354,Sell,63.75176,63.970997,63.50903,63.6578,22673
2023-07-31 15:00:00,0,0.7059246804544926,0.29407531954550736,Sell,63.649967,63.986656,63.438557,63.93968,22253
2023-07-31 16:00:00,0,0.6734185054403297,0.32658149455967034,Sell,63.931847,63.986656,63.50903,63.532516,14375
2023-07-31 17:00:00,0,0.660173602150579,0.33982639784942104,Sell,63.532516,63.892696,63.477707,63.861378,12653
2023-07-31 18:00:00,0,0.6915878850709307,0.3084121149290693,Sell,63.853546,64.151085,63.79091,64.11977,25006
2023-07-31 19:00:00,0,0.6253921911078991,0.3746078088921009,Sell,64.11194,64.205894,64.08845,64.11194,5891
2023-07-31 20:00:00,0,0.6300602820667726,0.36993971793322744,Sell,64.11194,64.127594,64.01015,64.017975,2876
2023-07-31 22:00:00,0,0.6431910701047356,0.35680892989526436,Sell,63.994488,64.04929,63.955338,63.994488,1016
2023-07-31 23:00:00,0,0.6606282826999842,0.3393717173000158,Sell,64.00232,64.01015,63.908356,63.931847,601
2023-08-01 00:00:00,0,0.5955518852539601,0.4044481147460399,Sell,63.93968,63.970997,63.869205,63.92402,1051
2023-08-01 01:00:00,0,0.6220248819174626,0.37797511808253736,Sell,63.931847,64.041466,63.837887,63.92402,2660
2023-08-01 02:00:00,0,0.5789460772706433,0.4210539227293567,Sell,63.92402,63.970997,63.783077,63.822227,1595
2023-08-01 03:00:00,0,0.5948313646995332,0.40516863530046676,Sell,63.822227,63.931847,63.798737,63.916187,1223
2023-08-01 04:00:00,0,0.5669398278055738,0.43306017219442616,Sell,63.916187,63.93968,63.892696,63.900528,618
2023-08-01 05:00:00,0,0.5634942561449057,0.43650574385509433,Sell,63.900528,63.908356,63.80657,63.84572,1320
2023-08-01 06:00:00,0,0.5607154164202071,0.43928458357979294,Sell,63.837887,63.869205,63.783077,63.84572,2294
2023-08-01 07:00:00,0,0.5182915371965684,0.4817084628034316,Sell,63.84572,63.963165,63.571667,63.626476,7935
2023-08-01 08:00:00,0,0.5991041695849365,0.4008958304150635,Sell,63.626476,63.900528,63.532516,63.837887,10284
2023-08-01 09:00:00,0,0.5266642868314712,0.47333571316852885,Sell,63.83006,63.877037,63.61865,63.69695,5909
2023-08-01 10:00:00,0,0.5724037832193117,0.42759621678068827,Sell,63.704777,63.869205,63.56384,63.853546,5955
2023-08-01 11:00:00,0,0.5744886418017182,0.4255113581982818,Sell,63.853546,63.970997,63.69695,63.900528,6963
2023-08-01 12:00:00,0,0.4838417919934996,0.5161582080065004,Hold,63.892696,63.92402,63.540348,63.556007,11647
2023-08-01 13:00:00,0,0.4507206221428259,0.5492793778571741,Hold,63.556007,63.775246,63.328938,63.5795,32883
2023-08-01 14:00:00,0,0.4338232301602484,0.5661767698397516,Hold,63.5795,63.814396,63.101868,63.548176,31481
2023-08-01 15:00:00,0,0.42031977030027623,0.5796802296997238,Hold,63.556007,63.767418,63.29762,63.540348,22171
2023-08-01 16:00:00,0,0.4725655676327311,0.5274344323672688,Hold,63.532516,63.955338,63.532516,63.767418,16079
2023-08-01 17:00:00,0,0.5141513954632285,0.4858486045367715,Sell,63.759586,64.13543,63.610817,63.837887,18598
2023-08-01 18:00:00,0,0.42690280738340336,0.5730971926165966,Hold,63.837887,64.04929,63.634308,63.665627,22294
2023-08-01 19:00:00,0,0.4690111603461814,0.5309888396538186,Hold,63.67346,63.900528,63.626476,63.892696,5970
2023-08-01 20:00:00,1,0.6014216097590515,0.39857839024094854,Sell,63.88487,64.37816,63.88487,64.339005,7589
2023-08-01 22:00:00,1,0.6765303134161361,0.3234696865838639,Sell,64.24505,64.54259,64.1041,64.42513,3825
2023-08-01 23:00:00,1,0.6590953028498966,0.3409046971501034,Sell,64.42513,64.46429,64.38599,64.393814,838
2023-08-02 00:00:00,1,0.6726054397964203,0.3273945602035797,Sell,64.40165,64.417305,64.29202,64.362495,2106
2023-08-02 01:00:00,1,0.7051035210717597,0.29489647892824034,Sell,64.362495,64.54259,64.26854,64.526924,3074
2023-08-02 02:00:00,1,0.6886308002192606,0.3113691997807394,Sell,64.53476,64.54259,64.38599,64.393814,2164
2023-08-02 03:00:00,1,0.6588141297624236,0.3411858702375764,Sell,64.38599,64.40165,64.24505,64.284195,2331
2023-08-02 04:00:00,1,0.6462140893633995,0.3537859106366005,Sell,64.29202,64.33118,64.229385,64.260704,1372
2023-08-02 05:00:00,1,0.6902472460732586,0.3097527539267414,Sell,64.25288,64.40948,64.22156,64.37032,2189
2023-08-02 06:00:00,1,0.6749479480390239,0.3250520519609761,Sell,64.37032,64.417305,64.23721,64.260704,3506
2023-08-02 07:00:00,0,0.6448825846021813,0.3551174153978187,Sell,64.26854,64.35467,63.994488,64.00232,7787
2023-08-02 08:00:00,1,0.6958723645008134,0.30412763549918664,Sell,64.00232,64.22156,63.83006,64.16675,11490
2023-08-02 09:00:00,1,0.6265729797827293,0.3734270202172707,Sell,64.174576,64.35467,64.06496,64.072784,7688
2023-08-02 10:00:00,1,0.7005226529742933,0.2994773470257067,Sell,64.06496,64.339005,64.00232,64.26854,6282
2023-08-02 11:00:00,1,0.6355047491627506,0.36449525083724943,Sell,64.260704,64.32335,64.02581,64.096275,5222
2023-08-02 12:00:00,1,0.6144286404222695,0.3855713595777305,Sell,64.08845,64.23721,64.03364,64.1041,9931
2023-08-02 13:00:00,0,0.4444466370968564,0.5555533629031436,Hold,64.11194,64.15892,63.188,63.289787,48789
2023-08-02 14:00:00,0,0.4368368777865677,0.5631631222134323,Hold,63.289787,63.634308,62.13095,62.248398,67297
2023-08-02 15:00:00,0,0.40726117324936206,0.5927388267506379,Hold,62.25623,62.44415,62.00567,62.03699,43512
2023-08-02 16:00:00,0,0.4000052074793003,0.5999947925206996,Hold,62.03699,62.31104,61.89605,62.21708,20915
2023-08-02 17:00:00,0,0.37196613439927734,0.6280338656007227,Hold,62.22491,62.248398,61.94303,61.95086,14363
2023-08-02 18:00:00,0,0.3538216354742185,0.6461783645257815,Hold,61.95869,62.57726,61.95086,62.53028,25576
2023-08-02 19:00:00,0,0.3444198845063928,0.6555801154936072,Hold,62.53811,62.57726,62.405,62.49896,5445
2023-08-02 20:00:00,0,0.3600185935374159,0.6399814064625842,Hold,62.49896,62.50679,62.381508,62.44415,2244
2023-08-02 22:00:00,0,0.353980302082708,0.6460196979172921,Hold,62.45981,62.45981,62.34236,62.405,626
2023-08-02 23:00:00,0,0.36699064053244823,0.6330093594675518,Hold,62.405,62.44415,62.39717,62.44415,410
2023-08-03 00:00:00,0,0.5038791983787227,0.49612080162127725,Sell,62.44415,62.49896,62.27972,62.34236,2021
2023-08-03 01:00:00,0,0.5578305437782424,0.44216945622175763,Sell,62.3267,62.608578,62.27189,62.49113,2496
2023-08-03 02:00:00,0,0.5253239663303161,0.4746760336696839,Sell,62.4833,62.49896,62.34236,62.36585,1570
2023-08-03 03:00:00,0,0.542961508417893,0.45703849158210696,Sell,62.35802,62.381508,62.27189,62.30321,1147
2023-08-03 04:00:00,0,0.5459743927794504,0.45402560722054963,Sell,62.29538,62.33453,62.23274,62.27189,1200
2023-08-03 05:00:00,0,0.5557737708315749,0.44422622916842514,Sell,62.27189,62.38934,62.23274,62.27189,1838
2023-08-03 06:00:00,0,0.5600594920105595,0.4399405079894405,Sell,62.27972,62.33453,61.99784,62.00567,4723
2023-08-03 07:00:00,0,0.48855747240812186,0.5114425275918781,Hold,62.0135,62.09963,61.63766,61.66898,11490
2023-08-03 08:00:00,0,0.5332091481816064,0.46679085181839364,Sell,61.66898,62.13878,61.61417,62.0918,13831
2023-08-03 09:00:00,0,0.5188482521220507,0.48115174787794934,Sell,62.0918,62.22491,61.84907,62.21708,7970
2023-08-03 10:00:00,0,0.4837465690361308,0.5162534309638692,Hold,62.21708,62.30321,61.99001,62.07614,7092
2023-08-03 11:00:00,0,0.5020418696747289,0.49795813032527114,Sell,62.07614,62.34236,62.06831,62.154438,8949
2023-08-03 12:00:00,0,0.6426160577825624,0.35738394221743763,Sell,62.154438,63.21932,62.09963,63.21932,31529
2023-08-03 13:00:00,0,0.5979149438986777,0.4020850561013223,Sell,63.211487,63.493366,62.569427,62.85914,49088
2023-08-03 14:00:00,0,0.5944092789654821,0.4055907210345179,Sell,62.86697,63.289787,62.74952,63.08621,26337
2023-08-03 15:00:00,0,0.6081354090876021,0.3918645909123979,Sell,63.08621,63.71261,63.07055,63.634308,34048
2023-08-03 16:00:00,0,0.5911194584558755,0.40888054154412445,Sell,63.634308,63.955338,63.44639,63.908356,20987
2023-08-03 17:00:00,0,0.5856316908620722,0.41436830913792777,Sell,63.916187,64.096275,63.767418,63.853546,21657
2023-08-03 18:00:00,0,0.5942446937766508,0.4057553062233492,Sell,63.84572,63.97883,63.759586,63.931847,19757
2023-08-03 19:00:00,0,0.5877392054568045,0.41226079454319553,Sell,63.92402,64.02581,63.84572,63.986656,4750
2023-08-03 20:00:00,0,0.5926764418441884,0.40732355815581156,Sell,63.986656,64.096275,63.970997,63.994488,2994
2023-08-03 22:00:00,0,0.5892288149368909,0.41077118506310906,Sell,63.994488,64.04929,63.93968,64.017975,814
2023-08-03 23:00:00,0,0.6209556536296884,0.3790443463703116,Sell,64.017975,64.06496,64.01015,64.041466,829
2023-08-04 00:00:00,0,0.5883216276101425,0.4116783723898575,Sell,64.041466,64.16675,63.970997,64.15892,1957
2023-08-04 01:00:00,0,0.5722248338847443,0.4277751661152557,Sell,64.15892,64.23721,63.931847,63.97883,4516
2023-08-04 02:00:00,0,0.5976822582640684,0.4023177417359316,Sell,63.970997,64.00232,63.853546,63.931847,2531
2023-08-04 03:00:00,0,0.6034392406281831,0.3965607593718169,Sell,63.92402,64.017975,63.908356,63.986656,1134
2023-08-04 04:00:00,0,0.5819898726748688,0.4180101273251312,Sell,63.986656,64.02581,63.97883,63.986656,832
2023-08-04 05:00:00,0,0.5822115651794428,0.41778843482055716,Sell,63.986656,64.04929,63.955338,64.00232,1627
2023-08-04 06:00:00,0,0.5825642979158749,0.41743570208412506,Sell,64.01015,64.03364,63.892696,63.963165,2746
2023-08-04 07:00:00,0,0.5985736600011502,0.4014263399988498,Sell,63.955338,64.24505,63.93968,64.22156,10841
2023-08-04 08:00:00,0,0.53141602522678,0.46858397477322,Sell,64.21373,64.29202,64.017975,64.13543,11426
2023-08-04 09:00:00,0,0.5568998370761793,0.4431001629238207,Sell,64.13543,64.32335,64.096275,64.31551,7017
2023-08-04 10:00:00,0,0.5472055282163711,0.45279447178362886,Sell,64.31551,64.40165,64.1041,64.11194,7612
2023-08-04 11:00:00,0,0.5261100049294096,0.4738899950705904,Sell,64.11194,64.25288,64.017975,64.127594,6624
2023-08-04 12:00:00,0,0.5300375331423276,0.4699624668576724,Sell,64.13543,64.22156,63.822227,64.19807,16538
2023-08-04 13:00:00,0,0.5177960701696477,0.4822039298303523,Sell,64.1824,64.37032,63.931847,64.02581,30767
2023-08-04 14:00:00,0,0.5104162097929194,0.48958379020708065,Sell,64.02581,64.495605,63.83006,64.29202,24676
2023-08-04 15:00:00,0,0.48177287268012936,0.5182271273198706,Hold,64.284195,64.73051,64.16675,64.56608,26019
2023-08-04 16:00:00,0,0.5230608061769019,0.47693919382309813,Sell,64.573906,65.17681,64.56608,65.114174,22045
2023-08-04 17:00:00,0,0.5332217210272051,0.4667782789727949,Sell,65.114174,65.137665,64.93408,65.01238,14923
2023-08-04 18:00:00,0,0.5160759091985917,0.4839240908014083,Sell,65.004555,65.01238,64.65221,64.69135,22701
2023-08-04 19:00:00,0,0.5581852731278792,0.44181472687212076,Sell,64.69135,64.761826,64.66787,64.707016,5177
2023-08-04 20:00:00,0,0.5553505989591775,0.4446494010408225,Sell,64.69919,64.76965,64.62089,64.707016,2307
2023-08-06 22:00:00,1,0.5449840959244157,0.45501590407558434,Sell,64.84795,65.22379,64.793144,64.95757,4270
2023-08-06 23:00:00,1,0.557955780285707,0.442044219714293,Sell,64.95757,65.01238,64.894936,64.96541,1227
2023-08-07 00:00:00,1,0.5878577352790969,0.4121422647209031,Sell,64.95757,65.18465,64.9106,65.16898,2830
2023-08-07 01:00:00,1,0.5846936564646776,0.41530634353532236,Sell,65.16898,65.16898,64.761826,64.926254,4549
2023-08-07 02:00:00,1,0.5836062795002522,0.41639372049974777,Sell,64.93408,64.94192,64.761826,64.80097,1398
2023-08-07 03:00:00,1,0.5783564197315335,0.4216435802684665,Sell,64.80097,64.85579,64.78532,64.816635,740
2023-08-07 04:00:00,1,0.5644701177676769,0.43552988223232314,Sell,64.80881,64.80881,64.761826,64.78532,580
2023-08-07 05:00:00,1,0.5679573372404323,0.4320426627595677,Sell,64.78532,64.84795,64.72268,64.76965,1379
2023-08-07 06:00:00,1,0.5947104627532463,0.40528953724675365,Sell,64.77749,64.8323,64.660034,64.707016,2848
2023-08-07 07:00:00,1,0.6105503929554614,0.38944960704453857,Sell,64.707016,64.84795,64.5974,64.6757,6707
2023-08-07 08:00:00,0,0.4701632544291473,0.5298367455708527,Hold,64.66787,64.683525,64.24505,64.32335,10520
2023-08-07 09:00:00,0,0.45635016309878806,0.5436498369012119,Hold,64.32335,64.550415,64.13543,64.23721,9385
2023-08-07 10:00:00,0,0.4657652540951869,0.5342347459048131,Hold,64.23721,64.284195,64.05713,64.174576,6137
2023-08-07 11:00:00,0,0.4592564843037543,0.5407435156962457,Hold,64.174576,64.307686,64.13543,64.26854,4680
2023-08-07 12:00:00,1,0.44730211022115973,0.5526978897788403,Hold,64.27637,64.472115,64.02581,64.393814,11837
2023-08-07 13:00:00,0,0.42504396276148665,0.5749560372385134,Hold,64.40165,64.573906,64.02581,64.072784,24456
2023-08-07 14:00:00,0,0.3855043462668162,0.6144956537331838,Hold,64.072784,64.22156,63.83006,64.02581,22459
2023-08-07 15:00:00,0,0.4392465416431725,0.5607534583568274,Hold,64.03364,64.29986,63.869205,64.13543,17691
2023-08-07 16:00:00,1,0.4431408823330081,0.5568591176669919,Hold,64.13543,64.37816,64.11977,64.34684,9668
2023-08-07 17:00:00,0,0.43260477619676785,0.5673952238032322,Hold,64.34684,64.550415,64.27637,64.29986,10758
2023-08-07 18:00:00,1,0.42426022125978363,0.5757397787402163,Hold,64.29986,64.42513,64.06496,64.417305,16076
2023-08-07 19:00:00,1,0.45819330251156465,0.5418066974884354,Hold,64.42513,64.58957,64.32335,64.55824,4874
2023-08-07 20:00:00,1,0.4399775500897222,0.5600224499102777,Hold,64.55824,64.63654,64.526924,64.573906,2075
2023-08-07 22:00:00,1,0.42904422273928366,0.5709557772607163,Hold,64.62089,64.628716,64.50343,64.5191,621
2023-08-07 23:00:00,1,0.4600845724267722,0.5399154275732279,Hold,64.5191,64.53476,64.50343,64.5191,463
2023-08-08 00:00:00,1,0.43884140087420426,0.5611585991257957,Hold,64.5191,64.53476,64.440796,64.44862,1443
2023-08-08 01:00:00,1,0.4207501983889954,0.5792498016110046,Hold,64.44862,64.44862,64.14326,64.16675,3681
2023-08-08 02:00:00,1,0.4629058413400585,0.5370941586599415,Hold,64.15892,64.37816,64.127594,64.362495,3111
2023-08-08 03:00:00,1,0.44754264805233807,0.5524573519476619,Hold,64.362495,64.40165,64.24505,64.25288,1556
2023-08-08 04:00:00,1,0.45417319898125597,0.545826801018744,Hold,64.25288,64.31551,64.11194,64.23721,3784
2023-08-08 05:00:00,1,0.4467044266164041,0.5532955733835959,Hold,64.23721,64.260704,64.1041,64.11977,1489
2023-08-08 06:00:00,1,0.508875734436601,0.49112426556339905,Sell,64.127594,64.13543,63.67346,63.681286,8749
2023-08-08 07:00:00,0,0.482048757139627,0.517951242860373,Hold,63.689117,63.83006,63.540348,63.556007,10525
2023-08-08 08:00:00,0,0.49539065886591754,0.5046093411340824,Hold,63.556007,63.75176,63.32111,63.501198,13463
2023-08-08 09:00:00,0,0.5113309843261374,0.48866901567386256,Sell,63.493366,63.556007,63.08621,63.172337,10974
2023-08-08 10:00:00,0,0.478218362891068,0.521781637108932,Hold,63.16451,63.25847,62.968758,63.12536,11153
2023-08-08 11:00:00,0,0.4696878305197584,0.5303121694802416,Hold,63.12536,63.24281,62.69471,62.73386,12999
2023-08-08 12:00:00,0,0.4772740312112551,0.5227259687887449,Hold,62.741688,63.08621,62.5616,62.984417,20722
2023-08-08 13:00:00,0,0.4562489471986592,0.5437510528013407,Hold,62.984417,63.39158,62.90612,63.188,35614
2023-08-08 14:00:00,0,0.47021770204406355,0.5297822979559365,Hold,63.188,63.728268,63.188,63.681286,28667
2023-08-08 15:00:00,0,0.4592556113665641,0.5407443886334359,Hold,63.681286,64.1041,63.50903,63.798737,27770
2023-08-08 16:00:00,0,0.4622003594674977,0.5377996405325023,Hold,63.798737,64.37032,63.759586,64.339005,18246
2023-08-08 17:00:00,0,0.43875421394556735,0.5612457860544326,Hold,64.33118,64.761826,64.284195,64.72268,15116
2023-08-08 18:00:00,0,0.4488204516989571,0.5511795483010429,Hold,64.72268,65.05154,64.61305,65.004555,25733
2023-08-08 19:00:00,0,0.431720743772419,0.568279256227581,Hold,65.004555,65.028046,64.84795,64.85579,6773
2023-08-08 20:00:00,0,0.4551508685283102,0.5448491314716898,Hold,64.85579,64.95757,64.73051,64.86362,5058
2023-08-08 22:00:00,0,0.4765174200412421,0.5234825799587579,Hold,64.894936,64.894936,64.74616,64.78532,1018
2023-08-08 23:00:00,0,0.49566336272892314,0.5043366372710769,Hold,64.793144,64.82446,64.77749,64.78532,733
2023-08-09 00:00:00,0,0.4251872182432361,0.5748127817567639,Hold,64.793144,64.88711,64.738335,64.761826,2646
2023-08-09 01:00:00,0,0.43645171190912563,0.5635482880908744,Hold,64.761826,64.871445,64.738335,64.84795,2602
2023-08-09 02:00:00,0,0.46760405633114455,0.5323959436688555,Hold,64.85579,64.85579,64.754,64.77749,1505
2023-08-09 03:00:00,0,0.5191334475908139,0.4808665524091861,Sell,64.78532,64.816635,64.761826,64.77749,753
2023-08-09 04:00:00,0,0.5186187014543728,0.48138129854562717,Sell,64.78532,64.82446,64.761826,64.816635,637
2023-08-09 05:00:00,0,0.4866175891420568,0.5133824108579432,Hold,64.816635,64.8323,64.73051,64.74616,1593
2023-08-09 06:00:00,0,0.5159730521086316,0.48402694789136835,Sell,64.754,64.91843,64.738335,64.793144,3520
2023-08-09 07:00:00,0,0.525043558374593,0.47495644162540696,Sell,64.80097,65.15333,64.76965,65.14549,9030
2023-08-09 08:00:00,0,0.5008422738015076,0.4991577261984924,Sell,65.15333,65.294266,64.87927,65.294266,14507
2023-08-09 09:00:00,0,0.49520104930350595,0.504798950696494,Hold,65.294266,65.60747,65.26295,65.54482,16879
2023-08-09 10:00:00,0,0.49016079799960893,0.509839202000391,Hold,65.536995,65.70142,65.31776,65.37257,11789
2023-08-09 11:00:00,0,0.5118965080830985,0.4881034919169015,Sell,65.36474,65.858025,65.33341,65.591805,12519
2023-08-09 12:00:00,0,0.5010570366433217,0.4989429633566783,Sell,65.59963,65.63095,65.403885,65.58398,15447
2023-08-09 13:00:00,0,0.5182818730953903,0.4817181269046097,Sell,65.591805,65.99896,65.45087,65.87368,37023
2023-08-09 14:00:00,0,0.4984728228491311,0.5015271771508689,Hold,65.87368,66.280846,65.63095,65.748405,40883
2023-08-09 15:00:00,0,0.5150931916748261,0.48490680832517385,Sell,65.748405,65.86585,65.33341,65.458694,34747
2023-08-09 16:00:00,0,0.46205407295236395,0.5379459270476361,Hold,65.45087,65.49001,65.004555,65.33341,26870
2023-08-09 17:00:00,0,0.5029148077031925,0.4970851922968075,Sell,65.33341,65.615295,65.22379,65.59963,14941
2023-08-09 18:00:00,0,0.45436369316787795,0.545636306832122,Hold,65.591805,66.13207,65.52133,65.96764,25116
2023-08-09 19:00:00,0,0.44684123343959525,0.5531587665604047,Hold,65.97547,66.069435,65.912834,65.959816,5332
2023-08-09 20:00:00,0,0.38947232138413124,0.6105276786158688,Hold,65.959816,66.014626,65.912834,65.94415,2666
2023-08-09 22:00:00,0,0.41876683746684,0.5812331625331599,Hold,65.96764,65.96764,65.90501,65.936325,790
2023-08-09 23:00:00,0,0.4203633681653728,0.5796366318346272,Hold,65.94415,65.98331,65.936325,65.95198,549
2023-08-10 00:00:00,0,0.39942957468762436,0.6005704253123756,Hold,65.94415,66.014626,65.858025,65.99896,1857
2023-08-10 01:00:00,0,0.41579205604452035,0.5842079439554797,Hold,65.99896,66.045944,65.88934,65.9285,2194
2023-08-10 02:00:00,0,0.4264384524862246,0.5735615475137754,Hold,65.9285,66.02245,65.88934,65.96764,1357
2023-08-10 03:00:00,0,0.43662436454188996,0.5633756354581101,Hold,65.96764,66.014626,65.95198,65.991135,1011
2023-08-10 04:00:00,0,0.44386854596492586,0.5561314540350741,Hold,65.991135,66.10075,65.991135,66.045944,1449
2023-08-10 05:00:00,1,0.5123800370809521,0.48761996291904786,Sell,66.05377,66.335655,66.014626,66.27301,3638
2023-08-10 06:00:00,0,0.4696970706702317,0.5303029293297683,Hold,66.27301,66.32782,66.03028,66.069435,6108
2023-08-10 07:00:00,1,0.5129097763329281,0.4870902236670719,Sell,66.06161,66.468765,66.03812,66.18688,10565
2023-08-10 08:00:00,1,0.49996376908458157,0.5000362309154185,Hold,66.18688,66.366974,66.014626,66.233864,11258
2023-08-10 09:00:00,1,0.5164819953492076,0.4835180046507924,Sell,66.233864,66.312164,65.8502,65.90501,8150
2023-08-10 10:00:00,1,0.4412047431156457,0.5587952568843543,Hold,65.90501,65.98331,65.76406,65.81104,7324
2023-08-10 11:00:00,0,0.4325322298556477,0.5674677701443522,Hold,65.81104,65.89717,65.65444,65.67793,7141
2023-08-10 12:00:00,1,0.4177002134564049,0.582299786543595,Hold,65.670105,65.96764,65.49784,65.76406,17815
2023-08-10 13:00:00,1,0.40738583091876507,0.592614169081235,Hold,65.75623,65.881516,65.349075,65.71709,27186
2023-08-10 14:00:00,0,0.40663772803871,0.59336227196129,Hold,65.724915,65.89717,65.36474,65.38822,23982
2023-08-10 15:00:00,0,0.38667551263683037,0.6133244873631696,Hold,65.39606,65.65444,65.161156,65.458694,27705
2023-08-10 16:00:00,0,0.4760058632646866,0.5239941367353134,Hold,65.458694,65.54482,65.05154,65.09852,21627
2023-08-10 17:00:00,0,0.448518393335935,0.551481606664065,Hold,65.09852,65.215965,64.660034,64.80881,20338
2023-08-10 18:00:00,0,0.43740745752993354,0.5625925424700664,Hold,64.80097,65.07503,64.69135,65.01238,25436
2023-08-10 19:00:00,0,0.39172591644294347,0.6082740835570566,Hold,65.004555,65.01238,64.754,64.88711,4693
2023-08-10 20:00:00,0,0.4043194302779993,0.5956805697220007,Hold,64.894936,64.91843,64.816635,64.88711,1830
2023-08-10 22:00:00,0,0.4014395138598104,0.5985604861401896,Hold,64.85579,64.926254,64.85579,64.894936,696
2023-08-10 23:00:00,0,0.4019315719910423,0.5980684280089577,Hold,64.894936,64.91843,64.85579,64.9106,450
2023-08-11 00:00:00,0,0.3822045854360485,0.6177954145639515,Hold,64.9106,64.99673,64.87927,64.973236,1068
2023-08-11 01:00:00,0,0.4170080531893853,0.5829919468106147,Hold,64.973236,65.114174,64.95757,65.028046,2413
2023-08-11 02:00:00,0,0.41188003843273335,0.5881199615672666,Hold,65.028046,65.028046,64.72268,64.793144,3876
2023-08-11 03:00:00,0,0.40336578984966365,0.5966342101503364,Hold,64.78532,64.91843,64.754,64.8323,1874
2023-08-11 04:00:00,0,0.3814604064995281,0.6185395935004718,Hold,64.840126,64.871445,64.73051,64.74616,1261
2023-08-11 05:00:00,0,0.3837978009810892,0.6162021990189108,Hold,64.74616,64.84795,64.71484,64.78532,1777
2023-08-11 06:00:00,0,0.36911989836976633,0.6308801016302337,Hold,64.78532,64.84795,64.605225,64.63654,3179
2023-08-11 07:00:00,0,0.4609684392103967,0.5390315607896032,Hold,64.628716,65.03587,64.550415,64.926254,9582
2023-08-11 08:00:00,0,0.47359536047274176,0.5264046395272582,Hold,64.926254,65.106346,64.78532,64.88711,10436
2023-08-11 09:00:00,0,0.44757819010811056,0.5524218098918894,Hold,64.87927,64.88711,64.38599,64.69135,10350
2023-08-11 10:00:00,0,0.5018778119639044,0.49812218803609565,Sell,64.69135,65.161156,64.6757,65.09852,11408
2023-08-11 11:00:00,0,0.5250219883668508,0.47497801163314923,Sell,65.09068,65.30209,65.01238,65.16898,7836
2023-08-11 12:00:00,1,0.5398379209696423,0.46016207903035766,Sell,65.16898,65.3569,65.059364,65.325584,14858
2023-08-11 13:00:00,0,0.47254160176794113,0.5274583982320589,Hold,65.33341,65.33341,64.64438,64.90276,25847
2023-08-11 14:00:00,0,0.5627332046630953,0.4372667953369047,Sell,64.91843,65.41171,64.91843,65.15333,26010
2023-08-11 15:00:00,0,0.5136405906692894,0.48635940933071065,Sell,65.161156,65.45087,64.98889,65.41955,22515
2023-08-11 16:00:00,1,0.508550518757934,0.491449481242066,Sell,65.427376,65.62312,65.36474,65.482185,17437
2023-08-11 17:00:00,1,0.5169124249883792,0.4830875750116208,Sell,65.47436,65.560486,65.28644,65.55266,11505
2023-08-11 18:00:00,0,0.5074254945568896,0.49257450544311043,Sell,65.54482,65.57614,65.05154,65.122,21097
2023-08-11 19:00:00,0,0.5359840394710159,0.4640159605289841,Sell,65.12984,65.17681,65.04371,65.082855,4090
2023-08-11 20:00:00,0,0.4269642434178536,0.5730357565821464,Hold,65.07503,65.15333,65.004555,65.02022,1978
2023-08-13 22:00:00,0,0.4449435969394847,0.5550564030605153,Hold,65.059364,65.06719,64.816635,64.82446,2163
2023-08-13 23:00:00,0,0.5118834847157848,0.4881165152842152,Sell,64.82446,64.91843,64.78532,64.90276,1013
2023-08-14 00:00:00,1,0.5270928190012184,0.4729071809987816,Sell,64.9106,64.96541,64.87927,64.9106,1168
2023-08-14 01:00:00,1,0.5663300472810526,0.43366995271894737,Sell,64.894936,65.059364,64.793144,65.02022,2918
2023-08-14 02:00:00,0,0.48033905004239735,0.5196609499576026,Hold,65.02022,65.05154,64.66787,64.683525,2781
2023-08-14 03:00:00,0,0.4569900485447198,0.5430099514552802,Hold,64.6757,64.6757,64.526924,64.573906,2924
2023-08-14 04:00:00,0,0.4347854408741553,0.5652145591258446,Hold,64.573906,64.605225,64.43297,64.44862,1350
2023-08-14 05:00:00,0,0.45285977815593526,0.5471402218440647,Hold,64.44862,64.48778,64.307686,64.417305,2795
2023-08-14 06:00:00,0,0.43948770265045184,0.5605122973495482,Hold,64.40948,64.42513,64.23721,64.29202,3684
2023-08-14 07:00:00,1,0.4930683935674667,0.5069316064325333,Hold,64.284195,64.91843,64.19024,64.88711,9751
2023-08-14 08:00:00,0,0.44104665778322416,0.5589533422167758,Hold,64.87927,65.059364,64.80881,64.8323,9951
2023-08-14 09:00:00,1,0.4829725568522773,0.5170274431477226,Hold,64.8323,65.059364,64.73051,64.95757,6732
2023-08-14 10:00:00,1,0.48186912148959726,0.5181308785104027,Hold,64.96541,64.98889,64.77749,64.93408,3621
2023-08-14 11:00:00,0,0.4489674985773204,0.5510325014226796,Hold,64.93408,65.004555,64.74616,64.793144,3859
2023-08-14 12:00:00,0,0.37797322687469687,0.6220267731253031,Hold,64.80097,64.80097,64.017975,64.14326,17963
2023-08-14 13:00:00,0,0.36899259293944736,0.6310074070605527,Hold,64.151085,64.82446,64.1041,64.46429,29758
2023-08-14 14:00:00,1,0.4151124874799733,0.5848875125200267,Hold,64.472115,65.14549,64.440796,64.86362,24187
2023-08-14 15:00:00,1,0.38560691768103494,0.6143930823189651,Hold,64.871445,65.004555,64.605225,64.64438,15429
2023-08-14 16:00:00,0,0.37132617687134173,0.6286738231286583,Hold,64.65221,64.71484,64.24505,64.58957,15579
2023-08-14 17:00:00,1,0.43669487787192834,0.5633051221280716,Hold,64.58957,64.894936,64.43297,64.840126,11175
2023-08-14 18:00:00,1,0.40377385975220553,0.5962261402477944,Hold,64.840126,64.99673,64.526924,64.55824,19826
2023-08-14 19:00:00,1,0.38436509141519754,0.6156349085848025,Hold,64.56608,64.65221,64.5191,64.65221,3044
2023-08-14 20:00:00,1,0.3651899362137541,0.6348100637862459,Hold,64.64438,64.683525,64.55824,64.573906,1333
2023-08-14 22:00:00,0,0.3529543066001204,0.6470456933998796,Hold,64.61305,64.63654,64.45646,64.48778,1094
2023-08-14 23:00:00,0,0.3526784791971417,0.6473215208028583,Hold,64.48778,64.526924,64.47994,64.50343,298
2023-08-15 00:00:00,0,0.3628808829942783,0.6371191170057218,Hold,64.50343,64.58173,64.47994,64.573906,999
2023-08-15 01:00:00,1,0.3943092295755413,0.6056907704244587,Hold,64.573906,64.76965,64.5191,64.71484,3266
2023-08-15 02:00:00,1,0.36284745843898486,0.6371525415610151,Hold,64.71484,64.74616,64.61305,64.64438,1741
2023-08-15 03:00:00,1,0.39107913599029226,0.6089208640097077,Hold,64.65221,64.683525,64.62089,64.6757,721
2023-08-15 04:00:00,0,0.3881349935906126,0.6118650064093873,Hold,64.6757,64.69919,64.61305,64.62089,607
2023-08-15 05:00:00,0,0.4285507051158198,0.5714492948841803,Hold,64.628716,64.683525,64.526924,64.63654,1513
2023-08-15 06:00:00,1,0.4535777485900694,0.5464222514099306,Hold,64.64438,64.91843,64.61305,64.793144,3421
2023-08-15 07:00:00,0,0.41717755302054527,0.5828224469794547,Hold,64.793144,64.80881,64.284195,64.31551,7144
2023-08-15 08:00:00,1,0.4049629575220388,0.5950370424779612,Hold,64.31551,64.65221,64.19807,64.51127,7557
2023-08-15 09:00:00,1,0.41540118859271385,0.5845988114072862,Hold,64.51127,64.53476,64.05713,64.096275,7966
2023-08-15 10:00:00,1,0.3895400068913761,0.6104599931086239,Hold,64.08845,64.260704,63.853546,63.908356,8826
2023-08-15 11:00:00,1,0.35969638226245576,0.6403036177375443,Hold,63.908356,64.05713,63.853546,63.869205,6207
2023-08-15 12:00:00,0,0.3832013127739654,0.6167986872260346,Hold,63.861378,63.963165,63.477707,63.642136,21506
2023-08-15 13:00:00,0,0.30388749666304193,0.6961125033369581,Hold,63.642136,64.11977,63.35243,63.37592,28705
2023-08-15 14:00:00,0,0.26195216359592405,0.7380478364040759,Hold,63.368088,63.56384,62.9531,63.32111,32813
2023-08-15 15:00:00,0,0.3003125928778132,0.6996874071221868,Hold,63.32111,63.532516,62.99225,63.0314,18099
2023-08-15 16:00:00,0,0.2845909231472555,0.7154090768527446,Hold,63.0314,63.22715,62.984417,63.195827,9683
2023-08-15 17:00:00,0,0.2638784038791149,0.7361215961208851,Hold,63.20366,63.28196,63.0314,63.117527,7840
2023-08-15 18:00:00,1,0.27126934772809635,0.7287306522719037,Hold,63.117527,63.532516,63.117527,63.43073,15452
2023-08-15 19:00:00,0,0.2724434054880362,0.7275565945119638,Hold,63.43073,63.44639,63.33677,63.39158,2951
2023-08-15 20:00:00,1,0.27967724721488996,0.72032275278511,Hold,63.39158,63.52469,63.368088,63.48554,2205
2023-08-15 22:00:00,0,0.2653312056303355,0.7346687943696645,Hold,63.60299,63.626476,63.35243,63.422897,1134
2023-08-15 23:00:00,1,0.2942348356559111,0.705765164344089,Hold,63.422897,63.48554,63.383747,63.477707,567
2023-08-16 00:00:00,0,0.2834328230262862,0.7165671769737139,Hold,63.48554,63.516857,63.305447,63.407238,1621
2023-08-16 01:00:00,0,0.2849533855575586,0.7150466144424414,Hold,63.407238,63.50903,63.172337,63.407238,3172
2023-08-16 02:00:00,0,0.3045482890923799,0.6954517109076201,Hold,63.407238,63.41507,63.24281,63.25847,1501
2023-08-16 03:00:00,0,0.3209733019756902,0.6790266980243098,Hold,63.266296,63.31328,63.172337,63.289787,1942
2023-08-16 04:00:00,0,0.3028795750378134,0.6971204249621866,Hold,63.28196,63.305447,63.22715,63.234978,943
2023-08-16 05:00:00,0,0.32283017103790856,0.6771698289620914,Hold,63.234978,63.274128,63.1097,63.14885,1937
2023-08-16 06:00:00,0,0.32917379492406706,0.6708262050759329,Hold,63.156677,63.266296,63.04706,63.07055,3709
2023-08-16 07:00:00,0,0.3620096071327381,0.6379903928672619,Hold,63.062717,63.548176,63.05489,63.250637,8509
2023-08-16 08:00:00,0,0.34397989389427175,0.6560201061057283,Hold,63.250637,63.610817,63.250637,63.35243,9230
2023-08-16 09:00:00,0,0.3346566147085088,0.6653433852914912,Hold,63.344597,63.50903,63.250637,63.289787,5927
2023-08-16 10:00:00,0,0.35310055878266716,0.6468994412173328,Hold,63.29762,63.44639,63.211487,63.399406,3857
2023-08-16 11:00:00,1,0.3958012102073369,0.6041987897926631,Hold,63.399406,63.71261,63.289787,63.6578,6674
2023-08-16 12:00:00,1,0.3531749121388207,0.6468250878611793,Hold,63.649967,63.759586,63.462048,63.540348,10349
2023-08-16 13:00:00,1,0.35669373212910016,0.6433062678708998,Hold,63.540348,63.743927,63.289787,63.35243,23187
2023-08-16 14:00:00,1,0.3053844208163275,0.6946155791836726,Hold,63.344597,63.556007,63.0314,63.29762,26021
2023-08-16 15:00:00,1,0.35581643218258274,0.6441835678174173,Hold,63.289787,63.516857,63.117527,63.234978,13569
2023-08-16 16:00:00,0,0.32584384498387636,0.6741561550161237,Hold,63.234978,63.33677,62.43632,62.514618,17298
2023-08-16 17:00:00,0,0.30684436417122335,0.6931556358287767,Hold,62.50679,62.608578,62.33453,62.54594,18256
2023-08-16 18:00:00,0,0.2906342661813648,0.7093657338186352,Hold,62.55377,62.57726,62.07614,62.18576,35643
2023-08-16 19:00:00,0,0.30487438175566856,0.6951256182443315,Hold,62.17793,62.18576,61.89605,61.97435,8034
2023-08-16 20:00:00,0,0.2580470717216344,0.7419529282783657,Hold,61.97435,62.11529,61.95869,62.06048,2290
2023-08-16 22:00:00,0,0.23319961225981314,0.7668003877401869,Hold,62.05265,62.0918,61.99784,62.02133,689
2023-08-16 23:00:00,0,0.2534935693070213,0.7465064306929787,Hold,62.02133,62.02916,61.95086,61.95869,504
2023-08-17 00:00:00,0,0.2886846999422986,0.7113153000577014,Hold,61.95869,61.97435,61.81775,61.84907,2084
2023-08-17 01:00:00,0,0.35522814923435914,0.6447718507656408,Hold,61.86473,62.23274,61.82558,62.19359,4052
2023-08-17 02:00:00,0,0.3344177503328146,0.6655822496671854,Hold,62.20142,62.24057,62.07614,62.19359,2262
2023-08-17 03:00:00,0,0.3135959320271527,0.6864040679728474,Hold,62.18576,62.23274,62.10746,62.12312,1334
2023-08-17 04:00:00,0,0.3251794209039877,0.6748205790960122,Hold,62.11529,62.13878,62.02916,62.04482,917
2023-08-17 05:00:00,0,0.33771413875675244,0.6622858612432476,Hold,62.05265,62.05265,61.927372,62.02133,1439
2023-08-17 06:00:00,0,0.3859096845196637,0.6140903154803363,Hold,62.0135,62.405,62.00567,62.36585,5186
2023-08-17 07:00:00,0,0.3733673163393495,0.6266326836606505,Hold,62.36585,62.5616,62.33453,62.55377,6466
2023-08-17 08:00:00,0,0.38575108246150047,0.6142489175384995,Hold,62.55377,62.55377,62.16227,62.23274,7212
2023-08-17 09:00:00,0,0.3971208366994665,0.6028791633005335,Hold,62.22491,62.49113,62.1701,62.43632,6346
2023-08-17 10:00:00,0,0.3815968376516683,0.6184031623483317,Hold,62.43632,62.741688,62.42849,62.67122,6719
2023-08-17 11:00:00,0,0.3654189607730193,0.6345810392269807,Hold,62.67905,62.90612,62.6399,62.71037,7642
2023-08-17 12:00:00,0,0.3870783236164762,0.6129216763835238,Hold,62.71037,62.929607,62.569427,62.78867,9390
2023-08-17 13:00:00,0,0.3404353463354207,0.6595646536645793,Hold,62.780838,63.188,62.76518,62.93744,20696
2023-08-17 14:00:00,0,0.3456573667214141,0.6543426332785859,Hold,62.929607,63.48554,62.90612,63.31328,21980
2023-08-17 15:00:00,0,0.33216509126438293,0.667834908735617,Hold,63.32111,63.407238,63.07055,63.117527,11525
2023-08-17 16:00:00,0,0.3415245320274208,0.6584754679725793,Hold,63.1097,63.31328,63.078377,63.195827,8023
2023-08-17 17:00:00,0,0.35777863278016403,0.642221367219836,Hold,63.20366,63.234978,62.851307,62.86697,9985
2023-08-17 18:00:00,0,0.3378076776097037,0.6621923223902964,Hold,62.85914,63.0314,62.71037,62.77301,16365
2023-08-17 19:00:00,0,0.3797163372009019,0.6202836627990981,Hold,62.780838,62.81999,62.63207,62.69471,4013
2023-08-17 20:00:00,0,0.3778817665544719,0.6221182334455281,Hold,62.69471,62.757347,62.67905,62.68688,1153
2023-08-17 22:00:00,0,0.4003866335545794,0.5996133664454206,Hold,62.67122,62.796497,62.59292,62.6399,1013
2023-08-17 23:00:00,0,0.4005608214817655,0.5994391785182345,Hold,62.6399,62.73386,62.63207,62.663387,385
2023-08-18 00:00:00,0,0.44828733921028924,0.5517126607897107,Hold,62.67905,62.968758,62.569427,62.945267,1292
2023-08-18 01:00:00,0,0.4418283948146457,0.5581716051853542,Hold,62.9531,63.25847,62.92178,63.20366,1406
2023-08-18 02:00:00,0,0.4675855469327716,0.5324144530672283,Hold,63.21932,63.266296,63.12536,63.22715,820
2023-08-18 03:00:00,0,0.47543881936388666,0.5245611806361133,Hold,63.21932,63.21932,63.078377,63.078377,303
2023-08-18 04:00:00,0,0.4857040132630759,0.5142959867369241,Hold,63.08621,63.1097,62.96093,62.96093,341
2023-08-18 05:00:00,0,0.48072172277627984,0.5192782772237201,Hold,62.97659,63.13319,62.913948,63.13319,597
2023-08-18 06:00:00,0,0.45855141005054917,0.5414485899494508,Hold,63.12536,63.211487,63.08621,63.156677,761
2023-08-18 07:00:00,0,0.4612320356287903,0.5387679643712098,Hold,63.14885,63.39158,62.851307,63.00008,2232
2023-08-18 08:00:00,0,0.470315568526185,0.5296844314738149,Hold,62.99225,63.172337,62.890457,63.09404,1378
2023-08-18 09:00:00,0,0.48529124294595627,0.5147087570540437,Hold,63.078377,63.1097,62.6399,62.81999,1236
2023-08-18 10:00:00,0,0.5039560660202351,0.4960439339797649,Sell,62.81216,63.05489,62.76518,63.00008,557
2023-08-18 11:00:00,0,0.48225276355422053,0.5177472364457795,Hold,63.01574,63.05489,62.44415,62.4833,2509
2023-08-18 12:00:00,0,0.46707840181870613,0.5329215981812938,Hold,62.49113,62.68688,62.31887,62.39717,1798
2023-08-18 13:00:00,0,0.4939662903599558,0.5060337096400442,Hold,62.38934,63.61865,62.35802,63.023567,7319
2023-08-18 14:00:00,0,0.5384335713966025,0.46156642860339747,Sell,63.023567,63.211487,62.78867,62.97659,3016
2023-08-18 15:00:00,0,0.5622748161094125,0.43772518389058745,Sell,62.984417,63.31328,62.74952,63.117527,2590
2023-08-18 16:00:00,0,0.4790812008007153,0.5209187991992847,Hold,63.117527,63.75176,63.08621,63.736095,3257
2023-08-18 17:00:00,0,0.47399249216829253,0.5260075078317075,Hold,63.720436,63.900528,63.67346,63.822227,2022
2023-08-18 18:00:00,0,0.5105297045095213,0.4894702954904787,Sell,63.814396,63.814396,63.46988,63.689117,2995
2023-08-18 19:00:00,0,0.474999637842769,0.525000362157231,Hold,63.689117,63.71261,63.610817,63.634308,651
2023-08-18 20:00:00,0,0.5003349765357519,0.4996650234642481,Sell,63.634308,63.775246,63.61865,63.736095,646
2023-08-20 22:00:00,0,0.49438610904820596,0.505613890951794,Hold,63.736095,63.77556,63.48355,63.657177,1878
2023-08-20 23:00:00,0,0.47899955425489005,0.52100044574511,Hold,63.657177,63.657177,63.586147,63.601933,576
2023-08-21 00:00:00,0,0.48650845812814697,0.5134915418718531,Hold,63.601933,63.649284,63.578255,63.62561,1228
2023-08-21 01:00:00,1,0.4873111009824906,0.5126888990175094,Hold,63.617718,64.2333,63.601933,64.2254,7043
2023-08-21 02:00:00,1,0.5091957453613464,0.4908042546386536,Sell,64.217514,64.32011,64.114914,64.27276,3708
2023-08-21 03:00:00,0,0.5204090218176408,0.4795909781823592,Sell,64.26486,64.27276,64.12281,64.1307,1839
2023-08-21 04:00:00,0,0.5218568062450357,0.4781431937549643,Sell,64.13859,64.146484,64.05967,64.075455,1139
2023-08-21 05:00:00,0,0.53114359412636,0.46885640587363997,Sell,64.075455,64.146484,63.996536,64.075455,2092
2023-08-21 06:00:00,0,0.5314304242733512,0.4685695757266488,Sell,64.075455,64.18594,63.996536,64.1307,3253
2023-08-21 07:00:00,0,0.49392832727916836,0.5060716727208316,Hold,64.12281,64.28065,64.05967,64.107025,5957
2023-08-21 08:00:00,0,0.5545295807751841,0.4454704192248159,Sell,64.107025,64.24119,63.90183,63.94129,7913
2023-08-21 09:00:00,0,0.5401667037645369,0.4598332962354631,Sell,63.94918,64.12281,63.89394,64.09913,5041
2023-08-21 10:00:00,0,0.5352462948304236,0.46475370516957637,Sell,64.107025,64.37535,64.107025,64.2254,5153
2023-08-21 11:00:00,1,0.5189241494075072,0.4810758505924928,Sell,64.20962,64.51741,64.20173,64.430595,7373
2023-08-21 12:00:00,1,0.522861016470341,0.477138983529659,Sell,64.43849,64.49374,64.29643,64.41481,9323
2023-08-21 13:00:00,0,0.5643824992750789,0.4356175007249211,Sell,64.41481,64.42271,63.807125,63.830803,29685
2023-08-21 14:00:00,0,0.5541716512048717,0.44582834879512834,Sell,63.838696,64.01232,63.47566,63.601933,25954
2023-08-21 15:00:00,0,0.5677963765381838,0.4322036234618162,Sell,63.601933,64.114914,63.570366,63.886047,19474
2023-08-21 16:00:00,0,0.5016974007531846,0.4983025992468154,Sell,63.878155,63.90972,63.30993,63.578255,17657
2023-08-21 17:00:00,0,0.47341584248448554,0.5265841575155145,Hold,63.578255,63.64139,63.183655,63.24679,19849
2023-08-21 18:00:00,0,0.45711332968815865,0.5428866703118413,Hold,63.254684,63.365173,63.112625,63.24679,25047
2023-08-21 19:00:00,0,0.49242850645030756,0.5075714935496924,Hold,63.24679,63.262573,63.136303,63.24679,5034
2023-08-21 20:00:00,0,0.5117338200451131,0.48826617995488686,Sell,63.24679,63.317818,63.2389,63.302036,1972
2023-08-21 22:00:00,1,0.49725101841645797,0.502748981583542,Hold,63.333603,63.35728,63.21522,63.270466,893
2023-08-21 23:00:00,1,0.5177098495396051,0.4822901504603949,Sell,63.270466,63.30993,63.191547,63.21522,517
2023-08-22 00:00:00,1,0.5550366562221338,0.44496334377786617,Sell,63.223114,63.35728,63.191547,63.34939,1568
2023-08-22 01:00:00,0,0.5275924076018366,0.47240759239816343,Sell,63.34939,63.388847,63.073166,63.104733,2997
2023-08-22 02:00:00,0,0.49358137160568083,0.5064186283943192,Hold,63.112625,63.19944,63.08895,63.12841,1724
2023-08-22 03:00:00,0,0.4820265781667066,0.5179734218332934,Hold,63.12841,63.2389,63.112625,63.12841,1774
2023-08-22 04:00:00,0,0.5113724088703748,0.48862759112962517,Sell,63.136303,63.16787,63.120518,63.136303,577
2023-08-22 05:00:00,0,0.4788494671524566,0.5211505328475434,Hold,63.136303,63.16787,63.04949,63.08895,2244
2023-08-22 06:00:00,0,0.5208235363362372,0.47917646366376276,Sell,63.104733,63.30993,63.065273,63.175762,4062
2023-08-22 07:00:00,0,0.49838209486657736,0.5016179051334226,Hold,63.16787,63.262573,62.875866,62.89165,9263
2023-08-22 08:00:00,0,0.55408792545127,0.44591207454873005,Sell,62.89165,63.104733,62.875866,63.096844,9574
2023-08-22 09:00:00,0,0.528559539154048,0.47144046084595204,Sell,63.08895,63.30993,62.939003,63.01792,7483
2023-08-22 10:00:00,0,0.522314476773921,0.47768552322607905,Sell,63.01792,63.136303,62.93111,62.986355,4604
2023-08-22 11:00:00,0,0.5136114019072294,0.4863885980927706,Sell,62.986355,63.033707,62.82062,62.907433,6351
2023-08-22 12:00:00,0,0.5503478797711403,0.4496521202288597,Sell,62.907433,63.191547,62.82062,63.033707,13549
2023-08-22 13:00:00,1,0.5778781263352156,0.4221218736647844,Sell,63.033707,63.428307,62.828514,63.2389,28238
2023-08-22 14:00:00,0,0.535584879532261,0.46441512046773903,Sell,63.24679,63.404633,62.88376,63.002136,19632
2023-08-22 15:00:00,0,0.4946909843067824,0.5053090156932176,Hold,63.01003,63.16787,62.915325,63.01792,21760
2023-08-22 16:00:00,1,0.4803848466434931,0.5196151533565069,Hold,63.01792,63.317818,62.994247,63.065273,13396
2023-08-22 17:00:00,1,0.5393945458669986,0.46060545413300136,Sell,63.05738,63.15209,62.86008,62.986355,13811
2023-08-22 18:00:00,1,0.5855103502643322,0.4144896497356678,Sell,62.986355,63.01003,62.710133,62.844296,19399
2023-08-22 19:00:00,1,0.5946015994808395,0.40539840051916054,Sell,62.85219,62.986355,62.85219,62.962677,3904
2023-08-22 20:00:00,1,0.5412848861691011,0.4587151138308989,Sell,62.97057,63.002136,62.765377,62.86008,2624
2023-08-22 22:00:00,1,0.610456928631281,0.389543071368719,Sell,62.85219,62.939003,62.828514,62.86008,763
2023-08-22 23:00:00,1,0.6068131100612871,0.39318688993871287,Sell,62.86008,62.89165,62.836407,62.86008,547
2023-08-23 00:00:00,0,0.6052069335825109,0.3947930664174891,Sell,62.86008,62.867973,62.733807,62.804836,1477
2023-08-23 01:00:00,1,0.6218705175698455,0.37812948243015454,Sell,62.804836,62.954784,62.781162,62.94689,2353
2023-08-23 02:00:00,1,0.6531101684918248,0.3468898315081752,Sell,62.94689,63.002136,62.89954,63.002136,1279
2023-08-23 03:00:00,1,0.6026673940855121,0.39733260591448794,Sell,62.994247,63.065273,62.978462,62.986355,1063
2023-08-23 04:00:00,1,0.5711058032705966,0.42889419672940343,Sell,62.986355,63.01003,62.939003,62.954784,690
2023-08-23 05:00:00,1,0.6081575032758976,0.39184249672410243,Sell,62.954784,63.025814,62.867973,63.002136,2004
2023-08-23 06:00:00,1,0.645899602759278,0.35410039724072195,Sell,62.994247,63.01003,62.670673,62.694347,5645
2023-08-23 07:00:00,1,0.6631542620929328,0.3368457379070672,Sell,62.694347,62.694347,62.39445,62.47337,9881
2023-08-23 08:00:00,1,0.6249154947645846,0.37508450523541537,Sell,62.481262,62.65489,62.38656,62.512833,11461
2023-08-23 09:00:00,0,0.5847392004811444,0.41526079951885564,Sell,62.512833,62.560184,62.1498,62.205044,12093
2023-08-23 10:00:00,0,0.6047690690594469,0.39523093094055306,Sell,62.19715,62.19715,61.786762,61.936714,12232
2023-08-23 11:00:00,0,0.6009893922862499,0.3990106077137501,Sell,61.936714,62.023525,61.842007,61.96039,7614
2023-08-23 12:00:00,0,0.5691882902573221,0.4308117097426779,Sell,61.96039,61.999847,61.72363,61.889362,12499
2023-08-23 13:00:00,0,0.5145814237067914,0.4854185762932086,Sell,61.889362,61.99196,61.257996,61.715736,42881
2023-08-23 14:00:00,0,0.5743707639357916,0.42562923606420844,Sell,61.707844,62.47337,61.684166,62.43391,50972
2023-08-23 15:00:00,0,0.5024553111799882,0.4975446888200118,Sell,62.43391,62.66278,62.11823,62.354992,30142
2023-08-23 16:00:00,0,0.5209699683156042,0.47903003168439584,Sell,62.3471,62.599644,62.220825,62.339207,13943
2023-08-23 17:00:00,0,0.5313799322367061,0.4686200677632939,Sell,62.339207,62.70224,62.260284,62.32342,17286
2023-08-23 18:00:00,0,0.5206038703661885,0.4793961296338115,Sell,62.32342,62.61543,62.134014,62.181366,21831
2023-08-23 19:00:00,0,0.4960991084263761,0.5039008915736238,Hold,62.18926,62.212933,61.96828,62.062984,5624
2023-08-23 20:00:00,0,0.5266648498616101,0.4733351501383899,Sell,62.062984,62.062984,61.89725,61.999847,3450
2023-08-23 22:00:00,0,0.5277055721531874,0.47229442784681264,Sell,62.00774,62.07877,61.96828,62.062984,877
2023-08-23 23:00:00,0,0.5172998706250269,0.4827001293749731,Sell,62.062984,62.094555,61.999847,62.05509,566
2023-08-24 00:00:00,0,0.4856038887317209,0.5143961112682791,Hold,62.047203,62.102444,61.976173,62.05509,1060
2023-08-24 01:00:00,0,0.5517433768617809,0.4482566231382191,Sell,62.047203,62.11823,61.77098,61.842007,3774
2023-08-24 02:00:00,0,0.5030185243624441,0.4969814756375559,Sell,61.834118,62.00774,61.826225,61.92882,1955
2023-08-24 03:00:00,0,0.5068205892264976,0.49317941077350236,Sell,61.92882,62.03931,61.905144,62.023525,1433
2023-08-24 04:00:00,0,0.49789856157653933,0.5021014384234607,Hold,62.015633,62.220825,62.015633,62.205044,1548
2023-08-24 05:00:00,0,0.45651525873801785,0.5434847412619821,Hold,62.212933,62.23661,62.134014,62.15769,1829
2023-08-24 06:00:00,0,0.5181745257848489,0.4818254742151511,Sell,62.1498,62.16558,61.826225,61.85779,3401
2023-08-24 07:00:00,0,0.5236170223871411,0.47638297761285886,Sell,61.85779,62.00774,61.76309,61.77098,6907
2023-08-24 08:00:00,0,0.4620842421362905,0.5379157578637095,Hold,61.77098,62.402344,61.73152,62.3471,11383
2023-08-24 09:00:00,1,0.5184395629528661,0.4815604370471339,Sell,62.354992,62.520725,62.252396,62.512833,8108
2023-08-24 10:00:00,1,0.5101235902774153,0.4898764097225847,Sell,62.520725,62.568077,62.410236,62.46548,5803
2023-08-24 11:00:00,0,0.5535383935618766,0.4464616064381234,Sell,62.45759,62.47337,62.27607,62.299747,4809
2023-08-24 12:00:00,0,0.5211412269563988,0.47885877304360125,Sell,62.299747,62.354992,61.905144,61.905144,10557
2023-08-24 13:00:00,0,0.5124543067645961,0.48754569323540387,Sell,61.913036,62.07877,61.23432,62.00774,48262
2023-08-24 14:00:00,0,0.491481355068657,0.508518644931343,Hold,62.00774,62.39445,61.85779,61.96828,43832
2023-08-24 15:00:00,0,0.5277346890378685,0.47226531096213153,Sell,61.96039,62.260284,61.936714,62.141907,20053
2023-08-24 16:00:00,0,0.40977796267569006,0.5902220373243099,Hold,62.1498,62.5444,62.110336,62.43391,17143
2023-08-24 17:00:00,0,0.47361550429655747,0.5263844957034425,Hold,62.43391,62.489155,62.07877,62.244503,12817
2023-08-24 18:00:00,0,0.41915908597218743,0.5808409140278126,Hold,62.244503,62.43391,62.110336,62.410236,14205
2023-08-24 19:00:00,0,0.4296868421192932,0.5703131578807068,Hold,62.410236,62.449696,62.252396,62.260284,4254
2023-08-24 20:00:00,0,0.4636252919270096,0.5363747080729904,Hold,62.260284,62.268177,62.181366,62.252396,3016
2023-08-24 22:00:00,0,0.47039758463700454,0.5296024153629955,Hold,62.252396,62.339207,62.228718,62.291855,625
2023-08-24 23:00:00,0,0.49608359982861017,0.5039164001713898,Hold,62.291855,62.299747,62.244503,62.283962,370
2023-08-25 00:00:00,0,0.44866401962112995,0.55133598037887,Hold,62.283962,62.378666,62.244503,62.362885,2195
2023-08-25 01:00:00,0,0.49675534513522046,0.5032446548647795,Hold,62.370773,62.725918,62.370773,62.694347,4385
2023-08-25 02:00:00,0,0.4401071186694361,0.5598928813305639,Hold,62.70224,62.710133,62.536507,62.58386,2308
2023-08-25 03:00:00,0,0.4302854220590771,0.569714577940923,Hold,62.58386,62.599644,62.50494,62.528614,1115
2023-08-25 04:00:00,0,0.44854475932049526,0.5514552406795048,Hold,62.528614,62.639103,62.528614,62.607536,1129
2023-08-25 05:00:00,0,0.5129613689604732,0.4870386310395268,Sell,62.61543,62.836407,62.58386,62.804836,1962
2023-08-25 06:00:00,0,0.4824333249963649,0.5175666750036352,Hold,62.804836,62.836407,62.63121,62.678566,2803
2023-08-25 07:00:00,0,0.5466019109629938,0.4533980890370062,Sell,62.686455,62.89954,62.678566,62.875866,8155
2023-08-25 08:00:00,0,0.5190129155099956,0.4809870844900044,Sell,62.875866,63.19944,62.765377,63.175762,11141
2023-08-25 09:00:00,0,0.5291688482024282,0.47083115179757185,Sell,63.16787,63.294144,63.112625,63.21522,10772
2023-08-25 10:00:00,0,0.5146009108746357,0.48539908912536434,Sell,63.207333,63.270466,63.065273,63.073166,5784
2023-08-25 11:00:00,0,0.504428709721828,0.49557129027817204,Sell,63.065273,63.24679,63.01792,63.231007,6467
2023-08-25 12:00:00,0,0.49757366712504586,0.5024263328749541,Hold,63.231007,63.27836,63.08895,63.191547,9302
2023-08-25 13:00:00,0,0.5015028521211425,0.49849714787885746,Sell,63.191547,63.491444,62.986355,63.08106,36474
2023-08-25 14:00:00,1,0.526966805518047,0.473033194481953,Sell,63.08895,63.34939,62.725918,63.01792,35493
2023-08-25 15:00:00,0,0.50530452326582,0.49469547673418,Sell,63.01792,63.159977,62.599644,62.836407,26003
2023-08-25 16:00:00,0,0.5011684467621628,0.49883155323783723,Sell,62.836407,63.096844,62.65489,62.718025,18103
2023-08-25 17:00:00,0,0.4173736661533412,0.5826263338466589,Hold,62.718025,62.875866,61.668385,62.449696,46514
2023-08-25 18:00:00,0,0.38149805284565186,0.6185019471543481,Hold,62.449696,63.159977,62.354992,63.15209,35615
2023-08-25 19:00:00,0,0.38116978441090316,0.6188302155890968,Hold,63.15209,63.380955,63.12841,63.159977,9950
2023-08-25 20:00:00,0,0.40624539009090305,0.5937546099090969,Hold,63.15209,63.231007,63.08106,63.175762,2788
2023-08-27 22:00:00,0,0.385131019356543,0.6148689806434571,Hold,63.254684,63.46777,63.136303,63.28625,2700
2023-08-27 23:00:00,0,0.3658528669953914,0.6341471330046087,Hold,63.28625,63.341496,63.262573,63.28625,737
2023-08-28 00:00:00,0,0.3943510483602638,0.6056489516397362,Hold,63.294144,63.32571,63.16787,63.183655,2052
2023-08-28 01:00:00,0,0.43410402626868283,0.5658959737313172,Hold,63.183655,63.317818,62.954784,62.97057,4627
2023-08-28 02:00:00,0,0.42265856338133784,0.5773414366186622,Hold,62.962677,63.033707,62.89954,63.01003,2397
2023-08-28 03:00:00,0,0.41712317885545025,0.5828768211445498,Hold,63.01792,63.033707,62.939003,62.94689,1046
2023-08-28 04:00:00,0,0.3952375045266947,0.6047624954733053,Hold,62.94689,62.978462,62.923218,62.97057,566
2023-08-28 05:00:00,0,0.41507402940683213,0.5849259705931679,Hold,62.962677,63.19944,62.954784,63.120518,2492
2023-08-28 06:00:00,0,0.39101850673847494,0.6089814932615251,Hold,63.112625,63.317818,63.104733,63.24679,3611
2023-08-28 07:00:00,0,0.46601625106260475,0.5339837489373953,Hold,63.254684,63.373062,63.207333,63.365173,5998
2023-08-28 08:00:00,0,0.4366458166660277,0.5633541833339724,Hold,63.373062,63.4362,63.16787,63.28625,8599
2023-08-28 09:00:00,0,0.4173413439422641,0.5826586560577359,Hold,63.27836,63.404633,63.15209,63.294144,5151
2023-08-28 10:00:00,0,0.4895926442782843,0.5104073557217157,Hold,63.294144,63.333603,62.986355,63.033707,5493
2023-08-28 11:00:00,0,0.43563299988218523,0.5643670001178147,Hold,63.025814,63.096844,62.828514,63.0416,7929
2023-08-28 12:00:00,0,0.4673052466225507,0.5326947533774493,Hold,63.04949,63.21522,62.93111,63.04949,7718
2023-08-28 13:00:00,0,0.47642803652656734,0.5235719634734326,Hold,63.04949,63.82291,62.954784,63.728207,39741
2023-08-28 14:00:00,0,0.4483701088876555,0.5516298911123445,Hold,63.720314,63.807125,63.32571,63.578255,20877
2023-08-28 15:00:00,0,0.4874923776739559,0.5125076223260441,Hold,63.578255,63.586147,62.962677,63.302036,18026
2023-08-28 16:00:00,0,0.45144779070097507,0.5485522092990249,Hold,63.302036,63.32571,62.907433,63.136303,15063
2023-08-28 17:00:00,0,0.5275441536280663,0.4724558463719337,Sell,63.12841,63.294144,62.978462,63.159977,12128
2023-08-28 18:00:00,0,0.5012924315548006,0.49870756844519937,Sell,63.15209,63.365173,62.986355,63.24679,16931
2023-08-28 19:00:00,0,0.4796096760508237,0.5203903239491763,Hold,63.254684,63.30993,63.207333,63.231007,3419
2023-08-28 20:00:00,0,0.43943926229061947,0.5605607377093805,Hold,63.231007,63.27836,63.08895,63.112625,2113
2023-08-28 22:00:00,0,0.4665195542852383,0.5334804457147617,Hold,63.120518,63.19944,63.112625,63.15209,517
2023-08-28 23:00:00,0,0.48164936825680843,0.5183506317431916,Hold,63.144196,63.183655,63.120518,63.175762,495
2023-08-29 00:00:00,0,0.4593585589979418,0.5406414410020581,Hold,63.183655,63.2389,63.120518,63.15209,1799
2023-08-29 01:00:00,0,0.40529754644302296,0.594702453556977,Hold,63.15209,63.175762,62.97057,63.04949,3104
2023-08-29 02:00:00,0,0.48099908694285143,0.5190009130571486,Hold,63.0416,63.231007,63.01792,63.231007,1499
2023-08-29 03:00:00,0,0.45789617249565595,0.542103827504344,Hold,63.231007,63.231007,63.144196,63.175762,1101
2023-08-29 04:00:00,0,0.46637606704707474,0.5336239329529253,Hold,63.175762,63.223114,63.159977,63.191547,590
2023-08-29 05:00:00,0,0.39461095287623577,0.6053890471237642,Hold,63.183655,63.207333,63.096844,63.120518,1163
2023-08-29 06:00:00,0,0.37539807585274537,0.6246019241472547,Hold,63.112625,63.16787,62.978462,62.986355,2693
2023-08-29 07:00:00,0,0.44617321954989153,0.5538267804501085,Hold,62.978462,63.373062,62.978462,63.365173,6808
2023-08-29 08:00:00,0,0.4904628917863372,0.5095371082136628,Hold,63.365173,63.562473,63.294144,63.48355,9531
2023-08-29 09:00:00,1,0.45483516537241536,0.5451648346275846,Hold,63.47566,63.728207,63.428307,63.649284,8387
2023-08-29 10:00:00,1,0.4450061795406227,0.5549938204593773,Hold,63.649284,63.743988,63.59404,63.680855,4874
2023-08-29 11:00:00,1,0.4492961440008982,0.5507038559991018,Hold,63.680855,63.79134,63.546688,63.6335,8020
2023-08-29 12:00:00,0,0.46819103608544277,0.5318089639145572,Hold,63.64139,63.736095,63.451984,63.47566,11192
2023-08-29 13:00:00,0,0.39592461999719814,0.6040753800028018,Hold,63.46777,63.48355,62.867973,62.923218,34907
2023-08-29 14:00:00,0,0.39310859617701394,0.606891403822986,Hold,62.93111,63.420414,62.61543,63.35728,41596
2023-08-29 15:00:00,0,0.3640561970300133,0.6359438029699866,Hold,63.35728,63.617718,63.35728,63.46777,21862
2023-08-29 16:00:00,0,0.37324957714754375,0.6267504228524563,Hold,63.47566,63.66507,63.380955,63.657177,12280
2023-08-29 17:00:00,0,0.44697443686354343,0.5530255631364566,Hold,63.66507,64.1307,63.586147,64.09913,22159
2023-08-29 18:00:00,0,0.4270638168648184,0.5729361831351816,Hold,64.09913,64.1307,63.86237,64.107025,18108
2023-08-29 19:00:00,0,0.4148663387451263,0.5851336612548736,Hold,64.107025,64.13859,64.043884,64.09913,4594
2023-08-29 20:00:00,0,0.47577291576040265,0.5242270842395973,Hold,64.09913,64.24908,64.05967,64.178055,4387
2023-08-29 22:00:00,0,0.46931279836187806,0.5306872016381219,Hold,64.15437,64.24119,64.12281,64.20962,886
2023-08-29 23:00:00,0,0.47653521314311137,0.5234647868568887,Hold,64.20962,64.29643,64.20173,64.217514,900
2023-08-30 00:00:00,0,0.5357533289561106,0.4642466710438894,Sell,64.217514,64.26486,64.18594,64.217514,1861
2023-08-30 01:00:00,0,0.5892598993524295,0.4107401006475705,Sell,64.217514,64.40692,64.20962,64.391136,3543
2023-08-30 02:00:00,0,0.5242982241828118,0.4757017758171882,Sell,64.391136,64.399025,64.24119,64.26486,1642
2023-08-30 03:00:00,0,0.5492770185608047,0.4507229814391953,Sell,64.25697,64.33589,64.25697,64.31222,984
2023-08-30 04:00:00,0,0.5600289749055689,0.4399710250944311,Sell,64.31222,64.36746,64.29643,64.31222,1028
2023-08-30 05:00:00,0,0.5546495869265605,0.4453504130734395,Sell,64.31222,64.36746,64.30432,64.34378,1409
2023-08-30 06:00:00,0,0.558930937768859,0.44106906223114095,Sell,64.33589,64.44638,64.31222,64.36746,3399
2023-08-30 07:00:00,0,0.5515321964887678,0.44846780351123217,Sell,64.36746,64.509514,64.328,64.430595,6475
2023-08-30 08:00:00,0,0.5478328322853705,0.4521671677146295,Sell,64.430595,64.43849,64.05967,64.38325,14376
2023-08-30 09:00:00,0,0.6157258155919227,0.38427418440807726,Sell,64.38325,64.59633,64.34378,64.533195,6884
2023-08-30 10:00:00,0,0.604870783503946,0.39512921649605404,Sell,64.5253,64.62,64.42271,64.49374,6758
2023-08-30 11:00:00,0,0.5989069146167671,0.40109308538323285,Sell,64.48584,64.58054,64.40692,64.45427,6178
2023-08-30 12:00:00,0,0.5161782794261701,0.4838217205738299,Sell,64.44638,64.48584,64.24908,64.28065,13366
2023-08-30 13:00:00,0,0.5999481466936255,0.4000518533063745,Sell,64.28065,64.75417,64.24119,64.63579,30242
2023-08-30 14:00:00,0,0.49006095407414624,0.5099390459258537,Hold,64.63579,64.74628,64.146484,64.24119,34574
2023-08-30 15:00:00,0,0.5116885528302793,0.48831144716972075,Sell,64.2333,64.359566,63.838696,64.17016,36615
2023-08-30 16:00:00,0,0.5279958763129976,0.4720041236870024,Sell,64.16227,64.30432,63.830803,64.25697,19344
2023-08-30 17:00:00,0,0.5013741685967223,0.49862583140327765,Sell,64.24908,64.36746,64.0281,64.2333,16046
2023-08-30 18:00:00,0,0.4788871746847814,0.5211128253152186,Hold,64.2254,64.47795,64.16227,64.40692,18952
2023-08-30 19:00:00,0,0.5163424204261452,0.4836575795738548,Sell,64.40692,64.47795,64.36746,64.470055,4236
2023-08-30 20:00:00,0,0.5190048699283222,0.4809951300716778,Sell,64.470055,64.51741,64.43849,64.48584,2262
2023-08-30 22:00:00,0,0.5392918958600058,0.4607081041399942,Sell,64.47795,64.47795,64.40692,64.42271,419
2023-08-30 23:00:00,0,0.5598725850068604,0.44012741499313957,Sell,64.430595,64.43849,64.41481,64.41481,209
2023-08-31 00:00:00,0,0.5242958444615512,0.4757041555384488,Sell,64.41481,64.56476,64.41481,64.501625,1260
2023-08-31 01:00:00,0,0.5459714312749243,0.4540285687250757,Sell,64.509514,64.55687,64.43849,64.44638,1495
2023-08-31 02:00:00,0,0.5021042637275049,0.49789573627249506,Sell,64.44638,64.470055,64.328,64.34378,1527
2023-08-31 03:00:00,0,0.5430639121976465,0.4569360878023535,Sell,64.34378,64.43849,64.30432,64.42271,1247
2023-08-31 04:00:00,0,0.5262533461898792,0.4737466538101208,Sell,64.42271,64.462166,64.40692,64.430595,798
2023-08-31 05:00:00,0,0.5357606867951724,0.4642393132048276,Sell,64.430595,64.533195,64.40692,64.509514,1826
2023-08-31 06:00:00,0,0.5079423465861344,0.49205765341386565,Sell,64.509514,64.533195,64.34378,64.391136,2437
2023-08-31 07:00:00,0,0.5147877528696768,0.4852122471303232,Sell,64.391136,64.67525,64.328,64.66736,6665
2023-08-31 08:00:00,0,0.5069950943278562,0.49300490567214383,Sell,64.65946,64.67525,64.49374,64.643684,7692
2023-08-31 09:00:00,0,0.5232173927409692,0.47678260725903077,Sell,64.643684,64.83309,64.5253,64.66736,9234
2023-08-31 10:00:00,0,0.5166981166414929,0.4833018833585071,Sell,64.66736,64.888336,64.62,64.83309,5104
2023-08-31 11:00:00,0,0.5696739000162008,0.4303260999837992,Sell,64.83309,65.03039,64.825195,64.95147,8917
2023-08-31 12:00:00,0,0.6372592204378237,0.3627407795621763,Sell,64.95147,65.251366,64.91201,65.2198,16234
2023-08-31 13:00:00,0,0.5883185113469824,0.41168148865301757,Sell,65.22769,65.44078,65.07774,65.34607,32389
2023-08-31 14:00:00,0,0.6090886051427726,0.39091139485722737,Sell,65.353966,65.70122,65.26715,65.44078,40063
2023-08-31 15:00:00,0,0.5484837159986415,0.45151628400135846,Sell,65.44867,65.5197,64.79363,64.967255,29483
2023-08-31 16:00:00,0,0.5893066445996349,0.4106933554003651,Sell,64.967255,65.23559,64.896225,65.21191,19212
2023-08-31 17:00:00,0,0.48689538341114336,0.5131046165888566,Hold,65.20402,65.72489,65.18823,65.72489,27727
2023-08-31 18:00:00,0,0.49990438306789736,0.5000956169321027,Hold,65.716995,66.04846,65.65386,65.77224,37709
2023-08-31 19:00:00,0,0.46872390042563167,0.5312760995743684,Hold,65.780136,65.95376,65.75646,65.930084,5276
2023-08-31 20:00:00,0,0.4179718756519763,0.5820281243480236,Hold,65.930084,66.03268,65.90641,65.961655,2687
2023-08-31 22:00:00,0,0.4151581236736221,0.5848418763263779,Hold,66.001114,66.001114,65.86695,65.922195,1126
2023-08-31 23:00:00,0,0.4350771878037324,0.5649228121962676,Hold,65.922195,65.98533,65.90641,65.97743,697
2023-09-01 00:00:00,0,0.44796067142330176,0.5520393285766982,Hold,65.98533,66.07214,65.930084,66.009,2376
2023-09-01 01:00:00,0,0.48904449818223095,0.510955501817769,Hold,66.0169,66.143166,66.0169,66.10371,3580
2023-09-01 02:00:00,0,0.48647730560842617,0.5135226943915738,Hold,66.10371,66.174736,66.04846,66.05636,2065
2023-09-01 03:00:00,0,0.5503276593579549,0.4496723406420451,Sell,66.06425,66.15106,66.04057,66.143166,1152
2023-09-01 04:00:00,0,0.49112937307869675,0.5088706269213032,Hold,66.143166,66.15895,66.10371,66.11949,871
2023-09-01 05:00:00,0,0.48209946134160947,0.5179005386583906,Hold,66.1116,66.19052,66.09582,66.13528,2096
2023-09-01 06:00:00,0,0.495412331204941,0.504587668795059,Hold,66.13528,66.253654,66.09582,66.12739,3658
2023-09-01 07:00:00,0,0.5588968817781168,0.4411031182218832,Sell,66.13528,66.37993,66.09582,66.26155,8840
2023-09-01 08:00:00,0,0.5697714760548909,0.43022852394510913,Sell,66.277336,66.4115,66.11949,66.324684,10352
2023-09-01 09:00:00,0,0.556780119544038,0.44321988045596195,Sell,66.324684,66.719284,66.29312,66.69561,11212
2023-09-01 10:00:00,0,0.570785247688633,0.42921475231136696,Sell,66.69561,66.9087,66.65615,66.88502,9090
2023-09-01 11:00:00,0,0.5436662397687,0.4563337602313,Sell,66.87713,66.93237,66.64826,66.77453,9634
2023-09-01 12:00:00,0,0.5572153500839886,0.4427846499160114,Sell,66.77453,67.04286,66.41939,66.95605,23900
2023-09-01 13:00:00,0,0.5723576614581758,0.4276423385418242,Sell,66.96394,67.35065,66.77453,67.28751,46479
2023-09-01 14:00:00,0,0.5229454748602512,0.4770545251397488,Sell,67.28751,67.390114,66.9008,67.32697,31785
2023-09-01 15:00:00,0,0.46905033625803294,0.5309496637419671,Hold,67.33487,67.34276,66.79031,67.19281,27927
2023-09-01 16:00:00,0,0.45508089152115283,0.5449191084788472,Hold,67.18492,67.47692,67.12968,67.44536,21496
2023-09-01 17:00:00,0,0.4668362411208018,0.5331637588791982,Hold,67.44536,67.634766,67.31119,67.55585,23133
2023-09-01 18:00:00,0,0.4692436808322787,0.5307563191677214,Hold,67.55585,67.72157,67.36643,67.68211,25179
2023-09-01 19:00:00,0,0.4728011855584098,0.5271988144415902,Hold,67.68211,67.83206,67.674225,67.816284,7319
2023-09-01 20:00:00,0,0.4764755467334182,0.5235244532665818,Hold,67.80839,67.91888,67.745255,67.91099,3281
2023-09-03 22:00:00,0,0.4250580700172962,0.5749419299827039,Hold,67.91888,67.94255,67.65844,67.82417,1809
2023-09-03 23:00:00,0,0.4311101267143349,0.5688898732856651,Hold,67.80839,67.82417,67.73736,67.745255,904
2023-09-04 00:00:00,0,0.45165339048978725,0.5483466095102127,Hold,67.73736,67.82417,67.65055,67.76104,1964
2023-09-04 01:00:00,0,0.4405345615068672,0.5594654384931328,Hold,67.76104,67.78471,67.563736,67.59531,3613
2023-09-04 02:00:00,0,0.4429525928653196,0.5570474071346804,Hold,67.58741,67.65055,67.57952,67.603195,1422
2023-09-04 03:00:00,0,0.4612349077781006,0.5387650922218994,Hold,67.603195,67.61109,67.55585,67.58741,1149
2023-09-04 04:00:00,0,0.4533572606172313,0.5466427393827686,Hold,67.58741,67.61109,67.54795,67.571625,1036
2023-09-04 05:00:00,0,0.4232529692625276,0.5767470307374725,Hold,67.571625,67.61898,67.461136,67.49271,1840
2023-09-04 06:00:00,0,0.4427045930284968,0.5572954069715033,Hold,67.48482,67.55585,67.41379,67.5006,2624
2023-09-04 07:00:00,0,0.4853299356585108,0.5146700643414892,Hold,67.49271,67.674225,67.461136,67.65844,5484
2023-09-04 08:00:00,0,0.45597357722918846,0.5440264227708116,Hold,67.65055,67.674225,67.29541,67.44536,7853
2023-09-04 09:00:00,0,0.46712720888034454,0.5328727911196555,Hold,67.43746,67.61109,67.390114,67.54006,4126
2023-09-04 10:00:00,0,0.476549526417738,0.523450473582262,Hold,67.54006,67.674225,67.532166,67.571625,3991
2023-09-04 11:00:00,0,0.46658719469164345,0.5334128053083566,Hold,67.571625,67.59531,67.46903,67.49271,2460
2023-09-04 12:00:00,0,0.4782509014936314,0.5217490985063686,Hold,67.5006,67.571625,67.43746,67.46903,3482
2023-09-04 13:00:00,0,0.620921558483762,0.37907844151623804,Sell,67.46903,67.816284,67.42957,67.8005,9241
2023-09-04 14:00:00,0,0.5677304633538707,0.4322695366461293,Sell,67.7926,67.85574,67.58741,67.816284,7051
2023-09-04 15:00:00,0,0.5545080233196071,0.44549197668039286,Sell,67.80839,67.88731,67.72947,67.80839,6570
2023-09-04 16:00:00,0,0.5893942763637481,0.4106057236362519,Sell,67.80839,67.98201,67.68211,67.7926,6147
2023-09-04 17:00:00,0,0.5949687572082841,0.4050312427917159,Sell,67.7926,67.87153,67.76104,67.82417,1280
2023-09-04 18:00:00,0,0.5945279279839273,0.4054720720160727,Sell,67.83996,67.85574,67.745255,67.85574,484
2023-09-04 22:00:00,0,0.5749227847238343,0.4250772152761657,Sell,67.83206,67.83996,67.6979,67.72157,822
2023-09-04 23:00:00,0,0.6033855861018441,0.3966144138981559,Sell,67.72157,67.76104,67.6979,67.72947,882
2023-09-05 00:00:00,0,0.6185964776163527,0.3814035223836473,Sell,67.72947,67.816284,67.69001,67.76104,1469
2023-09-05 01:00:00,0,0.6340480152932624,0.3659519847067376,Sell,67.76893,67.92677,67.634766,67.69001,3167
2023-09-05 02:00:00,0,0.5971293257872081,0.4028706742127919,Sell,67.68211,67.72947,67.59531,67.705795,1690
2023-09-05 03:00:00,0,0.608201399982463,0.39179860001753697,Sell,67.713684,67.84785,67.69001,67.816284,1316
2023-09-05 04:00:00,0,0.5626089823840521,0.4373910176159479,Sell,67.80839,67.87153,67.8005,67.80839,722
2023-09-05 05:00:00,0,0.5577901066174695,0.4422098933825305,Sell,67.816284,67.84785,67.705795,67.72157,1437
2023-09-05 06:00:00,0,0.5783373515226132,0.42166264847738677,Sell,67.72157,67.75314,67.61109,67.674225,2653
2023-09-05 07:00:00,0,0.5456787763032751,0.4543212236967249,Sell,67.674225,67.705795,67.319084,67.33487,8694
2023-09-05 08:00:00,0,0.4862991542004346,0.5137008457995653,Hold,67.34276,67.37433,67.12968,67.36643,11195
2023-09-05 09:00:00,0,0.5002953073348677,0.4997046926651323,Sell,67.37433,67.5006,67.34276,67.44536,5223
2023-09-05 10:00:00,0,0.46650874775407286,0.5334912522459272,Hold,67.44536,67.47692,67.09811,67.26384,6736
2023-09-05 11:00:00,0,0.49003374269011885,0.5099662573098811,Hold,67.26384,67.47692,67.2007,67.319084,5710
2023-09-05 12:00:00,0,0.4810708434541812,0.5189291565458187,Hold,67.319084,67.563736,67.216484,67.5006,12649
2023-09-05 13:00:00,0,0.6196681317873085,0.3803318682126915,Sell,67.5006,69.134254,67.49271,68.86592,79195
2023-09-05 14:00:00,0,0.6282219534992246,0.3717780465007754,Sell,68.87382,68.89749,68.171425,68.463425,29824
2023-09-05 15:00:00,0,0.639143489443573,0.360856510556427,Sell,68.47132,69.50518,68.36083,69.276306,37102
2023-09-05 16:00:00,0,0.6179177806125399,0.3820822193874601,Sell,69.2842,69.355225,68.921165,68.92906,19806
2023-09-05 17:00:00,0,0.5462190673261227,0.4537809326738773,Sell,68.93695,68.94484,68.423965,68.43975,20367
2023-09-05 18:00:00,0,0.5130732225915172,0.4869267774084828,Sell,68.44765,68.48711,68.20299,68.33716,24858
2023-09-05 19:00:00,0,0.5355021435904648,0.4644978564095352,Sell,68.33716,68.455536,68.25034,68.43186,4702
2023-09-05 20:00:00,0,0.5449978482048381,0.4550021517951619,Sell,68.43975,68.463425,68.37662,68.455536,1392
2023-09-05 22:00:00,0,0.5728075681617867,0.4271924318382133,Sell,68.43975,68.526566,68.36083,68.526566,785
2023-09-05 23:00:00,0,0.5971942483028279,0.40280575169717214,Sell,68.526566,68.5897,68.48711,68.534454,740
2023-09-06 00:00:00,0,0.6701251251836431,0.3298748748163569,Sell,68.526566,68.61338,68.47132,68.526566,1846
2023-09-06 01:00:00,0,0.6763477574544258,0.32365224254557423,Sell,68.534454,68.66073,68.44765,68.494995,2749
2023-09-06 02:00:00,0,0.6625112168442769,0.33748878315572306,Sell,68.48711,68.534454,68.455536,68.51867,1638
2023-09-06 03:00:00,0,0.6657514263804666,0.3342485736195334,Sell,68.526566,68.526566,68.40029,68.47132,1240
2023-09-06 04:00:00,0,0.6649660652140397,0.33503393478596033,Sell,68.463425,68.47921,68.3924,68.3924,957
2023-09-06 05:00:00,0,0.6777309634750227,0.3222690365249773,Sell,68.40818,68.526566,68.352936,68.36872,2329
2023-09-06 06:00:00,0,0.6445103238528901,0.3554896761471099,Sell,68.36872,68.423965,68.23456,68.30559,3643
2023-09-06 07:00:00,0,0.6157721832936658,0.3842278167063342,Sell,68.31348,68.31348,68.08461,68.14774,7663
2023-09-06 08:00:00,0,0.5811575994756738,0.4188424005243262,Sell,68.15564,68.21877,67.816284,67.86363,12146
2023-09-06 09:00:00,0,0.6486378349886684,0.35136216501133155,Sell,67.86363,68.08461,67.83996,68.060936,5506
2023-09-06 10:00:00,0,0.6399718278321753,0.3600281721678247,Sell,68.060936,68.242455,68.04515,68.12407,5200
2023-09-06 11:00:00,0,0.6125069442841502,0.3874930557158498,Sell,68.12407,68.20299,68.00569,68.15564,4552
2023-09-06 12:00:00,0,0.6156806775112548,0.38431932248874523,Sell,68.15564,68.43975,67.98991,68.210884,15081
2023-09-06 13:00:00,0,0.6802567002139942,0.3197432997860058,Sell,68.210884,68.75543,67.98991,68.6923,26691
2023-09-06 14:00:00,0,0.5458722095266849,0.4541277904733151,Sell,68.70019,68.74754,68.05304,68.12407,26710
2023-09-06 15:00:00,0,0.5914324111454882,0.40856758885451183,Sell,68.11618,68.850136,68.07672,68.76333,25144
2023-09-06 16:00:00,0,0.6096224197153356,0.3903775802846644,Sell,68.77122,69.15003,68.6844,69.023766,20991
2023-09-06 17:00:00,0,0.5994877356537175,0.4005122643462825,Sell,69.031654,69.43415,68.86592,69.315765,18873
2023-09-06 18:00:00,0,0.5725714465747678,0.4274285534252322,Sell,69.30788,69.51307,69.04744,69.1895,22085
2023-09-06 19:00:00,0,0.5784370191862392,0.42156298081376076,Sell,69.1895,69.25263,69.15003,69.24474,3662
2023-09-06 20:00:00,0,0.5370030712860426,0.46299692871395737,Sell,69.24474,69.25263,69.07111,69.11847,2799
2023-09-06 22:00:00,0,0.5717755697114866,0.4282244302885134,Sell,69.0869,69.20528,69.07111,69.20528,735
2023-09-06 23:00:00,0,0.5459989327743646,0.4540010672256354,Sell,69.20528,69.22106,69.17371,69.19739,459
2023-09-07 00:00:00,0,0.5350288896664733,0.46497111033352667,Sell,69.20528,69.20528,69.12636,69.1895,1661
2023-09-07 01:00:00,0,0.5389066301171668,0.4610933698828332,Sell,69.1816,69.24474,69.023766,69.04744,3826
2023-09-07 02:00:00,0,0.5088533879804648,0.49114661201953524,Sell,69.04744,69.07111,68.90538,68.91328,2171
2023-09-07 03:00:00,0,0.49423757243088234,0.5057624275691177,Hold,68.91328,68.92906,68.83435,68.88171,1608
2023-09-07 04:00:00,0,0.501574714687432,0.498425285312568,Sell,68.87382,68.889595,68.787,68.81068,1124
2023-09-07 05:00:00,0,0.5027791335923127,0.49722086640768726,Sell,68.81068,68.83435,68.73176,68.779106,2056
2023-09-07 06:00:00,0,0.5021748843033398,0.4978251156966602,Sell,68.779106,68.889595,68.74754,68.82646,2870
2023-09-07 07:00:00,0,0.4763172998764241,0.5236827001235759,Hold,68.83435,68.960625,68.637054,68.82646,6585
2023-09-07 08:00:00,0,0.4721991166300828,0.5278008833699173,Hold,68.81857,68.91328,68.5897,68.79489,7178
2023-09-07 09:00:00,0,0.5000038926871778,0.4999961073128222,Sell,68.787,68.850136,68.48711,68.605484,6500
2023-09-07 10:00:00,0,0.5262427287575346,0.47375727124246536,Sell,68.605484,68.77122,68.597595,68.72386,3995
2023-09-07 11:00:00,0,0.4836323511376395,0.5163676488623605,Hold,68.72386,68.787,68.605484,68.66862,3958
2023-09-07 12:00:00,0,0.5349786283867071,0.46502137161329293,Sell,68.66073,68.91328,68.558136,68.91328,10708
2023-09-07 13:00:00,0,0.48814885239276384,0.5118511476072362,Hold,68.91328,69.19739,68.67651,68.80279,25980
2023-09-07 14:00:00,0,0.6213998903988182,0.37860010960118184,Sell,68.80279,69.22106,68.787,69.07901,22660
2023-09-07 15:00:00,0,0.5607139466782954,0.43928605332170456,Sell,69.07901,69.20528,68.83435,69.03954,23179
2023-09-07 16:00:00,0,0.534625322469922,0.465374677530078,Sell,69.03954,69.03954,68.1951,68.25823,21061
2023-09-07 17:00:00,0,0.5055614812832782,0.49443851871672184,Sell,68.25823,68.73965,68.17931,68.61338,14400
2023-09-07 18:00:00,0,0.5194381022194904,0.4805618977805096,Sell,68.61338,68.75543,68.526566,68.62127,14891
2023-09-07 19:00:00,0,0.5461659407123813,0.45383405928761866,Sell,68.61338,68.71597,68.5897,68.708084,3877
2023-09-07 20:00:00,0,0.4776600055714655,0.5223399944285345,Hold,68.708084,68.71597,68.40818,68.47921,2636
2023-09-07 22:00:00,0,0.503484049826121,0.49651595017387895,Sell,68.48711,68.48711,68.41608,68.44765,498
2023-09-07 23:00:00,0,0.5292453937740293,0.47075460622597065,Sell,68.44765,68.455536,68.40029,68.44765,262
2023-09-08 00:00:00,0,0.5102115769664556,0.4897884230335444,Sell,68.455536,68.47921,68.242455,68.32926,2571
2023-09-08 01:00:00,0,0.5122112134466442,0.4877887865533558,Sell,68.32926,68.51078,68.16353,68.17931,3674
2023-09-08 02:00:00,0,0.48106215621777026,0.5189378437822297,Hold,68.18721,68.27402,68.131966,68.139854,2705
2023-09-08 03:00:00,0,0.4738233245502957,0.5261766754497044,Hold,68.131966,68.139854,68.060936,68.08461,2098
2023-09-08 04:00:00,0,0.4440748356055823,0.5559251643944176,Hold,68.07672,68.07672,67.98991,68.02148,1314
2023-09-08 05:00:00,0,0.4611561882463509,0.5388438117536491,Hold,68.02148,68.17931,68.00569,68.14774,2201
2023-09-08 06:00:00,0,0.4741618628970022,0.5258381371029979,Hold,68.14774,68.30559,68.108284,68.2898,4202
2023-09-08 07:00:00,0,0.4778348192142302,0.5221651807857698,Hold,68.2898,68.38451,68.14774,68.31348,7360
2023-09-08 08:00:00,0,0.524262513558089,0.47573748644191105,Sell,68.31348,68.62127,68.25823,68.423965,9500
2023-09-08 09:00:00,0,0.5600506604537402,0.4399493395462598,Sell,68.423965,68.850136,68.25823,68.850136,9794
2023-09-08 10:00:00,0,0.5623954122334277,0.4376045877665723,Sell,68.84225,69.023766,68.83435,68.96852,8634
2023-09-08 11:00:00,0,0.5420497716871765,0.4579502283128235,Sell,68.96852,69.07111,68.85803,69.031654,6146
2023-09-08 12:00:00,0,0.5377414963731003,0.4622585036268997,Sell,69.031654,69.23685,69.031654,69.14214,12690
2023-09-08 13:00:00,0,0.6065082647122008,0.39349173528779924,Sell,69.15003,69.21317,68.526566,68.73176,30397
2023-09-08 14:00:00,0,0.5395134531369534,0.4604865468630466,Sell,68.73965,69.29998,68.65284,69.17371,26186
2023-09-08 15:00:00,0,0.5536725174425843,0.4463274825574157,Sell,69.17371,69.33945,69.07111,69.15793,19408
2023-09-08 16:00:00,0,0.5755940223255036,0.4244059776744964,Sell,69.15793,69.41047,69.03954,69.07901,12913
2023-09-08 17:00:00,0,0.5473458297772618,0.45265417022273824,Sell,69.0869,69.19739,68.87382,69.1895,13628
2023-09-08 18:00:00,0,0.6148286415712685,0.3851713584287315,Sell,69.1816,69.26842,68.94484,68.94484,17971
2023-09-08 19:00:00,0,0.6128334105556584,0.38716658944434157,Sell,68.94484,69.01587,68.889595,68.91328,3585
2023-09-08 20:00:00,0,0.5705467806385013,0.4294532193614987,Sell,68.91328,68.952736,68.787,68.84225,2163
2023-09-10 22:00:00,0,0.5730386218885863,0.42696137811141366,Sell,68.97641,69.04744,68.605484,68.72386,2613
2023-09-10 23:00:00,0,0.5315167217695087,0.4684832782304913,Sell,68.71597,68.71597,68.58181,68.637054,1109
2023-09-11 00:00:00,0,0.5246420697676312,0.47535793023236883,Sell,68.637054,68.65284,68.43186,68.558136,2154
2023-09-11 01:00:00,0,0.5584473982725425,0.44155260172745747,Sell,68.55024,68.64494,68.455536,68.62127,4558
2023-09-11 02:00:00,0,0.5676958541830877,0.43230414581691234,Sell,68.62127,68.73176,68.57391,68.6923,2276
2023-09-11 03:00:00,0,0.5720593210625947,0.4279406789374053,Sell,68.70019,68.72386,68.64494,68.66862,1246
2023-09-11 04:00:00,0,0.5810436930175372,0.4189563069824628,Sell,68.67651,68.74754,68.64494,68.72386,938
2023-09-11 05:00:00,0,0.6294268438471037,0.3705731561528963,Sell,68.71597,68.952736,68.70019,68.79489,3422
2023-09-11 06:00:00,0,0.5634651350588561,0.4365348649411439,Sell,68.79489,68.79489,68.61338,68.6923,3901
2023-09-11 07:00:00,0,0.6262561923971335,0.3737438076028665,Sell,68.70019,68.960625,68.5897,68.89749,6353
2023-09-11 08:00:00,0,0.5794429153356273,0.4205570846643727,Sell,68.89749,68.91328,68.51078,68.5897,10420
2023-09-11 09:00:00,0,0.5413465984884225,0.4586534015115775,Sell,68.5897,68.77122,68.54235,68.66862,5678
2023-09-11 10:00:00,0,0.5871854677914764,0.4128145322085236,Sell,68.66862,68.73965,68.526566,68.72386,4483
2023-09-11 11:00:00,0,0.5701007305337028,0.4298992694662972,Sell,68.71597,68.75543,68.558136,68.65284,6906
2023-09-11 12:00:00,0,0.6176363019772749,0.3823636980227251,Sell,68.65284,68.889595,68.637054,68.79489,8294
2023-09-11 13:00:00,0,0.6441807109300194,0.3558192890699806,Sell,68.80279,69.56831,68.73965,69.04744,38068
2023-09-11 14:00:00,0,0.6323580156013456,0.36764198439865436,Sell,69.05533,69.2842,68.91328,69.023766,18373
2023-09-11 15:00:00,0,0.6538570815259467,0.3461429184740533,Sell,69.00798,69.09479,68.61338,69.09479,23656
2023-09-11 16:00:00,0,0.6356931922148883,0.3643068077851117,Sell,69.0869,69.19739,69.023766,69.14214,9402
2023-09-11 17:00:00,0,0.6037982638397761,0.3962017361602239,Sell,69.12636,69.1816,68.91328,68.91328,9777
2023-09-11 18:00:00,0,0.5651396025472412,0.43486039745275884,Sell,68.921165,69.04744,68.73965,68.89749,17955
2023-09-11 19:00:00,0,0.4892976300496705,0.5107023699503295,Hold,68.889595,68.89749,68.80279,68.83435,3107
2023-09-11 20:00:00,0,0.5054444307646143,0.4945555692353857,Sell,68.83435,68.952736,68.81857,68.90538,1846
2023-09-11 22:00:00,0,0.49775325386077934,0.5022467461392206,Hold,68.87382,68.91328,68.84225,68.89749,521
2023-09-11 23:00:00,0,0.5058790005903759,0.49412099940962406,Sell,68.90538,68.921165,68.88171,68.889595,253
2023-09-12 00:00:00,0,0.4352073023554685,0.5647926976445314,Hold,68.889595,68.921165,68.84225,68.88171,838
2023-09-12 01:00:00,0,0.5053760418960848,0.49462395810391524,Sell,68.87382,68.960625,68.83435,68.91328,1679
2023-09-12 02:00:00,0,0.5436192650736282,0.45638073492637177,Sell,68.90538,69.23685,68.88171,69.19739,3410
2023-09-12 03:00:00,0,0.5267899001789805,0.47321009982101947,Sell,69.1895,69.25263,69.16582,69.23685,1304
2023-09-12 04:00:00,0,0.5305188509843856,0.46948114901561444,Sell,69.23685,69.33155,69.1816,69.30788,2030
2023-09-12 05:00:00,0,0.5005176266077785,0.49948237339222146,Sell,69.29998,69.30788,69.134254,69.20528,1585
2023-09-12 06:00:00,0,0.4970672586688071,0.5029327413311929,Hold,69.19739,69.20528,69.063225,69.07111,2230
2023-09-12 07:00:00,0,0.5188668210369157,0.4811331789630843,Sell,69.07901,69.21317,69.000084,69.16582,4819
2023-09-12 08:00:00,0,0.5527550242308334,0.44724497576916655,Sell,69.17371,69.426254,69.11847,69.386795,9042
2023-09-12 09:00:00,0,0.5442289541448434,0.4557710458551566,Sell,69.386795,69.59199,69.355225,69.457825,8200
2023-09-12 10:00:00,0,0.5129503427426599,0.48704965725734006,Sell,69.457825,69.560425,69.418365,69.457825,4873
2023-09-12 11:00:00,0,0.5471315977141257,0.4528684022858743,Sell,69.457825,69.560425,69.33155,69.50518,6645
2023-09-12 12:00:00,0,0.510136324802091,0.48986367519790897,Sell,69.497284,69.93135,69.44204,69.87611,18735
2023-09-12 13:00:00,0,0.513809546828224,0.486190453171776,Sell,69.86032,70.40487,69.781395,70.18389,34437
2023-09-12 14:00:00,0,0.49892701909000603,0.501072980909994,Hold,70.19179,70.35751,69.93924,70.29438,22179
2023-09-12 15:00:00,0,0.47935658516023166,0.5206434148397683,Hold,70.30227,70.468,70.21546,70.30227,23575
2023-09-12 16:00:00,0,0.4717380747698894,0.5282619252301106,Hold,70.30227,70.3733,70.19968,70.318054,13315
2023-09-12 17:00:00,0,0.4678595566240546,0.5321404433759453,Hold,70.318054,70.53114,70.270706,70.28649,13063
2023-09-12 18:00:00,0,0.43767672140063246,0.5623232785993675,Hold,70.28649,70.35751,70.0813,70.15232,20078
2023-09-12 19:00:00,0,0.4509542479551059,0.5490457520448941,Hold,70.15232,70.25492,70.14443,70.176,3950
2023-09-12 20:00:00,0,0.4367571862142065,0.5632428137857934,Hold,70.176,70.19179,70.026054,70.06551,4202
2023-09-12 22:00:00,0,0.4724045306561851,0.527595469343815,Hold,70.04183,70.09708,70.026054,70.0734,750
2023-09-12 23:00:00,0,0.433332752515168,0.566667247484832,Hold,70.0813,70.12865,70.04973,70.09708,408
2023-09-13 00:00:00,0,0.4763597722353393,0.5236402277646607,Hold,70.09708,70.25492,70.09708,70.239136,2041
2023-09-13 01:00:00,0,0.4998905804926419,0.5001094195073581,Hold,70.24703,70.389084,70.23125,70.278595,2822
2023-09-13 02:00:00,0,0.47968449281372855,0.5203155071862715,Hold,70.270706,70.310165,70.13654,70.15232,1589
2023-09-13 03:00:00,0,0.5383279298782692,0.46167207012173084,Sell,70.16022,70.32595,70.09708,70.28649,2096
2023-09-13 04:00:00,0,0.5168319299188956,0.4831680700811044,Sell,70.28649,70.32595,70.270706,70.32595,875
2023-09-13 05:00:00,0,0.531248188864059,0.468751811135941,Sell,70.33384,70.40487,70.278595,70.318054,1674
2023-09-13 06:00:00,0,0.5364372961708549,0.4635627038291451,Sell,70.310165,70.35751,70.18389,70.341736,2826
2023-09-13 07:00:00,0,0.567171553204408,0.43282844679559196,Sell,70.341736,70.69688,70.310165,70.491684,7840
2023-09-13 08:00:00,1,0.5973731575639722,0.40262684243602775,Sell,70.49957,70.744225,70.39698,70.5706,8414
2023-09-13 09:00:00,1,0.593929211694208,0.406070788305792,Sell,70.58639,70.633736,70.468,70.53903,4209
2023-09-13 10:00:00,1,0.6003410184346605,0.3996589815653395,Sell,70.53903,70.62585,70.420654,70.62585,4265
2023-09-13 11:00:00,0,0.5856267147621889,0.41437328523781114,Sell,70.61796,70.64163,70.420654,70.468,3741
2023-09-13 12:00:00,0,0.5929591177345328,0.4070408822654672,Sell,70.468,70.64163,70.25492,70.42854,13438
2023-09-13 13:00:00,0,0.50855534143146,0.49144465856854,Sell,70.43644,70.43644,69.80508,70.06551,30655
2023-09-13 14:00:00,0,0.5788946870844184,0.4211053129155816,Sell,70.06551,70.55482,69.75772,70.36541,37261
2023-09-13 15:00:00,0,0.4985181338103848,0.5014818661896152,Hold,70.3733,70.51536,70.04183,70.14443,21082
2023-09-13 16:00:00,0,0.4492381389894704,0.5507618610105296,Hold,70.14443,70.239136,69.79718,70.01027,12969
2023-09-13 17:00:00,0,0.41926688291572406,0.580733117084276,Hold,70.01027,70.03394,69.70248,69.844536,11691
2023-09-13 18:00:00,0,0.3950499851574646,0.6049500148425354,Hold,69.844536,69.955025,69.6788,69.915565,16215
2023-09-13 19:00:00,0,0.38454305217490325,0.6154569478250967,Hold,69.915565,70.05762,69.86821,70.04973,3621
2023-09-13 20:00:00,0,0.3391727981053201,0.6608272018946799,Hold,70.04973,70.14443,70.04183,70.12076,1478
2023-09-13 22:00:00,0,0.3133902151417353,0.6866097848582646,Hold,70.08919,70.10497,70.026054,70.04183,778
2023-09-13 23:00:00,0,0.31882680783025935,0.6811731921697406,Hold,70.03394,70.04183,69.98659,70.00237,383
2023-09-14 00:00:00,0,0.35873557597759637,0.6412644240224037,Hold,70.00237,70.16022,69.98659,70.12865,1297
2023-09-14 01:00:00,0,0.39278472814436793,0.6072152718556321,Hold,70.13654,70.23125,70.08919,70.19179,1832
2023-09-14 02:00:00,0,0.3578548497602433,0.6421451502397567,Hold,70.18389,70.22335,70.12076,70.13654,1092
2023-09-14 03:00:00,0,0.410674518305575,0.589325481694425,Hold,70.14443,70.207565,70.10497,70.19179,978
2023-09-14 04:00:00,0,0.42696062145916475,0.5730393785408352,Hold,70.19179,70.24703,70.18389,70.23125,877
2023-09-14 05:00:00,0,0.4627854614949518,0.5372145385050482,Hold,70.239136,70.36541,70.22335,70.30227,1841
2023-09-14 06:00:00,0,0.48818480802548564,0.5118151919745144,Hold,70.310165,70.381195,70.23125,70.35751,2160
2023-09-14 07:00:00,0,0.517015064798884,0.48298493520111596,Sell,70.35751,70.48379,70.29438,70.452225,4088
2023-09-14 08:00:00,0,0.511260229121011,0.488739770878989,Sell,70.46011,70.56271,70.35751,70.389084,6774
2023-09-14 09:00:00,0,0.5294553043654255,0.47054469563457446,Sell,70.381195,70.41276,70.18389,70.341736,4473
2023-09-14 10:00:00,0,0.5843453858023974,0.41565461419760263,Sell,70.33384,70.807365,70.33384,70.79947,8289
2023-09-14 11:00:00,0,0.5698992643900509,0.4301007356099491,Sell,70.79947,70.886284,70.72055,70.886284,7214
2023-09-14 12:00:00,0,0.6037053032174204,0.39629469678257956,Sell,70.878395,71.07569,70.86261,70.98888,13868
2023-09-14 13:00:00,0,0.5822425966682536,0.4177574033317464,Sell,70.98888,71.04412,70.72055,70.9731,23753
2023-09-14 14:00:00,0,0.6353460577324974,0.3646539422675026,Sell,70.98099,71.233536,70.83893,71.059906,21502
2023-09-14 15:00:00,0,0.6467679188023966,0.3532320811976034,Sell,71.059906,71.162506,70.807365,71.05202,16362
2023-09-14 16:00:00,0,0.6520493520514702,0.3479506479485298,Sell,71.05202,71.30456,70.99677,71.28878,12207
2023-09-14 17:00:00,0,0.6295317712058303,0.37046822879416974,Sell,71.28878,71.42294,71.209854,71.272995,13444
2023-09-14 18:00:00,0,0.612506399269461,0.38749360073053896,Sell,71.28878,71.28878,71.0678,71.2651,18989
2023-09-14 19:00:00,0,0.586092569389063,0.41390743061093704,Sell,71.2651,71.39927,71.233536,71.344025,4185
2023-09-14 20:00:00,0,0.5699318302424,0.4300681697576,Sell,71.35191,71.65181,71.33613,71.57289,5291
2023-09-14 22:00:00,0,0.5475078640167358,0.4524921359832642,Sell,71.557106,71.565,71.43873,71.44662,1139
2023-09-14 23:00:00,0,0.526642060834235,0.47335793916576496,Sell,71.43873,71.4624,71.383484,71.43873,666
2023-09-15 00:00:00,0,0.5870416239173936,0.41295837608260644,Sell,71.43873,71.68338,71.41505,71.57289,2253
2023-09-15 01:00:00,0,0.6396861563836131,0.36031384361638685,Sell,71.57289,71.707054,71.54922,71.628136,3305
2023-09-15 02:00:00,1,0.6561226498200787,0.34387735017992127,Sell,71.64392,71.74651,71.62025,71.73073,2360
2023-09-15 03:00:00,1,0.6959701347593679,0.30402986524063214,Sell,71.73073,71.89646,71.71495,71.89646,2315
2023-09-15 04:00:00,1,0.6593502820699292,0.3406497179300708,Sell,71.88857,71.93593,71.809654,71.82544,1589
2023-09-15 05:00:00,1,0.6162897503751533,0.3837102496248467,Sell,71.81754,71.82544,71.64392,71.69127,1742
2023-09-15 06:00:00,1,0.6322623960803769,0.36773760391962307,Sell,71.68338,71.7623,71.596565,71.667595,3461
2023-09-15 07:00:00,1,0.590683457677286,0.40931654232271397,Sell,71.667595,71.699165,71.48608,71.557106,4374
2023-09-15 08:00:00,1,0.5703111104029608,0.4296888895970392,Sell,71.565,71.68338,71.35191,71.44662,6431
2023-09-15 09:00:00,1,0.5353956402521314,0.4646043597478686,Sell,71.4624,71.54132,71.28088,71.35191,4214
2023-09-15 10:00:00,1,0.5596854713191398,0.4403145286808602,Sell,71.35191,71.525536,71.312454,71.44662,3185
2023-09-15 11:00:00,1,0.5643492080851703,0.4356507919148297,Sell,71.44662,71.565,71.3677,71.43083,3751
2023-09-15 12:00:00,0,0.4936007951196821,0.5063992048803179,Hold,71.43873,71.45451,71.21775,71.233536,6667
2023-09-15 13:00:00,0,0.41622154753026697,0.583778452469733,Hold,71.241425,71.30456,70.41276,70.9652,33684
2023-09-15 14:00:00,0,0.503543909620558,0.49645609037944205,Sell,70.9731,71.90436,70.95731,71.47029,33848
2023-09-15 15:00:00,0,0.494359709810409,0.505640290189591,Hold,71.47819,71.65181,71.15461,71.50186,17987
2023-09-15 16:00:00,0,0.502540246675731,0.49745975332426895,Sell,71.49397,71.79387,71.47029,71.557106,8761
2023-09-15 17:00:00,0,0.5292923599040661,0.4707076400959339,Sell,71.54922,71.667595,71.39137,71.628136,9345
2023-09-15 18:00:00,0,0.5723140343168591,0.4276859656831409,Sell,71.628136,71.91225,71.41505,71.880684,17122
2023-09-15 19:00:00,0,0.5470308437535711,0.45296915624642886,Sell,71.880684,71.94382,71.80176,71.89646,3501
2023-09-15 20:00:00,0,0.5306517473403943,0.46934825265960567,Sell,71.89646,71.99906,71.89646,71.97539,1503
2023-09-17 22:00:00,0,0.6084889923498021,0.39151100765019786,Sell,71.97539,71.98328,71.73073,71.77808,1150
2023-09-17 23:00:00,0,0.5350004494189653,0.4649995505810347,Sell,71.770195,71.80176,71.707054,71.80176,212
2023-09-18 00:00:00,0,0.512946719288833,0.48705328071116705,Sell,71.80176,71.84954,71.753975,71.83362,1184
2023-09-18 01:00:00,0,0.5233197468968348,0.4766802531031652,Sell,71.841576,72.000854,71.841576,71.96104,3301
2023-09-18 02:00:00,0,0.5453501430799621,0.4546498569200379,Sell,71.96104,72.088455,71.96104,72.016785,1990
2023-09-18 03:00:00,0,0.5514260022293456,0.44857399777065443,Sell,72.016785,72.04067,71.93714,72.03271,1286
2023-09-18 04:00:00,0,0.5843150547499217,0.41568494525007826,Sell,72.03271,72.27162,72.03271,72.176056,2587
2023-09-18 05:00:00,0,0.5769850075041006,0.42301499249589936,Sell,72.176056,72.27162,72.09642,72.247734,2196
2023-09-18 06:00:00,0,0.655801913077713,0.34419808692228704,Sell,72.2557,72.38312,72.247734,72.37515,4866
2023-09-18 07:00:00,0,0.6527055705092029,0.34729442949079714,Sell,72.36719,72.38312,72.18402,72.27162,6444
2023-09-18 08:00:00,0,0.5151890446517627,0.48481095534823726,Sell,72.27162,72.28755,71.769905,71.785835,11835
2023-09-18 09:00:00,0,0.6194757692499272,0.3805242307500728,Sell,71.785835,72.13624,71.76194,72.0566,6454
2023-09-18 10:00:00,0,0.6434421879073661,0.35655781209263393,Sell,72.0566,72.2557,72.00882,72.21588,5402
2023-09-18 11:00:00,0,0.6003178117524361,0.39968218824756385,Sell,72.21588,72.22384,71.99289,72.04864,7592
2023-09-18 12:00:00,0,0.7019858243338679,0.2980141756661321,Sell,72.04067,72.582214,72.016785,72.53443,19211
2023-09-18 13:00:00,0,0.5865573004341654,0.41344269956583457,Sell,72.5424,72.61407,72.13624,72.16013,34044
2023-09-18 14:00:00,0,0.6409279768877502,0.35907202311224984,Sell,72.16013,72.70963,72.1442,72.454796,26642
2023-09-18 15:00:00,0,0.6444200944039757,0.35557990559602426,Sell,72.454796,72.757416,72.37515,72.47868,26054
2023-09-18 16:00:00,0,0.5038958699778613,0.4961041300221387,Sell,72.47868,72.566284,71.89732,71.94511,21143
2023-09-18 17:00:00,0,0.44700778490187665,0.5529922150981234,Hold,71.94511,71.95307,71.60266,71.753975,20842
2023-09-18 18:00:00,0,0.5701531728589142,0.4298468271410858,Sell,71.753975,72.20792,71.67434,72.1681,19819
2023-09-18 19:00:00,0,0.5619234859008142,0.4380765140991858,Sell,72.1681,72.38312,72.1442,72.36719,6135
2023-09-18 20:00:00,0,0.6121034741163393,0.38789652588366075,Sell,72.36719,72.582214,72.319405,72.46275,4782
2023-09-18 22:00:00,0,0.5658241102500421,0.4341758897499579,Sell,72.44683,72.55036,72.438866,72.47072,1297
2023-09-18 23:00:00,0,0.5900793890735396,0.40992061092646037,Sell,72.47072,72.55832,72.454796,72.5185,1089
2023-09-19 00:00:00,0,0.6790295205306557,0.3209704794693443,Sell,72.52647,72.59018,72.48665,72.55036,2134
2023-09-19 01:00:00,0,0.6226957742398105,0.3773042257601895,Sell,72.55036,72.63796,72.438866,72.454796,2737
2023-09-19 02:00:00,0,0.6656945377883139,0.3343054622116861,Sell,72.454796,72.653885,72.38312,72.64593,3180
2023-09-19 03:00:00,0,0.6718882269653895,0.3281117730346105,Sell,72.653885,72.70963,72.566284,72.685745,3258
2023-09-19 04:00:00,0,0.6537096128320983,0.3462903871679017,Sell,72.69371,72.76538,72.63796,72.685745,2732
2023-09-19 05:00:00,0,0.6378267064524936,0.3621732935475064,Sell,72.685745,72.72556,72.582214,72.653885,2856
2023-09-19 06:00:00,0,0.6576873590060553,0.34231264099394465,Sell,72.653885,72.78131,72.47868,72.63796,7023
2023-09-19 07:00:00,0,0.6707510090430643,0.3292489909569357,Sell,72.63,72.73353,72.5185,72.59018,8036
2023-09-19 08:00:00,0,0.7300588635659577,0.2699411364340423,Sell,72.598145,73.01226,72.598145,72.916695,14969
2023-09-19 09:00:00,0,0.6971500602645424,0.3028499397354576,Sell,72.916695,72.92466,72.5185,72.70963,12015
2023-09-19 10:00:00,0,0.6946230537097271,0.3053769462902729,Sell,72.70167,72.916695,72.66185,72.70167,8365
2023-09-19 11:00:00,0,0.6792058348516951,0.32079416514830494,Sell,72.70167,72.76538,72.49461,72.6061,10027
2023-09-19 12:00:00,0,0.7448837296445316,0.25511627035546836,Sell,72.598145,73.267105,72.598145,73.19543,20882
2023-09-19 13:00:00,1,0.6947808170841131,0.3052191829158869,Sell,73.19543,73.60954,72.67778,73.04411,66300
2023-09-19 14:00:00,1,0.6489434955426587,0.35105650445734127,Sell,73.05208,73.29099,72.82113,73.04411,27775
2023-09-19 15:00:00,1,0.7010947395766582,0.29890526042334176,Sell,73.04411,73.27506,72.79723,72.86891,26855
2023-09-19 16:00:00,1,0.5808116231861484,0.41918837681385157,Sell,72.86891,72.90873,72.35923,72.55036,30720
2023-09-19 17:00:00,0,0.4490652150068027,0.5509347849931974,Hold,72.55832,72.566284,71.96104,72.04864,30238
2023-09-19 18:00:00,1,0.4470536740188665,0.5529463259811336,Hold,72.04864,72.36719,71.92122,72.16013,30310
2023-09-19 19:00:00,1,0.47481553622387307,0.5251844637761269,Hold,72.1681,72.36719,72.104385,72.351265,6064
2023-09-19 20:00:00,1,0.4684205672391232,0.5315794327608768,Hold,72.351265,72.40701,72.20792,72.231804,3435
2023-09-19 22:00:00,1,0.4102712685179499,0.5897287314820501,Hold,72.176056,72.351265,72.1442,72.22384,1506
2023-09-19 23:00:00,1,0.4335875047006541,0.5664124952993459,Hold,72.22384,72.23977,72.18402,72.22384,827
2023-09-20 00:00:00,0,0.4325863663223978,0.5674136336776022,Hold,72.22384,72.247734,71.8814,71.90529,3184
2023-09-20 01:00:00,0,0.4067496447805255,0.5932503552194746,Hold,71.90529,71.95307,71.77787,71.80176,4235
2023-09-20 02:00:00,0,0.47623314466390226,0.5237668553360977,Hold,71.79379,71.83362,71.292076,71.347824,8570
2023-09-20 03:00:00,0,0.4406886227655953,0.5593113772344047,Hold,71.347824,71.538956,71.14076,71.21244,5633
2023-09-20 04:00:00,0,0.45023735955237976,0.5497626404476202,Hold,71.21244,71.49914,71.204475,71.49914,2702
2023-09-20 05:00:00,0,0.4282948751092126,0.5717051248907874,Hold,71.49117,71.56284,71.33986,71.37171,3174
2023-09-20 06:00:00,0,0.44766066751775163,0.5523393324822483,Hold,71.37171,71.507095,71.23633,71.33986,7054
2023-09-20 07:00:00,0,0.4533683191046095,0.5466316808953905,Hold,71.347824,71.507095,71.10891,71.41153,12067
2023-09-20 08:00:00,0,0.5131342128004246,0.4868657871995754,Sell,71.419495,71.419495,70.854065,70.94963,17075
2023-09-20 09:00:00,0,0.4600749511870031,0.539925048812997,Hold,70.94963,71.37968,70.941666,71.35579,9982
2023-09-20 10:00:00,0,0.47589009676897354,0.5241099032310265,Hold,71.36375,71.650444,71.33986,71.39561,11072
2023-09-20 11:00:00,0,0.46070056260039277,0.5392994373996072,Hold,71.40357,71.650444,71.35579,71.38764,9525
2023-09-20 12:00:00,0,0.4615194913038402,0.5384805086961598,Hold,71.38764,71.538956,71.18058,71.36375,13379
2023-09-20 13:00:00,0,0.5082741178646175,0.4917258821353825,Sell,71.36375,71.91325,71.12483,71.8814,36689
2023-09-20 14:00:00,0,0.47098398708770534,0.5290160129122947,Hold,71.8814,72.1442,71.51506,72.0566,47180
2023-09-20 15:00:00,0,0.4586184411748814,0.5413815588251186,Hold,72.0566,72.52647,71.69027,71.81769,42726
2023-09-20 16:00:00,1,0.4615356564033355,0.5384643435966645,Hold,71.80972,72.3433,71.769905,72.231804,21442
2023-09-20 17:00:00,0,0.41827167975888363,0.5817283202411163,Hold,72.23977,72.2557,71.53099,71.70619,18556
2023-09-20 18:00:00,0,0.38949167674685686,0.6105083232531432,Hold,71.69823,71.73805,71.16466,71.33986,38663
2023-09-20 19:00:00,0,0.43200689023034516,0.5679931097696549,Hold,71.347824,71.39561,71.0452,71.06909,9708
2023-09-20 20:00:00,0,0.3935290736345296,0.6064709263654704,Hold,71.06113,71.16466,71.02131,71.06909,3086
2023-09-20 22:00:00,0,0.4060962082113958,0.5939037917886042,Hold,71.116875,71.18058,71.06113,71.116875,1097
2023-09-20 23:00:00,0,0.3909933119923375,0.6090066880076626,Hold,71.116875,71.14076,71.02131,71.02927,958
2023-09-21 00:00:00,0,0.3156268663293028,0.6843731336706972,Hold,71.02927,71.06909,70.957596,71.00538,2065
2023-09-21 01:00:00,0,0.32920912786458745,0.6707908721354126,Hold,70.98945,71.00538,70.766464,70.90185,4695
2023-09-21 02:00:00,0,0.2886919904663111,0.7113080095336889,Hold,70.90185,70.96556,70.782394,70.80628,1981
2023-09-21 03:00:00,0,0.31568979222027094,0.6843102077797291,Hold,70.80628,70.957596,70.782394,70.869995,2272
2023-09-21 04:00:00,0,0.32969160668128,0.6703083933187199,Hold,70.87796,70.90981,70.79832,70.88592,1357
2023-09-21 05:00:00,0,0.33848885696174547,0.6615111430382545,Hold,70.89388,70.973526,70.8461,70.86203,2148
2023-09-21 06:00:00,0,0.27778503060223486,0.7222149693977651,Hold,70.854065,70.869995,70.57533,70.65497,5640
2023-09-21 07:00:00,0,0.2810988496141584,0.7189011503858416,Hold,70.66293,70.71868,70.392166,70.647,13890
2023-09-21 08:00:00,0,0.3133612403541849,0.6866387596458151,Hold,70.66293,70.7585,70.376236,70.54348,10406
2023-09-21 09:00:00,0,0.33066411626037956,0.6693358837396204,Hold,70.54348,70.8461,70.54348,70.65497,7891
2023-09-21 10:00:00,0,0.3200986053768443,0.6799013946231557,Hold,70.65497,70.82221,70.5833,70.71868,5467
2023-09-21 11:00:00,0,0.35651461070099644,0.6434853892990036,Hold,70.72665,71.09298,70.68683,71.06113,10920
2023-09-21 12:00:00,0,0.42990765393001334,0.5700923460699867,Hold,71.06909,71.73009,71.00538,71.69027,26282
2023-09-21 13:00:00,0,0.47012431415611966,0.5298756858438803,Hold,71.69027,72.454796,71.67434,72.29552,45611
2023-09-21 14:00:00,0,0.4238047350950702,0.5761952649049298,Hold,72.29552,72.335335,71.76194,71.785835,38072
2023-09-21 15:00:00,0,0.43377408240658094,0.566225917593419,Hold,71.77787,72.19995,71.39561,71.57877,28661
2023-09-21 16:00:00,0,0.3874352582408098,0.6125647417591902,Hold,71.58674,71.95307,71.538956,71.58674,16331
2023-09-21 17:00:00,0,0.4298068635425387,0.5701931364574613,Hold,71.58674,71.72212,71.42746,71.65841,12969
2023-09-21 18:00:00,0,0.3945331944756674,0.6054668055243326,Hold,71.666374,71.769905,71.276146,71.32393,22380
2023-09-21 19:00:00,0,0.3589260437847246,0.6410739562152754,Hold,71.331894,71.44339,71.26022,71.31596,4995
2023-09-21 20:00:00,0,0.37999621646414733,0.6200037835358527,Hold,71.31596,71.39561,71.30801,71.33986,2651
2023-09-21 22:00:00,0,0.40064881159112326,0.5993511884088767,Hold,71.37171,71.46728,71.30801,71.451355,844
2023-09-21 23:00:00,0,0.3941991989842011,0.6058008010157989,Hold,71.451355,71.49117,71.435425,71.45931,712
2023-09-22 00:00:00,0,0.4394182241580364,0.5605817758419636,Hold,71.46728,71.60266,71.331894,71.58674,2323
2023-09-22 01:00:00,0,0.45835525323991605,0.541644746760084,Hold,71.57877,71.67434,71.49914,71.61063,3372
2023-09-22 02:00:00,0,0.4553656872861927,0.5446343127138074,Hold,71.61859,72.000854,71.61859,71.873436,3677
2023-09-22 03:00:00,0,0.45736730363170325,0.5426326963682968,Hold,71.8814,71.984924,71.841576,71.94511,2217
2023-09-22 04:00:00,0,0.45226942720569613,0.5477305727943038,Hold,71.93714,71.97697,71.90529,71.92122,1316
2023-09-22 05:00:00,0,0.4615753581511438,0.5384246418488562,Hold,71.91325,71.95307,71.84954,71.8814,1497
2023-09-22 06:00:00,0,0.45159264762128104,0.548407352378719,Hold,71.8814,71.91325,71.76194,71.84954,4385
2023-09-22 07:00:00,0,0.4202795126234916,0.5797204873765084,Hold,71.841576,71.873436,71.55488,71.753975,8820
2023-09-22 08:00:00,0,0.42845081887201064,0.5715491811279894,Hold,71.753975,72.000854,71.46728,71.83362,12414
2023-09-22 09:00:00,0,0.42349095552367455,0.5765090444763254,Hold,71.83362,72.15217,71.73009,72.11235,9436
2023-09-22 10:00:00,0,0.405833955976256,0.594166044023744,Hold,72.11235,72.31145,72.0566,72.18402,7975
2023-09-22 11:00:00,0,0.38694086963850205,0.613059130361498,Hold,72.191986,72.27162,72.06457,72.12827,5626
2023-09-22 12:00:00,1,0.4224750775331992,0.5775249224668009,Hold,72.12827,72.57425,71.99289,72.422935,16692
2023-09-22 13:00:00,1,0.3891567692886223,0.6108432307113777,Hold,72.4309,72.73353,72.0566,72.57425,42254
2023-09-22 14:00:00,0,0.483536159364672,0.516463840635328,Hold,72.582214,72.669815,71.99289,72.000854,34511
2023-09-22 15:00:00,0,0.4240101586073618,0.5759898413926382,Hold,71.99289,72.120316,71.58674,71.769905,27608
2023-09-22 16:00:00,0,0.3650732386164909,0.6349267613835091,Hold,71.77787,71.77787,71.12483,71.63452,30346
2023-09-22 17:00:00,0,0.33434811118313434,0.6656518888168657,Hold,71.64249,71.94511,71.49117,71.507095,21405
2023-09-22 18:00:00,0,0.3888053100992595,0.6111946899007406,Hold,71.49914,72.00882,71.435425,71.8814,23633
2023-09-22 19:00:00,0,0.35277653431687306,0.6472234656831269,Hold,71.88936,72.0566,71.8814,71.92122,4956
2023-09-22 20:00:00,0,0.3484634798684119,0.6515365201315881,Hold,71.92122,71.984924,71.86547,71.93714,1876
2023-09-24 22:00:00,1,0.3891771376148783,0.6108228623851217,Hold,72.11235,72.11235,71.80972,72.00882,1738
2023-09-24 23:00:00,1,0.4241286067926673,0.5758713932073327,Hold,72.00882,72.191986,71.97697,72.176056,866
2023-09-25 00:00:00,1,0.3683134283566301,0.6316865716433699,Hold,72.176056,72.176056,71.873436,72.03271,1907
2023-09-25 01:00:00,0,0.3553580984387426,0.6446419015612574,Hold,72.03271,72.1681,71.79379,71.79379,3200
2023-09-25 02:00:00,0,0.35767423636712975,0.6423257636328703,Hold,71.79379,71.929184,71.769905,71.857506,2100
2023-09-25 03:00:00,0,0.3702297017157501,0.6297702982842499,Hold,71.86547,71.929184,71.73805,71.79379,1556
2023-09-25 04:00:00,1,0.3718940517744882,0.6281059482255118,Hold,71.79379,72.088455,71.785835,72.00882,1513
2023-09-25 05:00:00,0,0.3949829491458589,0.605017050854141,Hold,72.000854,72.088455,71.857506,71.96104,2046
2023-09-25 06:00:00,1,0.4475327841376381,0.5524672158623619,Hold,71.96104,72.18402,71.90529,72.09642,3936
2023-09-25 07:00:00,1,0.483534303728939,0.516465696271061,Hold,72.09642,72.335335,71.929184,72.23977,7993
2023-09-25 08:00:00,1,0.40297973287702477,0.5970202671229752,Hold,72.23977,72.32737,71.90529,72.0566,9472
2023-09-25 09:00:00,1,0.3996964095868419,0.6003035904131582,Hold,72.0566,72.09642,71.61859,71.93714,6481
2023-09-25 10:00:00,0,0.35983541557830945,0.6401645844216906,Hold,71.94511,72.016785,71.73805,71.769905,4095
2023-09-25 11:00:00,0,0.34418027185936356,0.6558197281406364,Hold,71.769905,71.88936,71.538956,71.56284,8641
2023-09-25 12:00:00,0,0.33933000317044826,0.6606699968295517,Hold,71.57081,71.77787,71.37171,71.57081,15321
2023-09-25 13:00:00,0,0.3621315820392832,0.6378684179607168,Hold,71.57081,72.120316,71.47524,71.55488,34107
2023-09-25 14:00:00,0,0.3224752912935576,0.6775247087064424,Hold,71.55488,71.753975,70.94963,71.05316,37585
2023-09-25 15:00:00,0,0.3693211718946816,0.6306788281053184,Hold,71.06113,71.49117,70.90185,71.33986,23867
2023-09-25 16:00:00,0,0.3531871661683522,0.6468128338316478,Hold,71.33986,71.81769,71.33986,71.48321,20837
2023-09-25 17:00:00,0,0.30026055356238274,0.6997394464376172,Hold,71.48321,71.63452,71.30004,71.47524,14694
2023-09-25 18:00:00,0,0.3423616518073191,0.6576383481926809,Hold,71.46728,71.60266,71.30801,71.49117,21070
2023-09-25 19:00:00,0,0.36418505205297397,0.6358149479470261,Hold,71.49117,71.650444,71.41153,71.60266,4860
2023-09-25 20:00:00,0,0.3863638618056633,0.6136361381943367,Hold,71.60266,71.67434,71.57081,71.57877,2669
2023-09-25 22:00:00,0,0.38783958647216216,0.6121604135278378,Hold,71.57877,71.60266,71.49914,71.54692,595
2023-09-25 23:00:00,0,0.36771962223234184,0.6322803777676582,Hold,71.538956,71.538956,71.451355,71.45931,514
2023-09-26 00:00:00,0,0.2707064881916438,0.7292935118083562,Hold,71.46728,71.48321,71.33986,71.347824,1202
2023-09-26 01:00:00,0,0.3158680523644086,0.6841319476355914,Hold,71.33986,71.53099,71.28411,71.451355,2089
2023-09-26 02:00:00,0,0.29209588237468825,0.7079041176253118,Hold,71.45931,71.523026,71.30004,71.31596,1366
2023-09-26 03:00:00,0,0.2739624198141687,0.7260375801858313,Hold,71.32393,71.32393,71.116875,71.14873,2560
2023-09-26 04:00:00,0,0.271431064397691,0.7285689356023091,Hold,71.14076,71.18058,71.07705,71.1328,1169
2023-09-26 05:00:00,0,0.2916517433321434,0.7083482566678566,Hold,71.1328,71.22836,71.02927,71.085014,2237
2023-09-26 06:00:00,0,0.3011569021723586,0.6988430978276414,Hold,71.09298,71.12483,70.607185,70.70275,10053
2023-09-26 07:00:00,0,0.3353769445921997,0.6646230554078003,Hold,70.70275,70.70275,70.23289,70.607185,17351
2023-09-26 08:00:00,0,0.3188099527193736,0.6811900472806264,Hold,70.61515,70.750534,70.3842,70.59922,11826
2023-09-26 09:00:00,0,0.3368191192253035,0.6631808807746965,Hold,70.59922,70.8461,70.47977,70.79832,6103
2023-09-26 10:00:00,0,0.30971832422668766,0.6902816757733123,Hold,70.79832,70.98945,70.72665,70.8461,6703
2023-09-26 11:00:00,0,0.3116626073868447,0.6883373926131553,Hold,70.854065,70.96556,70.6709,70.77443,6590
2023-09-26 12:00:00,0,0.28645195866324324,0.7135480413367568,Hold,70.77443,71.188545,70.77443,71.1328,14262
2023-09-26 13:00:00,0,0.2683061056322783,0.7316938943677217,Hold,71.1328,71.55488,70.941666,71.45931,31668
2023-09-26 14:00:00,0,0.2954974728178423,0.7045025271821577,Hold,71.46728,71.96104,71.12483,71.80176,37098
2023-09-26 15:00:00,0,0.37082859137556234,0.6291714086244377,Hold,71.80176,72.20792,71.70619,72.08049,28165
2023-09-26 16:00:00,0,0.34119953212597354,0.6588004678740265,Hold,72.07253,72.263664,72.000854,72.11235,15724
2023-09-26 17:00:00,0,0.35941220218764197,0.640587797812358,Hold,72.120316,72.22384,71.96104,72.20792,13109
2023-09-26 18:00:00,0,0.3496272533963996,0.6503727466036004,Hold,72.20792,72.231804,71.89732,72.04864,20658
2023-09-26 19:00:00,0,0.3575622295214727,0.6424377704785273,Hold,72.04067,72.18402,72.02475,72.16013,4704
2023-09-26 20:00:00,0,0.3676153552738227,0.6323846447261773,Hold,72.16013,72.20792,72.06457,72.104385,3028
2023-09-26 22:00:00,0,0.3666280336849779,0.6333719663150221,Hold,72.09642,72.120316,71.99289,72.104385,1154
2023-09-26 23:00:00,0,0.37628980753753927,0.6237101924624607,Hold,72.104385,72.13624,72.088455,72.12827,534
2023-09-27 00:00:00,0,0.4042669470488833,0.5957330529511167,Hold,72.12827,72.263664,72.12827,72.15217,2041
2023-09-27 01:00:00,0,0.4356444596550106,0.5643555403449894,Hold,72.15217,72.64593,72.1442,72.63796,5170
2023-09-27 02:00:00,0,0.48876635232938265,0.5112336476706174,Hold,72.63796,72.653885,72.53443,72.598145,2778
2023-09-27 03:00:00,0,0.5337991690973024,0.4662008309026976,Sell,72.6061,72.73353,72.57425,72.72556,3256
2023-09-27 04:00:00,0,0.5405596089107731,0.45944039108922685,Sell,72.72556,72.773346,72.70167,72.74945,1848
2023-09-27 05:00:00,0,0.5581850745769431,0.4418149254230569,Sell,72.74149,72.773346,72.70963,72.74149,2147
2023-09-27 06:00:00,0,0.5858059442733464,0.4141940557266536,Sell,72.757416,72.86891,72.50258,72.5185,7763
2023-09-27 07:00:00,0,0.6033899872177463,0.3966100127822537,Sell,72.5185,72.81316,72.438866,72.74945,11519
2023-09-27 08:00:00,0,0.5891836529919706,0.4108163470080294,Sell,72.74945,72.97244,72.598145,72.79723,11518
2023-09-27 09:00:00,0,0.5764771104985839,0.42352288950141614,Sell,72.789276,72.96448,72.566284,72.789276,9526
2023-09-27 10:00:00,0,0.6183856160656168,0.3816143839343832,Sell,72.789276,73.21932,72.773346,73.020226,11154
2023-09-27 11:00:00,0,0.5993579326070133,0.4006420673929867,Sell,73.01226,73.41841,72.99633,73.163574,11890
2023-09-27 12:00:00,0,0.5944654817526128,0.4055345182473872,Sell,73.163574,73.68122,73.07597,73.42638,25381
2023-09-27 13:00:00,0,0.5265162569224426,0.47348374307755736,Sell,73.42638,73.8405,73.163574,73.64937,42736
2023-09-27 14:00:00,0,0.5537108534050107,0.4462891465949893,Sell,73.64937,74.413895,73.601585,73.991806,49767
2023-09-27 15:00:00,0,0.5660532938004905,0.4339467061995095,Sell,73.99977,74.82801,73.95995,74.53335,55186
2023-09-27 16:00:00,0,0.5014423820188233,0.4985576179811767,Sell,74.52538,74.89172,74.51742,74.74041,33291
2023-09-27 17:00:00,0,0.4959022307814049,0.5040977692185951,Hold,74.732445,74.78023,74.35815,74.53335,24339
2023-09-27 18:00:00,0,0.4940498276415264,0.5059501723584736,Hold,74.53335,74.99525,74.46168,74.6767,40563
2023-09-27 19:00:00,0,0.48660257677307306,0.5133974232269269,Hold,74.66873,74.7643,74.5652,74.58113,6361
2023-09-27 20:00:00,0,0.485383110867197,0.514616889132803,Hold,74.58113,74.66873,74.55724,74.628914,2820
2023-09-27 22:00:00,0,0.4772010304251389,0.5227989695748612,Hold,74.68466,74.75633,74.61298,74.732445,1748
2023-09-27 23:00:00,0,0.4675621051493633,0.5324378948506368,Hold,74.732445,74.748375,74.69263,74.74041,561
2023-09-28 00:00:00,1,0.5492311597223114,0.4507688402776886,Sell,74.732445,75.39344,74.72448,75.33769,8545
2023-09-28 01:00:00,1,0.543717395798979,0.45628260420102096,Sell,75.33769,75.68014,75.226204,75.34566,11410
2023-09-28 02:00:00,1,0.5091097606769437,0.4908902393230563,Sell,75.34566,75.5129,75.18638,75.32177,4875
2023-09-28 03:00:00,1,0.4965050241816623,0.5034949758183377,Hold,75.32177,75.36955,75.25009,75.33769,1894
2023-09-28 04:00:00,1,0.5263571499288457,0.47364285007115425,Sell,75.32973,75.43326,75.28991,75.39344,2033
2023-09-28 05:00:00,1,0.5557959065670182,0.44420409343298184,Sell,75.385475,75.385475,75.226204,75.28991,3056
2023-09-28 06:00:00,1,0.5312556138785429,0.4687443861214571,Sell,75.28991,75.297874,75.13064,75.281944,5312
2023-09-28 07:00:00,1,0.5633459106557533,0.43665408934424665,Sell,75.281944,75.30584,75.066925,75.14656,12106
2023-09-28 08:00:00,1,0.5541513849840636,0.4458486150159364,Sell,75.138596,75.14656,74.397964,74.748375,22782
2023-09-28 09:00:00,1,0.4976334293255061,0.502366570674494,Hold,74.748375,74.78023,74.32629,74.40593,11954
2023-09-28 10:00:00,1,0.46016497545102186,0.5398350245489781,Hold,74.40593,74.61298,74.14312,74.50946,11084
2023-09-28 11:00:00,1,0.4273541028573996,0.5726458971426004,Hold,74.50946,74.54131,74.08737,74.26258,9634
2023-09-28 12:00:00,1,0.3884683096754327,0.6115316903245673,Hold,74.26258,74.40593,73.91217,74.11923,19378
2023-09-28 13:00:00,0,0.36194410580368236,0.6380558941963177,Hold,74.1033,74.36611,73.66529,73.76086,33858
2023-09-28 14:00:00,0,0.34791538762078716,0.6520846123792128,Hold,73.75289,74.063484,73.498055,73.68122,32980
2023-09-28 15:00:00,1,0.3564834201719959,0.643516579828004,Hold,73.68122,74.254616,73.68122,73.98385,29011
2023-09-28 16:00:00,0,0.35594417127705835,0.6440558287229416,Hold,73.98385,74.02367,73.52991,73.62547,15820
2023-09-28 17:00:00,0,0.3441599828249727,0.6558400171750274,Hold,73.62547,73.673256,72.82113,72.90873,33897
2023-09-28 18:00:00,0,0.3259951512765491,0.6740048487234509,Hold,72.900764,73.13968,72.78131,73.04411,28293
2023-09-28 19:00:00,0,0.3282489389892639,0.6717510610107361,Hold,73.05208,73.22728,73.004295,73.07597,5018
2023-09-28 20:00:00,0,0.335900391076455,0.664099608923545,Hold,73.06801,73.131714,72.95651,73.11579,1947
2023-09-28 22:00:00,0,0.3478035576907694,0.6521964423092306,Hold,73.07597,73.19543,73.04411,73.17154,989
2023-09-28 23:00:00,0,0.3740189869709487,0.6259810130290513,Hold,73.163574,73.18746,73.02819,73.02819,621
2023-09-29 00:00:00,0,0.2994630757583853,0.7005369242416146,Hold,73.03615,73.091896,72.92466,72.99633,1932
2023-09-29 01:00:00,0,0.3457114118268274,0.6542885881731726,Hold,73.004295,73.338776,72.94058,73.322845,2557
2023-09-29 02:00:00,0,0.35541833307637777,0.6445816669236222,Hold,73.322845,73.36267,73.131714,73.20339,2214
2023-09-29 03:00:00,0,0.34381661402984615,0.6561833859701538,Hold,73.20339,73.21932,73.10783,73.17154,1212
2023-09-29 04:00:00,0,0.3556054210544637,0.6443945789455363,Hold,73.163574,73.163574,73.06801,73.091896,1020
2023-09-29 05:00:00,0,0.35775666960253233,0.6422433303974677,Hold,73.091896,73.09986,72.90873,73.02819,2638
2023-09-29 06:00:00,0,0.35911396682041824,0.6408860331795818,Hold,73.020226,73.12376,72.92466,73.02819,3539
2023-09-29 07:00:00,0,0.39399595011428595,0.606004049885714,Hold,73.04411,73.28303,72.900764,72.988365,8760
2023-09-29 08:00:00,0,0.3401443570505743,0.6598556429494258,Hold,72.99633,73.354706,72.88484,73.03615,12165
2023-09-29 09:00:00,0,0.4458033969205071,0.5541966030794929,Hold,73.020226,73.498055,72.94058,73.482124,8978
2023-09-29 10:00:00,0,0.5187226093632152,0.48127739063678476,Sell,73.47416,73.76882,73.38656,73.73697,8460
2023-09-29 11:00:00,1,0.475985688504236,0.524014311495764,Hold,73.729004,74.11127,73.69715,74.03959,12962
2023-09-29 12:00:00,1,0.49083420327499827,0.5091657967250017,Hold,74.03959,74.14312,73.920135,73.991806,11624
2023-09-29 13:00:00,1,0.383476518345982,0.6165234816540179,Hold,73.98385,74.0157,72.669815,72.81316,39154
2023-09-29 14:00:00,0,0.3757599311077219,0.6242400688922781,Hold,72.81316,72.916695,72.12827,72.231804,38786
2023-09-29 15:00:00,0,0.31517979686909425,0.6848202031309057,Hold,72.23977,72.669815,72.11235,72.566284,27716
2023-09-29 16:00:00,1,0.3443255772100112,0.6556744227899888,Hold,72.566284,73.091896,72.438866,72.86891,26380
2023-09-29 17:00:00,0,0.3479475753839589,0.6520524246160411,Hold,72.86095,72.90873,71.95307,72.15217,21153
2023-09-29 18:00:00,0,0.3301042897451719,0.6698957102548281,Hold,72.1442,72.438866,72.07253,72.247734,23511
2023-09-29 19:00:00,0,0.3245975084538962,0.6754024915461039,Hold,72.247734,72.6061,72.18402,72.36719,5840
2023-09-29 20:00:00,0,0.2943168755090469,0.7056831244909532,Hold,72.36719,72.4309,72.2557,72.28755,1840
2023-10-01 22:00:00,0,0.3027557678249951,0.697244232175005,Hold,72.32737,72.66185,72.32737,72.598145,2003
2023-10-01 23:00:00,0,0.2700353110689665,0.7299646889310335,Hold,72.582214,72.62203,72.51054,72.55832,619
2023-10-02 00:00:00,0,0.298525377739762,0.7014746222602379,Hold,72.55832,72.6061,72.44683,72.44683,1165
2023-10-02 01:00:00,0,0.3023556623551922,0.6976443376448078,Hold,72.44683,72.582214,72.32737,72.51054,1740
2023-10-02 02:00:00,0,0.3273102491288521,0.6726897508711479,Hold,72.52647,72.55036,72.48665,72.52647,603
2023-10-02 03:00:00,0,0.3408280808559308,0.6591719191440693,Hold,72.52647,72.62203,72.5185,72.55832,944
2023-10-02 04:00:00,0,0.3062632545250246,0.6937367454749754,Hold,72.566284,72.566284,72.41497,72.4309,1084
2023-10-02 05:00:00,0,0.3118798995864483,0.6881201004135518,Hold,72.4309,72.47072,72.32737,72.351265,1630
2023-10-02 06:00:00,0,0.3385822437814508,0.6614177562185493,Hold,72.3433,72.79723,72.3433,72.78131,3205
2023-10-02 07:00:00,0,0.3836020786188849,0.616397921381115,Hold,72.78131,72.789276,72.1681,72.4309,11828
2023-10-02 08:00:00,0,0.3411362307570667,0.6588637692429333,Hold,72.4309,72.73353,72.3433,72.62203,9854
2023-10-02 09:00:00,1,0.4209274803093951,0.5790725196906049,Hold,72.62203,72.932625,72.39108,72.90873,9117
2023-10-02 10:00:00,1,0.3897667407623475,0.6102332592376525,Hold,72.90873,73.17154,72.81316,72.932625,9185
2023-10-02 11:00:00,1,0.3927905187170112,0.6072094812829888,Hold,72.92466,73.091896,72.57425,72.653885,8029
2023-10-02 12:00:00,1,0.36553649431840235,0.6344635056815977,Hold,72.653885,72.82113,72.27162,72.27959,11858
2023-10-02 13:00:00,1,0.3503582702101816,0.6496417297898184,Hold,72.27959,72.64593,71.523026,71.841576,30157
2023-10-02 14:00:00,0,0.30272137127710885,0.6972786287228911,Hold,71.84954,72.11235,70.68683,71.0452,48426
2023-10-02 15:00:00,0,0.23808146045497844,0.7619185395450215,Hold,71.03723,71.30801,70.74257,71.09298,26107
2023-10-02 16:00:00,0,0.33406144948799027,0.6659385505120097,Hold,71.09298,71.49117,71.085014,71.33986,18876
2023-10-02 17:00:00,0,0.30677884456788235,0.6932211554321177,Hold,71.32393,71.33986,70.82221,70.838135,14013
2023-10-02 18:00:00,0,0.2562042113660893,0.7437957886339107,Hold,70.838135,70.87796,70.447914,70.535515,25032
2023-10-02 19:00:00,0,0.2521632586550363,0.7478367413449637,Hold,70.54348,70.750534,70.4718,70.67886,6558
2023-10-02 20:00:00,0,0.23310361609017946,0.7668963839098205,Hold,70.68683,70.74257,70.56737,70.57533,1624
2023-10-02 22:00:00,0,0.24002505952044487,0.7599749404795552,Hold,70.61515,70.647,70.503654,70.57533,996
2023-10-02 23:00:00,0,0.23640372958787736,0.7635962704121226,Hold,70.57533,70.5833,70.3842,70.54348,1355
2023-10-03 00:00:00,0,0.23328429595294492,0.7667157040470551,Hold,70.54348,70.54348,70.2966,70.31252,2115
2023-10-03 01:00:00,0,0.22727838238816697,0.772721617611833,Hold,70.31252,70.32049,69.970085,70.00194,4600
2023-10-03 02:00:00,0,0.19938850445972492,0.8006114955402751,Hold,70.0099,70.06565,69.89044,69.91434,3354
2023-10-03 03:00:00,0,0.22499949842868128,0.7750005015713187,Hold,69.9223,70.304565,69.91434,70.272705,3315
2023-10-03 04:00:00,0,0.21091669279304862,0.7890833072069514,Hold,70.272705,70.32845,70.12936,70.21696,2998
2023-10-03 05:00:00,0,0.21504202009820736,0.7849579799017926,Hold,70.209,70.22492,69.96212,70.03379,2377
2023-10-03 06:00:00,0,0.2537213953212317,0.7462786046787683,Hold,70.025826,70.61515,70.0099,70.5833,5383
2023-10-03 07:00:00,0,0.22388046594294428,0.7761195340570557,Hold,70.59922,70.59922,70.22492,70.5594,8320
2023-10-03 08:00:00,0,0.2796195560610999,0.7203804439389001,Hold,70.5594,70.838135,70.41605,70.782394,9667
2023-10-03 09:00:00,0,0.29907168973650056,0.7009283102634994,Hold,70.77443,70.87796,70.6709,70.79035,5746
2023-10-03 10:00:00,0,0.2550605080841763,0.7449394919158236,Hold,70.79035,70.854065,70.25678,70.33642,8477
2023-10-03 11:00:00,0,0.2543990953264646,0.7456009046735355,Hold,70.33642,70.51162,70.24882,70.36827,8165
2023-10-03 12:00:00,0,0.29501872348006497,0.704981276519935,Hold,70.36827,70.87796,70.31252,70.68683,15165
2023-10-03 13:00:00,0,0.2787200466075253,0.7212799533924747,Hold,70.67886,71.32393,70.12139,71.05316,42269
2023-10-03 14:00:00,0,0.23389143757474562,0.7661085624252544,Hold,71.0452,71.1328,70.59126,70.91778,26936
2023-10-03 15:00:00,1,0.29817453342982503,0.701825466570175,Hold,70.91778,71.753975,70.87796,71.64249,33138
2023-10-03 16:00:00,1,0.2825066896940795,0.7174933103059205,Hold,71.63452,71.88936,71.347824,71.37171,24123
2023-10-03 17:00:00,1,0.286031598629861,0.7139684013701391,Hold,71.37171,71.45931,71.116875,71.15669,15856
2023-10-03 18:00:00,1,0.3122334870731395,0.6877665129268604,Hold,71.15669,71.276146,70.89388,71.23633,19313
2023-10-03 19:00:00,1,0.31809668556263854,0.6819033144373614,Hold,71.22836,71.33986,71.15669,71.331894,3276
2023-10-03 20:00:00,1,0.3121455651434391,0.687854434856561,Hold,71.33986,71.36375,71.15669,71.23633,2291
2023-10-03 22:00:00,1,0.30447372690522484,0.6955262730947751,Hold,71.21244,71.30801,71.14873,71.26022,691
2023-10-03 23:00:00,1,0.29103335331864916,0.7089666466813509,Hold,71.26022,71.26022,71.1328,71.18058,695
2023-10-04 00:00:00,1,0.4087113627703371,0.5912886372296629,Hold,71.18058,71.347824,71.09298,71.26818,1592
2023-10-04 01:00:00,1,0.41263257097796074,0.5873674290220392,Hold,71.26818,71.28411,70.87796,71.05316,3012
2023-10-04 02:00:00,1,0.40013522121448175,0.5998647787855182,Hold,71.05316,71.09298,70.91778,71.09298,1675
2023-10-04 03:00:00,1,0.40423663190054626,0.5957633680994537,Hold,71.09298,71.10891,70.94963,71.00538,1140
2023-10-04 04:00:00,1,0.40097701551931636,0.5990229844806836,Hold,71.00538,71.06909,70.90185,71.03723,1154
2023-10-04 05:00:00,1,0.3559762666690914,0.6440237333309087,Hold,71.03723,71.07705,70.79035,70.89388,2086
2023-10-04 06:00:00,1,0.3629988100870157,0.6370011899129844,Hold,70.88592,70.9337,70.639046,70.74257,3629
2023-10-04 07:00:00,0,0.3883564654873816,0.6116435345126183,Hold,70.73461,70.73461,70.31252,70.34438,9350
2023-10-04 08:00:00,1,0.3474816438222957,0.6525183561777044,Hold,70.34438,70.70275,70.169174,70.6709,12505
2023-10-04 09:00:00,1,0.38604752386547436,0.6139524761345256,Hold,70.6709,70.72665,70.08954,70.288635,10115
2023-10-04 10:00:00,1,0.40274482738146133,0.5972551726185387,Hold,70.28067,70.36827,69.58782,69.850624,16398
2023-10-04 11:00:00,1,0.39233453928903994,0.6076654607109601,Hold,69.850624,69.91434,69.54004,69.82674,10033
2023-10-04 12:00:00,1,0.3896401255034459,0.6103598744965542,Hold,69.82674,69.93026,69.25334,69.78691,24433
2023-10-04 13:00:00,1,0.3739748213903152,0.6260251786096849,Hold,69.77895,69.94619,68.77551,69.157776,47639
2023-10-04 14:00:00,1,0.329010886794888,0.670989113205112,Hold,69.14981,69.21352,68.37732,68.48085,45826
2023-10-04 15:00:00,1,0.380765303219902,0.619234696780098,Hold,68.48085,68.76755,67.891525,67.97117,44521
2023-10-04 16:00:00,1,0.3579585787539951,0.6420414212460048,Hold,67.979126,68.11452,67.70836,67.89949,31922
2023-10-04 17:00:00,0,0.3896846081200051,0.6103153918799948,Hold,67.891525,67.93134,67.0394,67.05533,35424
2023-10-04 18:00:00,0,0.38049842388725374,0.6195015761127463,Hold,67.05533,67.56501,67.02347,67.43759,38494
2023-10-04 19:00:00,0,0.3466431138719173,0.6533568861280827,Hold,67.43759,67.50926,67.26238,67.42963,7297
2023-10-04 20:00:00,0,0.34171936115978246,0.6582806388402176,Hold,67.42166,67.5013,67.15886,67.24646,3252
2023-10-04 22:00:00,1,0.3540287859023878,0.6459712140976122,Hold,67.254425,67.35795,67.19868,67.31813,1254
2023-10-04 23:00:00,0,0.35426505981651935,0.6457349401834807,Hold,67.326096,67.35795,67.14293,67.150894,1372
2023-10-05 00:00:00,1,0.30403011319305734,0.6959698868069426,Hold,67.15886,67.27831,67.079216,67.27035,2303
2023-10-05 01:00:00,0,0.32892320453188556,0.6710767954681145,Hold,67.26238,67.29424,67.11903,67.19868,2202
2023-10-05 02:00:00,1,0.34626709557300456,0.6537329044269955,Hold,67.19868,67.42963,67.18275,67.42166,1743
2023-10-05 03:00:00,1,0.332501842768841,0.667498157231159,Hold,67.42166,67.53316,67.38981,67.43759,1848
2023-10-05 04:00:00,1,0.32360687037220764,0.6763931296277923,Hold,67.43759,67.5013,67.36591,67.42963,1414
2023-10-05 05:00:00,1,0.30930090174364405,0.6906990982563559,Hold,67.42963,67.469444,67.310165,67.33406,1616
2023-10-05 06:00:00,1,0.33907604913746886,0.6609239508625311,Hold,67.342026,67.62872,67.33406,67.54908,3664
2023-10-05 07:00:00,1,0.33108751152070115,0.6689124884792989,Hold,67.54112,67.54908,66.80845,67.127,11483
2023-10-05 08:00:00,0,0.3420521270490297,0.6579478729509702,Hold,67.11903,67.310165,66.306725,66.31469,12975
2023-10-05 09:00:00,0,0.33729936981456976,0.6627006301854302,Hold,66.306725,66.760666,66.27487,66.338585,9858
2023-10-05 10:00:00,0,0.33468175750141876,0.6653182424985813,Hold,66.338585,66.43415,65.61388,65.669624,18528
2023-10-05 11:00:00,0,0.31672409623767683,0.6832759037623232,Hold,65.66166,66.219124,65.58202,66.2032,15048
2023-10-05 12:00:00,0,0.34661282699564633,0.6533871730043537,Hold,66.2032,66.975685,66.18727,66.442116,27195
2023-10-05 13:00:00,0,0.32948810050615585,0.6705118994938442,Hold,66.43415,66.61732,65.79704,66.53768,47804
2023-10-05 14:00:00,0,0.3862457703038612,0.6137542296961388,Hold,66.53768,67.36591,66.24302,66.760666,52063
2023-10-05 15:00:00,0,0.32718450498264173,0.6728154950173583,Hold,66.760666,66.8403,65.494415,65.74926,42467
2023-10-05 16:00:00,0,0.31910901071109404,0.6808909892889059,Hold,65.74926,66.43415,65.57406,65.94836,29020
2023-10-05 17:00:00,0,0.32874350725572377,0.6712564927442762,Hold,65.94836,66.33062,65.669624,66.19524,20166
2023-10-05 18:00:00,0,0.3141215486681333,0.6858784513318668,Hold,66.18727,66.21116,65.422745,65.51831,36844
2023-10-05 19:00:00,0,0.30331935619500244,0.6966806438049975,Hold,65.526276,65.757225,65.47849,65.653694,5533
2023-10-05 20:00:00,0,0.29012297171625645,0.7098770282837435,Hold,65.64573,65.757225,65.60591,65.74926,2846
2023-10-05 22:00:00,0,0.30732448143522184,0.6926755185647782,Hold,65.526276,65.93243,65.510345,65.916504,2151
2023-10-05 23:00:00,0,0.2755085310358698,0.7244914689641302,Hold,65.90854,66.02003,65.860756,65.96429,1086
2023-10-06 00:00:00,0,0.29193549742724995,0.7080645025727501,Hold,65.96429,66.06781,65.88464,66.05189,2412
2023-10-06 01:00:00,0,0.3211255246137556,0.6788744753862443,Hold,66.05189,66.05189,65.81297,65.844826,1671
2023-10-06 02:00:00,0,0.31320395103289383,0.6867960489671061,Hold,65.844826,65.90057,65.79704,65.87668,1263
2023-10-06 03:00:00,0,0.3347394414910381,0.6652605585089619,Hold,65.88464,65.88464,65.741295,65.773155,1104
2023-10-06 04:00:00,0,0.3154074072259199,0.6845925927740801,Hold,65.78111,65.78111,65.66166,65.70944,1416
2023-10-06 05:00:00,0,0.3318739638491499,0.6681260361508501,Hold,65.70944,65.74926,65.58202,65.64573,1587
2023-10-06 06:00:00,0,0.33948505526326245,0.6605149447367376,Hold,65.64573,65.86872,65.55016,65.69351,4306
2023-10-06 07:00:00,0,0.3312246101440085,0.6687753898559915,Hold,65.69351,66.19524,65.35903,66.004105,12703
2023-10-06 08:00:00,0,0.34552922025932875,0.6544707797406712,Hold,66.004105,66.004105,65.61388,65.67759,9597
2023-10-06 09:00:00,0,0.3404394098777939,0.6595605901222061,Hold,65.67759,65.773155,65.34311,65.48646,8139
2023-10-06 10:00:00,0,0.3276229597714291,0.6723770402285709,Hold,65.47849,65.916504,65.47849,65.741295,7755
2023-10-06 11:00:00,0,0.29853163095086904,0.701468369049131,Hold,65.741295,65.80501,65.48646,65.53424,8516
2023-10-06 12:00:00,0,0.32830026571802523,0.6716997342819748,Hold,65.53424,65.90057,64.9051,65.597946,41495
2023-10-06 13:00:00,0,0.2980584014175758,0.7019415985824242,Hold,65.597946,66.13949,65.00066,65.35107,44055
2023-10-06 14:00:00,0,0.30824059269970716,0.6917594073002928,Hold,65.35107,65.70148,65.00863,65.653694,34225
2023-10-06 15:00:00,0,0.2718503711786168,0.7281496288213831,Hold,65.653694,66.22709,65.422745,66.08374,30149
2023-10-06 16:00:00,0,0.24824106770913212,0.7517589322908679,Hold,66.075775,66.322655,65.78111,65.80501,20713
2023-10-06 17:00:00,0,0.2647655599892676,0.7352344400107325,Hold,65.80501,65.972244,65.55016,65.73333,18254
2023-10-06 18:00:00,0,0.26115344721797124,0.7388465527820287,Hold,65.73333,66.219124,65.66166,66.06781,25321
2023-10-06 19:00:00,0,0.21934734489591648,0.7806526551040835,Hold,66.075775,66.12356,65.86872,65.95632,6449
2023-10-06 20:00:00,0,0.24039736712038198,0.759602632879618,Hold,65.95632,66.02003,65.88464,65.94836,2231
2023-10-08 22:00:00,0,0.41097511570996065,0.5890248842900394,Hold,67.891525,68.86311,67.42963,68.75162,22431
2023-10-08 23:00:00,0,0.3963294618948706,0.6036705381051294,Hold,68.75958,68.87108,68.154335,68.28175,7908
2023-10-09 00:00:00,0,0.4459456790534498,0.5540543209465503,Hold,68.29768,68.85515,68.2499,68.81533,6938
2023-10-09 01:00:00,0,0.44634922202775656,0.5536507779722435,Hold,68.807365,69.476326,68.76755,68.7994,15741
2023-10-09 02:00:00,0,0.4104449182153096,0.5895550817846904,Hold,68.807365,68.86311,68.50474,68.58438,6231
2023-10-09 03:00:00,0,0.41245282913076475,0.5875471708692352,Hold,68.59234,68.7118,68.44103,68.544556,3668
2023-10-09 04:00:00,0,0.4068127131272951,0.5931872868727048,Hold,68.544556,68.60827,68.3375,68.369354,2768
2023-10-09 05:00:00,0,0.39753855934558596,0.602461440654414,Hold,68.369354,68.5366,68.19415,68.369354,4684
2023-10-09 06:00:00,0,0.41410091172168606,0.5858990882783139,Hold,68.36139,68.52067,68.17822,68.241936,5312
2023-10-09 07:00:00,0,0.47884133453703187,0.5211586654629681,Hold,68.2499,68.48085,67.74021,67.787994,10510
2023-10-09 08:00:00,0,0.44763771933688945,0.5523622806631105,Hold,67.78004,68.1623,67.588905,67.89949,11260
2023-10-09 09:00:00,0,0.43609664749462645,0.5639033525053736,Hold,67.907455,68.37732,67.70836,68.21804,10717
2023-10-09 10:00:00,0,0.4430923319550145,0.5569076680449855,Hold,68.21008,68.64809,68.07469,68.385284,9106
2023-10-09 11:00:00,0,0.4486963476311989,0.5513036523688011,Hold,68.385284,68.59234,68.066734,68.56845,9472
2023-10-09 12:00:00,0,0.41851119723370744,0.5814888027662926,Hold,68.576416,68.76755,68.39325,68.456955,17815
2023-10-09 13:00:00,0,0.436483043763524,0.563516956236476,Hold,68.44899,68.74365,67.97117,68.07469,34648
2023-10-09 14:00:00,0,0.4546693821123502,0.5453306178876498,Hold,68.07469,69.09406,68.066734,68.69587,26422
2023-10-09 15:00:00,0,0.4383849521544031,0.5616150478455969,Hold,68.69587,68.99053,68.52067,68.719765,21037
2023-10-09 16:00:00,0,0.3888662953533401,0.6111337046466598,Hold,68.719765,68.83125,68.353424,68.6242,15399
2023-10-09 17:00:00,0,0.4267425840570119,0.5732574159429882,Hold,68.6242,68.94275,68.226006,68.28175,18745
2023-10-09 18:00:00,0,0.4492467568775695,0.5507532431224305,Hold,68.28972,68.9109,68.28972,68.81533,28375
2023-10-09 19:00:00,0,0.4032531059168252,0.5967468940831748,Hold,68.807365,68.87108,68.7118,68.77551,3462
2023-10-09 20:00:00,0,0.46605781052864587,0.5339421894713541,Hold,68.75958,68.879036,68.69587,68.791435,2121
2023-10-09 22:00:00,0,0.43151203336549243,0.5684879666345075,Hold,68.83125,68.86311,68.75958,68.76755,640
2023-10-09 23:00:00,0,0.4789343489517803,0.5210656510482197,Hold,68.76755,68.9109,68.76755,68.81533,765
2023-10-10 00:00:00,0,0.4212153463214666,0.5787846536785334,Hold,68.823296,68.83922,68.5366,68.6242,2567
2023-10-10 01:00:00,0,0.43754887280690924,0.5624511271930908,Hold,68.6242,68.72773,68.41714,68.67198,3224
2023-10-10 02:00:00,0,0.45806658717381027,0.5419334128261897,Hold,68.67995,68.77551,68.52067,68.5366,1792
2023-10-10 03:00:00,0,0.45984611588160595,0.540153884118394,Hold,68.5366,68.59234,68.488815,68.52067,910
2023-10-10 04:00:00,0,0.46773004864284107,0.5322699513571589,Hold,68.52067,68.52067,68.29768,68.40121,1713
2023-10-10 05:00:00,0,0.49638966506578436,0.5036103349342156,Hold,68.40121,68.55252,68.39325,68.43307,1805
2023-10-10 06:00:00,0,0.4724119647567878,0.5275880352432122,Hold,68.43307,68.472885,68.17822,68.226006,3232
2023-10-10 07:00:00,0,0.5283451466654522,0.4716548533345478,Sell,68.226006,68.616234,67.93134,68.4251,10143
2023-10-10 08:00:00,1,0.5270964980162065,0.4729035019837935,Sell,68.4251,69.07813,68.39325,68.91886,11689
2023-10-10 09:00:00,1,0.5642484231462472,0.43575157685375276,Sell,68.92682,68.94275,68.5127,68.56845,7633
2023-10-10 10:00:00,0,0.5396485257847302,0.4603514742152698,Sell,68.560486,68.77551,68.30564,68.40917,8203
2023-10-10 11:00:00,0,0.546217137466794,0.453782862533206,Sell,68.40917,68.6003,68.28175,68.46492,7799
2023-10-10 12:00:00,1,0.556536077814119,0.44346392218588104,Sell,68.46492,68.77551,68.29768,68.488815,12572
2023-10-10 13:00:00,0,0.5146980860327269,0.48530191396727307,Sell,68.48085,68.791435,68.07469,68.13044,24577
2023-10-10 14:00:00,0,0.491191810984976,0.508808189015024,Hold,68.13044,68.44899,67.787994,68.154335,32319
2023-10-10 15:00:00,0,0.5170064930503095,0.48299350694969045,Sell,68.14637,68.40121,67.91542,68.31361,21323
2023-10-10 16:00:00,1,0.4767026874819447,0.5232973125180553,Hold,68.32157,68.64809,68.28175,68.560486,16317
2023-10-10 17:00:00,1,0.4576502543334186,0.5423497456665813,Hold,68.560486,68.687904,68.09062,68.44103,16902
2023-10-10 18:00:00,0,0.46026493981521194,0.5397350601847881,Hold,68.44103,68.6242,68.3375,68.39325,16324
2023-10-10 19:00:00,0,0.48292940658500655,0.5170705934149935,Hold,68.39325,68.39325,68.28175,68.29768,2967
2023-10-10 20:00:00,0,0.515078796905053,0.484921203094947,Sell,68.29768,68.456955,68.28175,68.456955,1806
2023-10-10 22:00:00,0,0.5241276547243744,0.4758723452756256,Sell,68.456955,68.46492,68.353424,68.39325,465
2023-10-10 23:00:00,0,0.5515977205803873,0.44840227941961275,Sell,68.385284,68.472885,68.385284,68.472885,516
2023-10-11 00:00:00,1,0.5288260297542183,0.47117397024578167,Sell,68.46492,68.69587,68.44103,68.64012,1763
2023-10-11 01:00:00,0,0.5386397752436022,0.4613602247563978,Sell,68.64012,68.66402,68.456955,68.52067,1887
2023-10-11 02:00:00,1,0.5579981210090614,0.44200187899093857,Sell,68.5127,68.67995,68.48085,68.60827,1192
2023-10-11 03:00:00,1,0.5584545027538369,0.4415454972461631,Sell,68.60827,68.64012,68.560486,68.6242,649
2023-10-11 04:00:00,1,0.5373903886452628,0.4626096113547372,Sell,68.632164,68.67198,68.616234,68.632164,699
2023-10-11 05:00:00,1,0.538405867963592,0.461594132036408,Sell,68.632164,68.75162,68.58438,68.6242,1486
2023-10-11 06:00:00,1,0.5565812026890541,0.4434187973109459,Sell,68.616234,68.823296,68.5127,68.7994,3098
2023-10-11 07:00:00,1,0.5333569735018581,0.46664302649814193,Sell,68.78347,68.894966,68.56845,68.632164,6874
2023-10-11 08:00:00,1,0.5527512947621916,0.44724870523780835,Sell,68.632164,68.632164,68.3375,68.36139,7574
2023-10-11 09:00:00,0,0.4940020457371484,0.5059979542628517,Hold,68.36139,68.488815,67.891525,67.95524,10222
2023-10-11 10:00:00,1,0.5471038747545202,0.45289612524547984,Sell,67.95524,68.28175,67.907455,68.17822,5273
2023-10-11 11:00:00,1,0.49050633614914635,0.5094936638508536,Hold,68.154335,68.29768,67.660576,67.98709,9481
2023-10-11 12:00:00,0,0.5085471770627498,0.49145282293725023,Sell,67.979126,68.07469,67.66854,67.70039,14509
2023-10-11 13:00:00,0,0.40997323639703676,0.5900267636029632,Hold,67.70836,68.226006,67.33406,67.40573,43898
2023-10-11 14:00:00,0,0.2971425343443834,0.7028574656556166,Hold,67.4137,67.557045,66.34655,66.68103,48803
2023-10-11 15:00:00,0,0.3071262542451296,0.6928737457548704,Hold,66.673065,67.17478,66.18727,66.68103,36988
2023-10-11 16:00:00,0,0.3682758276021276,0.6317241723978724,Hold,66.68103,67.40573,66.657135,67.222565,23933
2023-10-11 17:00:00,0,0.3341795568981031,0.6658204431018969,Hold,67.23053,67.34999,66.94383,66.975685,14854
2023-10-11 18:00:00,0,0.2822806542899913,0.7177193457100087,Hold,66.975685,67.02347,66.2908,66.776596,43682
2023-10-11 19:00:00,0,0.3476744410626516,0.6523255589373484,Hold,66.76863,66.9518,66.7527,66.89605,5052
2023-10-11 20:00:00,0,0.26581233374594654,0.7341876662540534,Hold,66.888084,66.91198,66.24302,66.33062,5216
2023-10-11 22:00:00,0,0.3042094876285339,0.695790512371466,Hold,66.25894,66.3784,66.2032,66.28284,1333
2023-10-11 23:00:00,0,0.28654593716756904,0.713454062832431,Hold,66.2908,66.322655,66.2032,66.21116,634
2023-10-12 00:00:00,0,0.3096963998325153,0.6903036001674847,Hold,66.2032,66.31469,66.12356,66.29877,2243
2023-10-12 01:00:00,0,0.2893257633391416,0.7106742366608584,Hold,66.29877,66.29877,66.02799,66.12356,2251
2023-10-12 02:00:00,0,0.28080145284988983,0.7191985471501101,Hold,66.13152,66.163376,65.92446,66.03596,2010
2023-10-12 03:00:00,0,0.3536100311815292,0.6463899688184708,Hold,66.02799,66.2032,66.02003,66.15542,1712
2023-10-12 04:00:00,0,0.33635980275193017,0.6636401972480699,Hold,66.15542,66.25894,66.107635,66.235054,1557
2023-10-12 05:00:00,0,0.30679375956412874,0.6932062404358712,Hold,66.22709,66.24302,65.95632,66.06781,2094
2023-10-12 06:00:00,0,0.3502786683076556,0.6497213316923445,Hold,66.06781,66.322655,65.96429,66.25894,3669
2023-10-12 07:00:00,0,0.42190353792966573,0.5780964620703343,Hold,66.26691,66.85623,66.250984,66.8403,9826
2023-10-12 08:00:00,0,0.41320956214546395,0.5867904378545361,Hold,66.83234,67.150894,66.71288,67.03143,8982
2023-10-12 09:00:00,0,0.38889174499514056,0.6111082550048594,Hold,67.03143,67.26238,66.91198,67.05533,5053
2023-10-12 10:00:00,0,0.40291171334297726,0.5970882866570227,Hold,67.06329,67.16682,66.9518,67.0394,4169
2023-10-12 11:00:00,0,0.41203189545653346,0.5879681045434666,Hold,67.0394,67.46148,67.007545,67.44556,7678
2023-10-12 12:00:00,1,0.42111633119917613,0.5788836688008239,Hold,67.453514,67.72429,67.31813,67.58094,16258
2023-10-12 13:00:00,1,0.3765780860925653,0.6234219139074346,Hold,67.58094,67.85171,67.29424,67.39777,24480
2023-10-12 14:00:00,1,0.3650238230109008,0.6349761769890991,Hold,67.4137,67.76411,67.134964,67.42166,20808
2023-10-12 15:00:00,0,0.3190813718119639,0.6809186281880362,Hold,67.42166,67.716324,66.3784,66.776596,40092
2023-10-12 16:00:00,0,0.3231873915409168,0.6768126084590832,Hold,66.76863,66.83234,65.96429,66.091705,24125
2023-10-12 17:00:00,0,0.2713624617561331,0.7286375382438669,Hold,66.08374,66.2032,65.64573,65.80501,25166
2023-10-12 18:00:00,0,0.30128113318231026,0.6987188668176898,Hold,65.80501,66.47397,65.55016,66.41822,29408
2023-10-12 19:00:00,0,0.27964202148222667,0.7203579785177734,Hold,66.41822,66.53768,66.338585,66.52972,5254
2023-10-12 20:00:00,0,0.2928065985530539,0.7071934014469461,Hold,66.52972,66.54564,66.45007,66.497856,2579
2023-10-12 22:00:00,0,0.2866710737201114,0.7133289262798885,Hold,66.50582,66.53768,66.3784,66.45007,1114
2023-10-12 23:00:00,0,0.30050039764886,0.69949960235114,Hold,66.45007,66.48193,66.410255,66.47397,423
2023-10-13 00:00:00,0,0.361106967694854,0.638893032305146,Hold,66.48193,66.5775,66.40229,66.4899,1126
2023-10-13 01:00:00,0,0.3706488347608683,0.6293511652391317,Hold,66.4899,66.569534,66.40229,66.52175,1151
2023-10-13 02:00:00,0,0.4164524815026162,0.5835475184973837,Hold,66.52175,66.68899,66.45804,66.673065,1827
2023-10-13 03:00:00,0,0.38782608043233757,0.6121739195676624,Hold,66.6651,66.69695,66.497856,66.553604,1283
2023-10-13 04:00:00,0,0.42912855238227804,0.5708714476177219,Hold,66.553604,66.64917,66.54564,66.62528,803
2023-10-13 05:00:00,0,0.4169633673052942,0.5830366326947058,Hold,66.62528,66.760666,66.60935,66.64917,1265
2023-10-13 06:00:00,0,0.3860848316962147,0.6139151683037853,Hold,66.6651,67.01551,66.60935,66.99958,4033
2023-10-13 07:00:00,0,0.45550535110223606,0.544494648897764,Hold,66.99958,67.59686,66.9279,67.54908,10457
2023-10-13 08:00:00,0,0.48101441761444746,0.5189855823855525,Hold,67.557045,67.93931,67.51723,67.88356,9171
2023-10-13 09:00:00,0,0.4761372536368813,0.5238627463631187,Hold,67.8756,68.632164,67.86764,68.544556,12564
2023-10-13 10:00:00,0,0.4434515422986566,0.5565484577013434,Hold,68.5366,68.75958,68.31361,68.560486,11541
2023-10-13 11:00:00,0,0.46554765866282166,0.5344523413371783,Hold,68.576416,68.84718,68.36139,68.77551,12149
2023-10-13 12:00:00,0,0.5070930113099397,0.49290698869006033,Sell,68.77551,69.21352,68.60827,69.04628,16269
2023-10-13 13:00:00,0,0.45707147630159206,0.5429285236984079,Hold,69.054245,69.054245,67.995056,68.17026,31675
2023-10-13 14:00:00,0,0.46304174683225763,0.5369582531677424,Hold,68.1623,68.75958,68.138405,68.5127,24583
2023-10-13 15:00:00,0,0.47105044287189385,0.5289495571281062,Hold,68.5127,69.00646,68.2499,68.95868,22788
2023-10-13 16:00:00,0,0.5473455636554797,0.4526544363445203,Sell,68.966644,69.27723,68.76755,69.23741,16851
2023-10-13 17:00:00,0,0.4749923540988656,0.5250076459011344,Hold,69.24538,69.603745,69.22148,69.57189,20284
2023-10-13 18:00:00,0,0.47642643021503095,0.523573569784969,Hold,69.56393,69.94619,69.492256,69.77099,32094
2023-10-13 19:00:00,0,0.4709853791902103,0.5290146208097897,Hold,69.77099,69.85859,69.64356,69.80284,5831
2023-10-13 20:00:00,0,0.48931404787083194,0.510685952129168,Hold,69.794876,69.91434,69.77099,69.85859,2609
2023-10-15 22:00:00,0,0.49602138145160923,0.5039786185483908,Hold,69.85859,70.06565,69.34094,69.723206,6081
2023-10-15 23:00:00,0,0.4775010958777898,0.5224989041222101,Hold,69.723206,69.94619,69.691345,69.723206,1573
2023-10-16 00:00:00,0,0.4669791256411376,0.5330208743588625,Hold,69.73117,69.73117,69.40465,69.59578,3429
2023-10-16 01:00:00,0,0.4626497358550558,0.5373502641449441,Hold,69.603745,69.794876,69.42058,69.75506,2626
2023-10-16 02:00:00,0,0.43259257820584396,0.567407421794156,Hold,69.75506,69.97804,69.69931,69.866554,1803
2023-10-16 03:00:00,0,0.47688042573132655,0.5231195742686734,Hold,69.866554,69.98601,69.73117,69.89841,1187
2023-10-16 04:00:00,0,0.46521561391228866,0.5347843860877113,Hold,69.89841,69.89841,69.81081,69.87452,546
2023-10-16 05:00:00,0,0.46668040387939685,0.5333195961206032,Hold,69.87452,69.94619,69.54004,69.67542,1903
2023-10-16 06:00:00,0,0.42077562047616096,0.579224379523839,Hold,69.67542,69.69931,69.476326,69.55596,3525
2023-10-16 07:00:00,0,0.492170173265128,0.507829826734872,Hold,69.55596,69.89044,69.46836,69.71524,6468
2023-10-16 08:00:00,0,0.43372623559499807,0.566273764405002,Hold,69.707275,69.85859,69.2613,69.603745,8743
2023-10-16 09:00:00,0,0.5222833912784501,0.47771660872154986,Sell,69.58782,69.96212,69.45243,69.93026,5092
2023-10-16 10:00:00,0,0.4729616063791483,0.5270383936208517,Hold,69.938225,70.00194,69.77895,69.866554,3484
2023-10-16 11:00:00,0,0.4303524715684985,0.5696475284315015,Hold,69.85859,69.98601,69.635605,69.74709,4381
2023-10-16 12:00:00,1,0.5497010779228624,0.4502989220771376,Sell,69.75506,70.34438,69.69931,70.12139,13770
2023-10-16 13:00:00,0,0.4374926446817991,0.562507355318201,Hold,70.12139,70.12139,69.21352,69.269264,20779
2023-10-16 14:00:00,0,0.42682460234928127,0.5731753976507188,Hold,69.285194,69.44447,68.74365,69.32501,26118
2023-10-16 15:00:00,0,0.44388034099068174,0.5561196590093183,Hold,69.32501,69.67542,69.0861,69.19759,16409
2023-10-16 16:00:00,0,0.5804670063427275,0.4195329936572725,Sell,69.19759,69.548,69.19759,69.50021,8824
2023-10-16 17:00:00,0,0.45519250167617625,0.5448074983238238,Hold,69.492256,69.548,69.141846,69.27723,6726
2023-10-16 18:00:00,0,0.3953080206732264,0.6046919793267735,Hold,69.27723,69.43651,68.87108,68.99053,12431
2023-10-16 19:00:00,0,0.4693891869316057,0.5306108130683943,Hold,68.9985,69.29316,68.98257,69.25334,3985
2023-10-16 20:00:00,0,0.4911295290902413,0.5088704709097587,Hold,69.25334,69.36483,69.24538,69.32501,1246
2023-10-16 22:00:00,0,0.4458190573129641,0.5541809426870359,Hold,69.33298,69.34891,69.20556,69.22148,545
2023-10-16 23:00:00,0,0.41528357429028967,0.5847164257097104,Hold,69.21352,69.22148,69.00646,69.11795,1046
2023-10-17 00:00:00,0,0.38098045310002193,0.6190195468999781,Hold,69.125916,69.2613,68.90293,69.07813,1692
2023-10-17 01:00:00,0,0.3375565989579722,0.6624434010420278,Hold,69.07813,69.07813,68.85515,68.879036,1036
2023-10-17 02:00:00,0,0.3160146454474937,0.6839853545525063,Hold,68.879036,68.894966,68.576416,68.7118,1916
2023-10-17 03:00:00,0,0.3566049813112259,0.643395018688774,Hold,68.719765,68.894966,68.703835,68.887,1082
2023-10-17 04:00:00,0,0.33998251712971694,0.6600174828702831,Hold,68.887,68.94275,68.81533,68.81533,366
2023-10-17 05:00:00,0,0.40463883239736076,0.5953611676026392,Hold,68.81533,68.98257,68.75162,68.95868,783
2023-10-17 06:00:00,0,0.40328346813969007,0.5967165318603099,Hold,68.966644,69.10203,68.83125,68.98257,1749
2023-10-17 07:00:00,0,0.45383919835632947,0.5461608016436705,Hold,68.98257,69.34891,68.84718,69.10203,5317
2023-10-17 08:00:00,0,0.4630049298434484,0.5369950701565516,Hold,69.10999,69.269264,68.73569,69.054245,4703
2023-10-17 09:00:00,0,0.5167854373256398,0.48321456267436025,Sell,69.054245,69.31705,68.91886,69.27723,3511
2023-10-17 10:00:00,0,0.4430720205241259,0.5569279794758741,Hold,69.285194,69.29316,68.91886,69.18166,2723
2023-10-17 11:00:00,0,0.46279681228028346,0.5372031877197165,Hold,69.18166,69.32501,69.04628,69.157776,3227
2023-10-17 12:00:00,0,0.4526618403794561,0.5473381596205439,Hold,69.14981,69.31705,68.83922,69.125916,7043
2023-10-17 13:00:00,0,0.47788719835556503,0.522112801644435,Hold,69.13388,69.45243,68.7118,69.22945,16370
2023-10-17 14:00:00,0,0.49484471674516955,0.5051552832548305,Hold,69.22148,69.65949,69.09406,69.20556,12099
2023-10-17 15:00:00,0,0.4404264896166523,0.5595735103833477,Hold,69.21352,69.39669,68.17026,68.791435,20408
2023-10-17 16:00:00,0,0.4277402063735568,0.5722597936264432,Hold,68.78347,68.879036,68.472885,68.78347,6241
2023-10-17 17:00:00,0,0.46530485166430935,0.5346951483356907,Hold,68.791435,68.95868,68.632164,68.823296,5022
2023-10-17 18:00:00,0,0.5419381150037895,0.4580618849962105,Sell,68.823296,69.125916,68.59234,69.054245,19152
2023-10-17 19:00:00,0,0.5257642497017369,0.47423575029826315,Sell,69.054245,69.54004,69.054245,69.50021,4697
2023-10-17 20:00:00,0,0.5672402691029759,0.43275973089702413,Sell,69.50818,69.88248,69.40465,69.850624,3672
2023-10-17 22:00:00,0,0.5749289983140369,0.4250710016859631,Sell,69.93026,70.17714,69.794876,70.06565,1578
2023-10-17 23:00:00,0,0.6095978223713137,0.39040217762868634,Sell,70.06565,70.304565,69.96212,70.2966,628
2023-10-18 00:00:00,0,0.5557842265450654,0.44421577345493457,Sell,70.25678,70.59922,70.24085,70.26474,969
2023-10-18 01:00:00,0,0.6261391857735255,0.37386081422647455,Sell,70.24085,70.71868,70.24085,70.71868,690
2023-10-18 02:00:00,0,0.600575359222808,0.399424640777192,Sell,70.74257,70.94963,70.447914,70.503654,542
2023-10-18 03:00:00,0,0.569654906370455,0.430345093629545,Sell,70.503654,70.623116,70.41605,70.4957,159
2023-10-18 04:00:00,0,0.5947844999839412,0.40521550001605877,Sell,70.503654,70.74257,70.503654,70.5833,132
2023-10-18 05:00:00,0,0.5864736891435886,0.41352631085641145,Sell,70.59922,70.61515,70.36827,70.48773,309
2023-10-18 06:00:00,0,0.6008155698414368,0.3991844301585632,Sell,70.4957,70.55144,70.26474,70.272705,384
2023-10-18 07:00:00,0,0.5866570746695675,0.4133429253304325,Sell,70.26474,70.43995,70.19307,70.376236,387
2023-10-18 08:00:00,0,0.6249203686685167,0.37507963133148325,Sell,70.3842,70.766464,70.32049,70.68683,712
2023-10-18 09:00:00,1,0.6353940621640506,0.3646059378359494,Sell,70.70275,71.57877,70.70275,71.16466,1733
2023-10-18 10:00:00,1,0.6571286919122955,0.3428713080877045,Sell,71.100945,71.331894,70.91778,70.98945,666
2023-10-18 11:00:00,0,0.6661233907799754,0.3338766092200246,Sell,71.02927,71.02927,70.46384,70.5594,1351
2023-10-18 12:00:00,0,0.6017875165340321,0.39821248346596794,Sell,70.535515,70.54348,69.970085,70.00194,2473
2023-10-18 13:00:00,0,0.622428443270744,0.377571556729256,Sell,70.00194,70.32049,69.44447,70.07361,5178
2023-10-18 14:00:00,0,0.6140604814666206,0.3859395185333794,Sell,70.03379,70.32845,69.68339,70.24085,3134
2023-10-18 15:00:00,0,0.505494642598125,0.49450535740187496,Sell,70.23289,70.288635,69.84266,70.06565,1774
2023-10-18 16:00:00,0,0.5137698207016218,0.4862301792983782,Sell,70.04972,70.42402,69.9223,70.31252,1705
2023-10-18 17:00:00,0,0.4911256403028898,0.5088743596971101,Hold,70.2966,70.766464,70.01787,70.185104,2613
2023-10-18 18:00:00,0,0.5248990409031508,0.47510095909684924,Sell,70.201035,70.639046,70.08954,70.43995,2584
2023-10-18 19:00:00,0,0.5285042398191123,0.4714957601808877,Sell,70.431984,70.43995,70.15325,70.21696,543
2023-10-18 20:00:00,0,0.5167047258086487,0.4832952741913513,Sell,70.21696,70.28067,70.16122,70.209,302
2023-10-18 22:00:00,0,0.5167997755234897,0.48320022447651034,Sell,70.272705,70.41605,70.23289,70.360306,109
2023-10-18 23:00:00,0,0.48221938001921866,0.5177806199807813,Hold,70.272705,70.2966,70.209,70.209,32
2023-10-19 00:00:00,0,0.572817003168702,0.427182996831298,Sell,70.209,70.2493,69.79794,69.9672,4040
2023-10-19 01:00:00,0,0.5482984444331552,0.45170155556684477,Sell,69.9672,70.257355,69.9269,70.09616,3098
2023-10-19 02:00:00,0,0.547509112660803,0.45249088733919696,Sell,70.0881,70.19288,69.98332,70.07198,2062
2023-10-19 03:00:00,0,0.5397539470025119,0.4602460529974881,Sell,70.07198,70.11228,70.02362,70.0881,731
2023-10-19 04:00:00,0,0.5894687836262101,0.41053121637378986,Sell,70.0881,70.241234,70.07198,70.23318,934
2023-10-19 05:00:00,0,0.5524355444041423,0.44756445559585767,Sell,70.23318,70.28153,70.0881,70.16064,1401
2023-10-19 06:00:00,0,0.5770698607609287,0.4229301392390713,Sell,70.15258,70.29765,70.02362,70.09616,3247
2023-10-19 07:00:00,0,0.5402861013904094,0.45971389860959055,Sell,70.09616,70.23318,69.55615,69.55615,8655
2023-10-19 08:00:00,0,0.47672054842116246,0.5232794515788375,Hold,69.55615,69.69317,68.98391,69.07256,14901
2023-10-19 09:00:00,0,0.4744354670736103,0.5255645329263897,Hold,69.07256,69.41108,68.86301,69.13704,9964
2023-10-19 10:00:00,0,0.4790168660987659,0.5209831339012341,Hold,69.13704,69.548096,69.06451,69.42719,7641
2023-10-19 11:00:00,0,0.5602941229022403,0.43970587709775966,Sell,69.419136,69.85436,69.37884,69.773766,6923
2023-10-19 12:00:00,0,0.5542487436970109,0.44575125630298906,Sell,69.773766,69.99944,69.62869,69.74153,12019
2023-10-19 13:00:00,0,0.5409963982982243,0.4590036017017757,Sell,69.74153,70.09616,69.37077,69.79794,26467
2023-10-19 14:00:00,0,0.5450448201390999,0.45495517986090006,Sell,69.80601,70.15258,69.701225,70.128395,17540
2023-10-19 15:00:00,0,0.5757024194652762,0.4242975805347238,Sell,70.13646,70.66035,70.0478,70.51527,29784
2023-10-19 16:00:00,0,0.6242051482918944,0.37579485170810556,Sell,70.51527,70.96662,70.402435,70.82154,20937
2023-10-19 17:00:00,0,0.5883095852020299,0.4116904147979701,Sell,70.82154,71.23259,70.80542,71.127815,19819
2023-10-19 18:00:00,0,0.5758977521615674,0.42410224783843264,Sell,71.11976,71.84514,71.0311,71.70006,28813
2023-10-19 19:00:00,1,0.5916302102863834,0.4083697897136166,Sell,71.70006,72.04663,71.498566,72.00633,12922
2023-10-19 20:00:00,0,0.5125118269838015,0.4874881730161985,Sell,71.998276,72.167534,71.82096,71.86126,5632
2023-10-19 22:00:00,1,0.5516727606964168,0.4483272393035832,Sell,71.80484,72.09499,71.70006,71.99021,2830
2023-10-19 23:00:00,0,0.5228398939168062,0.4771601060831938,Sell,71.9741,71.998276,71.86126,71.88544,1537
2023-10-20 00:00:00,0,0.540851402170815,0.45914859782918505,Sell,71.88544,72.06275,71.8129,71.82902,3087
2023-10-20 01:00:00,0,0.5393940340514113,0.4606059659485887,Sell,71.82902,72.04663,71.740364,71.909615,3764
2023-10-20 02:00:00,1,0.5687124139894862,0.43128758601051376,Sell,71.909615,72.21589,71.84514,72.13529,2667
2023-10-20 03:00:00,0,0.5313064859847257,0.46869351401527426,Sell,72.15141,72.167534,71.966034,71.982155,1378
2023-10-20 04:00:00,0,0.5552661544230573,0.44473384557694273,Sell,71.99021,72.09499,71.94991,72.00633,1199
2023-10-20 05:00:00,1,0.5524423274236351,0.4475576725763649,Sell,72.0144,72.10305,71.94991,72.10305,1472
2023-10-20 06:00:00,0,0.6074683759033315,0.39253162409666853,Sell,72.08693,72.15141,71.7323,71.88544,5674
2023-10-20 07:00:00,0,0.5880883641822766,0.4119116358177234,Sell,71.88544,72.03051,71.63558,71.72424,8092
2023-10-20 08:00:00,1,0.6156089081342938,0.3843910918657062,Sell,71.71618,72.37708,71.64365,72.28843,10222
2023-10-20 09:00:00,1,0.5541850923622572,0.4458149076377428,Sell,72.28843,72.41738,72.09499,72.167534,6885
2023-10-20 10:00:00,1,0.6030228641739113,0.39697713582608873,Sell,72.17559,72.27231,71.94186,72.20783,5408
2023-10-20 11:00:00,1,0.6130307299233952,0.38696927007660475,Sell,72.20783,72.37708,72.06275,72.14335,6795
2023-10-20 12:00:00,1,0.6490346096927289,0.35096539030727114,Sell,72.14335,72.25619,71.8129,72.15947,11214
2023-10-20 13:00:00,1,0.5903063686881785,0.40969363131182146,Sell,72.15141,72.19977,71.498566,72.038574,31421
2023-10-20 14:00:00,1,0.5633978402371488,0.4366021597628512,Sell,72.03051,72.27231,71.58723,71.91768,22929
2023-10-20 15:00:00,1,0.571915064923999,0.428084935076001,Sell,71.909615,72.15141,71.78066,71.869316,16668
2023-10-20 16:00:00,1,0.6505864855977302,0.34941351440226975,Sell,71.86126,71.95798,71.32931,71.32931,15742
2023-10-20 17:00:00,1,0.551393604234929,0.448606395765071,Sell,71.33737,71.57916,70.84572,71.200356,29709
2023-10-20 18:00:00,1,0.5898607936925927,0.4101392063074073,Sell,71.200356,71.256775,70.54751,71.071396,36068
2023-10-20 19:00:00,1,0.5754203063185811,0.4245796936814189,Sell,71.06334,71.20841,70.95856,71.07945,6302
2023-10-20 20:00:00,1,0.6489453908787233,0.35105460912127673,Sell,71.071396,71.23259,71.01498,71.16811,2403
2023-10-22 22:00:00,1,0.6368138226706667,0.36318617732933334,Sell,70.92632,71.16006,70.73289,70.740944,3290
2023-10-22 23:00:00,1,0.6212144277457521,0.3787855722542479,Sell,70.749,70.84572,70.60393,70.71677,1321
2023-10-23 00:00:00,0,0.5873805171915462,0.41261948280845384,Sell,70.7087,70.85378,70.44273,70.48303,2708
2023-10-23 01:00:00,0,0.5780741059124717,0.42192589408752834,Sell,70.47497,70.49109,70.144516,70.35407,4983
2023-10-23 02:00:00,0,0.593089394752169,0.40691060524783096,Sell,70.36214,70.458855,70.209,70.23318,2174
2023-10-23 03:00:00,0,0.5836224775091096,0.41637752249089044,Sell,70.2493,70.402435,70.209,70.22511,1355
2023-10-23 04:00:00,0,0.562647725612149,0.43735227438785096,Sell,70.23318,70.28153,70.0075,70.10422,2401
2023-10-23 05:00:00,0,0.5499645878207967,0.4500354121792033,Sell,70.11228,70.200935,69.98332,70.128395,2180
2023-10-23 06:00:00,0,0.5998114841082939,0.4001885158917061,Sell,70.13646,70.35407,70.11228,70.200935,3965
2023-10-23 07:00:00,0,0.6442709150700638,0.35572908492993616,Sell,70.200935,70.628105,70.11228,70.59587,9386
2023-10-23 08:00:00,1,0.6486323317820875,0.35136766821791254,Sell,70.60393,71.039154,70.50721,71.039154,9609
2023-10-23 09:00:00,1,0.6520000950682229,0.3479999049317771,Sell,71.0311,71.111694,70.644226,70.67647,6982
2023-10-23 10:00:00,0,0.5938438583795851,0.4061561416204149,Sell,70.6684,70.740944,70.39437,70.458855,4147
2023-10-23 11:00:00,1,0.6533305786977678,0.3466694213022322,Sell,70.46691,70.773186,70.386314,70.62005,7167
2023-10-23 12:00:00,1,0.6627873181908815,0.33721268180911845,Sell,70.62005,70.95856,70.44273,70.52333,11003
2023-10-23 13:00:00,1,0.632116273510024,0.367883726489976,Sell,70.53139,70.66035,69.99138,70.346016,35943
2023-10-23 14:00:00,1,0.6057191049556646,0.3942808950443354,Sell,70.346016,70.56363,69.93497,70.33795,23252
2023-10-23 15:00:00,1,0.5337665034032212,0.4662334965967788,Sell,70.33795,70.51527,69.54003,69.85436,25794
2023-10-23 16:00:00,1,0.46875165391354917,0.5312483460864508,Hold,69.85436,69.902725,69.09674,69.19346,21896
2023-10-23 17:00:00,1,0.4641022296846684,0.5358977703153316,Hold,69.20152,69.35466,68.790474,69.13704,26437
2023-10-23 18:00:00,1,0.4742077901583816,0.5257922098416183,Hold,69.12898,69.24988,68.82271,69.15316,22161
2023-10-23 19:00:00,1,0.5155883703235024,0.48441162967649765,Sell,69.15316,69.44331,69.08062,69.29824,10063
2023-10-23 20:00:00,1,0.5364743480640279,0.46352565193597206,Sell,69.29018,69.43526,69.25794,69.403015,2229
2023-10-23 22:00:00,1,0.5298319373475889,0.47016806265241107,Sell,69.43526,69.44331,69.28212,69.33854,777
2023-10-23 23:00:00,1,0.574962529204091,0.42503747079590903,Sell,69.33854,69.55615,69.32242,69.419136,1622
2023-10-24 00:00:00,1,0.5437145953378113,0.4562854046621887,Sell,69.419136,69.5078,69.32242,69.330475,1668
2023-10-24 01:00:00,1,0.5789399038184699,0.42106009618153006,Sell,69.32242,69.43526,69.16928,69.35466,2756
2023-10-24 02:00:00,1,0.5412264417419601,0.4587735582580399,Sell,69.35466,69.49168,69.24182,69.37077,1526
2023-10-24 03:00:00,1,0.5514551535648505,0.44854484643514947,Sell,69.37077,69.386894,69.274055,69.29018,1090
2023-10-24 04:00:00,1,0.5692491201827675,0.4307508798172325,Sell,69.28212,69.29824,69.19346,69.20152,1123
2023-10-24 05:00:00,0,0.5146749974796162,0.4853250025203838,Sell,69.19346,69.29018,69.032265,69.104805,1900
2023-10-24 06:00:00,1,0.5864916300592754,0.4135083699407246,Sell,69.11286,69.31436,69.08062,69.24182,2243
2023-10-24 07:00:00,1,0.5820520008053361,0.41794799919466386,Sell,69.24182,69.531975,69.16928,69.48361,5759
2023-10-24 08:00:00,1,0.5709762756506447,0.4290237243493553,Sell,69.475555,69.49973,68.58092,69.06451,12853
2023-10-24 09:00:00,1,0.5886723041328307,0.41132769586716933,Sell,69.06451,69.42719,68.919426,69.29018,7957
2023-10-24 10:00:00,1,0.5828361058961584,0.4171638941038416,Sell,69.28212,69.419136,69.161224,69.2257,3710
2023-10-24 11:00:00,1,0.5965153369138453,0.4034846630861547,Sell,69.2257,69.29018,68.846886,69.1451,7646
2023-10-24 12:00:00,1,0.5569169494487184,0.4430830505512816,Sell,69.13704,69.21764,68.76629,69.05644,10336
2023-10-24 13:00:00,1,0.4998304758593246,0.5001695241406754,Hold,69.048386,69.05644,68.11345,68.4439,36090
2023-10-24 14:00:00,0,0.42695090067703906,0.5730490993229609,Hold,68.43584,68.65345,67.58956,67.67016,33466
2023-10-24 15:00:00,0,0.38745742322255655,0.6125425767774435,Hold,67.662094,67.68628,66.880295,67.081795,46588
2023-10-24 16:00:00,0,0.4606873182990534,0.5393126817009466,Hold,67.07373,67.5009,66.84805,67.4606,25822
2023-10-24 17:00:00,0,0.43144259062712065,0.5685574093728794,Hold,67.452545,67.72658,67.307465,67.621796,17053
2023-10-24 18:00:00,0,0.44022268151217486,0.5597773184878252,Hold,67.605675,67.734634,67.37194,67.42836,20892
2023-10-24 19:00:00,0,0.4269282325311128,0.5730717674688872,Hold,67.4203,67.5412,67.29134,67.38806,5392
2023-10-24 20:00:00,0,0.37823409023662485,0.6217659097633752,Hold,67.38806,67.662094,67.29941,67.452545,3011
2023-10-24 22:00:00,0,0.43136439732534826,0.5686356026746517,Hold,67.452545,67.64598,67.41225,67.508965,1214
2023-10-24 23:00:00,0,0.4252511513413524,0.5747488486586476,Hold,67.5009,67.55732,67.436424,67.436424,579
2023-10-25 00:00:00,0,0.3662086916774681,0.6337913083225319,Hold,67.436424,67.57344,67.323586,67.34776,1867
2023-10-25 01:00:00,0,0.3905644005391859,0.609435599460814,Hold,67.33971,67.48478,67.25911,67.41225,2370
2023-10-25 02:00:00,0,0.4028251772993926,0.5971748227006074,Hold,67.41225,67.48478,67.33164,67.40418,1554
2023-10-25 03:00:00,0,0.4320871428417652,0.5679128571582348,Hold,67.40418,67.56538,67.396126,67.49284,1604
2023-10-25 04:00:00,0,0.3866770225308992,0.6133229774691008,Hold,67.5009,67.5412,67.31553,67.34776,1185
2023-10-25 05:00:00,0,0.37948314860253296,0.620516851397467,Hold,67.34776,67.35583,67.178505,67.194626,1831
2023-10-25 06:00:00,0,0.39007397003033123,0.6099260299696687,Hold,67.18657,67.267166,67.065674,67.08985,2467
2023-10-25 07:00:00,0,0.40282652288970566,0.5971734771102943,Hold,67.081795,67.31553,67.04149,67.17045,4835
2023-10-25 08:00:00,1,0.4411902763963353,0.5588097236036647,Hold,67.16239,67.68628,67.025375,67.58956,10041
2023-10-25 09:00:00,0,0.42310895895378775,0.5768910410462122,Hold,67.58956,67.71046,67.37194,67.52508,5547
2023-10-25 10:00:00,0,0.41410087436812104,0.585899125631879,Hold,67.51702,67.5412,67.22687,67.25911,4773
2023-10-25 11:00:00,1,0.43194931488069216,0.5680506851193079,Hold,67.25911,67.64598,67.25911,67.62986,5574
2023-10-25 12:00:00,1,0.4390577336852283,0.5609422663147716,Hold,67.62986,67.823296,67.55732,67.62986,11806
2023-10-25 13:00:00,0,0.41750615901010857,0.5824938409898914,Hold,67.621796,67.77493,67.28329,67.35583,25265
2023-10-25 14:00:00,0,0.40338609949378795,0.5966139005062121,Hold,67.35583,67.46866,66.74328,67.08985,40347
2023-10-25 15:00:00,0,0.39462107761632026,0.6053789223836797,Hold,67.09791,67.87165,66.154915,67.678215,68149
2023-10-25 16:00:00,0,0.3428667907196869,0.657133209280313,Hold,67.68628,68.41166,67.61374,68.00061,32053
2023-10-25 17:00:00,0,0.3711259399937061,0.6288740600062939,Hold,68.00061,68.93555,67.95225,68.37942,38202
2023-10-25 18:00:00,1,0.3550695188985308,0.6449304811014692,Hold,68.37136,68.919426,68.21822,68.80659,31677
2023-10-25 19:00:00,1,0.34340927015216444,0.6565907298478355,Hold,68.80659,68.959724,68.661514,68.71793,7729
2023-10-25 20:00:00,1,0.3268139587155114,0.6731860412844886,Hold,68.70987,68.85495,68.62927,68.74211,7493
2023-10-25 22:00:00,1,0.3450858271993111,0.6549141728006889,Hold,68.80659,68.81465,68.57285,68.68569,1237
2023-10-25 23:00:00,1,0.3465885815922608,0.6534114184077392,Hold,68.693756,68.75823,68.62927,68.677635,830
2023-10-26 00:00:00,1,0.33322393536684136,0.6667760646331586,Hold,68.677635,68.98391,68.605095,68.88719,3003
2023-10-26 01:00:00,1,0.3471285776189908,0.6528714223810093,Hold,68.87913,68.98391,68.693756,68.70181,4327
2023-10-26 02:00:00,1,0.3331578861586329,0.6668421138413672,Hold,68.70181,68.78241,68.64539,68.70181,1739
2023-10-26 03:00:00,1,0.34455797628592605,0.6554420237140739,Hold,68.70181,68.72599,68.605095,68.677635,1155
2023-10-26 04:00:00,1,0.36132537082270916,0.6386746291772909,Hold,68.68569,68.76629,68.661514,68.677635,1625
2023-10-26 05:00:00,0,0.39413064827362976,0.6058693517263702,Hold,68.677635,68.70987,68.194046,68.21822,5339
2023-10-26 06:00:00,0,0.38161303151413484,0.6183869684858652,Hold,68.22628,68.38748,68.105385,68.22628,5348
2023-10-26 07:00:00,1,0.419127631178213,0.5808723688217869,Hold,68.234344,68.9436,68.18598,68.68569,10125
2023-10-26 08:00:00,1,0.40120940456057336,0.5987905954394266,Hold,68.68569,68.70181,68.2021,68.4036,6974
2023-10-26 09:00:00,1,0.3590002655769605,0.6409997344230395,Hold,68.4036,68.46002,68.01673,68.29882,5816
2023-10-26 10:00:00,0,0.35812140560457645,0.6418785943954235,Hold,68.306885,68.306885,67.734634,67.81523,7231
2023-10-26 11:00:00,0,0.430607568967766,0.569392431032234,Hold,67.807175,67.807175,67.396126,67.4606,9397
2023-10-26 12:00:00,0,0.3847681737182247,0.6152318262817753,Hold,67.46866,67.47672,66.54179,67.16239,36327
2023-10-26 13:00:00,0,0.33993721503968666,0.6600627849603133,Hold,67.15433,67.62986,66.90447,67.58956,30022
2023-10-26 14:00:00,0,0.3672126074234365,0.6327873925765635,Hold,67.58956,67.92807,67.31553,67.7427,27593
2023-10-26 15:00:00,0,0.3718789144697764,0.6281210855302236,Hold,67.734634,67.88777,67.31553,67.87165,25740
2023-10-26 16:00:00,0,0.3405617434313077,0.6594382565686923,Hold,67.87165,67.879715,67.363884,67.48478,16018
2023-10-26 17:00:00,0,0.3122692147572521,0.6877307852427479,Hold,67.49284,67.75881,66.92866,67.15433,17855
2023-10-26 18:00:00,0,0.3134348731465226,0.6865651268534774,Hold,67.15433,67.35583,66.90447,67.14627,20544
2023-10-26 19:00:00,0,0.3439792659349558,0.6560207340650441,Hold,67.15433,67.29134,66.936714,67.28329,5449
2023-10-26 20:00:00,0,0.33434026817115764,0.6656597318288424,Hold,67.28329,67.42836,67.251045,67.29941,2542
2023-10-26 22:00:00,0,0.3636336365439908,0.6363663634560093,Hold,67.323586,67.396126,67.21881,67.323586,806
2023-10-26 23:00:00,0,0.3813978879404608,0.6186021120595392,Hold,67.323586,67.508965,67.29134,67.42836,1052
2023-10-27 00:00:00,0,0.40989820312164027,0.5901017968783597,Hold,67.42836,67.48478,67.34776,67.40418,981
2023-10-27 01:00:00,0,0.42451572451208797,0.575484275487912,Hold,67.40418,67.70239,67.33164,67.63792,2280
2023-10-27 02:00:00,0,0.39099325064701906,0.6090067493529809,Hold,67.64598,67.936134,67.605675,67.92001,2433
2023-10-27 03:00:00,0,0.40688327444347167,0.5931167255565284,Hold,67.91195,68.04091,67.88777,67.92001,2394
2023-10-27 04:00:00,0,0.44671154776700217,0.5532884522329978,Hold,67.92807,68.21822,67.89583,68.15375,1913
2023-10-27 05:00:00,0,0.44934742379121195,0.550652576208788,Hold,68.15375,68.306885,68.07315,68.22628,2274
2023-10-27 06:00:00,0,0.4419849875333485,0.5580150124666515,Hold,68.22628,68.306885,68.04091,68.21017,2808
2023-10-27 07:00:00,0,0.403192048590886,0.596807951409114,Hold,68.2021,68.25852,67.879715,68.00867,5126
2023-10-27 08:00:00,0,0.4694838471431418,0.5305161528568583,Hold,68.00061,68.61315,67.863594,68.43584,8424
2023-10-27 09:00:00,1,0.45898632229362507,0.541013677706375,Hold,68.43584,68.78241,68.42778,68.661514,5713
2023-10-27 10:00:00,0,0.42111010230748475,0.5788898976925152,Hold,68.66957,68.790474,68.41166,68.50838,5538
2023-10-27 11:00:00,0,0.43984360754148355,0.5601563924585165,Hold,68.492256,68.492256,67.96837,67.98449,5893
2023-10-27 12:00:00,0,0.41101084204840754,0.5889891579515925,Hold,67.992546,68.46808,67.605675,68.18598,25785
2023-10-27 13:00:00,0,0.39027190457637595,0.609728095423624,Hold,68.18598,68.38748,67.10597,67.25911,37607
2023-10-27 14:00:00,0,0.40686596714488493,0.5931340328551151,Hold,67.251045,67.79105,66.97701,67.52508,26896
2023-10-27 15:00:00,0,0.40525428761962323,0.5947457123803768,Hold,67.53314,67.90389,67.396126,67.79105,19791
2023-10-27 16:00:00,0,0.36085143064163117,0.6391485693583688,Hold,67.79105,68.2424,67.42836,68.16987,19725
2023-10-27 17:00:00,1,0.442312224437779,0.5576877755622209,Hold,68.16987,69.161224,67.85553,69.120926,36370
2023-10-27 18:00:00,1,0.4430376667120555,0.5569623332879445,Hold,69.104805,69.23376,68.41166,68.4842,28061
2023-10-27 19:00:00,1,0.46414283749324253,0.5358571625067574,Hold,68.4842,68.74211,68.4036,68.62927,7486
2023-10-27 20:00:00,1,0.4349674514754947,0.5650325485245054,Hold,68.621216,68.70987,68.50838,68.63734,2806
2023-10-29 22:00:00,0,0.43421650323875327,0.5657834967612467,Hold,68.50838,68.75017,67.46866,67.98449,6442
2023-10-29 23:00:00,0,0.41927502772547404,0.580724972274526,Hold,67.96837,68.234344,67.92001,68.13763,1741
2023-10-30 00:00:00,1,0.46205353320408205,0.537946466795918,Hold,68.14568,68.43584,68.12956,68.31494,1986
2023-10-30 01:00:00,1,0.4566783789395744,0.5433216210604256,Hold,68.31494,68.492256,68.21822,68.234344,2556
2023-10-30 02:00:00,1,0.47804182881672186,0.5219581711832781,Hold,68.22628,68.25852,68.03285,68.14568,2151
2023-10-30 03:00:00,0,0.4187228155425067,0.5812771844574933,Hold,68.13763,68.15375,67.83942,67.88777,2208
2023-10-30 04:00:00,0,0.44174078911403586,0.5582592108859641,Hold,67.879715,67.95225,67.84747,67.85553,1272
2023-10-30 05:00:00,1,0.45121274053968663,0.5487872594603134,Hold,67.84747,68.048965,67.823296,67.97643,1607
2023-10-30 06:00:00,1,0.4422273346561643,0.5577726653438357,Hold,67.98449,68.12956,67.936134,67.96837,2181
2023-10-30 07:00:00,0,0.41574216300692124,0.5842578369930788,Hold,67.96837,68.11345,67.61374,67.83942,7382
2023-10-30 08:00:00,0,0.39662026725448823,0.6033797327455117,Hold,67.83942,68.13763,67.5815,67.65404,8672
2023-10-30 09:00:00,1,0.40489469932320343,0.5951053006767966,Hold,67.662094,68.161804,67.47672,68.13763,8080
2023-10-30 10:00:00,1,0.3700222376790233,0.6299777623209767,Hold,68.13763,68.33912,67.94419,68.177925,6754
2023-10-30 11:00:00,1,0.3490061183611186,0.6509938816388814,Hold,68.18598,68.2021,67.94419,68.05703,4483
2023-10-30 12:00:00,1,0.3439653875798193,0.6560346124201807,Hold,68.07315,68.18598,67.54926,67.72658,16123
2023-10-30 13:00:00,1,0.3796037570178607,0.6203962429821392,Hold,67.72658,68.00061,67.4203,67.76688,27491
2023-10-30 14:00:00,0,0.357419996438811,0.642580003561189,Hold,67.76688,67.823296,66.84805,66.896416,36599
2023-10-30 15:00:00,0,0.3032137723295988,0.6967862276704012,Hold,66.896416,66.90447,66.35641,66.55791,31112
2023-10-30 16:00:00,0,0.3277107949326584,0.6722892050673416,Hold,66.55791,66.99313,66.44507,66.57402,27500
2023-10-30 17:00:00,0,0.33856816993927824,0.6614318300607218,Hold,66.57402,66.69492,65.94536,66.67074,37100
2023-10-30 18:00:00,0,0.3079577025049014,0.6920422974950986,Hold,66.68686,66.96089,66.23551,66.46119,35843
2023-10-30 19:00:00,0,0.3630948532756846,0.6369051467243154,Hold,66.46119,66.74328,66.38865,66.5176,6384
2023-10-30 20:00:00,0,0.384038398269508,0.6159616017304921,Hold,66.525665,66.60626,66.396706,66.56596,3044
2023-10-30 22:00:00,0,0.4262606750853757,0.5737393249146243,Hold,66.56596,66.67074,66.49342,66.65462,1087
2023-10-30 23:00:00,0,0.4492404784343475,0.5507595215656524,Hold,66.66268,66.72716,66.54984,66.60626,1359
2023-10-31 00:00:00,0,0.5513809034486966,0.4486190965513034,Sell,66.60626,66.83194,66.55791,66.767456,2301
2023-10-31 01:00:00,0,0.5105950892718378,0.48940491072816217,Sell,66.7594,66.84,66.55791,66.598206,3994
2023-10-31 02:00:00,0,0.514391263501056,0.485608736498944,Sell,66.598206,66.7191,66.54179,66.598206,1850
2023-10-31 03:00:00,0,0.508158028499415,0.49184197150058495,Sell,66.598206,66.65462,66.324165,66.56596,2849
2023-10-31 04:00:00,0,0.5231820542773041,0.47681794572269587,Sell,66.57402,66.70298,66.525665,66.65462,1281
2023-10-31 05:00:00,0,0.5075763250734455,0.4924236749265545,Sell,66.65462,66.78358,66.598206,66.751335,1720
2023-10-31 06:00:00,0,0.4904513053605165,0.5095486946394835,Hold,66.7594,66.94477,66.6788,66.807755,3729
2023-10-31 07:00:00,0,0.5271679637827614,0.47283203621723857,Sell,66.81582,66.823875,66.49342,66.509544,4826
2023-10-31 08:00:00,0,0.5049781972589524,0.49502180274104757,Sell,66.5176,67.03343,66.509544,66.74328,11415
2023-10-31 09:00:00,0,0.47946172690958083,0.5205382730904191,Hold,66.74328,67.065674,66.67074,66.79164,7557
2023-10-31 10:00:00,1,0.5421696770105765,0.4578303229894235,Sell,66.79164,67.13015,66.767456,66.896416,9548
2023-10-31 11:00:00,1,0.5015143517654211,0.49848564823457886,Sell,66.88836,67.00119,66.63044,66.88836,6777
2023-10-31 12:00:00,1,0.4840171377656394,0.5159828622343605,Hold,66.88836,67.04955,66.54984,66.83194,12660
2023-10-31 13:00:00,0,0.4671343793997001,0.5328656206003,Hold,66.83194,67.025375,66.009834,66.40477,33357
2023-10-31 14:00:00,1,0.46187230862719403,0.5381276913728059,Hold,66.38865,67.194626,66.34835,66.77552,27618
2023-10-31 15:00:00,0,0.37630547530307207,0.6236945246969279,Hold,66.77552,66.85612,66.25969,66.751335,18612
2023-10-31 16:00:00,0,0.43907057415097445,0.5609294258490256,Hold,66.74328,66.79164,66.07432,66.17909,22017
2023-10-31 17:00:00,0,0.42245003626240957,0.5775499637375905,Hold,66.17909,66.19521,65.37311,65.46177,34237
2023-10-31 18:00:00,0,0.438769405003494,0.561230594996506,Hold,65.46177,65.55043,65.0749,65.413414,33469
2023-10-31 19:00:00,0,0.419383050852308,0.580616949147692,Hold,65.40535,65.51013,65.36505,65.469826,5746
2023-10-31 20:00:00,0,0.45235286182385553,0.5476471381761445,Hold,65.46177,65.60685,65.45371,65.56654,3966
2023-10-31 22:00:00,0,0.4814794922926923,0.5185205077073076,Hold,65.671326,65.7761,65.63103,65.64715,1161
2023-10-31 23:00:00,0,0.4967815818185602,0.5032184181814399,Hold,65.655205,65.66326,65.542366,65.55849,814
2023-11-01 00:00:00,0,0.49028788912014415,0.5097121108798559,Hold,65.56654,65.59073,65.34893,65.42147,1785
2023-11-01 01:00:00,0,0.47907205955848203,0.5209279404415179,Hold,65.413414,65.671326,65.36505,65.40535,3713
2023-11-01 02:00:00,0,0.49876281004677053,0.5012371899532295,Hold,65.40535,65.50207,65.30863,65.469826,1568
2023-11-01 03:00:00,0,0.45407205264090855,0.5459279473590914,Hold,65.469826,65.53431,65.36505,65.37311,1086
2023-11-01 04:00:00,0,0.47867270822238905,0.521327291777611,Hold,65.38117,65.43759,65.33281,65.39729,1042
2023-11-01 05:00:00,0,0.4655987088828665,0.5344012911171335,Hold,65.39729,65.43759,65.300575,65.38117,1046
2023-11-01 06:00:00,0,0.4956600675403436,0.5043399324596565,Hold,65.37311,65.55043,65.34087,65.542366,1902
2023-11-01 07:00:00,0,0.48380919491545166,0.5161908050845483,Hold,65.55043,65.79222,65.526245,65.671326,4372
2023-11-01 08:00:00,0,0.4148571605697351,0.5851428394302649,Hold,65.66326,65.784164,65.48595,65.62296,5693
2023-11-01 09:00:00,0,0.4784732887947037,0.5215267112052964,Hold,65.62296,66.098495,65.62296,66.07432,7574
2023-11-01 10:00:00,0,0.48953110345078005,0.5104688965492199,Hold,66.082375,66.453125,65.96148,66.380585,9347
2023-11-01 11:00:00,0,0.5242745738744554,0.4757254261255446,Sell,66.380585,66.72716,66.30805,66.70298,9573
2023-11-01 12:00:00,0,0.49180528080177116,0.5081947191982288,Hold,66.71104,67.025375,66.60626,66.751335,16710
2023-11-01 13:00:00,1,0.49400906697648694,0.5059909330235131,Hold,66.74328,67.234924,66.63044,66.79164,26663
2023-11-01 14:00:00,1,0.5065011443611989,0.49349885563880114,Sell,66.7997,67.00119,66.453125,66.864174,29366
2023-11-01 15:00:00,0,0.4445126023034336,0.5554873976965664,Hold,66.864174,66.880295,65.90506,66.28387,21319
2023-11-01 16:00:00,0,0.46689435465688295,0.5331056453431171,Hold,66.28387,66.380585,65.48595,65.7761,21540
2023-11-01 17:00:00,0,0.44765171882887106,0.5523482811711289,Hold,65.7761,65.9776,65.01848,65.30863,21330
2023-11-01 18:00:00,0,0.39407947313330977,0.6059205268666903,Hold,65.33281,65.63103,64.72027,64.93788,30351
2023-11-01 19:00:00,0,0.45193808089400067,0.5480619191059993,Hold,64.94594,65.26833,64.92176,65.19579,5755
2023-11-01 20:00:00,0,0.37961477844677444,0.6203852215532255,Hold,65.18774,65.26028,65.13132,65.20386,2342
2023-11-01 22:00:00,0,0.46450728508434774,0.5354927149156523,Hold,65.13937,65.32475,65.042656,65.211914,1306
2023-11-01 23:00:00,0,0.4923959784804924,0.5076040215195077,Hold,65.21998,65.26833,65.16356,65.211914,666
2023-11-02 00:00:00,0,0.4949126197097622,0.5050873802902378,Hold,65.211914,65.43759,65.16356,65.34893,2200
2023-11-02 01:00:00,0,0.511657882122752,0.488342117877248,Sell,65.356995,65.711624,65.356995,65.51819,4688
2023-11-02 02:00:00,0,0.5295974707774643,0.47040252922253567,Sell,65.51013,65.55849,65.469826,65.55043,1169
2023-11-02 03:00:00,0,0.5095599204570705,0.49044007954292945,Sell,65.542366,65.62296,65.50207,65.51013,1314
2023-11-02 04:00:00,0,0.530001479021125,0.46999852097887496,Sell,65.51013,65.56654,65.43759,65.53431,984
2023-11-02 05:00:00,0,0.5347569566792955,0.46524304332070454,Sell,65.53431,65.55043,65.42147,65.44565,1226
2023-11-02 06:00:00,0,0.5755270430918745,0.4244729569081255,Sell,65.44565,65.56654,65.36505,65.55849,2751
2023-11-02 07:00:00,0,0.547213607803738,0.45278639219626204,Sell,65.55043,65.71968,65.34087,65.62296,4518
2023-11-02 08:00:00,0,0.559791522889577,0.440208477110423,Sell,65.62296,65.969536,65.598785,65.82446,6810
2023-11-02 09:00:00,0,0.5244691107597219,0.4755308892402781,Sell,65.82446,66.14685,65.7358,65.80028,6246
2023-11-02 10:00:00,0,0.5173130545609723,0.4826869454390277,Sell,65.80028,65.92924,65.61491,65.6955,4871
2023-11-02 11:00:00,0,0.5493716428398344,0.4506283571601656,Sell,65.6955,65.896996,65.56654,65.57461,5873
2023-11-02 12:00:00,0,0.590968240634659,0.409031759365341,Sell,65.57461,65.75192,65.16356,65.300575,15516
2023-11-02 13:00:00,0,0.5711242982041572,0.4288757017958428,Sell,65.29251,65.82446,64.655785,65.7358,33952
2023-11-02 14:00:00,0,0.5163875036269582,0.4836124963730418,Sell,65.743866,66.05013,65.20386,65.62296,28362
2023-11-02 15:00:00,0,0.5583596982885388,0.4416403017114612,Sell,65.63103,66.23551,65.17967,66.211334,24372
2023-11-02 16:00:00,0,0.4968619351675545,0.5031380648324455,Hold,66.211334,66.42895,65.96148,66.16297,28035
2023-11-02 17:00:00,0,0.47966082182257924,0.5203391781774207,Hold,66.171036,66.7594,66.10655,66.69492,17218
2023-11-02 18:00:00,0,0.4602152314900038,0.5397847685099961,Hold,66.68686,66.73522,66.30805,66.54984,20411
2023-11-02 19:00:00,0,0.4733708084810004,0.5266291915189996,Hold,66.54179,66.598206,66.35641,66.380585,4733
2023-11-02 20:00:00,0,0.45151423119353296,0.548485768806467,Hold,66.380585,66.54179,66.37253,66.4773,2075
2023-11-02 22:00:00,0,0.46580789444476633,0.5341921055552337,Hold,66.55791,66.66268,66.49342,66.598206,1098
2023-11-02 23:00:00,0,0.46542374423785254,0.5345762557621474,Hold,66.59014,66.62238,66.50149,66.525665,429
2023-11-03 00:00:00,0,0.4866362586517888,0.5133637413482113,Hold,66.525665,66.64656,66.453125,66.525665,1431
2023-11-03 01:00:00,0,0.5265083140170227,0.4734916859829773,Sell,66.525665,66.54984,66.380585,66.41283,2225
2023-11-03 02:00:00,0,0.5550572882075512,0.4449427117924488,Sell,66.42895,66.7191,66.42088,66.70298,1827
2023-11-03 03:00:00,0,0.49756167269996465,0.5024383273000353,Hold,66.70298,66.73522,66.59014,66.62238,1644
2023-11-03 04:00:00,0,0.4730570899754199,0.5269429100245802,Hold,66.63044,66.81582,66.62238,66.73522,1268
2023-11-03 05:00:00,0,0.5167486033243381,0.48325139667566186,Sell,66.74328,66.77552,66.63044,66.69492,853
2023-11-03 06:00:00,0,0.5224688356301714,0.47753116436982856,Sell,66.68686,66.767456,66.62238,66.68686,1381
2023-11-03 07:00:00,0,0.5559869033837621,0.4440130966162379,Sell,66.69492,66.91254,66.598206,66.864174,3881
2023-11-03 08:00:00,0,0.5057662863041259,0.4942337136958741,Sell,66.864174,67.00119,66.78358,66.84,6676
2023-11-03 09:00:00,0,0.4748708344915722,0.5251291655084278,Hold,66.84,66.864174,66.34029,66.41283,7942
2023-11-03 10:00:00,0,0.5327461462730847,0.4672538537269153,Sell,66.41283,66.65462,66.22745,66.62238,6936
2023-11-03 11:00:00,0,0.5609845167907417,0.4390154832092583,Sell,66.62238,67.09791,66.55791,67.025375,8956
2023-11-03 12:00:00,1,0.536189266972694,0.463810733027306,Sell,67.03343,67.380005,66.84805,67.15433,16547
2023-11-03 13:00:00,1,0.4572737024853759,0.5427262975146241,Hold,67.13821,67.14627,65.55043,66.41283,69395
2023-11-03 14:00:00,0,0.3851127016253233,0.6148872983746767,Hold,66.42895,66.638504,65.23609,65.47789,46341
2023-11-03 15:00:00,0,0.4092893666141488,0.5907106333858512,Hold,65.47789,66.437004,65.37311,65.99371,29326
2023-11-03 16:00:00,0,0.40569512437374294,0.594304875626257,Hold,65.99371,66.10655,65.0749,65.08296,30586
2023-11-03 17:00:00,0,0.32833346316312756,0.6716665368368724,Hold,65.09102,65.13132,64.59131,64.73639,29147
2023-11-03 18:00:00,0,0.39051163552235135,0.6094883644776486,Hold,64.73639,65.30863,64.559074,65.29251,29688
2023-11-03 19:00:00,0,0.35227409397868026,0.6477259060213197,Hold,65.300575,65.49401,65.211914,65.23609,7335
2023-11-03 20:00:00,0,0.29008490411532056,0.7099150958846794,Hold,65.23609,65.30863,65.0749,65.19579,2013
2023-11-05 23:00:00,0,0.3386753580153207,0.6613246419846792,Hold,65.38923,65.42953,65.01042,65.33281,2769
2023-11-06 00:00:00,0,0.34825073195573036,0.6517492680442696,Hold,65.316696,65.413414,65.284454,65.34893,1559
2023-11-06 01:00:00,0,0.39137208914166466,0.6086279108583353,Hold,65.34893,65.36505,65.155495,65.30863,2159
2023-11-06 02:00:00,0,0.3906001904842995,0.6093998095157005,Hold,65.300575,65.44565,65.26028,65.30863,1297
2023-11-06 03:00:00,0,0.3761176694203768,0.6238823305796233,Hold,65.30863,65.34893,65.171616,65.23609,1225
2023-11-06 04:00:00,0,0.36706147495358155,0.6329385250464185,Hold,65.228035,65.300575,65.20386,65.26028,515
2023-11-06 05:00:00,0,0.37544208832875214,0.6245579116712479,Hold,65.26028,65.32475,65.19579,65.21998,1308
2023-11-06 06:00:00,0,0.40381404589193,0.5961859541080701,Hold,65.21998,65.39729,65.20386,65.37311,1348
2023-11-06 07:00:00,0,0.38286600215029687,0.6171339978497031,Hold,65.38923,65.59073,65.33281,65.48595,3510
2023-11-06 08:00:00,0,0.40173752483534086,0.5982624751646591,Hold,65.49401,65.9373,65.46177,65.76804,9488
2023-11-06 09:00:00,1,0.4640941633707631,0.5359058366292369,Hold,65.76804,66.0582,65.75192,65.9373,6818
2023-11-06 10:00:00,1,0.48271537730954767,0.5172846226904524,Hold,65.92924,66.18715,65.92924,66.042076,6146
2023-11-06 11:00:00,0,0.4071322475388204,0.5928677524611796,Hold,66.042076,66.18715,65.71968,65.743866,5961
2023-11-06 12:00:00,0,0.39798474631427183,0.6020152536857282,Hold,65.743866,65.90506,65.60685,65.71968,7880
2023-11-06 13:00:00,0,0.42637645316456246,0.5736235468354376,Hold,65.71968,65.96148,65.42953,65.598785,11351
2023-11-06 14:00:00,1,0.5057915531630038,0.49420844683699616,Sell,65.59073,66.17909,65.48595,66.009834,27500
2023-11-06 15:00:00,1,0.5105838890837087,0.48941611091629134,Sell,66.009834,66.28387,65.67938,65.727745,21650
2023-11-06 16:00:00,1,0.5140305006582524,0.4859694993417476,Sell,65.727745,66.0582,65.63103,65.92924,16577
2023-11-06 17:00:00,1,0.46881078041367524,0.5311892195863248,Hold,65.92118,66.10655,65.71968,66.042076,9595
2023-11-06 18:00:00,1,0.4975621036502725,0.5024378963497276,Hold,66.042076,66.082375,65.53431,65.64715,14598
2023-11-06 19:00:00,1,0.419267906917748,0.5807320930822519,Hold,65.64715,65.66326,65.06684,65.38923,24915
2023-11-06 20:00:00,1,0.4244456564634746,0.5755543435365253,Hold,65.38923,65.413414,65.14744,65.171616,3636
2023-11-06 21:00:00,1,0.44748123393114514,0.5525187660688549,Hold,65.171616,65.228035,65.13132,65.21998,1957
2023-11-06 23:00:00,1,0.474832963326792,0.525167036673208,Hold,65.228035,65.32475,65.171616,65.19579,1045
2023-11-07 00:00:00,1,0.5241645399384917,0.47583546006150834,Sell,65.20386,65.21998,65.099075,65.12326,728
2023-11-07 01:00:00,1,0.4735789003775583,0.5264210996224417,Hold,65.12326,65.14744,64.82504,64.88953,3161
2023-11-07 02:00:00,1,0.4443530802962183,0.5556469197037817,Hold,64.88953,65.02654,64.73639,64.986244,2565
2023-11-07 03:00:00,1,0.4653833472992602,0.5346166527007399,Hold,64.986244,65.00236,64.800865,64.86534,1946
2023-11-07 04:00:00,1,0.46408300452026574,0.5359169954797343,Hold,64.857285,64.873405,64.77669,64.83311,1660
2023-11-07 05:00:00,1,0.4815098305548591,0.5184901694451409,Hold,64.83311,64.88953,64.66385,64.77669,2513
2023-11-07 06:00:00,1,0.4614287352935458,0.5385712647064542,Hold,64.76862,64.784744,64.3334,64.43817,5120
2023-11-07 07:00:00,1,0.49830911637393605,0.501690883626064,Hold,64.43817,64.57519,64.2931,64.47847,6639
2023-11-07 08:00:00,0,0.4355664377952689,0.5644335622047312,Hold,64.47041,64.47847,63.873985,63.898167,13893
2023-11-07 09:00:00,0,0.3951079071873709,0.6048920928126291,Hold,63.906227,64.03519,63.624134,63.79339,11320
2023-11-07 10:00:00,1,0.43485146580536554,0.5651485341946345,Hold,63.785328,64.06742,63.72891,64.011,9075
2023-11-07 11:00:00,1,0.37307794358676905,0.626922056413231,Hold,64.002945,64.20444,63.898167,64.019066,7811
2023-11-07 12:00:00,1,0.34188260069968285,0.6581173993003171,Hold,64.002945,64.26086,63.882046,63.890106,8556
2023-11-07 13:00:00,1,0.4017859840467788,0.5982140159532212,Hold,63.890106,64.14802,63.535477,64.02712,21234
2023-11-07 14:00:00,1,0.30367681858113726,0.6963231814188627,Hold,64.02712,64.059364,63.20502,63.2695,35849
2023-11-07 15:00:00,1,0.27882171268084804,0.7211782873191519,Hold,63.2695,63.567715,63.043827,63.164722,32617
2023-11-07 16:00:00,1,0.28015075497786807,0.7198492450221319,Hold,63.164722,63.406517,62.753674,62.85845,25227
2023-11-07 17:00:00,1,0.2875728612039619,0.7124271387960381,Hold,62.85039,62.93099,62.439342,62.77785,23436
2023-11-07 18:00:00,1,0.25111011315807313,0.7488898868419269,Hold,62.77785,62.89875,62.592476,62.616657,15615
2023-11-07 19:00:00,1,0.2567651110333677,0.7432348889666323,Hold,62.616657,62.713375,62.278145,62.342625,27457
2023-11-07 20:00:00,1,0.2586659622786128,0.7413340377213872,Hold,62.35068,62.528,62.197548,62.382923,8294
2023-11-07 21:00:00,1,0.22942040726690496,0.7705795927330951,Hold,62.390984,62.46352,62.133068,62.165306,3359
2023-11-07 23:00:00,1,0.21934900005151325,0.7806509999484867,Hold,62.15725,62.253963,62.06859,62.125008,1658
2023-11-08 00:00:00,0,0.2057046763550411,0.7942953236449589,Hold,62.116947,62.14113,61.6656,62.02023,5359
2023-11-08 01:00:00,1,0.22164117110223458,0.7783588288977654,Hold,62.02023,62.229786,61.955753,62.133068,4754
2023-11-08 02:00:00,1,0.2547217139360577,0.7452782860639423,Hold,62.125008,62.4877,62.10889,62.326504,4174
2023-11-08 03:00:00,1,0.23289460672022613,0.7671053932797739,Hold,62.334564,62.334564,62.205605,62.245907,1659
2023-11-08 04:00:00,1,0.24459514255324238,0.7554048574467576,Hold,62.245907,62.253963,62.14113,62.189487,1174
2023-11-08 05:00:00,0,0.2503767525089059,0.7496232474910941,Hold,62.189487,62.205605,61.99605,62.10889,2179
2023-11-08 06:00:00,1,0.2703904224907693,0.7296095775092307,Hold,62.10889,62.42322,62.07665,62.334564,2833
2023-11-08 07:00:00,1,0.23872674686446776,0.7612732531355322,Hold,62.334564,62.4071,62.237846,62.342625,4512
2023-11-08 08:00:00,1,0.2556349888744344,0.7443650111255655,Hold,62.342625,62.46352,62.14113,62.41516,8696
2023-11-08 09:00:00,1,0.2715414016589884,0.7284585983410117,Hold,62.41516,62.47158,62.133068,62.173367,6798
2023-11-08 10:00:00,1,0.277116855136578,0.722883144863422,Hold,62.189487,62.189487,61.71396,61.907394,11013
2023-11-08 11:00:00,0,0.25566346310999855,0.7443365368900015,Hold,61.915455,61.97187,61.68172,61.883213,6573
2023-11-08 12:00:00,0,0.24620863231021842,0.7537913676897816,Hold,61.883213,61.963814,61.141712,61.254547,16837
2023-11-08 13:00:00,0,0.24489775586976234,0.7551022441302376,Hold,61.254547,62.10083,61.24649,61.899334,27050
2023-11-08 14:00:00,0,0.204111621832431,0.795888378167569,Hold,61.907394,62.245907,61.65754,61.794556,34241
2023-11-08 15:00:00,0,0.2128688623060541,0.7871311376939459,Hold,61.786495,61.826794,60.81932,60.86768,37384
2023-11-08 16:00:00,0,0.19830518686107323,0.8016948131389268,Hold,60.875736,61.512463,60.8032,61.028873,45402
2023-11-08 17:00:00,0,0.21978951090401058,0.7802104890959894,Hold,61.028873,61.085293,60.37603,60.529167,27755
2023-11-08 18:00:00,0,0.22757536629499053,0.7724246337050095,Hold,60.537228,60.835438,60.42439,60.77096,22615
2023-11-08 19:00:00,0,0.18440993959647203,0.815590060403528,Hold,60.77096,60.948277,60.545284,60.907978,29315
2023-11-08 20:00:00,0,0.18304027904216466,0.8169597209578353,Hold,60.899918,61.020813,60.891857,60.924095,4385
2023-11-08 21:00:00,0,0.21173000386080315,0.7882699961391968,Hold,60.91604,60.988575,60.81126,60.924095,2483
2023-11-08 23:00:00,0,0.19390278256380833,0.8060972174361917,Hold,60.972454,60.980515,60.8435,60.875736,886
2023-11-09 00:00:00,0,0.19512884828160293,0.8048711517183971,Hold,60.883797,61.012756,60.86768,60.891857,1001
2023-11-09 01:00:00,0,0.1906784481931456,0.8093215518068544,Hold,60.875736,61.302906,60.81932,61.12559,3956
2023-11-09 02:00:00,0,0.19828699686224027,0.8017130031377597,Hold,61.12559,61.12559,60.924095,60.948277,1928
2023-11-09 03:00:00,0,0.1968255719623498,0.8031744280376503,Hold,60.948277,61.020813,60.8435,60.875736,1746
2023-11-09 04:00:00,0,0.20484555864509665,0.7951544413549033,Hold,60.875736,60.891857,60.74678,60.75484,1383
2023-11-09 05:00:00,0,0.21407090091113237,0.7859290990888677,Hold,60.75484,60.85962,60.617825,60.8435,3681
2023-11-09 06:00:00,0,0.21143405709328297,0.788565942906717,Hold,60.835438,61.061115,60.81932,61.061115,2781
2023-11-09 07:00:00,0,0.18015214685670178,0.8198478531432982,Hold,61.053055,61.19007,61.012756,61.077232,4483
2023-11-09 08:00:00,0,0.22351710999856006,0.77648289000144,Hold,61.085293,61.327087,60.996635,61.319027,8832
2023-11-09 09:00:00,0,0.20240016369398542,0.7975998363060146,Hold,61.302906,61.359325,61.109474,61.23843,5562
2023-11-09 10:00:00,0,0.22403636850674236,0.7759636314932576,Hold,61.23843,61.351265,61.12559,61.22231,3938
2023-11-09 11:00:00,0,0.2332566316831095,0.7667433683168905,Hold,61.22231,61.23037,60.964397,61.077232,5409
2023-11-09 12:00:00,0,0.26394914649775897,0.736050853502241,Hold,61.06917,61.28679,60.940216,61.270668,6584
2023-11-09 13:00:00,0,0.3026403247390309,0.6973596752609691,Hold,61.270668,61.67366,61.19813,61.472164,15849
2023-11-09 14:00:00,0,0.28129769667276733,0.7187023033272326,Hold,61.464104,61.68172,61.270668,61.472164,22943
2023-11-09 15:00:00,0,0.38316633997527955,0.6168336600247204,Hold,61.464104,62.189487,61.367386,61.899334,30564
2023-11-09 16:00:00,0,0.27459590225434094,0.7254040977456591,Hold,61.891273,61.899334,61.13365,61.359325,29626
2023-11-09 17:00:00,0,0.2902594446731118,0.7097405553268882,Hold,61.359325,61.423805,61.028873,61.335148,13752
2023-11-09 18:00:00,0,0.3259385339662165,0.6740614660337835,Hold,61.327087,61.762318,61.28679,61.327087,14350
2023-11-09 19:00:00,0,0.27400380829432236,0.7259961917056776,Hold,61.327087,61.456043,60.77902,60.81932,21780
2023-11-09 20:00:00,0,0.29152866396647165,0.7084713360335284,Hold,60.81126,60.948277,60.79514,60.891857,3397
2023-11-09 21:00:00,0,0.31149438929906126,0.6885056107009387,Hold,60.891857,60.940216,60.8435,60.91604,1892
2023-11-09 23:00:00,0,0.3163468152726776,0.6836531847273224,Hold,60.924095,60.948277,60.85156,60.86768,881
2023-11-10 00:00:00,0,0.373328816422321,0.626671183577679,Hold,60.86768,60.891857,60.69842,60.883797,1526
2023-11-10 01:00:00,0,0.407704072521034,0.592295927478966,Hold,60.875736,61.06917,60.835438,61.028873,2529
2023-11-10 02:00:00,0,0.44541447028948433,0.5545855297105157,Hold,61.036934,61.24649,60.980515,61.206192,2532
2023-11-10 03:00:00,0,0.4355505844141893,0.5644494155858106,Hold,61.21425,61.270668,61.12559,61.206192,1688
2023-11-10 04:00:00,0,0.4655160223174977,0.5344839776825023,Hold,61.19813,61.480225,61.16589,61.359325,3236
2023-11-10 05:00:00,0,0.45048646125184827,0.5495135387481518,Hold,61.351265,61.351265,61.23843,61.310966,1210
2023-11-10 06:00:00,0,0.4354261595844799,0.5645738404155201,Hold,61.310966,61.34321,61.23037,61.310966,1433
2023-11-10 07:00:00,0,0.41307850871075824,0.5869214912892418,Hold,61.310966,61.34321,61.18201,61.22231,2676
2023-11-10 08:00:00,0,0.4897264993553127,0.5102735006446872,Hold,61.21425,61.528584,61.11753,61.456043,6757
2023-11-10 09:00:00,0,0.5243828310718881,0.4756171689281119,Sell,61.464104,61.64142,61.29485,61.60918,5839
2023-11-10 10:00:00,0,0.4968517958263266,0.5031482041736735,Hold,61.60112,61.697838,61.431866,61.585003,4259
2023-11-10 11:00:00,0,0.5314683207167933,0.4685316792832067,Sell,61.576942,61.77038,61.536644,61.746197,3702
2023-11-10 12:00:00,0,0.49974566657286407,0.5002543334271359,Hold,61.746197,61.915455,61.68172,61.730076,7086
2023-11-10 13:00:00,0,0.5360564470604886,0.4639435529395114,Sell,61.730076,61.939632,61.585003,61.834854,10188
2023-11-10 14:00:00,0,0.5062969942853155,0.4937030057146845,Sell,61.842915,62.05247,61.60112,61.939632,21361
2023-11-10 15:00:00,0,0.5342450183408318,0.4657549816591682,Sell,61.939632,62.10889,61.754257,61.955753,17009
2023-11-10 16:00:00,0,0.5907956485198866,0.40920435148011336,Sell,61.955753,62.544117,61.818737,62.262024,21943
2023-11-10 17:00:00,0,0.5558891708024019,0.44411082919759814,Sell,62.262024,62.495758,62.02829,62.47158,12325
2023-11-10 18:00:00,0,0.5628203098092425,0.43717969019075753,Sell,62.47158,62.648895,62.237846,62.342625,13786
2023-11-10 19:00:00,0,0.48574505359251496,0.514254946407485,Hold,62.35068,62.640835,62.14113,62.181427,20596
2023-11-10 20:00:00,0,0.44424636619426383,0.5557536338057362,Hold,62.181427,62.334564,62.181427,62.262024,4022
2023-11-10 21:00:00,0,0.4971369379046916,0.5028630620953084,Hold,62.262024,62.4071,62.237846,62.342625,2741
2023-11-12 23:00:00,0,0.3793162967710279,0.620683703228972,Hold,62.181427,62.286205,61.92351,61.99605,2379
2023-11-13 00:00:00,0,0.41115477637977615,0.5888452236202238,Hold,61.99605,61.99605,61.834854,61.867096,1400
2023-11-13 01:00:00,0,0.4520487065197179,0.5479512934802822,Hold,61.875153,61.883213,61.68172,61.818737,3479
2023-11-13 02:00:00,0,0.42666387936180616,0.5733361206381938,Hold,61.818737,61.867096,61.61724,61.6253,2619
2023-11-13 03:00:00,0,0.4456742849768648,0.5543257150231352,Hold,61.61724,61.68172,61.585003,61.64142,1401
2023-11-13 04:00:00,0,0.36901188852310984,0.6309881114768902,Hold,61.64948,61.65754,61.5447,61.56082,903
2023-11-13 05:00:00,0,0.404924884081595,0.595075115918405,Hold,61.55276,61.810677,61.5447,61.778435,1436
2023-11-13 06:00:00,0,0.40270200274585505,0.597297997254145,Hold,61.778435,61.810677,61.6656,61.778435,1683
2023-11-13 07:00:00,0,0.38129855714255007,0.61870144285745,Hold,61.77038,61.794556,61.60112,61.697838,2049
2023-11-13 08:00:00,0,0.4015292130252487,0.5984707869747513,Hold,61.697838,61.939632,61.423805,61.92351,6165
2023-11-13 09:00:00,0,0.4800867422284844,0.5199132577715155,Hold,61.92351,62.302322,61.891273,62.213665,8342
2023-11-13 10:00:00,0,0.500407213207433,0.499592786792567,Sell,62.213665,62.4071,62.125008,62.334564,4349
2023-11-13 11:00:00,0,0.4532242690319293,0.5467757309680708,Hold,62.334564,62.47964,62.229786,62.334564,4449
2023-11-13 12:00:00,0,0.4197942788084415,0.5802057211915586,Hold,62.326504,62.4071,62.173367,62.270084,4696
2023-11-13 13:00:00,0,0.4354745532052809,0.5645254467947192,Hold,62.262024,62.382923,62.06859,62.116947,8736
2023-11-13 14:00:00,0,0.5033116311838192,0.49668836881618084,Sell,62.125008,62.88263,62.10083,62.761734,23654
2023-11-13 15:00:00,0,0.517739078248167,0.482260921751833,Sell,62.761734,62.922928,62.552177,62.673077,17889
2023-11-13 16:00:00,0,0.4817593306604355,0.5182406693395645,Hold,62.673077,63.27756,62.63278,63.25338,17690
2023-11-13 17:00:00,0,0.45113101528201954,0.5488689847179804,Hold,63.25338,63.293682,63.116364,63.21308,9293
2023-11-13 18:00:00,0,0.5058506584843776,0.4941493415156224,Sell,63.22114,63.22114,62.89069,63.172783,9362
2023-11-13 19:00:00,0,0.48345177812884227,0.5165482218711577,Hold,63.180843,63.2695,62.971287,63.21308,15481
2023-11-13 20:00:00,0,0.47783925365754454,0.5221607463424555,Hold,63.20502,63.30174,63.172783,63.293682,6352
2023-11-13 21:00:00,0,0.46032329185391074,0.5396767081460893,Hold,63.293682,63.38234,63.26144,63.27756,2052
2023-11-13 23:00:00,0,0.4498647188598997,0.5501352811401004,Hold,63.293682,63.36622,63.245323,63.27756,766
2023-11-14 00:00:00,0,0.4309054779080825,0.5690945220919175,Hold,63.27756,63.293682,63.22114,63.245323,763
2023-11-14 01:00:00,0,0.4017881885333211,0.5982118114666789,Hold,63.25338,63.43876,63.22114,63.26144,2226
2023-11-14 02:00:00,0,0.3896444463029867,0.6103555536970133,Hold,63.26144,63.32592,63.164722,63.28562,1517
2023-11-14 03:00:00,0,0.3992169978713578,0.6007830021286422,Hold,63.28562,63.33398,63.20502,63.30174,876
2023-11-14 04:00:00,0,0.42790969272981916,0.5720903072701808,Hold,63.30174,63.36622,63.293682,63.33398,626
2023-11-14 05:00:00,0,0.4165656066773292,0.5834343933226708,Hold,63.33398,63.36622,63.188904,63.196964,859
2023-11-14 06:00:00,0,0.4385230719818372,0.5614769280181628,Hold,63.196964,63.30174,63.188904,63.28562,1208
2023-11-14 07:00:00,0,0.4203320301855879,0.579667969814412,Hold,63.28562,63.293682,63.140545,63.237263,2386
2023-11-14 08:00:00,0,0.41879719842933977,0.5812028015706603,Hold,63.237263,63.350098,63.068005,63.25338,5168
2023-11-14 09:00:00,0,0.3780371291123483,0.6219628708876517,Hold,63.26144,63.28562,62.922928,63.100246,7167
2023-11-14 10:00:00,0,0.423399576610061,0.576600423389939,Hold,63.100246,63.32592,63.043827,63.28562,3484
2023-11-14 11:00:00,0,0.38278954888272837,0.6172104511172716,Hold,63.28562,63.31786,62.91487,62.95517,3255
2023-11-14 12:00:00,0,0.3872290851502711,0.6127709148497289,Hold,62.96323,63.108307,62.93905,63.051888,3852
2023-11-14 13:00:00,0,0.43884014695283585,0.5611598530471642,Hold,63.043827,63.608013,62.697254,63.543533,20478
2023-11-14 14:00:00,0,0.482291552952732,0.5177084470472679,Hold,63.543533,64.019066,63.470997,63.970703,27053
2023-11-14 15:00:00,1,0.4502197974615242,0.5497802025384758,Hold,63.978764,64.2931,63.79339,64.0513,16469
2023-11-14 16:00:00,1,0.4323198554628163,0.5676801445371837,Hold,64.059364,64.08354,63.559654,63.70473,17329
2023-11-14 17:00:00,1,0.4058473322620784,0.5941526677379216,Hold,63.71279,63.72891,63.100246,63.132484,12401
2023-11-14 18:00:00,1,0.42338011887559496,0.576619881124405,Hold,63.124424,63.36622,63.00353,63.25338,11878
2023-11-14 19:00:00,0,0.3654147851881154,0.6345852148118847,Hold,63.25338,63.28562,62.745613,63.051888,23264
2023-11-14 20:00:00,0,0.3793900075828925,0.6206099924171076,Hold,63.051888,63.124424,63.035767,63.059948,2055
2023-11-14 21:00:00,0,0.38965403808570426,0.6103459619142957,Hold,63.051888,63.140545,62.99547,63.035767,1721
2023-11-14 23:00:00,0,0.3751627143196356,0.6248372856803643,Hold,63.00353,63.01159,62.90681,62.979347,666
2023-11-15 00:00:00,0,0.38134251630343674,0.6186574836965633,Hold,62.971287,63.01159,62.592476,63.01159,2235
2023-11-15 01:00:00,0,0.38606297106495535,0.6139370289350446,Hold,62.99547,63.132484,62.93905,63.084126,2236
2023-11-15 02:00:00,1,0.3100400579292884,0.6899599420707117,Hold,63.084126,63.30174,63.084126,63.26144,1331
2023-11-15 03:00:00,1,0.34076601771516823,0.6592339822848318,Hold,63.25338,63.28562,63.22114,63.26144,932
2023-11-15 04:00:00,0,0.35544343497959874,0.6445565650204013,Hold,63.25338,63.26144,63.172783,63.188904,594
2023-11-15 05:00:00,1,0.3698742148040277,0.6301257851959723,Hold,63.180843,63.398457,63.172783,63.34204,1926
2023-11-15 06:00:00,1,0.3999227711083475,0.6000772288916525,Hold,63.34204,63.487118,63.30174,63.414577,1285
2023-11-15 07:00:00,1,0.39185652909369545,0.6081434709063045,Hold,63.414577,63.414577,63.108307,63.164722,2481
2023-11-15 08:00:00,1,0.38044332703346784,0.6195566729665322,Hold,63.164722,63.20502,62.91487,63.01159,5244
2023-11-15 09:00:00,1,0.3432174315076488,0.6567825684923512,Hold,63.00353,63.019646,62.46352,62.761734,8119
2023-11-15 10:00:00,1,0.3469407447610709,0.6530592552389292,Hold,62.769794,62.84233,62.592476,62.753674,4163
2023-11-15 11:00:00,1,0.37506264633017944,0.6249373536698206,Hold,62.745613,62.866512,62.544117,62.85039,3481
2023-11-15 12:00:00,1,0.37884751676677986,0.6211524832332201,Hold,62.84233,62.93905,62.697254,62.87457,4046
2023-11-15 13:00:00,1,0.335678847444483,0.664321152555517,Hold,62.88263,63.035767,62.41516,62.431282,11425
2023-11-15 14:00:00,0,0.34792269725226904,0.6520773027477309,Hold,62.439342,62.4877,62.05247,62.270084,22764
2023-11-15 15:00:00,1,0.3134184021539946,0.6865815978460055,Hold,62.270084,62.705315,62.06859,62.205605,32761
2023-11-15 16:00:00,1,0.32836873500769,0.67163126499231,Hold,62.197548,62.47964,61.859035,62.382923,30085
2023-11-15 17:00:00,1,0.3265931094709547,0.6734068905290453,Hold,62.374863,62.4474,62.15725,62.286205,11292
2023-11-15 18:00:00,1,0.3309372782016785,0.6690627217983215,Hold,62.278145,62.318443,61.61724,61.6656,14435
2023-11-15 19:00:00,1,0.28396718993885334,0.7160328100611466,Hold,61.6656,61.891273,61.568882,61.63336,17980
2023-11-15 20:00:00,1,0.3057232051655082,0.6942767948344918,Hold,61.6253,61.746197,61.504402,61.71396,6895
2023-11-15 21:00:00,1,0.3098790581196689,0.6901209418803311,Hold,61.7059,61.730076,61.63336,61.72202,1289
2023-11-15 23:00:00,1,0.3193245996794043,0.6806754003205957,Hold,61.738136,61.746197,61.528584,61.5447,334
2023-11-16 00:00:00,1,0.3508423660709916,0.6491576339290084,Hold,61.5447,61.61724,61.528584,61.56082,507
2023-11-16 01:00:00,0,0.3495117817001369,0.650488218299863,Hold,61.55276,61.585003,61.16589,61.19813,1175
2023-11-16 02:00:00,0,0.3457501249373723,0.6542498750626278,Hold,61.19007,61.254547,61.157833,61.23037,494
2023-11-16 03:00:00,0,0.3711478025523031,0.6288521974476968,Hold,61.21425,61.34321,61.206192,61.24649,447
2023-11-16 04:00:00,0,0.3793538866450281,0.6206461133549719,Hold,61.24649,61.319027,61.149773,61.29485,211
2023-11-16 05:00:00,0,0.3640327142244165,0.6359672857755835,Hold,61.310966,61.310966,61.19007,61.270668,282
2023-11-16 06:00:00,1,0.391173093410732,0.608826906589268,Hold,61.262608,61.528584,61.262608,61.520523,735
2023-11-16 07:00:00,0,0.3980060882253751,0.6019939117746249,Hold,61.528584,61.528584,61.19813,61.22231,600
2023-11-16 08:00:00,0,0.4236266947570971,0.576373305242903,Hold,61.21425,61.520523,60.988575,61.423805,1924
2023-11-16 09:00:00,1,0.438992295301539,0.561007704698461,Hold,61.431866,61.55276,61.28679,61.520523,1161
2023-11-16 10:00:00,1,0.42403188945889864,0.5759681105411014,Hold,61.512463,61.72202,61.359325,61.576942,1051
2023-11-16 11:00:00,1,0.4353564911009174,0.5646435088990827,Hold,61.576942,61.762318,61.488285,61.64142,743
2023-11-16 12:00:00,0,0.447145094891967,0.5528549051080329,Hold,61.63336,61.64142,61.12559,61.27873,1375
2023-11-16 13:00:00,1,0.46204341275300215,0.5379565872469978,Hold,61.27873,61.6656,61.18201,61.359325,2118
2023-11-16 14:00:00,0,0.3898335073416632,0.6101664926583368,Hold,61.34321,61.415745,59.45721,59.48139,11180
2023-11-16 15:00:00,0,0.3789722717270833,0.6210277282729166,Hold,59.48139,59.763485,59.1993,59.320194,6121
2023-11-16 16:00:00,0,0.3614551932212814,0.6385448067787186,Hold,59.304073,59.360493,58.860786,58.901085,4031
2023-11-16 17:00:00,0,0.3468946977666561,0.653105302233344,Hold,58.901085,59.062283,58.2563,58.28048,4582
2023-11-16 18:00:00,0,0.35252418362581367,0.6474758163741863,Hold,58.27242,58.538395,58.159584,58.385258,4279
2023-11-16 19:00:00,0,0.33950546764657097,0.660494532353429,Hold,58.377197,58.828545,58.369137,58.739887,4301
2023-11-16 20:00:00,0,0.356326164966931,0.6436738350330691,Hold,58.739887,58.957504,58.69153,58.71571,952
2023-11-16 21:00:00,0,0.3781039361843178,0.6218960638156822,Hold,58.71571,58.804367,58.71571,58.75601,418
2023-11-16 23:00:00,0,0.3787282853784025,0.6212717146215976,Hold,58.812428,58.98168,58.796307,58.868847,232
2023-11-17 00:00:00,0,0.40796294191056715,0.5920370580894329,Hold,58.893024,59.005863,58.893024,58.901085,117
2023-11-17 01:00:00,0,0.40256397054430265,0.5974360294556973,Hold,58.925262,58.925262,58.635113,58.820488,98
2023-11-17 02:00:00,0,0.416585289843461,0.583414710156539,Hold,58.860786,58.917206,58.844666,58.860786,86
2023-11-17 03:00:00,0,0.4268711632551384,0.5731288367448616,Hold,58.868847,59.005863,58.852726,58.876904,72
2023-11-17 04:00:00,0,0.42133721885868586,0.5786627811413141,Hold,58.868847,58.868847,58.77213,58.828545,57
2023-11-17 05:00:00,0,0.4407215005276467,0.5592784994723533,Hold,58.844666,58.876904,58.780186,58.868847,88
2023-11-17 06:00:00,0,0.43469939047704514,0.5653006095229549,Hold,58.868847,58.868847,58.77213,58.804367,86
2023-11-17 07:00:00,0,0.4059410967561325,0.5940589032438675,Hold,58.836605,58.909145,58.75601,58.868847,636
2023-11-17 08:00:00,0,0.4000313467808631,0.5999686532191368,Hold,58.836605,59.231537,58.73183,59.1993,331
2023-11-17 09:00:00,0,0.3924394456017173,0.6075605543982827,Hold,59.175117,59.376614,59.005863,59.312134,607
2023-11-17 10:00:00,0,0.3952907768255998,0.6047092231744002,Hold,59.328255,59.416912,59.1993,59.40079,226
2023-11-17 11:00:00,0,0.4416353646230995,0.5583646353769005,Hold,59.352432,59.594227,59.287956,59.58617,439
2023-11-17 12:00:00,0,0.4278522140207974,0.5721477859792026,Hold,59.58617,59.602287,59.46527,59.53781,874
2023-11-17 13:00:00,0,0.4518491229394218,0.5481508770605782,Hold,59.545868,59.771545,59.44915,59.52975,812
2023-11-17 14:00:00,0,0.523917880180391,0.476082119819609,Sell,59.52169,59.99722,59.223476,59.93274,2778
2023-11-17 15:00:00,0,0.5386084874635261,0.4613915125364739,Sell,59.92468,60.577526,59.89244,60.529167,1680
2023-11-17 16:00:00,0,0.5666778045962231,0.4333221954037769,Sell,60.513046,60.79514,60.343792,60.73872,853
2023-11-17 17:00:00,0,0.5880778892267492,0.4119221107732508,Sell,60.73872,61.093353,60.617825,61.061115,1334
2023-11-17 18:00:00,0,0.5353629553363386,0.4646370446636614,Sell,61.053055,61.16589,60.907978,61.12559,1081
2023-11-17 19:00:00,0,0.4885238436521981,0.5114761563478019,Hold,61.12559,61.24649,60.948277,61.028873,1502
2023-11-17 20:00:00,0,0.5087880246296953,0.4912119753703047,Sell,61.036934,61.13365,61.004696,61.053055,317
2023-11-17 21:00:00,0,0.5084936448155302,0.49150635518446983,Sell,61.044994,61.12559,61.036934,61.12559,194
2023-11-19 23:00:00,0,0.48955607799497786,0.5104439220050221,Hold,61.12559,61.520733,60.811092,61.49654,3884
2023-11-20 00:00:00,0,0.48452705573780586,0.5154729442621941,Hold,61.488476,61.49654,61.303,61.351387,1405
2023-11-20 01:00:00,0,0.49959661569014524,0.5004033843098548,Hold,61.351387,61.641693,61.230423,61.528793,5341
2023-11-20 02:00:00,0,0.525753643354399,0.474246356645601,Sell,61.520733,61.843292,61.472347,61.746525,2875
2023-11-20 03:00:00,0,0.5056544064939036,0.4943455935060964,Sell,61.746525,61.79491,61.706203,61.762653,1108
2023-11-20 04:00:00,0,0.4824567138598306,0.5175432861401694,Hold,61.762653,61.835228,61.75459,61.762653,988
2023-11-20 05:00:00,0,0.4954404786826622,0.5045595213173377,Hold,61.762653,61.891678,61.73846,61.851357,1380
2023-11-20 06:00:00,0,0.47773056490754034,0.5222694350924597,Hold,61.851357,61.98038,61.835228,61.867485,2236
2023-11-20 07:00:00,0,0.5064727522308207,0.49352724776917933,Sell,61.87555,61.891678,61.665886,61.706203,4432
2023-11-20 08:00:00,0,0.4588209179816315,0.5411790820183685,Hold,61.706203,61.899742,61.48041,61.528793,8228
2023-11-20 09:00:00,0,0.4894015188948287,0.5105984811051714,Hold,61.528793,61.956192,61.528793,61.819103,6105
2023-11-20 10:00:00,0,0.4996688306187032,0.5003311693812968,Hold,61.827164,62.125534,61.60137,62.09328,7161
2023-11-20 11:00:00,0,0.5225333135491783,0.4774666864508217,Sell,62.09328,62.39165,62.05296,62.302944,8119
2023-11-20 12:00:00,0,0.4825309090624571,0.5174690909375429,Hold,62.31101,62.560997,62.270687,62.496483,7879
2023-11-20 13:00:00,0,0.4667332360606111,0.5332667639393889,Hold,62.504547,62.859364,62.496483,62.84324,13336
2023-11-20 14:00:00,0,0.45123853946023873,0.5487614605397613,Hold,62.851303,62.883556,62.254562,62.59325,27804
2023-11-20 15:00:00,0,0.43767658160045575,0.5623234183995443,Hold,62.601315,63.020645,62.496483,62.956135,20416
2023-11-20 16:00:00,0,0.4458405638576716,0.5541594361423283,Hold,62.956135,63.149673,62.819046,63.12548,16725
2023-11-20 17:00:00,0,0.4355083101575149,0.5644916898424851,Hold,63.133545,63.24644,63.044838,63.173862,13415
2023-11-20 18:00:00,0,0.41666925687638506,0.583330743123615,Hold,63.173862,63.270634,63.117416,63.20612,11002
2023-11-20 19:00:00,0,0.46367638490734225,0.5363236150926578,Hold,63.20612,63.214184,62.560997,62.71421,29006
2023-11-20 20:00:00,0,0.46363591948923233,0.5363640805107677,Hold,62.70615,62.722275,62.54487,62.601315,4656
2023-11-20 21:00:00,0,0.4824604215105481,0.5175395784894519,Hold,62.601315,62.657764,62.52874,62.569057,2254
2023-11-20 23:00:00,0,0.5023836438490423,0.4976163561509577,Sell,62.617443,62.625507,62.504547,62.585186,855
2023-11-21 00:00:00,1,0.4131115907754849,0.586888409224515,Hold,62.57712,62.722275,62.57712,62.69002,1128
2023-11-21 01:00:00,1,0.4297868531955561,0.5702131468044439,Hold,62.698086,62.738403,62.54487,62.722275,2671
2023-11-21 02:00:00,1,0.3766216502487575,0.6233783497512425,Hold,62.722275,62.73034,62.59325,62.641636,1525
2023-11-21 03:00:00,0,0.40479316105579677,0.5952068389442032,Hold,62.641636,62.66583,62.43197,62.448097,1718
2023-11-21 04:00:00,0,0.41808933937625564,0.5819106606237443,Hold,62.440033,62.552933,62.423904,62.54487,935
2023-11-21 05:00:00,0,0.3925620195259589,0.6074379804740411,Hold,62.54487,62.560997,62.359394,62.383587,2165
2023-11-21 06:00:00,0,0.42670039704433715,0.5732996029556628,Hold,62.383587,62.423904,62.238434,62.286816,2684
2023-11-21 07:00:00,0,0.42059876480163133,0.5794012351983686,Hold,62.270687,62.464226,62.21424,62.399715,3757
2023-11-21 08:00:00,0,0.3718489963426892,0.6281510036573108,Hold,62.40778,62.54487,62.1336,62.181984,8490
2023-11-21 09:00:00,0,0.37790865602353046,0.6220913439764695,Hold,62.19005,62.448097,62.09328,62.19005,8064
2023-11-21 10:00:00,1,0.3745488143043546,0.6254511856956454,Hold,62.198112,62.71421,62.085217,62.585186,8173
2023-11-21 11:00:00,0,0.3916277264812292,0.6083722735187709,Hold,62.57712,62.57712,62.319073,62.464226,4977
2023-11-21 12:00:00,0,0.409659717131186,0.590340282868814,Hold,62.464226,62.673893,62.36746,62.43197,6197
2023-11-21 13:00:00,0,0.3911550157082878,0.6088449842917122,Hold,62.43197,62.51261,62.028767,62.198112,13950
2023-11-21 14:00:00,0,0.3857722203297402,0.6142277796702598,Hold,62.198112,62.63357,62.085217,62.40778,23823
2023-11-21 15:00:00,1,0.3694002005642181,0.6305997994357819,Hold,62.41584,62.673893,62.15779,62.60938,17946
2023-11-21 16:00:00,0,0.3356709946235102,0.6643290053764899,Hold,62.625507,62.73034,62.1336,62.423904,21534
2023-11-21 17:00:00,0,0.36862231266369405,0.631377687336306,Hold,62.423904,62.504547,62.302944,62.45616,11419
2023-11-21 18:00:00,1,0.4039263866872477,0.5960736133127523,Hold,62.440033,62.722275,62.375523,62.70615,10718
2023-11-21 19:00:00,1,0.3804828961989529,0.6195171038010471,Hold,62.71421,62.835175,62.601315,62.819046,20162
2023-11-21 20:00:00,1,0.3882472342278931,0.6117527657721069,Hold,62.819046,62.82711,62.722275,62.78679,3545
2023-11-21 21:00:00,1,0.38736793898393407,0.6126320610160659,Hold,62.778725,62.794853,62.69002,62.746468,1802
2023-11-21 23:00:00,1,0.3717088704121632,0.6282911295878368,Hold,62.71421,62.722275,62.625507,62.63357,625
2023-11-22 00:00:00,1,0.33244071773235706,0.6675592822676429,Hold,62.63357,62.738403,62.617443,62.698086,957
2023-11-22 01:00:00,1,0.2830393211719172,0.7169606788280828,Hold,62.70615,62.875492,62.63357,62.63357,3047
2023-11-22 02:00:00,1,0.32513453947702325,0.6748654605229767,Hold,62.63357,62.69002,62.440033,62.585186,2402
2023-11-22 03:00:00,1,0.3429858222417571,0.6570141777582429,Hold,62.585186,62.63357,62.536804,62.625507,783
2023-11-22 04:00:00,1,0.36223585482252796,0.637764145177472,Hold,62.63357,62.722275,62.60938,62.70615,771
2023-11-22 05:00:00,1,0.340276877751214,0.659723122248786,Hold,62.70615,62.738403,62.59325,62.60938,1177
2023-11-22 06:00:00,0,0.3695682716076672,0.6304317283923329,Hold,62.60938,62.625507,62.496483,62.52874,1605
2023-11-22 07:00:00,1,0.3942703933990717,0.6057296066009283,Hold,62.536804,62.819046,62.536804,62.778725,4609
2023-11-22 08:00:00,1,0.35740438345904035,0.6425956165409596,Hold,62.778725,62.851303,62.585186,62.601315,7219
2023-11-22 09:00:00,1,0.37685740956605807,0.6231425904339419,Hold,62.601315,62.722275,62.198112,62.198112,10714
2023-11-22 10:00:00,1,0.3656026076299535,0.6343973923700466,Hold,62.198112,62.31101,61.99651,62.21424,9246
2023-11-22 11:00:00,1,0.3317872272688867,0.6682127727311133,Hold,62.21424,62.238434,61.762653,61.972317,8149
2023-11-22 12:00:00,1,0.26590906129495767,0.7340909387050423,Hold,61.972317,61.972317,60.66594,61.38364,42950
2023-11-22 13:00:00,0,0.3187951984100803,0.6812048015899197,Hold,61.37558,61.51267,59.714382,60.16597,53177
2023-11-22 14:00:00,0,0.2997025459352059,0.7002974540647942,Hold,60.16597,60.294994,59.738575,59.964367,33637
2023-11-22 15:00:00,0,0.24704880476844585,0.7529511952315542,Hold,59.956303,60.23048,59.504715,60.16597,36079
2023-11-22 16:00:00,0,0.23695899625437838,0.7630410037456217,Hold,60.174034,60.375633,59.980495,60.294994,22183
2023-11-22 17:00:00,0,0.2602202198858342,0.7397797801141658,Hold,60.294994,61.391705,60.262737,61.286873,26967
2023-11-22 18:00:00,0,0.24342567672022206,0.7565743232797779,Hold,61.286873,62.117474,61.270744,61.98038,22192
2023-11-22 19:00:00,0,0.2030682945774373,0.7969317054225626,Hold,61.972317,62.21424,61.827164,61.98038,23662
2023-11-22 20:00:00,0,0.20244209466554672,0.7975579053344533,Hold,61.98038,62.061024,61.891678,61.923935,3993
2023-11-22 21:00:00,0,0.22259983035360545,0.7774001696463946,Hold,61.923935,61.956192,61.843292,61.948128,1832
2023-11-22 23:00:00,0,0.23999887841432457,0.7600011215856755,Hold,61.923935,61.940063,61.819103,61.843292,973
2023-11-23 00:00:00,0,0.31410586584451095,0.685894134155489,Hold,61.835228,61.940063,61.722332,61.802975,1175
2023-11-23 01:00:00,0,0.32033686307436826,0.6796631369256317,Hold,61.81104,61.85942,61.133656,61.407833,6620
2023-11-23 02:00:00,0,0.3262994110306248,0.6737005889693752,Hold,61.39977,61.51267,61.351387,61.48041,1870
2023-11-23 03:00:00,0,0.327839330597202,0.672160669402798,Hold,61.48041,61.488476,61.311066,61.448154,1450
2023-11-23 04:00:00,0,0.3184448444401018,0.6815551555598982,Hold,61.45622,61.520733,61.415897,61.504604,594
2023-11-23 05:00:00,0,0.34354551142301976,0.6564544885769803,Hold,61.51267,61.536858,61.415897,61.464283,1154
2023-11-23 06:00:00,0,0.3504785007290155,0.6495214992709846,Hold,61.464283,61.54492,61.44009,61.536858,1369
2023-11-23 07:00:00,0,0.3697582537614162,0.6302417462385839,Hold,61.528793,61.835228,61.51267,61.786846,3846
2023-11-23 08:00:00,0,0.3872187261141092,0.6127812738858909,Hold,61.79491,61.891678,61.60137,61.746525,6887
2023-11-23 09:00:00,0,0.38115285805539756,0.6188471419446024,Hold,61.75459,61.835228,61.173977,61.173977,8399
2023-11-23 10:00:00,0,0.3893226991431675,0.6106773008568325,Hold,61.190105,61.762653,61.190105,61.585243,6627
2023-11-23 11:00:00,0,0.3384597541577169,0.6615402458422831,Hold,61.593307,61.65782,61.44009,61.6175,4270
2023-11-23 12:00:00,0,0.3534458540083893,0.6465541459916107,Hold,61.6175,61.730396,61.448154,61.6175,3814
2023-11-23 13:00:00,0,0.36510196719612,0.63489803280388,Hold,61.625565,61.625565,61.238487,61.294937,6682
2023-11-23 14:00:00,0,0.3244029447165215,0.6755970552834785,Hold,61.286873,61.286873,60.72239,60.972374,17627
2023-11-23 15:00:00,0,0.34484353498278986,0.6551564650172101,Hold,60.96431,61.327194,60.859478,61.270744,8746
2023-11-23 16:00:00,0,0.3649569180640266,0.6350430819359734,Hold,61.270744,61.42396,61.15785,61.391705,6504
2023-11-23 17:00:00,0,0.37567040092833454,0.6243295990716655,Hold,61.391705,61.746525,61.343323,61.730396,5151
2023-11-23 18:00:00,0,0.32770867830452655,0.6722913216954735,Hold,61.722332,61.73846,61.44009,61.472347,1266
2023-11-23 19:00:00,0,0.32335009723137026,0.6766499027686297,Hold,61.472347,61.63363,61.42396,61.569115,436
2023-11-23 23:00:00,0,0.2923667523334375,0.7076332476665625,Hold,61.569115,61.57718,61.432026,61.56105,510
2023-11-24 00:00:00,0,0.320435307018744,0.679564692981256,Hold,61.56105,61.68201,61.552986,61.68201,634
2023-11-24 01:00:00,1,0.38459265395372855,0.6154073460462715,Hold,61.665886,61.932,61.609436,61.91587,2610
2023-11-24 02:00:00,0,0.30557032720202354,0.6944296727979764,Hold,61.923935,61.932,61.690075,61.706203,1841
2023-11-24 03:00:00,0,0.29676778806413984,0.7032322119358602,Hold,61.706203,61.722332,61.63363,61.641693,1320
2023-11-24 04:00:00,0,0.3324951647462923,0.6675048352537076,Hold,61.649757,61.690075,61.60137,61.625565,541
2023-11-24 05:00:00,0,0.3817431304297084,0.6182568695702916,Hold,61.625565,61.714268,61.54492,61.69814,1672
2023-11-24 06:00:00,0,0.37408215304274967,0.6259178469572504,Hold,61.690075,61.835228,61.585243,61.722332,2141
2023-11-24 07:00:00,0,0.3874740810527312,0.6125259189472688,Hold,61.714268,61.73846,61.585243,61.722332,2154
2023-11-24 08:00:00,0,0.39924194826788273,0.6007580517321173,Hold,61.714268,61.819103,61.585243,61.722332,4866
2023-11-24 09:00:00,0,0.40448889947442096,0.5955111005255791,Hold,61.714268,61.883614,61.569115,61.762653,4477
2023-11-24 10:00:00,0,0.4254167728264256,0.5745832271735745,Hold,61.77878,61.907806,61.746525,61.87555,3203
2023-11-24 11:00:00,1,0.4466773916597661,0.5533226083402338,Hold,61.883614,61.956192,61.819103,61.923935,2755
2023-11-24 12:00:00,0,0.44968912382037624,0.5503108761796238,Hold,61.932,61.988445,61.722332,61.746525,4514
2023-11-24 13:00:00,0,0.44744537240503324,0.5525546275949668,Hold,61.75459,61.75459,61.270744,61.391705,9694
2023-11-24 14:00:00,1,0.44856040022867416,0.5514395997713258,Hold,61.391705,61.91587,61.286873,61.87555,22827
2023-11-24 15:00:00,1,0.47900575132284373,0.5209942486771563,Hold,61.867485,62.141663,61.673946,62.1336,18799
2023-11-24 16:00:00,1,0.36644189505796837,0.6335581049420316,Hold,62.125534,62.165855,61.42396,61.464283,19283
2023-11-24 17:00:00,1,0.40246049795593297,0.597539502044067,Hold,61.45622,61.714268,61.15785,61.230423,12103
2023-11-24 18:00:00,0,0.4183657885833199,0.5816342114166801,Hold,61.230423,61.351387,60.536915,60.62562,11863
2023-11-26 23:00:00,0,0.3419210206289204,0.6580789793710796,Hold,60.730453,61.06108,60.64981,61.044952,2934
2023-11-27 00:00:00,0,0.3249656113243503,0.6750343886756497,Hold,61.03689,61.03689,60.94818,60.956245,1059
2023-11-27 01:00:00,0,0.3734256421407303,0.6265743578592697,Hold,60.94818,61.044952,60.617558,60.657875,5096
2023-11-27 02:00:00,0,0.28747228792180535,0.7125277120781947,Hold,60.657875,60.698196,60.456276,60.48047,3570
2023-11-27 03:00:00,0,0.30751940882038925,0.6924805911796108,Hold,60.472404,60.496593,60.278866,60.39176,3176
2023-11-27 04:00:00,0,0.35074966491156856,0.6492503350884314,Hold,60.383698,60.399826,60.23048,60.294994,2340
2023-11-27 05:00:00,0,0.3536789028226849,0.6463210971773151,Hold,60.30306,60.44821,60.2708,60.432083,1840
2023-11-27 06:00:00,0,0.3761169037836656,0.6238830962163344,Hold,60.42402,60.48047,60.35144,60.46434,2431
2023-11-27 07:00:00,0,0.342149602981469,0.657850397018531,Hold,60.46434,60.641747,60.39176,60.42402,3582
2023-11-27 08:00:00,0,0.4069522474773662,0.5930477525226339,Hold,60.415955,60.60143,60.21435,60.504658,8695
2023-11-27 09:00:00,0,0.41565335377891865,0.5843466462210813,Hold,60.512722,60.682068,60.101456,60.117584,7977
2023-11-27 10:00:00,0,0.37635816940344363,0.6236418305965563,Hold,60.117584,60.133713,59.722446,59.8676,11228
2023-11-27 11:00:00,0,0.4022450139115339,0.5977549860884661,Hold,59.8676,60.21435,59.762764,60.14984,6804
2023-11-27 12:00:00,0,0.41411705058991866,0.5858829494100813,Hold,60.14984,60.504658,60.061134,60.36757,9649
2023-11-27 13:00:00,0,0.3991313139151615,0.6008686860848385,Hold,60.36757,60.738518,60.262737,60.28693,14658
2023-11-27 14:00:00,0,0.4135803028927871,0.5864196971072129,Hold,60.28693,60.867542,60.278866,60.738518,24410
2023-11-27 15:00:00,0,0.3956218445019936,0.6043781554980063,Hold,60.730453,61.472347,60.70626,60.80303,30134
2023-11-27 16:00:00,0,0.36083784776112876,0.6391621522388713,Hold,60.794964,60.94818,60.472404,60.66594,22433
2023-11-27 17:00:00,0,0.368947159794095,0.631052840205905,Hold,60.657875,60.875607,60.09339,60.1821,16376
2023-11-27 18:00:00,0,0.3680392044512017,0.6319607955487982,Hold,60.198223,60.923992,60.085327,60.754646,15000
2023-11-27 19:00:00,0,0.36939464624024465,0.6306053537597553,Hold,60.746582,60.811092,60.28693,60.432083,18573
2023-11-27 20:00:00,0,0.40300248599558264,0.5969975140044174,Hold,60.440147,60.512722,60.36757,60.48047,4413
2023-11-27 21:00:00,0,0.3993751728487245,0.6006248271512755,Hold,60.472404,60.520786,60.440147,60.496593,1151
2023-11-27 23:00:00,0,0.45389667942398315,0.5461033205760168,Hold,60.536915,60.657875,60.496593,60.641747,860
2023-11-28 00:00:00,0,0.4508226063192506,0.5491773936807494,Hold,60.641747,60.714325,60.633686,60.633686,1021
2023-11-28 01:00:00,0,0.5102348762049186,0.4897651237950814,Sell,60.633686,60.770775,60.456276,60.754646,3119
2023-11-28 02:00:00,0,0.41197801196353095,0.588021988036469,Hold,60.754646,60.770775,60.52885,60.536915,1382
2023-11-28 03:00:00,0,0.45122749281523544,0.5487725071847646,Hold,60.52885,60.60143,60.488533,60.577236,1347
2023-11-28 04:00:00,0,0.4156806680559173,0.5843193319440827,Hold,60.577236,60.577236,60.46434,60.46434,1018
2023-11-28 05:00:00,0,0.4181967602715083,0.5818032397284917,Hold,60.46434,60.46434,60.238544,60.30306,2442
2023-11-28 06:00:00,0,0.44412781391321415,0.5558721860867859,Hold,60.30306,60.54498,60.2708,60.472404,2404
2023-11-28 07:00:00,0,0.4695675740025137,0.5304324259974863,Hold,60.488533,60.553043,60.359505,60.456276,3328
2023-11-28 08:00:00,0,0.47702912399455644,0.5229708760054436,Hold,60.46434,60.98044,60.456276,60.94818,8171
2023-11-28 09:00:00,0,0.5475652448237963,0.4524347551762037,Sell,60.940117,61.190105,60.84335,61.15785,6840
2023-11-28 10:00:00,0,0.46298455553077617,0.5370154444692239,Hold,61.149784,61.2143,60.988503,61.06108,5158
2023-11-28 11:00:00,0,0.44774029870492593,0.5522597012950741,Hold,61.06108,61.1014,60.915928,60.956245,3141
2023-11-28 12:00:00,0,0.4424246869206854,0.5575753130793146,Hold,60.96431,61.08527,60.907864,60.988503,4511
2023-11-28 13:00:00,0,0.43900412519957144,0.5609958748004286,Hold,60.996567,61.07721,60.190163,60.698196,38665
2023-11-28 14:00:00,0,0.44145433360682956,0.5585456663931705,Hold,60.690132,61.149784,60.66594,60.7869,29070
2023-11-28 15:00:00,0,0.500077394811195,0.49992260518880505,Sell,60.794964,61.87555,60.770775,61.835228,28187
2023-11-28 16:00:00,0,0.47235243078817496,0.527647569211825,Hold,61.835228,62.069088,61.786846,61.899742,25091
2023-11-28 17:00:00,0,0.45385509404752034,0.5461449059524797,Hold,61.91587,62.10941,61.899742,62.028767,12844
2023-11-28 18:00:00,0,0.4268278297370286,0.5731721702629714,Hold,62.028767,62.044895,61.65782,61.73846,12360
2023-11-28 19:00:00,0,0.43636207314543024,0.5636379268545697,Hold,61.73846,61.835228,61.49654,61.641693,16015
2023-11-28 20:00:00,0,0.37499843214496753,0.6250015678550325,Hold,61.641693,61.673946,61.56105,61.593307,3621
2023-11-28 21:00:00,0,0.4335395038994851,0.5664604961005149,Hold,61.593307,61.762653,61.536858,61.75459,2826
2023-11-28 23:00:00,0,0.4247622264187379,0.5752377735812622,Hold,61.73846,61.827164,61.690075,61.827164,825
2023-11-29 00:00:00,0,0.41015737203454455,0.5898426279654554,Hold,61.827164,61.87555,61.786846,61.835228,1092
2023-11-29 01:00:00,0,0.40619520508930146,0.5938047949106986,Hold,61.843292,62.077152,61.746525,61.77878,3474
2023-11-29 02:00:00,0,0.38484510759101137,0.6151548924089887,Hold,61.77878,61.81104,61.6175,61.68201,2125
2023-11-29 03:00:00,0,0.37513086392979145,0.6248691360702086,Hold,61.68201,61.77878,61.6175,61.746525,1586
2023-11-29 04:00:00,0,0.3947437643226181,0.6052562356773818,Hold,61.75459,61.75459,61.69814,61.722332,522
2023-11-29 05:00:00,0,0.4109483563642218,0.5890516436357782,Hold,61.714268,61.802975,61.649757,61.722332,1819
2023-11-29 06:00:00,0,0.4470296305679206,0.5529703694320793,Hold,61.730396,61.91587,61.60137,61.786846,2628
2023-11-29 07:00:00,0,0.3650749370450457,0.6349250629549543,Hold,61.786846,61.79491,61.593307,61.69814,3197
2023-11-29 08:00:00,0,0.3954341774362194,0.6045658225637807,Hold,61.690075,62.020702,61.57718,61.988445,7501
2023-11-29 09:00:00,0,0.43852322662687215,0.5614767733731278,Hold,61.98038,62.440033,61.722332,62.31101,11083
2023-11-29 10:00:00,0,0.4083956569677592,0.5916043430322409,Hold,62.319073,62.51261,62.117474,62.45616,7222
2023-11-29 11:00:00,1,0.40380452698110264,0.5961954730188974,Hold,62.464226,62.70615,62.3352,62.681957,5753
2023-11-29 12:00:00,1,0.3813158550088251,0.6186841449911749,Hold,62.681957,62.802917,62.560997,62.698086,7990
2023-11-29 13:00:00,1,0.3737006019509145,0.6262993980490855,Hold,62.698086,62.762596,62.36746,62.39165,12275
2023-11-29 14:00:00,0,0.4406620410553644,0.5593379589446357,Hold,62.399715,62.43197,61.649757,61.65782,27405
2023-11-29 15:00:00,0,0.37499261946182305,0.625007380538177,Hold,61.665886,61.91587,61.02076,61.77878,45395
2023-11-29 16:00:00,0,0.28161580008468823,0.7183841999153118,Hold,61.786846,62.35133,61.68201,62.27875,25653
2023-11-29 17:00:00,0,0.34125333050340395,0.658746669496596,Hold,62.286816,62.859364,62.21424,62.673893,30526
2023-11-29 18:00:00,0,0.3083190676731803,0.6916809323268197,Hold,62.681957,62.883556,62.47229,62.6497,17782
2023-11-29 19:00:00,0,0.32947105401313465,0.6705289459868653,Hold,62.6497,62.867428,62.60938,62.835175,22944
2023-11-29 20:00:00,0,0.31085244174718824,0.6891475582528117,Hold,62.82711,62.972263,62.673893,62.69002,6896
2023-11-29 21:00:00,0,0.2895271539000063,0.7104728460999937,Hold,62.69002,62.722275,62.617443,62.673893,1826
2023-11-29 23:00:00,0,0.2952090702003168,0.7047909297996833,Hold,62.698086,62.71421,62.60938,62.6497,624
2023-11-30 00:00:00,0,0.2961335644891972,0.7038664355108029,Hold,62.657764,62.69002,62.601315,62.657764,601
2023-11-30 01:00:00,0,0.301794289088941,0.698205710911059,Hold,62.6497,62.657764,62.464226,62.51261,2755
2023-11-30 02:00:00,0,0.3415928478699217,0.6584071521300783,Hold,62.520676,62.867428,62.496483,62.778725,2226
2023-11-30 03:00:00,0,0.33585387219671137,0.6641461278032886,Hold,62.78679,62.794853,62.625507,62.71421,1450
2023-11-30 04:00:00,0,0.3683126351496437,0.6316873648503563,Hold,62.722275,63.01258,62.71421,62.940006,2062
2023-11-30 05:00:00,0,0.3830747403240844,0.6169252596759156,Hold,62.940006,63.214184,62.923878,63.077095,2607
2023-11-30 06:00:00,0,0.37516503376262017,0.6248349662373798,Hold,63.077095,63.20612,63.020645,63.093224,2382
2023-11-30 07:00:00,0,0.3759395555997044,0.6240604444002956,Hold,63.093224,63.34321,62.819046,63.149673,7953
2023-11-30 08:00:00,0,0.36979756605693653,0.6302024339430634,Hold,63.149673,63.536747,62.923878,62.9642,12777
2023-11-30 09:00:00,0,0.4163960085305911,0.5836039914694089,Hold,62.972263,63.448044,62.956135,63.351273,6920
2023-11-30 10:00:00,1,0.419110256630523,0.5808897433694771,Hold,63.34321,64.14155,63.34321,63.98027,25269
2023-11-30 11:00:00,0,0.35352605650794955,0.6464739434920505,Hold,63.988335,64.18993,62.82711,63.34321,29213
2023-11-30 12:00:00,0,0.3530454925628192,0.6469545074371807,Hold,63.32708,63.496426,63.149673,63.431915,9719
2023-11-30 13:00:00,0,0.4069995364054598,0.5930004635945402,Hold,63.431915,63.891567,63.14161,63.66577,31289
2023-11-30 14:00:00,1,0.4127889078748677,0.5872110921251323,Hold,63.6819,64.18993,63.230312,63.60932,56293
2023-11-30 15:00:00,1,0.41655830153587403,0.583441698464126,Hold,63.60932,64.03672,61.899742,62.012638,54372
2023-11-30 16:00:00,0,0.3911001230518522,0.6088998769481477,Hold,62.012638,62.149727,60.520786,60.819157,80678
2023-11-30 17:00:00,0,0.34236009481644836,0.6576399051835516,Hold,60.811092,62.149727,60.72239,61.63363,42510
2023-11-30 18:00:00,0,0.36872937083659485,0.6312706291634052,Hold,61.63363,62.020702,61.08527,61.206234,21940
2023-11-30 19:00:00,0,0.3455802061116686,0.6544197938883314,Hold,61.19817,61.42396,60.94818,61.38364,26154
2023-11-30 20:00:00,0,0.3072888397598068,0.6927111602401932,Hold,61.391705,61.448154,60.577236,60.62562,14275
2023-11-30 21:00:00,0,0.33760006235685514,0.6623999376431449,Hold,60.62562,61.149784,60.561108,60.972374,6722
2023-11-30 23:00:00,0,0.37407676787348426,0.6259232321265158,Hold,60.956245,61.03689,60.835285,61.012695,1226
2023-12-01 00:00:00,0,0.3785946937757246,0.6214053062242755,Hold,61.02076,61.238487,61.012695,61.190105,1981
2023-12-01 01:00:00,0,0.3928420132797862,0.6071579867202138,Hold,61.173977,61.26268,61.053017,61.18204,3651
2023-12-01 02:00:00,0,0.35477278814170987,0.6452272118582901,Hold,61.18204,61.18204,60.770775,61.07721,3879
2023-12-01 03:00:00,0,0.3868203601374806,0.6131796398625193,Hold,61.08527,61.149784,60.996567,61.133656,1408
2023-12-01 04:00:00,0,0.38923107336104784,0.6107689266389522,Hold,61.12559,61.254616,61.109463,61.254616,1450
2023-12-01 05:00:00,0,0.3998381099255257,0.6001618900744743,Hold,61.24655,61.343323,61.133656,61.294937,3123
2023-12-01 06:00:00,0,0.382585109859483,0.617414890140517,Hold,61.294937,61.303,61.093334,61.109463,1866
2023-12-01 07:00:00,0,0.3751394864022582,0.6248605135977419,Hold,61.1014,61.230423,60.988503,61.14172,3466
2023-12-01 08:00:00,0,0.36742797468476746,0.6325720253152325,Hold,61.133656,61.56105,60.923992,61.044952,12115
2023-12-01 09:00:00,0,0.3494385876751287,0.6505614123248713,Hold,61.053017,61.415897,60.875607,61.14172,9238
2023-12-01 10:00:00,1,0.3605354101657142,0.6394645898342858,Hold,61.149784,61.65782,61.1014,61.448154,6707
2023-12-01 11:00:00,1,0.36214726687995813,0.6378527331200419,Hold,61.448154,61.51267,61.190105,61.45622,5326
2023-12-01 12:00:00,0,0.3172034679306412,0.6827965320693588,Hold,61.464283,61.552986,61.1014,61.238487,5913
2023-12-01 13:00:00,0,0.3578777113177646,0.6421222886822354,Hold,61.230423,61.432026,60.698196,61.327194,18660
2023-12-01 14:00:00,1,0.368538215953495,0.631461784046505,Hold,61.33526,61.552986,61.06108,61.54492,24266
2023-12-01 15:00:00,1,0.3287749555573319,0.6712250444426682,Hold,61.56105,61.899742,61.18204,61.520733,29880
2023-12-01 16:00:00,1,0.3289352343335951,0.6710647656664048,Hold,61.528793,61.706203,61.08527,61.44009,27091
2023-12-01 17:00:00,1,0.3787496019519121,0.6212503980480879,Hold,61.448154,61.690075,61.24655,61.569115,16211
2023-12-01 18:00:00,0,0.32421169137495826,0.6757883086250418,Hold,61.569115,61.57718,59.907917,59.907917,41943
2023-12-01 19:00:00,0,0.3091019268575329,0.6908980731424671,Hold,59.924046,60.141777,59.61761,59.980495,37042
2023-12-01 20:00:00,0,0.317787274165578,0.6822127258344219,Hold,59.98856,59.996624,59.819214,59.835342,4476
2023-12-01 21:00:00,0,0.30741983101530124,0.6925801689846988,Hold,59.82728,60.012753,59.82728,59.980495,2022
2023-12-03 23:00:00,0,0.3188632044652201,0.6811367955347799,Hold,60.141777,60.504658,59.964367,60.335316,5654
2023-12-04 00:00:00,0,0.2897069252747474,0.7102930747252526,Hold,60.335316,60.35144,60.16597,60.206287,1725
2023-12-04 01:00:00,0,0.3164001354616733,0.6835998645383268,Hold,60.198223,60.21435,59.5531,59.561165,8546
2023-12-04 02:00:00,0,0.2923813695390304,0.7076186304609696,Hold,59.561165,59.577293,59.31924,59.51278,6370
2023-12-04 03:00:00,0,0.2936388186193,0.7063611813807,Hold,59.51278,59.528908,59.33537,59.424076,2678
2023-12-04 04:00:00,0,0.29628054939467097,0.703719450605329,Hold,59.43214,59.43214,59.29505,59.311176,1410
2023-12-04 05:00:00,0,0.28400836808464724,0.7159916319153528,Hold,59.311176,59.407948,59.11764,59.222473,3269
2023-12-04 06:00:00,0,0.2938406673774038,0.7061593326225962,Hold,59.230537,59.351498,59.174088,59.21441,2562
2023-12-04 07:00:00,0,0.3180638256071338,0.6819361743928662,Hold,59.21441,59.262794,59.1499,59.174088,3366
2023-12-04 08:00:00,0,0.3158492929128216,0.6841507070871784,Hold,59.18215,59.262794,58.924103,58.948296,13619
2023-12-04 09:00:00,0,0.3637928818902246,0.6362071181097755,Hold,58.94023,59.49665,58.754757,59.39182,17702
2023-12-04 10:00:00,0,0.30568705612446095,0.6943129438755391,Hold,59.399883,59.49665,59.09345,59.311176,8099
2023-12-04 11:00:00,0,0.3526752365237293,0.6473247634762707,Hold,59.311176,59.609547,58.94023,59.464394,10109
2023-12-04 12:00:00,0,0.32575751658807706,0.6742424834119229,Hold,59.472458,59.601482,59.222473,59.262794,7314
2023-12-04 13:00:00,0,0.3548123781740141,0.6451876218259859,Hold,59.262794,59.835342,58.924103,58.99668,31312
2023-12-04 14:00:00,0,0.35077886008460685,0.6492211399153931,Hold,58.99668,59.424076,58.770885,58.787014,29555
2023-12-04 15:00:00,0,0.3323836224443756,0.6676163775556244,Hold,58.77895,60.24661,58.569283,59.424076,51660
2023-12-04 16:00:00,0,0.2955287561424563,0.7044712438575438,Hold,59.424076,59.8676,59.13377,59.230537,32316
2023-12-04 17:00:00,0,0.30072116383247005,0.69927883616753,Hold,59.230537,59.585358,59.09345,59.528908,17066
2023-12-04 18:00:00,0,0.370213912675787,0.6297860873242129,Hold,59.528908,59.561165,58.988617,58.99668,13004
2023-12-04 19:00:00,0,0.3856077238560087,0.6143922761439913,Hold,58.99668,59.13377,58.843464,59.109577,22634
2023-12-04 20:00:00,0,0.3761808333930896,0.6238191666069104,Hold,59.101513,59.1499,59.06119,59.101513,2768
2023-12-04 21:00:00,0,0.3665874022929618,0.6334125977070382,Hold,59.09345,59.15796,59.06119,59.101513,1483
2023-12-04 23:00:00,0,0.38256146172496835,0.6174385382750316,Hold,59.109577,59.141834,59.02087,59.09345,777
2023-12-05 00:00:00,0,0.3817259391015871,0.618274060898413,Hold,59.085384,59.109577,58.988617,59.012806,1096
2023-12-05 01:00:00,0,0.3694501734181196,0.6305498265818804,Hold,59.012806,59.230537,58.924103,59.02087,3772
2023-12-05 02:00:00,0,0.35785697671587785,0.6421430232841221,Hold,59.02087,59.09345,58.964424,59.02087,1247
2023-12-05 03:00:00,0,0.32521929704754216,0.6747807029524578,Hold,59.012806,59.037,58.932167,58.932167,1477
2023-12-05 04:00:00,0,0.3567923653220859,0.6432076346779141,Hold,58.932167,58.964424,58.88378,58.948296,1260
2023-12-05 05:00:00,0,0.3708347884510012,0.6291652115489987,Hold,58.95636,59.085384,58.924103,59.053127,1565
2023-12-05 06:00:00,0,0.3884050450242996,0.6115949549757004,Hold,59.045063,59.053127,58.843464,59.012806,2489
2023-12-05 07:00:00,0,0.34329041421167933,0.6567095857883207,Hold,59.012806,59.206345,58.907974,59.19828,3267
2023-12-05 08:00:00,1,0.3612560580474802,0.6387439419525198,Hold,59.206345,59.738575,59.15796,59.63374,12056
2023-12-05 09:00:00,0,0.31461186876766983,0.6853881312323302,Hold,59.63374,59.698254,59.343433,59.39182,6985
2023-12-05 10:00:00,0,0.3346460769850556,0.6653539230149443,Hold,59.383755,59.593422,59.174088,59.222473,5512
2023-12-05 11:00:00,0,0.393802602180465,0.606197397819535,Hold,59.21441,59.286987,58.77895,58.843464,8409
2023-12-05 12:00:00,0,0.3805758506429491,0.6194241493570509,Hold,58.8354,58.980553,58.730564,58.859592,9014
2023-12-05 13:00:00,0,0.36709662081278727,0.6329033791872127,Hold,58.85153,59.166023,58.198338,58.61767,34036
2023-12-05 14:00:00,1,0.3262861949498835,0.6737138050501166,Hold,58.609604,59.665997,58.496708,59.520844,42087
2023-12-05 15:00:00,1,0.2874639047803967,0.7125360952196034,Hold,59.528908,59.77083,59.028934,59.19828,30334
2023-12-05 16:00:00,1,0.28310555647059443,0.7168944435294056,Hold,59.19828,59.593422,59.053127,59.545036,21615
2023-12-05 17:00:00,1,0.3204931667278207,0.6795068332721793,Hold,59.545036,59.63374,58.577347,58.754757,24291
2023-12-05 18:00:00,1,0.3202247603074376,0.6797752396925625,Hold,58.746693,58.770885,58.23866,58.28704,15997
2023-12-05 19:00:00,1,0.28862153497371174,0.7113784650262882,Hold,58.28704,58.633797,58.23866,58.504772,21991
2023-12-05 20:00:00,1,0.2978720597328106,0.7021279402671894,Hold,58.504772,58.545094,58.319298,58.367683,3697
2023-12-05 21:00:00,1,0.293235546335519,0.706764453664481,Hold,58.35962,58.496708,58.077377,58.109634,4342
2023-12-05 23:00:00,1,0.3350320244017206,0.6649679755982794,Hold,58.141888,58.214466,58.12576,58.16608,1053
2023-12-06 00:00:00,1,0.3858174707663307,0.6141825292336693,Hold,58.158016,58.246723,58.12576,58.246723,1158
2023-12-06 01:00:00,1,0.3811898803971959,0.6188101196028041,Hold,58.23866,58.440258,58.12576,58.375748,4827
2023-12-06 02:00:00,1,0.37190625969527774,0.6280937403047222,Hold,58.367683,58.504772,58.367683,58.46445,1842
2023-12-06 03:00:00,1,0.36356248062746105,0.6364375193725389,Hold,58.46445,58.545094,58.311234,58.319298,1575
2023-12-06 04:00:00,1,0.39460290287499916,0.6053970971250009,Hold,58.327362,58.327362,58.246723,58.270912,1323
2023-12-06 05:00:00,1,0.36868383512721276,0.6313161648727872,Hold,58.270912,58.351555,58.174145,58.246723,2924
2023-12-06 06:00:00,1,0.387622791691903,0.6123772083080969,Hold,58.246723,58.367683,58.2064,58.35962,1675
2023-12-06 07:00:00,1,0.35594328519609003,0.64405671480391,Hold,58.35962,58.440258,58.295105,58.375748,2782
2023-12-06 08:00:00,1,0.3394341093988051,0.6605658906011949,Hold,58.375748,58.545094,58.109634,58.190273,9103
2023-12-06 09:00:00,1,0.35596562915721786,0.6440343708427821,Hold,58.190273,58.351555,57.97254,58.12576,10637
2023-12-06 10:00:00,1,0.3375784322651393,0.6624215677348607,Hold,58.1177,58.12576,57.60966,57.94029,14824
2023-12-06 11:00:00,1,0.3665988507686848,0.6334011492313152,Hold,57.932224,57.948353,57.520958,57.779007,12683
2023-12-06 12:00:00,1,0.37573745473701986,0.6242625452629802,Hold,57.779007,57.90803,57.674175,57.770943,5479
2023-12-06 13:00:00,1,0.36695139219197587,0.6330486078080242,Hold,57.779007,58.012863,57.31129,57.496765,22205
2023-12-06 14:00:00,0,0.4670515812312733,0.5329484187687267,Hold,57.496765,57.496765,56.81938,56.859703,54599
2023-12-06 15:00:00,0,0.38971546603952073,0.6102845339604792,Hold,56.859703,57.141945,56.49682,56.60972,46089
2023-12-06 16:00:00,0,0.4042461654076383,0.5957538345923616,Hold,56.60972,56.60972,55.892017,55.916206,43091
2023-12-06 17:00:00,0,0.38190728033619814,0.6180927196638019,Hold,55.916206,56.206512,55.730736,56.150066,22133
2023-12-06 18:00:00,0,0.3589012654875942,0.6410987345124057,Hold,56.150066,56.327477,55.892017,56.246834,19325
2023-12-06 19:00:00,0,0.35820886470905106,0.6417911352909489,Hold,56.246834,56.408115,55.867825,55.948463,32931
2023-12-06 20:00:00,0,0.3419640280698333,0.6580359719301667,Hold,55.948463,55.98072,55.85976,55.87589,7561
2023-12-06 21:00:00,0,0.35725458261454,0.64274541738546,Hold,55.867825,55.892017,55.76299,55.84363,3002
2023-12-06 23:00:00,0,0.3725014535049427,0.6274985464950573,Hold,55.867825,56.10168,55.867825,56.045235,2272
2023-12-07 00:00:00,0,0.41062407892359837,0.5893759210764016,Hold,56.045235,56.166195,56.03717,56.10168,1495
2023-12-07 01:00:00,0,0.4141639222883001,0.5858360777116999,Hold,56.10168,56.29522,56.004913,56.214577,5259
2023-12-07 02:00:00,0,0.3886274054237511,0.6113725945762489,Hold,56.214577,56.29522,56.182323,56.23877,1812
2023-12-07 03:00:00,0,0.40284360716820433,0.5971563928317957,Hold,56.246834,56.311348,56.19845,56.27909,1357
2023-12-07 04:00:00,0,0.4132708978724077,0.5867291021275922,Hold,56.27909,56.311348,56.23877,56.271027,1002
2023-12-07 05:00:00,0,0.42080366336314595,0.579196336636854,Hold,56.271027,56.287155,56.109745,56.125874,2063
2023-12-07 06:00:00,0,0.43200330926893193,0.5679966907310681,Hold,56.125874,56.27909,56.11781,56.271027,1819
2023-12-07 07:00:00,0,0.42453269957565043,0.5754673004243496,Hold,56.262962,56.424244,56.133938,56.424244,3774
2023-12-07 08:00:00,0,0.39932016374312224,0.6006798362568777,Hold,56.41618,56.47263,56.142002,56.440372,7801
2023-12-07 09:00:00,0,0.41640182456798797,0.5835981754320121,Hold,56.43231,56.60972,56.246834,56.47263,8235
2023-12-07 10:00:00,0,0.444598659744077,0.555401340255923,Hold,56.47263,56.787125,56.35973,56.408115,8489
2023-12-07 11:00:00,0,0.4434443520230165,0.5565556479769835,Hold,56.41618,56.545204,56.254898,56.27909,4410
2023-12-07 12:00:00,0,0.500253710296947,0.499746289703053,Sell,56.287155,56.43231,56.10168,56.367794,6290
2023-12-07 13:00:00,0,0.4896983571485702,0.5103016428514298,Hold,56.37586,56.83551,56.37586,56.512947,14579
2023-12-07 14:00:00,0,0.4849409451505017,0.5150590548494983,Hold,56.512947,56.81938,56.311348,56.488758,25910
2023-12-07 15:00:00,0,0.4803677561416621,0.5196322438583378,Hold,56.488758,56.682293,56.15813,56.27909,20706
2023-12-07 16:00:00,0,0.490685848810512,0.509314151189488,Hold,56.287155,56.55327,55.87589,55.98072,24182
2023-12-07 17:00:00,0,0.48264867908303327,0.5173513209169667,Hold,55.98072,55.988785,55.480747,55.9404,28141
2023-12-07 18:00:00,0,0.48456217413513886,0.5154378258648611,Hold,55.932335,56.262962,55.714607,55.98072,15819
2023-12-07 19:00:00,0,0.527840910404517,0.47215908959548303,Sell,55.98072,56.190388,55.811375,56.069424,22925
2023-12-07 20:00:00,0,0.5456961568724954,0.4543038431275046,Sell,56.06136,56.206512,56.004913,56.190388,3404
2023-12-07 21:00:00,0,0.5510663965531756,0.4489336034468244,Sell,56.190388,56.190388,56.069424,56.15813,1501
2023-12-07 23:00:00,0,0.5145270365809281,0.48547296341907187,Sell,56.254898,56.35973,56.254898,56.27909,1213
2023-12-08 00:00:00,0,0.5472998597371035,0.4527001402628965,Sell,56.27909,56.35973,56.262962,56.3436,962
2023-12-08 01:00:00,0,0.521661530633497,0.47833846936650304,Sell,56.351665,56.690357,56.045235,56.67423,7984
2023-12-08 02:00:00,0,0.5011540529751615,0.49884594702483853,Sell,56.67423,56.762936,56.561333,56.67423,3116
2023-12-08 03:00:00,0,0.5204801144105913,0.4795198855894087,Sell,56.666164,56.83551,56.625847,56.83551,2457
2023-12-08 04:00:00,0,0.49186570645536676,0.5081342935446332,Hold,56.827446,56.83551,56.69842,56.738743,977
2023-12-08 05:00:00,0,0.519254735404382,0.48074526459561795,Sell,56.746807,56.95647,56.6581,56.940342,3223
2023-12-08 06:00:00,0,0.47942052668275625,0.5205794733172437,Hold,56.940342,57.174202,56.900024,57.020985,4186
2023-12-08 07:00:00,0,0.45359429622150416,0.5464057037784958,Hold,57.02905,57.117752,56.948406,57.02905,2817
2023-12-08 08:00:00,0,0.5102937653271512,0.4897062346728488,Sell,57.02905,57.262905,56.843575,57.246777,8114
2023-12-08 09:00:00,0,0.5196624317189411,0.4803375682810589,Sell,57.246777,57.4887,57.085495,57.117752,8447
2023-12-08 10:00:00,0,0.514401201813559,0.485598798186441,Sell,57.13388,57.13388,56.63391,56.867767,10591
2023-12-08 11:00:00,0,0.5108456068442913,0.48915439315570874,Sell,56.859703,57.061306,56.787125,56.843575,4535
2023-12-08 12:00:00,0,0.5002470988784349,0.4997529011215651,Sell,56.85164,57.09356,56.75487,57.004856,5320
2023-12-08 13:00:00,0,0.47245166046869025,0.5275483395313098,Hold,57.004856,57.359676,56.980663,57.061306,17593
2023-12-08 14:00:00,0,0.4637561413359099,0.5362438586640901,Hold,57.045177,57.279034,56.81938,57.05324,21457
2023-12-08 15:00:00,0,0.5088442383920444,0.4911557616079556,Sell,57.06937,57.76288,57.06937,57.351612,33143
2023-12-08 16:00:00,0,0.46957653238216573,0.5304234676178343,Hold,57.359676,57.58547,57.13388,57.32742,17271
2023-12-08 17:00:00,0,0.43963312723517406,0.5603668727648259,Hold,57.32742,57.343548,56.89196,57.037113,13714
2023-12-08 18:00:00,0,0.4102209242011514,0.5897790757988486,Hold,57.02905,57.464508,56.980663,57.40806,12450
2023-12-08 19:00:00,0,0.3887019150017012,0.6112980849982987,Hold,57.399994,57.545147,57.279034,57.4887,18718
2023-12-08 20:00:00,0,0.39895416128600375,0.6010458387139963,Hold,57.480637,57.545147,57.359676,57.399994,4461
2023-12-08 21:00:00,0,0.4792817636813778,0.5207182363186222,Hold,57.40806,57.56934,57.399994,57.464508,1880
2023-12-10 23:00:00,0,0.4579539402641491,0.542046059735851,Hold,57.375805,57.456444,57.19033,57.44838,1641
2023-12-11 00:00:00,0,0.48257840262310064,0.5174215973768994,Hold,57.44838,57.649982,57.440315,57.601597,2067
2023-12-11 01:00:00,0,0.44595160894865626,0.5540483910513437,Hold,57.60966,57.674175,57.440315,57.55321,3502
2023-12-11 02:00:00,0,0.4689569835985382,0.5310430164014618,Hold,57.55321,57.66611,57.512894,57.593533,1221
2023-12-11 03:00:00,1,0.5037167604184671,0.49628323958153286,Sell,57.601597,57.795135,57.58547,57.76288,2394
2023-12-11 04:00:00,1,0.4622680615799138,0.5377319384200863,Hold,57.754814,57.78707,57.73062,57.754814,853
2023-12-11 05:00:00,1,0.497750392442199,0.502249607557801,Hold,57.74675,57.86771,57.74675,57.859646,2047
2023-12-11 06:00:00,1,0.4553554272417608,0.5446445727582392,Hold,57.85158,57.90803,57.81933,57.891903,1556
2023-12-11 07:00:00,1,0.4397184762957074,0.5602815237042926,Hold,57.88384,57.90803,57.770943,57.795135,2677
2023-12-11 08:00:00,0,0.4535408008494099,0.54645919915059,Hold,57.795135,57.891903,57.480637,57.62579,8028
2023-12-11 09:00:00,0,0.445994257389327,0.554005742610673,Hold,57.617725,57.633854,57.085495,57.09356,8888
2023-12-11 10:00:00,0,0.4075472902021988,0.5924527097978012,Hold,57.09356,57.222588,56.89196,56.916153,7025
2023-12-11 11:00:00,0,0.44823603338296364,0.5517639666170364,Hold,56.916153,57.125816,56.73068,57.117752,6724
2023-12-11 12:00:00,0,0.48151762360515127,0.5184823763948487,Hold,57.109688,57.399994,56.980663,57.359676,5938
2023-12-11 13:00:00,0,0.4398842625360032,0.5601157374639968,Hold,57.359676,57.52902,57.238712,57.246777,10309
2023-12-11 14:00:00,0,0.44357207549066635,0.5564279245093336,Hold,57.25484,57.56934,57.077435,57.383865,19444
2023-12-11 15:00:00,0,0.3832309775228073,0.6167690224771927,Hold,57.375805,57.440315,57.166138,57.287098,12829
2023-12-11 16:00:00,0,0.36833535817223156,0.6316646418277685,Hold,57.295162,57.52902,56.90809,57.359676,21762
2023-12-11 17:00:00,0,0.35643147073737114,0.6435685292626289,Hold,57.359676,57.472572,56.89196,57.424187,16866
2023-12-11 18:00:00,1,0.4049888249786065,0.5950111750213936,Hold,57.424187,57.811264,57.40806,57.754814,13940
2023-12-11 19:00:00,0,0.3137280397149528,0.6862719602850472,Hold,57.74675,57.82739,57.36774,57.537083,24221
2023-12-11 20:00:00,0,0.3185496573951289,0.681450342604871,Hold,57.537083,57.649982,57.496765,57.62579,2661
2023-12-11 21:00:00,0,0.33151896359562,0.6684810364043801,Hold,57.62579,57.658047,57.55321,57.577404,1118
2023-12-11 23:00:00,0,0.33076268436852096,0.669237315631479,Hold,57.601597,57.649982,57.545147,57.58547,427
2023-12-12 00:00:00,0,0.35531086433050596,0.644689135669494,Hold,57.577404,57.60966,57.561275,57.577404,601
2023-12-12 01:00:00,0,0.3540857989214573,0.6459142010785427,Hold,57.58547,57.674175,57.472572,57.601597,2127
2023-12-12 02:00:00,0,0.34061974042738985,0.6593802595726102,Hold,57.601597,57.682236,57.561275,57.66611,1083
2023-12-12 03:00:00,0,0.36732310862211265,0.6326768913778873,Hold,57.674175,57.770943,57.64192,57.722557,2576
2023-12-12 04:00:00,1,0.4319009066424734,0.5680990933575266,Hold,57.722557,57.948353,57.722557,57.90803,1758
2023-12-12 05:00:00,1,0.40701652296718144,0.5929834770328186,Hold,57.916096,57.97254,57.85158,57.92416,1709
2023-12-12 06:00:00,1,0.39157176556406353,0.6084282344359364,Hold,57.916096,58.012863,57.875774,57.96448,1710
2023-12-12 07:00:00,1,0.41872421653478725,0.5812757834652127,Hold,57.96448,58.02899,57.82739,57.859646,3123
2023-12-12 08:00:00,1,0.391033373665283,0.608966626334717,Hold,57.85158,57.85158,57.537083,57.70643,7116
2023-12-12 09:00:00,1,0.41152998177768857,0.5884700182223115,Hold,57.70643,57.899967,57.66611,57.754814,4965
2023-12-12 10:00:00,1,0.37047657869543726,0.6295234213045627,Hold,57.76288,57.8032,57.303226,57.303226,6303
2023-12-12 11:00:00,1,0.42654149590443025,0.5734585040955698,Hold,57.303226,57.456444,57.238712,57.416122,5446
2023-12-12 12:00:00,1,0.3604446782164743,0.6395553217835257,Hold,57.416122,57.416122,57.02905,57.125816,9165
2023-12-12 13:00:00,1,0.3416766248993517,0.6583233751006483,Hold,57.125816,57.238712,56.33554,56.367794,19093
2023-12-12 14:00:00,0,0.3222058082431463,0.6777941917568537,Hold,56.367794,56.40005,55.537197,55.674286,36785
2023-12-12 15:00:00,0,0.3228324691024787,0.6771675308975214,Hold,55.66622,56.10168,55.529133,55.66622,22877
2023-12-12 16:00:00,0,0.3167980034985984,0.6832019965014016,Hold,55.66622,55.674286,55.2227,55.238827,20814
2023-12-12 17:00:00,0,0.25730060557996054,0.7426993944200395,Hold,55.238827,55.38398,55.045288,55.08561,15845
2023-12-12 18:00:00,0,0.25500697115055226,0.7449930288494477,Hold,55.08561,55.230762,55.01303,55.08561,12155
2023-12-12 19:00:00,0,0.2924662946609605,0.7075337053390395,Hold,55.077545,55.456554,55.021095,55.392044,20527
2023-12-12 20:00:00,0,0.27055416623335754,0.7294458337666425,Hold,55.392044,55.496876,55.36785,55.408173,6587
2023-12-12 21:00:00,0,0.28359449635251494,0.716405503647485,Hold,55.408173,55.60977,55.40011,55.448494,2390
2023-12-12 23:00:00,0,0.2880431637196894,0.7119568362803106,Hold,55.4243,55.529133,55.375916,55.416237,640
2023-12-13 00:00:00,0,0.27477454320329536,0.7252254567967047,Hold,55.408173,55.472683,55.32753,55.335594,814
2023-12-13 01:00:00,0,0.334763900691094,0.6652360993089059,Hold,55.335594,55.351723,54.932392,55.335594,4691
2023-12-13 02:00:00,0,0.340725622653431,0.659274377346569,Hold,55.319466,55.456554,55.271084,55.392044,1607
2023-12-13 03:00:00,0,0.32885959847105883,0.6711404015289412,Hold,55.40011,55.40011,55.077545,55.08561,1410
2023-12-13 04:00:00,0,0.3372935590121875,0.6627064409878125,Hold,55.08561,55.254955,55.06948,55.198505,1359
2023-12-13 05:00:00,0,0.3278475561556692,0.6721524438443308,Hold,55.198505,55.319466,55.16625,55.198505,1527
2023-12-13 06:00:00,0,0.3605340171129722,0.6394659828870277,Hold,55.198505,55.20657,54.77111,54.81143,4142
2023-12-13 07:00:00,0,0.3586340414943116,0.6413659585056883,Hold,54.81143,55.021095,54.803368,54.89207,3493
2023-12-13 08:00:00,0,0.36079131637769074,0.6392086836223092,Hold,54.89207,55.01303,54.601765,54.924328,10876
2023-12-13 09:00:00,0,0.34719218127852575,0.6528078187214743,Hold,54.924328,55.335594,54.78724,55.2227,11766
2023-12-13 10:00:00,0,0.35213430430186987,0.6478656956981301,Hold,55.230762,55.480747,55.12593,55.4243,7484
2023-12-13 11:00:00,0,0.3805216312513489,0.6194783687486511,Hold,55.432365,55.593647,55.238827,55.48881,5255
2023-12-13 12:00:00,0,0.3978318437023993,0.6021681562976007,Hold,55.48881,55.60977,55.416237,55.54526,3708
2023-12-13 13:00:00,0,0.384126250247324,0.6158737497526761,Hold,55.537197,55.988785,55.529133,55.7388,12232
2023-12-13 14:00:00,0,0.39542289448951196,0.604577105510488,Hold,55.730736,55.900078,55.4243,55.84363,20355
2023-12-13 15:00:00,0,0.401696054119536,0.598303945880464,Hold,55.835567,56.214577,55.60977,56.053295,23795
2023-12-13 16:00:00,0,0.4275742616642481,0.5724257383357518,Hold,56.069424,56.206512,55.674286,56.150066,19547
2023-12-13 17:00:00,0,0.392848162704625,0.607151837295375,Hold,56.150066,56.190388,55.78718,55.81944,10986
2023-12-13 18:00:00,0,0.3495816077100709,0.6504183922899291,Hold,55.81944,56.045235,55.650093,55.988785,10699
2023-12-13 19:00:00,0,0.33804523216501103,0.661954767834989,Hold,55.964592,56.23877,55.916206,56.03717,22409
2023-12-13 20:00:00,0,0.39697129194958597,0.603028708050414,Hold,56.029106,56.327477,55.988785,56.327477,6251
2023-12-13 21:00:00,0,0.3669772098535959,0.6330227901464041,Hold,56.327477,56.35973,56.230705,56.3436,2269
2023-12-13 23:00:00,0,0.3905917714781198,0.6094082285218803,Hold,56.327477,56.41618,56.311348,56.383923,691
2023-12-14 00:00:00,0,0.45264121169665367,0.5473587883033464,Hold,56.37586,56.391987,56.303284,56.367794,692
2023-12-14 01:00:00,0,0.4522326329104768,0.5477673670895232,Hold,56.367794,56.529076,56.3436,56.35973,2475
2023-12-14 02:00:00,0,0.40515958814876096,0.594840411851239,Hold,56.367794,56.367794,56.125874,56.22264,2159
2023-12-14 03:00:00,0,0.3633735444852508,0.6366264555147492,Hold,56.206512,56.22264,56.085552,56.093616,1382
2023-12-14 04:00:00,0,0.39492930808341753,0.6050706919165825,Hold,56.093616,56.214577,56.077488,56.214577,598
2023-12-14 05:00:00,0,0.3998308887486999,0.6001691112513001,Hold,56.214577,56.303284,56.11781,56.287155,990
2023-12-14 06:00:00,0,0.418562383689498,0.581437616310502,Hold,56.287155,56.29522,56.214577,56.27909,1396
2023-12-14 07:00:00,0,0.400433807167773,0.599566192832227,Hold,56.27909,56.367794,56.254898,56.311348,1949
2023-12-14 08:00:00,0,0.474362638443616,0.5256373615563841,Hold,56.311348,56.827446,56.271027,56.666164,12092
2023-12-14 09:00:00,0,0.4801822607587981,0.5198177392412019,Hold,56.666164,57.109688,56.63391,57.02905,6675
2023-12-14 10:00:00,0,0.4657945490201652,0.5342054509798349,Hold,57.037113,57.19033,56.940342,57.125816,5911
2023-12-14 11:00:00,0,0.4522399521300521,0.5477600478699479,Hold,57.117752,57.214523,56.867767,56.940342,3794
2023-12-14 12:00:00,0,0.4621349973126843,0.5378650026873157,Hold,56.948406,57.238712,56.867767,57.214523,5170
2023-12-14 13:00:00,0,0.4371352010613193,0.5628647989386807,Hold,57.214523,57.649982,57.109688,57.649982,10998
2023-12-14 14:00:00,0,0.43645040556949655,0.5635495944305035,Hold,57.649982,58.06125,57.62579,58.012863,21952
2023-12-14 15:00:00,0,0.39915795810092175,0.6008420418990783,Hold,58.0048,58.174145,57.85158,57.96448,14599
2023-12-14 16:00:00,1,0.4151588913894484,0.5848411086105516,Hold,57.96448,58.30317,57.88384,58.133823,15043
2023-12-14 17:00:00,1,0.43053483633226997,0.56946516366773,Hold,58.133823,58.432194,58.10157,58.319298,13743
2023-12-14 18:00:00,1,0.414614852706122,0.585385147293878,Hold,58.319298,58.367683,58.149952,58.30317,11546
2023-12-14 19:00:00,0,0.46826157802549134,0.5317384219745087,Hold,58.295105,58.30317,57.601597,57.682236,25936
2023-12-14 20:00:00,0,0.45692748859642385,0.5430725114035762,Hold,57.682236,57.859646,57.64192,57.85158,2528
2023-12-14 21:00:00,0,0.4490486062084478,0.5509513937915522,Hold,57.859646,57.859646,57.714493,57.779007,942
2023-12-14 23:00:00,0,0.4253270870444979,0.5746729129555022,Hold,57.74675,57.81933,57.6903,57.70643,365
2023-12-15 00:00:00,0,0.44826992008956423,0.5517300799104358,Hold,57.714493,57.76288,57.6903,57.74675,489
2023-12-15 01:00:00,0,0.43790719663587363,0.5620928033641264,Hold,57.76288,57.92416,57.754814,57.835453,962
2023-12-15 02:00:00,1,0.4602917275560557,0.5397082724439444,Hold,57.85158,58.020927,57.85158,58.012863,463
2023-12-15 03:00:00,1,0.4756446576089964,0.5243553423910037,Hold,58.012863,58.109634,57.980606,58.06125,326
2023-12-15 04:00:00,0,0.45812238448750686,0.5418776155124931,Hold,58.06125,58.06125,57.948353,57.980606,280
2023-12-15 05:00:00,0,0.4535390708456799,0.5464609291543201,Hold,57.97254,57.97254,57.835453,57.859646,219
2023-12-15 06:00:00,0,0.48418059719577766,0.5158194028042223,Hold,57.859646,57.92416,57.738686,57.899967,409
2023-12-15 07:00:00,0,0.4740585564144512,0.5259414435855487,Hold,57.899967,57.956417,57.738686,57.770943,461
2023-12-15 08:00:00,1,0.483707568145446,0.516292431854554,Hold,57.76288,58.077377,57.633854,58.037056,1843
2023-12-15 09:00:00,0,0.4406108886960383,0.5593891113039617,Hold,58.04512,58.141888,57.843517,57.891903,1123
2023-12-15 10:00:00,1,0.4832224936757218,0.5167775063242782,Hold,57.88384,58.133823,57.779007,58.077377,911
2023-12-15 11:00:00,0,0.4652101027354789,0.5347898972645211,Hold,58.077377,58.077377,57.891903,57.948353,605
2023-12-15 12:00:00,1,0.5171200218695685,0.4828799781304315,Sell,57.932224,58.23866,57.90803,58.174145,949
2023-12-15 13:00:00,1,0.4611304064482832,0.5388695935517168,Hold,58.18221,58.23866,57.617725,58.053185,1785
2023-12-15 14:00:00,0,0.49795130238132645,0.5020486976186735,Hold,58.04512,58.06125,57.25484,57.36774,3942
2023-12-15 15:00:00,0,0.49408916912853995,0.50591083087146,Hold,57.383865,57.520958,56.690357,57.40806,5222
2023-12-15 16:00:00,0,0.4758672119015155,0.5241327880984845,Hold,57.416122,57.78707,57.32742,57.698364,2335
2023-12-15 17:00:00,0,0.4540957288329556,0.5459042711670443,Hold,57.698364,57.948353,57.561275,57.932224,2122
2023-12-15 18:00:00,0,0.4841467295996301,0.5158532704003699,Hold,57.92416,57.932224,57.55321,57.770943,2286
2023-12-15 19:00:00,0,0.459680731349439,0.540319268650561,Hold,57.76288,57.835453,57.537083,57.633854,3442
2023-12-15 20:00:00,0,0.38246398280932725,0.6175360171906727,Hold,57.64192,57.81933,57.55321,57.795135,501
2023-12-15 21:00:00,0,0.4725047239026797,0.5274952760973203,Hold,57.779007,57.891903,57.722557,57.891903,358
2023-12-17 23:00:00,0,0.44939430488752563,0.5506056951124744,Hold,57.8032,58.22253,57.8032,58.22253,250
2023-12-18 00:00:00,0,0.47039350235239125,0.5296064976476087,Hold,58.22253,58.334946,57.9977,58.00573,2124
2023-12-18 01:00:00,0,0.4843596339785883,0.5156403660214117,Hold,57.9977,58.06997,57.772873,57.88529,3507
2023-12-18 02:00:00,0,0.4749377011303827,0.5250622988696173,Hold,57.88529,57.98967,57.8612,57.86923,1706
2023-12-18 03:00:00,0,0.47134356267458594,0.5286564373254141,Hold,57.88529,57.941494,57.82908,57.88529,1540
2023-12-18 04:00:00,0,0.4690107178329297,0.5309892821670703,Hold,57.89332,57.925434,57.87726,57.925434,1061
2023-12-18 05:00:00,0,0.46587955722683116,0.5341204427731688,Hold,57.925434,58.06194,57.85317,58.02982,2428
2023-12-18 06:00:00,1,0.5329885500550191,0.4670114499449809,Sell,58.02982,58.294796,57.98967,58.270706,3399
2023-12-18 07:00:00,0,0.4714064094942439,0.5285935905057562,Hold,58.262676,58.270706,57.949524,57.98967,3377
2023-12-18 08:00:00,0,0.4762944426823533,0.5237055573176467,Hold,57.981644,58.142235,57.909374,58.00573,7847
2023-12-18 09:00:00,0,0.5247347316611674,0.47526526833883265,Sell,58.00573,58.01376,57.27504,57.37942,11425
2023-12-18 10:00:00,0,0.4652540404416711,0.5347459595583288,Hold,57.371395,57.371395,57.002033,57.27504,9447
2023-12-18 11:00:00,0,0.4799991204973916,0.5200008795026084,Hold,57.28307,58.23859,57.162624,58.19844,18775
2023-12-18 12:00:00,0,0.4677700236867012,0.5322299763132988,Hold,58.19844,58.35903,57.909374,58.294796,11441
2023-12-18 13:00:00,0,0.48853971803055146,0.5114602819694485,Hold,58.286766,59.16199,58.23859,59.105785,28157
2023-12-18 14:00:00,1,0.5050338228708932,0.49496617712910684,Sell,59.105785,59.836475,59.081696,59.79633,31670
2023-12-18 15:00:00,0,0.4514230360520596,0.5485769639479404,Hold,59.79633,59.90874,59.041546,59.274406,31845
2023-12-18 16:00:00,0,0.40176757202356506,0.5982324279764349,Hold,59.266376,59.499233,58.95322,59.16199,20793
2023-12-18 17:00:00,0,0.3901727251390576,0.6098272748609423,Hold,59.15396,59.306522,59.02549,59.16199,12101
2023-12-18 18:00:00,0,0.38411628855708374,0.6158837114429163,Hold,59.17002,59.17002,58.61598,58.648098,18190
2023-12-18 19:00:00,0,0.37479213295429914,0.6252078670457009,Hold,58.656128,58.720364,58.158295,58.551743,31972
2023-12-18 20:00:00,0,0.393045501002252,0.606954498997748,Hold,58.551743,58.656128,58.527653,58.63204,4511
2023-12-18 21:00:00,0,0.440371371121459,0.559628628878541,Hold,58.62401,58.640068,58.495537,58.527653,1533
2023-12-18 23:00:00,0,0.4222984218349726,0.5777015781650274,Hold,58.559772,58.575832,58.41524,58.447357,1200
2023-12-19 00:00:00,0,0.40966263242892076,0.5903373675710792,Hold,58.439327,58.583862,58.39918,58.575832,1080
2023-12-19 01:00:00,0,0.403781339255026,0.596218660744974,Hold,58.575832,58.680218,58.447357,58.559772,3596
2023-12-19 02:00:00,0,0.3862441360309244,0.6137558639690757,Hold,58.543713,58.559772,58.38312,58.463417,1931
2023-12-19 03:00:00,0,0.4302945650592254,0.5697054349407746,Hold,58.455387,58.479477,58.39115,58.41524,1196
2023-12-19 04:00:00,0,0.424552270361957,0.575447729638043,Hold,58.41524,58.503567,58.39918,58.463417,1117
2023-12-19 05:00:00,0,0.4189006577206146,0.5810993422793854,Hold,58.455387,58.527653,58.351,58.38312,1771
2023-12-19 06:00:00,0,0.4394860487887184,0.5605139512112816,Hold,58.39115,58.479477,58.37509,58.42327,1647
2023-12-19 07:00:00,0,0.38098565346290647,0.6190143465370935,Hold,58.42327,58.471447,58.278736,58.302826,2838
2023-12-19 08:00:00,0,0.358003742170227,0.641996257829773,Hold,58.302826,58.455387,57.925434,58.278736,10866
2023-12-19 09:00:00,0,0.37940126787975503,0.620598732120245,Hold,58.278736,58.487507,58.094055,58.22253,7569
2023-12-19 10:00:00,0,0.41324604474414034,0.5867539552558596,Hold,58.2145,58.551743,58.17435,58.535683,5433
2023-12-19 11:00:00,0,0.4109642665668452,0.5890357334331549,Hold,58.535683,58.591892,58.35903,58.471447,4256
2023-12-19 12:00:00,0,0.4205417822008942,0.5794582177991058,Hold,58.471447,58.471447,58.18238,58.23056,5205
2023-12-19 13:00:00,0,0.4557910097603561,0.5442089902396439,Hold,58.23056,58.591892,58.20647,58.495537,11066
2023-12-19 14:00:00,0,0.4020524954632577,0.5979475045367423,Hold,58.487507,59.242287,58.471447,59.15396,22161
2023-12-19 15:00:00,0,0.3895835193422092,0.6104164806577907,Hold,59.16199,59.483173,58.83278,59.459087,18756
2023-12-19 16:00:00,0,0.43814180806716146,0.5618581919328385,Hold,59.451057,59.75618,59.234257,59.555443,19932
2023-12-19 17:00:00,0,0.45672564961397366,0.5432743503860263,Hold,59.56347,59.77224,59.250317,59.531353,12776
2023-12-19 18:00:00,0,0.4085369125562912,0.5914630874437088,Hold,59.539383,59.555443,59.16199,59.37076,9697
2023-12-19 19:00:00,0,0.40689558978112506,0.593104410218875,Hold,59.37879,59.56347,59.105785,59.539383,18892
2023-12-19 20:00:00,0,0.437316951528348,0.5626830484716521,Hold,59.547413,59.78027,59.499233,59.708004,7712
2023-12-19 21:00:00,0,0.4184661014707853,0.5815338985292147,Hold,59.699974,59.716034,59.443027,59.555443,2073
2023-12-19 23:00:00,0,0.3809198712443327,0.6190801287556673,Hold,59.467117,59.547413,59.37076,59.515293,1293
2023-12-20 00:00:00,0,0.41024775050207574,0.5897522494979243,Hold,59.523323,59.531353,59.418938,59.459087,735
2023-12-20 01:00:00,0,0.45222235479645256,0.5477776452035474,Hold,59.451057,59.523323,59.426968,59.523323,1802
2023-12-20 02:00:00,0,0.42783019784626364,0.5721698021537364,Hold,59.515293,59.515293,59.37076,59.475143,1886
2023-12-20 03:00:00,0,0.40148557184752603,0.5985144281524739,Hold,59.475143,59.483173,59.338642,59.362732,1140
2023-12-20 04:00:00,0,0.4296602363308077,0.5703397636691923,Hold,59.37076,59.394848,59.306522,59.330612,942
2023-12-20 05:00:00,0,0.4582824096777987,0.5417175903222013,Hold,59.338642,59.483173,59.330612,59.475143,1282
2023-12-20 06:00:00,0,0.4166885580557136,0.5833114419442864,Hold,59.467117,59.507263,59.443027,59.491203,997
2023-12-20 07:00:00,0,0.48242205105008024,0.5175779489499197,Hold,59.491203,59.651794,59.434998,59.58756,2934
2023-12-20 08:00:00,0,0.5343267545395454,0.46567324546045463,Sell,59.58756,60.11751,59.5715,59.9248,12841
2023-12-20 09:00:00,0,0.5155669739791546,0.48443302602084537,Sell,59.9248,59.94889,59.73209,59.93283,5703
2023-12-20 10:00:00,0,0.5133850885001056,0.48661491149989444,Sell,59.93283,60.262043,59.9248,60.11751,8418
2023-12-20 11:00:00,0,0.5222627280399058,0.4777372719600942,Sell,60.10948,60.245987,60.029186,60.16569,5614
2023-12-20 12:00:00,0,0.47155450847411357,0.5284454915258865,Hold,60.16569,60.229927,60.10948,60.14963,5539
2023-12-20 13:00:00,0,0.48833135766318947,0.5116686423368105,Hold,60.1416,60.286133,59.844505,60.213867,15128
2023-12-20 14:00:00,1,0.5204208941889535,0.47957910581104646,Sell,60.221897,60.51899,60.093422,60.302193,22310
2023-12-20 15:00:00,0,0.479854853227871,0.520145146772129,Hold,60.310223,60.3584,59.73209,59.90874,25134
2023-12-20 16:00:00,1,0.48063719403157235,0.5193628059684277,Hold,59.900715,60.39855,59.876625,59.94086,22601
2023-12-20 17:00:00,0,0.47097042457020966,0.5290295754297903,Hold,59.94086,60.061306,59.282436,59.290466,21640
2023-12-20 18:00:00,0,0.4132046115533016,0.5867953884466983,Hold,59.298492,59.499233,59.097755,59.298492,16608
2023-12-20 19:00:00,0,0.4074355115955376,0.5925644884044624,Hold,59.298492,59.724064,59.258347,59.346672,18644
2023-12-20 20:00:00,0,0.40242660348566905,0.597573396514331,Hold,59.346672,59.483173,59.210167,59.226227,6090
2023-12-20 21:00:00,0,0.4236767066634197,0.5763232933365803,Hold,59.226227,59.298492,59.210167,59.274406,1479
2023-12-20 23:00:00,0,0.4014245149099449,0.5985754850900551,Hold,59.266376,59.266376,59.02549,59.12184,1329
2023-12-21 00:00:00,0,0.4535308723364885,0.5464691276635115,Hold,59.113815,59.15396,59.033516,59.15396,873
2023-12-21 01:00:00,0,0.47315213799248385,0.5268478620075161,Hold,59.15396,59.266376,59.097755,59.250317,2234
2023-12-21 02:00:00,0,0.40570480720895846,0.5942951927910416,Hold,59.242287,59.37879,59.226227,59.37076,1444
2023-12-21 03:00:00,0,0.3995904860734509,0.6004095139265491,Hold,59.37076,59.467117,59.298492,59.330612,1580
2023-12-21 04:00:00,0,0.3844886336689684,0.6155113663310317,Hold,59.322582,59.346672,59.234257,59.250317,1693
2023-12-21 05:00:00,0,0.4310798650721409,0.5689201349278591,Hold,59.258347,59.58756,59.218197,59.555443,2285
2023-12-21 06:00:00,0,0.39207132977309717,0.6079286702269029,Hold,59.555443,59.58756,59.451057,59.555443,1845
2023-12-21 07:00:00,0,0.4109522552067296,0.5890477447932704,Hold,59.555443,59.61968,59.475143,59.5715,2351
2023-12-21 08:00:00,1,0.38071941959659356,0.6192805804034065,Hold,59.56347,59.884655,59.56347,59.860565,9473
2023-12-21 09:00:00,1,0.40182086767067177,0.5981791323293282,Hold,59.868595,59.884655,59.60362,59.80436,5309
2023-12-21 10:00:00,1,0.4432125458690725,0.5567874541309275,Hold,59.80436,59.820415,59.306522,59.37879,6276
2023-12-21 11:00:00,1,0.4374128334446814,0.5625871665553186,Hold,59.37879,59.515293,59.258347,59.37076,5177
2023-12-21 12:00:00,0,0.3957044736961079,0.604295526303892,Hold,59.362732,59.483173,58.591892,58.937164,19220
2023-12-21 13:00:00,0,0.3885192378863321,0.611480762113668,Hold,58.929134,59.0014,58.16632,58.61598,25880
2023-12-21 14:00:00,0,0.38601121667100724,0.6139887833289928,Hold,58.61598,59.338642,58.479477,58.98534,25457
2023-12-21 15:00:00,0,0.390088444908295,0.609911555091705,Hold,58.97731,59.330612,58.945194,59.15396,17680
2023-12-21 16:00:00,0,0.40702388204419016,0.5929761179558098,Hold,59.16199,59.418938,58.82475,58.84081,16784
2023-12-21 17:00:00,0,0.42707399337769064,0.5729260066223094,Hold,58.84081,59.01746,58.640068,58.96125,13848
2023-12-21 18:00:00,0,0.36875266522406885,0.6312473347759311,Hold,58.95322,59.218197,58.897015,59.081696,10232
2023-12-21 19:00:00,0,0.38462375286370504,0.6153762471362949,Hold,59.073666,59.410908,58.99337,59.258347,18041
2023-12-21 20:00:00,0,0.37099551439115624,0.6290044856088437,Hold,59.250317,59.443027,59.17002,59.426968,3013
2023-12-21 21:00:00,0,0.36375486636436133,0.6362451336356387,Hold,59.426968,59.443027,59.362732,59.362732,1073
2023-12-21 23:00:00,0,0.3793947607454675,0.6206052392545325,Hold,59.346672,59.362732,59.258347,59.290466,582
2023-12-22 00:00:00,0,0.34526944901293366,0.6547305509870663,Hold,59.282436,59.37076,59.282436,59.330612,592
2023-12-22 01:00:00,0,0.4414147790830471,0.5585852209169528,Hold,59.330612,59.76421,59.330612,59.74815,2970
2023-12-22 02:00:00,0,0.45826157977522414,0.5417384202247759,Hold,59.74815,59.860565,59.683914,59.852535,2011
2023-12-22 03:00:00,0,0.4356366901654098,0.5643633098345902,Hold,59.844505,60.021156,59.820415,59.9248,2705
2023-12-22 04:00:00,0,0.4251784814804307,0.5748215185195693,Hold,59.91677,60.005096,59.716034,59.820415,3178
2023-12-22 05:00:00,0,0.39797655143920496,0.602023448560795,Hold,59.828445,59.844505,59.659824,59.683914,1781
2023-12-22 06:00:00,0,0.4313373557468509,0.568662644253149,Hold,59.683914,59.876625,59.667854,59.868595,1757
2023-12-22 07:00:00,0,0.4191415517151943,0.5808584482848057,Hold,59.876625,59.9248,59.74012,59.876625,2441
2023-12-22 08:00:00,1,0.5381174379727593,0.46188256202724065,Sell,59.876625,60.045246,59.7883,60.021156,6386
2023-12-22 09:00:00,0,0.47526553175473846,0.5247344682452615,Hold,60.029186,60.13357,59.7883,59.828445,6783
2023-12-22 10:00:00,0,0.5148468502375175,0.48515314976248247,Sell,59.828445,59.98904,59.74012,59.884655,4487
2023-12-22 11:00:00,0,0.4408090680507865,0.5591909319492134,Hold,59.884655,60.037216,59.75618,59.820415,3710
2023-12-22 12:00:00,0,0.44400484189238754,0.5559951581076125,Hold,59.820415,59.884655,59.459087,59.75618,9620
2023-12-22 13:00:00,1,0.49499037541821245,0.5050096245817876,Hold,59.75618,60.11751,59.683914,59.97298,11756
2023-12-22 14:00:00,1,0.5358079349241722,0.4641920650758278,Sell,59.98101,60.189777,59.77224,60.013126,16013
2023-12-22 15:00:00,0,0.6024981938546717,0.39750180614532826,Sell,60.013126,60.205837,59.210167,59.226227,20167
2023-12-22 16:00:00,0,0.5850611718745831,0.41493882812541694,Sell,59.226227,59.5715,58.929134,59.338642,23428
2023-12-22 17:00:00,0,0.5224184993461649,0.4775815006538351,Sell,59.330612,59.451057,59.17002,59.354702,10771
2023-12-22 18:00:00,0,0.4897874954863991,0.5102125045136009,Hold,59.362732,59.467117,59.210167,59.37879,9250
2023-12-22 19:00:00,0,0.48989694221730296,0.510103057782697,Hold,59.37879,59.467117,59.00943,59.1379,18042
2023-12-22 20:00:00,0,0.5267287131736587,0.47327128682634134,Sell,59.15396,59.20214,59.0014,59.081696,2247
2023-12-22 21:00:00,0,0.5011482560346197,0.49885174396538035,Sell,59.089725,59.12184,58.96125,59.00943,1338
2023-12-25 23:00:00,0,0.5338000860273893,0.46619991397261074,Sell,59.065636,59.37076,58.97731,59.250317,2030
2023-12-26 00:00:00,0,0.48148561264087175,0.5185143873591282,Hold,59.242287,59.242287,59.089725,59.097755,707
2023-12-26 01:00:00,0,0.5192635793876262,0.48073642061237376,Sell,59.089725,59.290466,58.97731,59.17002,3562
2023-12-26 02:00:00,0,0.4994516142478111,0.5005483857521889,Hold,59.17002,59.266376,59.065636,59.089725,1362
2023-12-26 03:00:00,0,0.5499861016014326,0.4500138983985674,Sell,59.105785,59.16199,59.065636,59.12987,541
2023-12-26 04:00:00,0,0.5259807247760854,0.4740192752239146,Sell,59.12987,59.250317,59.073666,59.234257,816
2023-12-26 05:00:00,0,0.5127984081403322,0.4872015918596678,Sell,59.234257,59.330612,59.226227,59.290466,1160
2023-12-26 06:00:00,0,0.49736846637344556,0.5026315336265544,Hold,59.282436,59.298492,59.15396,59.17002,1362
2023-12-26 07:00:00,0,0.5586695535406968,0.4413304464593032,Sell,59.18608,59.258347,59.105785,59.17805,1866
2023-12-26 08:00:00,0,0.5316859695963897,0.4683140304036103,Sell,59.17002,59.362732,58.720364,59.049576,8280
2023-12-26 09:00:00,0,0.5651104588048715,0.43488954119512846,Sell,59.049576,59.17002,58.7846,58.913074,4995
2023-12-26 10:00:00,0,0.5841585313560683,0.4158414686439317,Sell,58.913074,59.065636,58.736423,59.041546,3357
2023-12-26 11:00:00,0,0.5528505502183912,0.44714944978160875,Sell,59.049576,59.105785,58.77657,59.105785,4301
2023-12-26 12:00:00,0,0.49168382815763195,0.5083161718423681,Hold,59.105785,59.531353,59.073666,59.507263,7934
2023-12-26 13:00:00,0,0.5092918561097438,0.4907081438902562,Sell,59.507263,60.34234,59.507263,60.294163,20862
2023-12-26 14:00:00,0,0.49181364277552003,0.50818635722448,Hold,60.294163,60.800026,60.270073,60.623375,21791
2023-12-26 15:00:00,0,0.42384721153283045,0.5761527884671696,Hold,60.623375,60.76791,60.502934,60.615345,12115
2023-12-26 16:00:00,1,0.4355740010944556,0.5644259989055445,Hold,60.623375,61.065002,60.623375,61.024857,13299
2023-12-26 17:00:00,1,0.4002514379750853,0.5997485620249148,Hold,61.024857,61.169388,60.88032,60.960617,11189
2023-12-26 18:00:00,1,0.43088514044346826,0.5691148595565317,Hold,60.968647,61.097122,60.75185,61.089092,9188
2023-12-26 19:00:00,1,0.42334844513187064,0.5766515548681294,Hold,61.081062,61.137268,60.51899,60.5752,22421
2023-12-26 20:00:00,1,0.3784336593991779,0.621566340600822,Hold,60.5752,60.639435,60.302193,60.38249,10243
2023-12-26 21:00:00,1,0.40075671299110344,0.5992432870088966,Hold,60.38249,60.56717,60.278103,60.56717,5038
2023-12-26 23:00:00,1,0.37016712166598104,0.629832878334019,Hold,60.478844,60.55914,60.35037,60.430664,1269
2023-12-27 00:00:00,1,0.4035345148907984,0.5964654851092016,Hold,60.422638,60.462784,60.39052,60.422638,788
2023-12-27 01:00:00,1,0.4121749365790686,0.5878250634209314,Hold,60.422638,60.5752,60.34234,60.494904,4747
2023-12-27 02:00:00,1,0.3903420284112309,0.6096579715887691,Hold,60.494904,60.56717,60.37446,60.494904,2687
2023-12-27 03:00:00,1,0.45435933954922114,0.5456406604507789,Hold,60.494904,60.631405,60.462784,60.55111,2148
2023-12-27 04:00:00,1,0.45393459124520663,0.5460654087547934,Hold,60.55111,60.58323,60.510963,60.55914,875
2023-12-27 05:00:00,1,0.44169850924786325,0.5583014907521368,Hold,60.55111,60.623375,60.39855,60.54308,2933
2023-12-27 06:00:00,1,0.4537788683426954,0.5462211316573047,Hold,60.55914,60.687614,60.510963,60.671555,2502
2023-12-27 07:00:00,1,0.4262853497751038,0.5737146502248962,Hold,60.679585,60.687614,60.510963,60.54308,2676
2023-12-27 08:00:00,1,0.4361284532147601,0.5638715467852399,Hold,60.54308,60.687614,60.438694,60.647465,8071
2023-12-27 09:00:00,1,0.45732749121258903,0.5426725087874109,Hold,60.647465,60.75185,60.334312,60.494904,8017
2023-12-27 10:00:00,1,0.437647457255784,0.562352542744216,Hold,60.494904,60.55111,60.181747,60.278103,5876
2023-12-27 11:00:00,1,0.38533713538582026,0.6146628646141797,Hold,60.286133,60.34234,60.13357,60.286133,4750
2023-12-27 12:00:00,1,0.3969377099783509,0.6030622900216491,Hold,60.286133,60.462784,60.229927,60.37446,6558
2023-12-27 13:00:00,1,0.3997689564563464,0.6002310435436535,Hold,60.38249,60.39052,59.547413,60.254013,29773
2023-12-27 14:00:00,1,0.4177005119128711,0.5822994880871288,Hold,60.262043,60.54308,60.021156,60.14963,23922
2023-12-27 15:00:00,1,0.3910864483630305,0.6089135516369695,Hold,60.14963,60.35037,60.013126,60.13357,16155
2023-12-27 16:00:00,1,0.38836267336777935,0.6116373266322206,Hold,60.13357,60.245987,59.59559,59.74012,20845
2023-12-27 17:00:00,1,0.3882764166452009,0.6117235833547991,Hold,59.73209,59.884655,59.61165,59.699974,10134
2023-12-27 18:00:00,1,0.34947844040125386,0.6505215595987461,Hold,59.699974,59.876625,59.555443,59.57953,11544
2023-12-27 19:00:00,1,0.3401963600461833,0.6598036399538167,Hold,59.5715,59.699974,59.354702,59.467117,22166
2023-12-27 20:00:00,0,0.3475094893637078,0.6524905106362922,Hold,59.467117,59.539383,59.274406,59.290466,5136
2023-12-27 21:00:00,0,0.33180915731262517,0.6681908426873748,Hold,59.290466,59.394848,59.234257,59.274406,1833
2023-12-27 23:00:00,1,0.3624115139909643,0.6375884860090357,Hold,59.258347,59.451057,59.234257,59.443027,1014
2023-12-28 00:00:00,1,0.41280840780435657,0.5871915921956434,Hold,59.451057,59.555443,59.394848,59.531353,1419
2023-12-28 01:00:00,1,0.4197526411954547,0.5802473588045454,Hold,59.531353,59.74012,59.475143,59.651794,2856
2023-12-28 02:00:00,1,0.41825735333203184,0.5817426466679682,Hold,59.651794,59.724064,59.507263,59.547413,1311
2023-12-28 03:00:00,1,0.41578155494096897,0.5842184450590311,Hold,59.547413,59.5715,59.410908,59.459087,1420
2023-12-28 04:00:00,1,0.42255060612593925,0.5774493938740608,Hold,59.459087,59.483173,59.394848,59.402878,701
2023-12-28 05:00:00,1,0.43554177806089706,0.564458221939103,Hold,59.394848,59.58756,59.37076,59.555443,1319
2023-12-28 06:00:00,1,0.43589373594343717,0.5641062640565628,Hold,59.555443,59.643764,59.475143,59.60362,1696
2023-12-28 07:00:00,0,0.4404451109620201,0.5595548890379799,Hold,59.61165,59.61968,59.346672,59.37879,3338
2023-12-28 08:00:00,1,0.4434297453496753,0.5565702546503247,Hold,59.37879,59.651794,59.065636,59.20214,10103
2023-12-28 09:00:00,1,0.4095527556204415,0.5904472443795585,Hold,59.20214,59.250317,58.83278,59.15396,8590
2023-12-28 10:00:00,0,0.41410795031356623,0.5858920496864337,Hold,59.14593,59.14593,58.527653,58.80869,10990
2023-12-28 11:00:00,0,0.45212209597840664,0.5478779040215933,Hold,58.81672,58.945194,58.752483,58.85687,3275
2023-12-28 12:00:00,0,0.42782222851455776,0.5721777714854422,Hold,58.85687,58.937164,58.63204,58.929134,6608
2023-12-28 13:00:00,1,0.4455091126106322,0.5544908873893678,Hold,58.921104,59.20214,58.36706,59.15396,18812
2023-12-28 14:00:00,1,0.44101655868076994,0.5589834413192301,Hold,59.15396,59.218197,58.728394,59.12987,18977
2023-12-28 15:00:00,0,0.40382978704588157,0.5961702129541184,Hold,59.12184,59.250317,58.752483,58.77657,15222
2023-12-28 16:00:00,0,0.3831315627901054,0.6168684372098946,Hold,58.79263,59.298492,58.511593,58.583862,23760
2023-12-28 17:00:00,0,0.4001922112111788,0.5998077887888211,Hold,58.583862,58.84884,58.351,58.39918,15070
2023-12-28 18:00:00,0,0.2793506998714622,0.7206493001285378,Hold,58.40721,58.42327,57.684547,57.804993,25709
2023-12-28 19:00:00,0,0.28660389987444507,0.7133961001255549,Hold,57.813023,57.909374,57.588192,57.83711,23436
2023-12-28 20:00:00,0,0.2881090041764165,0.7118909958235835,Hold,57.82908,57.85317,57.692577,57.772873,3618
2023-12-28 21:00:00,0,0.36722616353890764,0.6327738364610924,Hold,57.764843,57.85317,57.716667,57.84514,1642
2023-12-28 23:00:00,0,0.34771004075578843,0.6522899592442115,Hold,57.804993,57.949524,57.788933,57.84514,1192
2023-12-29 00:00:00,0,0.35825324172934325,0.6417467582706567,Hold,57.84514,57.933464,57.788933,57.82105,1169
2023-12-29 01:00:00,0,0.36417974807605435,0.6358202519239456,Hold,57.804993,57.83711,57.596222,57.772873,3834
2023-12-29 02:00:00,0,0.3756399706054644,0.6243600293945356,Hold,57.772873,57.85317,57.692577,57.796963,1344
2023-12-29 03:00:00,0,0.3508309833280393,0.6491690166719607,Hold,57.796963,57.88529,57.676517,57.700607,1491
2023-12-29 04:00:00,0,0.3990817837936146,0.6009182162063854,Hold,57.692577,57.933464,57.507896,57.89332,3633
2023-12-29 05:00:00,0,0.3840798789233001,0.6159201210766999,Hold,57.89332,58.02179,57.82908,57.88529,1651
2023-12-29 06:00:00,0,0.3874708635586321,0.6125291364413679,Hold,57.88529,57.901344,57.732723,57.740753,1681
2023-12-29 07:00:00,0,0.41647124151087644,0.5835287584891236,Hold,57.740753,57.89332,57.740753,57.780903,2290
2023-12-29 08:00:00,0,0.42150648899749876,0.5784935110025012,Hold,57.780903,58.06997,57.764843,58.00573,5919
2023-12-29 09:00:00,0,0.44097050609219896,0.5590294939078011,Hold,58.00573,58.19041,57.917404,57.973614,5892
2023-12-29 10:00:00,0,0.3993147796150117,0.6006852203849883,Hold,57.965584,58.02179,57.556072,57.941494,7160
2023-12-29 11:00:00,0,0.37556469569908507,0.624435304300915,Hold,57.949524,57.9977,57.740753,57.84514,5798
2023-12-29 12:00:00,0,0.4145301779182308,0.5854698220817691,Hold,57.85317,57.941494,57.61228,57.909374,9871
2023-12-29 13:00:00,0,0.38616474820219626,0.6138352517978037,Hold,57.909374,58.118145,57.708637,58.02982,9896
2023-12-29 14:00:00,0,0.3743494943037065,0.6256505056962935,Hold,58.03785,58.310856,57.724697,58.06997,21490
2023-12-29 15:00:00,0,0.35789185438833254,0.6421081456116675,Hold,58.06194,58.134205,57.315186,57.588192,18005
2023-12-29 16:00:00,0,0.4244115292916231,0.5755884707083769,Hold,57.596222,58.086025,57.467747,57.523956,14518
2023-12-29 17:00:00,0,0.4052129931576761,0.5947870068423239,Hold,57.523956,57.9977,57.507896,57.796963,10163
2023-12-29 18:00:00,0,0.3915882838881109,0.6084117161118892,Hold,57.796963,57.86923,57.531986,57.676517,10132
2023-12-29 19:00:00,0,0.3685225268804281,0.6314774731195719,Hold,57.684547,57.82908,57.28307,57.491837,23565
2023-12-29 20:00:00,0,0.3969914371669989,0.6030085628330011,Hold,57.491837,57.507896,57.291096,57.315186,2564
2023-12-29 21:00:00,0,0.4047773443029243,0.5952226556970757,Hold,57.315186,57.331245,57.2108,57.27504,1511
2024-01-01 23:00:00,0,0.43285473918583406,0.5671452608141659,Hold,57.580162,58.03785,57.515926,57.780903,3240
2024-01-02 00:00:00,0,0.3876433872088107,0.6123566127911892,Hold,57.772873,57.89332,57.740753,57.788933,1060
2024-01-02 01:00:00,0,0.4169383261430409,0.5830616738569592,Hold,57.780903,58.567802,57.764843,58.16632,9083
2024-01-02 02:00:00,0,0.43497831635904155,0.5650216836409585,Hold,58.17435,58.447357,58.16632,58.334946,2909
2024-01-02 03:00:00,0,0.405553532332821,0.594446467667179,Hold,58.334946,58.487507,58.334946,58.37509,2425
2024-01-02 04:00:00,0,0.43816034880327337,0.5618396511967266,Hold,58.37509,58.455387,58.318886,58.431297,1118
2024-01-02 05:00:00,0,0.4375925020885782,0.5624074979114217,Hold,58.439327,58.535683,58.37509,58.519623,1536
2024-01-02 06:00:00,0,0.42382099528134404,0.5761790047186559,Hold,58.527653,58.62401,58.471447,58.567802,2593
2024-01-02 07:00:00,0,0.44977206228560607,0.5502279377143939,Hold,58.559772,58.575832,58.310856,58.351,3216
2024-01-02 08:00:00,0,0.4564973302933716,0.5435026697066284,Hold,58.351,58.567802,58.158295,58.519623,8716
2024-01-02 09:00:00,0,0.4655737373910778,0.5344262626089222,Hold,58.511593,58.752483,58.38312,58.696274,9193
2024-01-02 10:00:00,1,0.4282747278573887,0.5717252721426114,Hold,58.696274,59.00943,58.680218,59.0014,8126
2024-01-02 11:00:00,1,0.40777953026781244,0.5922204697321876,Hold,58.99337,59.049576,58.63204,58.80869,7671
2024-01-02 12:00:00,0,0.4040829991132332,0.5959170008867668,Hold,58.80869,58.96928,58.559772,58.744453,10236
2024-01-02 13:00:00,1,0.39494010655996264,0.6050598934400373,Hold,58.752483,59.12987,58.559772,59.02549,18943
2024-01-02 14:00:00,1,0.44455848559578126,0.5554415144042187,Hold,59.02549,59.057606,57.27504,57.531986,47594
2024-01-02 15:00:00,0,0.41834620385879345,0.5816537961412065,Hold,57.540016,57.925434,57.355335,57.44366,28950
2024-01-02 16:00:00,0,0.3872064574663596,0.6127935425336404,Hold,57.43563,57.596222,56.46405,56.897648,35898
2024-01-02 17:00:00,0,0.34680989744476204,0.653190102555238,Hold,56.905678,57.299126,56.65676,57.170654,15469
2024-01-02 18:00:00,0,0.35669790238034466,0.6433020976196553,Hold,57.170654,57.2108,56.4239,56.44799,17144
2024-01-02 19:00:00,0,0.31452833697869503,0.6854716630213049,Hold,56.43193,56.688877,56.25528,56.60055,21947
2024-01-02 20:00:00,0,0.28550561158714316,0.7144943884128568,Hold,56.60858,56.712967,56.528286,56.536316,5690
2024-01-02 21:00:00,0,0.32968687199664376,0.6703131280033563,Hold,56.528286,56.696907,56.512226,56.60858,2826
2024-01-02 23:00:00,0,0.3521621661551854,0.6478378338448145,Hold,56.60858,56.67282,56.552376,56.60858,1251
2024-01-03 00:00:00,0,0.30423058207909226,0.6957694179209077,Hold,56.60055,56.6407,56.568436,56.62464,1075
2024-01-03 01:00:00,0,0.31881176902022823,0.6811882309797718,Hold,56.62464,56.769173,56.45602,56.47208,3741
2024-01-03 02:00:00,0,0.3205179287019642,0.6794820712980358,Hold,56.46405,56.576466,56.45602,56.552376,886
2024-01-03 03:00:00,0,0.3021425022530917,0.6978574977469083,Hold,56.544346,56.60858,56.43193,56.49617,1379
2024-01-03 04:00:00,0,0.31848144242043613,0.6815185575795639,Hold,56.48814,56.512226,56.45602,56.48011,450
2024-01-03 05:00:00,0,0.3094158203535448,0.6905841796464551,Hold,56.47208,56.48011,56.27134,56.43193,1996
2024-01-03 06:00:00,0,0.32767859604459315,0.6723214039554068,Hold,56.43996,56.6407,56.343605,56.528286,2629
2024-01-03 07:00:00,0,0.3130957472632141,0.6869042527367859,Hold,56.512226,56.528286,56.231194,56.26331,2866
2024-01-03 08:00:00,0,0.2952325990096917,0.7047674009903083,Hold,56.25528,56.2874,55.934097,56.174984,11257
2024-01-03 09:00:00,0,0.2935738819202729,0.7064261180797271,Hold,56.166954,56.343605,55.628975,56.174984,13113
2024-01-03 10:00:00,0,0.3038217497055452,0.6961782502944548,Hold,56.174984,56.367695,56.038483,56.054543,8145
2024-01-03 11:00:00,0,0.34960243748425557,0.6503975625157444,Hold,56.062572,56.576466,56.062572,56.552376,7178
2024-01-03 12:00:00,0,0.3197737483251956,0.6802262516748043,Hold,56.552376,57.05021,56.4239,56.994003,16267
2024-01-03 13:00:00,0,0.31907202481331703,0.680927975186683,Hold,56.985973,57.202774,56.67282,56.745087,17813
2024-01-03 14:00:00,0,0.32639476525473576,0.6736052347452642,Hold,56.745087,57.925434,56.60055,57.88529,38202
2024-01-03 15:00:00,0,0.324670219454548,0.675329780545452,Hold,57.88529,58.519623,57.8612,58.479477,43977
2024-01-03 16:00:00,0,0.3142140570072141,0.685785942992786,Hold,58.479477,58.535683,57.917404,58.126175,24133
2024-01-03 17:00:00,0,0.3380763588092415,0.6619236411907585,Hold,58.118145,58.326916,58.01376,58.262676,14266
2024-01-03 18:00:00,0,0.31019715505878515,0.6898028449412148,Hold,58.270706,58.519623,58.254646,58.37509,12685
2024-01-03 19:00:00,0,0.26431686354236333,0.7356831364576366,Hold,58.36706,58.511593,58.23859,58.487507,20955
2024-01-03 20:00:00,0,0.26200730772003394,0.737992692279966,Hold,58.479477,58.768543,58.463417,58.640068,6488
2024-01-03 21:00:00,0,0.27841142979747163,0.7215885702025284,Hold,58.640068,58.80066,58.39918,58.63204,3327
2024-01-03 23:00:00,0,0.2877071164443757,0.7122928835556244,Hold,58.648098,58.688244,58.60795,58.656128,927
2024-01-04 00:00:00,0,0.30196205361086487,0.6980379463891351,Hold,58.656128,58.728394,58.543713,58.720364,1600
2024-01-04 01:00:00,0,0.30398431958707545,0.6960156804129245,Hold,58.720364,58.84081,58.535683,58.720364,3810
2024-01-04 02:00:00,0,0.31388352330256136,0.6861164766974386,Hold,58.720364,58.744453,58.559772,58.567802,1553
2024-01-04 03:00:00,0,0.32474594296304066,0.6752540570369594,Hold,58.567802,58.672188,58.535683,58.648098,1282
2024-01-04 04:00:00,0,0.35124546114180516,0.6487545388581948,Hold,58.648098,58.80869,58.63204,58.768543,1282
2024-01-04 05:00:00,0,0.32377188417146097,0.676228115828539,Hold,58.768543,58.937164,58.744453,58.937164,1358
2024-01-04 06:00:00,0,0.2882290869802121,0.7117709130197879,Hold,58.937164,58.99337,58.872925,58.929134,2073
2024-01-04 07:00:00,0,0.29004314936105385,0.7099568506389462,Hold,58.921104,58.96928,58.81672,58.85687,2972
2024-01-04 08:00:00,1,0.33332351712527986,0.6666764828747201,Hold,58.85687,59.242287,58.85687,59.210167,10662
2024-01-04 09:00:00,1,0.3468022609425703,0.6531977390574297,Hold,59.20214,59.418938,58.85687,58.99337,11349
2024-01-04 10:00:00,1,0.34445329489949716,0.6555467051005028,Hold,58.97731,59.18608,58.872925,58.929134,6165
2024-01-04 11:00:00,1,0.3358976660345008,0.6641023339654992,Hold,58.937164,59.057606,58.897015,59.033516,3996
2024-01-04 12:00:00,1,0.329700501118683,0.670299498881317,Hold,59.033516,59.089725,58.864895,58.888985,6542
2024-01-04 13:00:00,1,0.3085893417808084,0.6914106582191917,Hold,58.897015,59.081696,58.487507,58.929134,18795
2024-01-04 14:00:00,1,0.27680269419744813,0.7231973058025518,Hold,58.937164,58.937164,58.19844,58.535683,36385
2024-01-04 15:00:00,0,0.29717163390200113,0.7028283660979988,Hold,58.535683,58.728394,57.957554,58.01376,26073
2024-01-04 16:00:00,0,0.25218734429416945,0.7478126557058306,Hold,57.9977,58.01376,57.05824,57.28307,47685
2024-01-04 17:00:00,0,0.2558925839769725,0.7441074160230274,Hold,57.27504,58.02982,57.09036,57.949524,24864
2024-01-04 18:00:00,0,0.20941924007374005,0.79058075992626,Hold,57.941494,58.17435,57.8612,57.98967,17899
2024-01-04 19:00:00,0,0.1920018334756573,0.8079981665243428,Hold,57.981644,58.06997,57.748783,57.85317,17601
2024-01-04 20:00:00,0,0.21388888741983716,0.7861111125801629,Hold,57.85317,58.150265,57.804993,58.094055,5269
2024-01-04 21:00:00,0,0.20182974667087847,0.7981702533291215,Hold,58.110115,58.158295,58.06997,58.134205,1640
2024-01-04 23:00:00,0,0.19128796788298605,0.8087120321170139,Hold,58.134205,58.158295,58.02179,58.05391,869
2024-01-05 00:00:00,0,0.2583454729663816,0.7416545270336183,Hold,58.05391,58.150265,57.981644,58.134205,906
2024-01-05 01:00:00,0,0.27130864290704715,0.7286913570929529,Hold,58.126175,58.41524,58.118145,58.326916,3759
2024-01-05 02:00:00,0,0.25961360984522175,0.7403863901547783,Hold,58.318886,58.439327,58.23859,58.36706,2378
2024-01-05 03:00:00,0,0.25240479821844247,0.7475952017815575,Hold,58.36706,58.42327,58.278736,58.286766,1143
2024-01-05 04:00:00,0,0.24578228477532627,0.7542177152246737,Hold,58.286766,58.39115,58.286766,58.37509,599
2024-01-05 05:00:00,0,0.25914972016710686,0.7408502798328931,Hold,58.38312,58.479477,58.286766,58.318886,1680
2024-01-05 06:00:00,0,0.2782952634865635,0.7217047365134365,Hold,58.326916,58.503567,58.326916,58.39115,1636
2024-01-05 07:00:00,0,0.26126299537915504,0.738737004620845,Hold,58.39115,58.40721,58.23859,58.351,2573
2024-01-05 08:00:00,0,0.30681340884615677,0.6931865911538433,Hold,58.351,58.519623,58.126175,58.487507,8557
2024-01-05 09:00:00,0,0.3083198651868513,0.6916801348131487,Hold,58.495537,58.7846,58.439327,58.60795,7227
2024-01-05 10:00:00,0,0.31338961374543284,0.6866103862545672,Hold,58.60795,58.688244,58.23056,58.294796,6382
2024-01-05 11:00:00,0,0.32476961626360024,0.6752303837363998,Hold,58.294796,58.487507,58.18238,58.37509,5382
2024-01-05 12:00:00,0,0.302056898771236,0.697943101228764,Hold,58.38312,58.60795,58.302826,58.495537,5500
2024-01-05 13:00:00,0,0.2620921023362712,0.7379078976637288,Hold,58.495537,59.073666,58.471447,58.98534,21172
2024-01-05 14:00:00,1,0.30551314137739083,0.6944868586226092,Hold,58.99337,59.515293,58.752483,59.386818,45632
2024-01-05 15:00:00,0,0.29178069531165934,0.7082193046883407,Hold,59.386818,59.61165,58.85687,59.065636,29400
2024-01-05 16:00:00,1,0.3100821642686151,0.6899178357313849,Hold,59.057606,59.60362,59.033516,59.386818,22579
2024-01-05 17:00:00,1,0.29123016574462435,0.7087698342553757,Hold,59.394848,59.394848,58.929134,59.113815,13597
2024-01-05 18:00:00,1,0.35247696342005125,0.6475230365799487,Hold,59.113815,59.394848,59.00943,59.37076,10445
2024-01-05 19:00:00,1,0.3125576298011771,0.6874423701988229,Hold,59.37076,59.426968,59.14593,59.17805,17202
2024-01-05 20:00:00,1,0.3512546996477994,0.6487453003522006,Hold,59.17805,59.362732,59.16199,59.354702,3599
2024-01-05 21:00:00,1,0.35065214720713594,0.649347852792864,Hold,59.354702,59.410908,59.306522,59.37879,2009
2024-01-07 23:00:00,1,0.3277945480769805,0.6722054519230195,Hold,59.02549,59.37879,58.85687,59.242287,2995
2024-01-08 00:00:00,1,0.32701968929209474,0.6729803107079053,Hold,59.234257,59.298492,59.12184,59.18608,1524
2024-01-08 01:00:00,1,0.37385098569019687,0.6261490143098032,Hold,59.18608,59.19411,58.872925,58.880955,3774
2024-01-08 02:00:00,1,0.38300790057880885,0.6169920994211912,Hold,58.880955,58.905045,58.535683,58.567802,4175
2024-01-08 03:00:00,1,0.36451805677830856,0.6354819432216914,Hold,58.575832,58.62401,58.495537,58.591892,2532
2024-01-08 04:00:00,0,0.34255313030389645,0.6574468696961036,Hold,58.591892,58.59992,58.463417,58.479477,1921
2024-01-08 05:00:00,0,0.3921340224062911,0.607865977593709,Hold,58.479477,58.543713,58.302826,58.34297,2776
2024-01-08 06:00:00,0,0.4148944394318904,0.5851055605681096,Hold,58.334946,58.471447,58.310856,58.431297,2539
2024-01-08 07:00:00,1,0.40285090419790703,0.597149095802093,Hold,58.431297,58.680218,58.39115,58.62401,3899
2024-01-08 08:00:00,1,0.40688554069024196,0.593114459309758,Hold,58.62401,58.81672,58.471447,58.704304,8292
2024-01-08 09:00:00,1,0.4067937184251558,0.5932062815748442,Hold,58.704304,58.752483,58.40721,58.551743,6378
2024-01-08 10:00:00,0,0.3793149465494611,0.6206850534505389,Hold,58.543713,58.543713,57.644398,57.660458,15770
2024-01-08 11:00:00,0,0.3804476146221829,0.6195523853778171,Hold,57.668488,57.668488,57.41957,57.652428,13062
2024-01-08 12:00:00,0,0.3737213888197457,0.6262786111802543,Hold,57.644398,57.780903,57.41154,57.660458,9584
2024-01-08 13:00:00,0,0.3807744022397225,0.6192255977602775,Hold,57.652428,57.652428,57.08233,57.28307,26576
2024-01-08 14:00:00,0,0.349339683842733,0.650660316157267,Hold,57.28307,57.28307,56.31149,56.64873,55112
2024-01-08 15:00:00,0,0.3628558240222011,0.6371441759777989,Hold,56.64873,57.146564,56.383755,56.817352,30745
2024-01-08 16:00:00,0,0.34827982548464875,0.6517201745153512,Hold,56.825382,56.937798,56.4239,56.46405,20730
2024-01-08 17:00:00,0,0.33917633425652993,0.6608236657434701,Hold,56.45602,56.63267,56.335575,56.528286,13856
2024-01-08 18:00:00,0,0.36271461661553456,0.6372853833844654,Hold,56.536316,56.688877,56.44799,56.6407,11195
2024-01-08 19:00:00,0,0.3558012671053834,0.6441987328946166,Hold,56.6407,57.06627,56.62464,57.03415,25873
2024-01-08 20:00:00,0,0.34009770600243616,0.6599022939975638,Hold,57.03415,57.0743,56.969913,57.03415,5160
2024-01-08 21:00:00,0,0.35816172701124527,0.6418382729887547,Hold,57.026123,57.05021,56.841442,56.945824,2004
2024-01-08 23:00:00,0,0.3718876631093434,0.6281123368906566,Hold,56.937798,57.002033,56.785233,56.801292,1293
2024-01-09 00:00:00,0,0.4348932184303885,0.5651067815696116,Hold,56.809322,57.04218,56.793262,56.945824,1429
2024-01-09 01:00:00,0,0.4337057547541225,0.5662942452458775,Hold,56.945824,57.018093,56.696907,56.945824,3079
2024-01-09 02:00:00,0,0.4432218817302013,0.5567781182697987,Hold,56.937798,57.08233,56.905678,56.961884,1919
2024-01-09 03:00:00,0,0.4700515794859773,0.5299484205140227,Hold,56.953854,57.06627,56.881588,56.929768,1310
2024-01-09 04:00:00,0,0.4459397357248274,0.5540602642751726,Hold,56.929768,56.929768,56.825382,56.86553,817
2024-01-09 05:00:00,0,0.42897874878787645,0.5710212512121235,Hold,56.873558,56.889618,56.584496,56.66479,2572
2024-01-09 06:00:00,0,0.42392772137675616,0.5760722786232438,Hold,56.66479,56.737057,56.60858,56.704937,2038
2024-01-09 07:00:00,0,0.4401111384671106,0.5598888615328894,Hold,56.704937,57.002033,56.704937,56.977943,3325
2024-01-09 08:00:00,0,0.4485877216499836,0.5514122783500164,Hold,56.977943,57.475777,56.969913,57.4276,10965
2024-01-09 09:00:00,0,0.3859827178054632,0.6140172821945368,Hold,57.4276,57.8612,57.347305,57.82105,11542
2024-01-09 10:00:00,0,0.3701355914489897,0.6298644085510103,Hold,57.82105,58.04588,57.780903,57.89332,9650
2024-01-09 11:00:00,0,0.4057980671033558,0.5942019328966441,Hold,57.89332,58.19041,57.83711,58.158295,7062
2024-01-09 12:00:00,0,0.3907990880464579,0.6092009119535421,Hold,58.150265,58.326916,58.086025,58.20647,10722
2024-01-09 13:00:00,0,0.38484796574923696,0.615152034250763,Hold,58.2145,58.559772,57.700607,57.804993,27452
2024-01-09 14:00:00,0,0.35842700032947605,0.641572999670524,Hold,57.804993,58.077995,57.315186,57.660458,32820
2024-01-09 15:00:00,0,0.35304930694302555,0.6469506930569744,Hold,57.660458,57.86923,57.363365,57.556072,24369
2024-01-09 16:00:00,0,0.4069988373648794,0.5930011626351206,Hold,57.556072,58.41524,57.45972,58.351,27535
2024-01-09 17:00:00,0,0.344964657480737,0.655035342519263,Hold,58.351,58.42327,58.077995,58.36706,13860
2024-01-09 18:00:00,0,0.3464557699371289,0.6535442300628711,Hold,58.36706,58.439327,58.086025,58.41524,12355
2024-01-09 19:00:00,0,0.4444358207001111,0.5555641792998889,Hold,58.40721,58.40721,57.86923,57.957554,21966
2024-01-09 20:00:00,0,0.37161037679853387,0.6283896232014661,Hold,57.957554,57.981644,57.85317,57.933464,3278
2024-01-09 21:00:00,0,0.4022882338313566,0.5977117661686434,Hold,57.933464,58.05391,57.933464,57.9977,1746
2024-01-09 23:00:00,0,0.39253806203581104,0.607461937964189,Hold,57.949524,58.00573,57.909374,57.949524,624
2024-01-10 00:00:00,0,0.4121058470549925,0.5878941529450075,Hold,57.949524,58.01376,57.925434,58.00573,613
2024-01-10 01:00:00,0,0.4353274781324327,0.5646725218675672,Hold,58.01376,58.302826,58.00573,58.20647,2945
2024-01-10 02:00:00,0,0.4121604655706558,0.5878395344293442,Hold,58.2145,58.34297,58.16632,58.262676,1741
2024-01-10 03:00:00,0,0.38691707510595097,0.613082924894049,Hold,58.262676,58.262676,58.158295,58.2145,1071
2024-01-10 04:00:00,0,0.3797082046897948,0.6202917953102052,Hold,58.2145,58.310856,58.19844,58.286766,632
2024-01-10 05:00:00,0,0.40738557043208035,0.5926144295679197,Hold,58.294796,58.334946,58.22253,58.294796,1162
2024-01-10 06:00:00,0,0.40303924904318295,0.5969607509568171,Hold,58.294796,58.35903,58.20647,58.254646,1712
2024-01-10 07:00:00,0,0.37923458203900784,0.6207654179609922,Hold,58.254646,58.40721,58.06194,58.077995,3626
2024-01-10 08:00:00,0,0.4104585758353077,0.5895414241646924,Hold,58.086025,58.254646,57.83711,57.88529,9388
2024-01-10 09:00:00,0,0.4466326340834208,0.5533673659165792,Hold,57.88529,57.981644,57.564102,57.63637,8888
2024-01-10 10:00:00,0,0.44269430245805336,0.5573056975419466,Hold,57.62031,58.094055,57.540016,57.9977,8565
2024-01-10 11:00:00,0,0.4218307738035256,0.5781692261964744,Hold,57.98967,58.2145,57.933464,58.18238,4504
2024-01-10 12:00:00,0,0.5105736714794806,0.48942632852051937,Sell,58.19844,58.712334,58.06194,58.664158,9792
2024-01-10 13:00:00,1,0.4540550153608408,0.5459449846391592,Hold,58.672188,58.99337,58.511593,58.85687,24780
2024-01-10 14:00:00,1,0.3955832136121004,0.6044167863878995,Hold,58.84884,58.921104,58.431297,58.77657,23779
2024-01-10 15:00:00,0,0.37240147050277667,0.6275985294972233,Hold,58.77657,59.089725,57.933464,57.981644,36485
2024-01-10 16:00:00,0,0.3841371989442479,0.6158628010557521,Hold,57.981644,58.254646,57.740753,58.02179,28452
2024-01-10 17:00:00,0,0.3909960525302072,0.6090039474697928,Hold,58.01376,58.094055,57.10642,57.178684,27651
2024-01-10 18:00:00,0,0.41796133894236104,0.5820386610576389,Hold,57.178684,57.41154,57.018093,57.307156,19814
2024-01-10 19:00:00,0,0.378924672021898,0.621075327978102,Hold,57.307156,57.38745,57.146564,57.25898,16077
2024-01-10 20:00:00,0,0.40817451066197813,0.5918254893380219,Hold,57.25898,57.291096,57.194744,57.22686,3684
2024-01-10 21:00:00,0,0.41097992984621673,0.5890200701537833,Hold,57.21883,57.307156,57.21883,57.26701,1797
2024-01-10 23:00:00,0,0.37973383006257855,0.6202661699374215,Hold,57.27504,57.291096,57.162624,57.2108,981
2024-01-11 00:00:00,0,0.46036116060808374,0.5396388393919163,Hold,57.21883,57.25898,57.146564,57.25095,890
2024-01-11 01:00:00,0,0.5377426601896248,0.4622573398103752,Sell,57.25095,57.572132,57.194744,57.45169,4920
2024-01-11 02:00:00,0,0.4824025800828998,0.5175974199171002,Hold,57.44366,57.588192,57.371395,57.38745,2198
2024-01-11 03:00:00,0,0.49317214273267335,0.5068278572673266,Hold,57.37942,57.556072,57.331245,57.507896,1570
2024-01-11 04:00:00,0,0.45386585945037705,0.546134140549623,Hold,57.499866,57.548046,57.483807,57.548046,587
2024-01-11 05:00:00,0,0.4862302006740399,0.5137697993259601,Hold,57.548046,57.748783,57.523956,57.676517,2526
2024-01-11 06:00:00,0,0.4769804864817076,0.5230195135182925,Hold,57.676517,57.813023,57.62031,57.724697,2283
2024-01-11 07:00:00,0,0.4459456733066855,0.5540543266933144,Hold,57.732723,57.813023,57.596222,57.660458,2884
2024-01-11 08:00:00,0,0.46827379960848897,0.5317262003915111,Hold,57.652428,57.772873,57.25898,57.652428,8947
2024-01-11 09:00:00,0,0.46732351004802336,0.5326764899519767,Hold,57.644398,58.35903,57.60425,58.326916,14904
2024-01-11 10:00:00,0,0.44835612890664445,0.5516438710933556,Hold,58.334946,58.503567,58.142235,58.24662,8482
2024-01-11 11:00:00,0,0.47134069475416973,0.5286593052458303,Hold,58.254646,58.479477,58.02179,58.439327,7145
2024-01-11 12:00:00,0,0.4383347976127049,0.5616652023872951,Hold,58.439327,58.519623,58.351,58.439327,5780
2024-01-11 13:00:00,0,0.4782742564183034,0.5217257435816967,Hold,58.439327,58.591892,58.05391,58.262676,21992
2024-01-11 14:00:00,0,0.45337964565357297,0.546620354346427,Hold,58.262676,58.84081,58.158295,58.760513,32067
2024-01-11 15:00:00,0,0.5202105868038812,0.4797894131961188,Sell,58.760513,59.20214,58.551743,59.17002,26417
2024-01-11 16:00:00,0,0.42176045983173016,0.5782395401682698,Hold,59.16199,59.266376,58.760513,58.79263,22267
2024-01-11 17:00:00,0,0.43053486242057865,0.5694651375794213,Hold,58.79263,58.81672,58.01376,58.077995,27704
2024-01-11 18:00:00,0,0.4418318990909292,0.5581681009090709,Hold,58.086025,58.19041,57.644398,57.804993,22421
2024-01-11 19:00:00,0,0.43274591076161356,0.5672540892383864,Hold,57.804993,57.98967,57.724697,57.89332,21256
2024-01-11 20:00:00,0,0.420093832983852,0.579906167016148,Hold,57.89332,58.158295,57.84514,58.134205,5076
2024-01-11 21:00:00,0,0.45015564326306906,0.5498443567369309,Hold,58.126175,58.519623,58.126175,58.495537,4493
2024-01-11 23:00:00,0,0.49443710106515776,0.5055628989348422,Hold,58.62401,58.96928,58.535683,58.937164,3443
2024-01-12 00:00:00,0,0.38936767087023744,0.6106323291297626,Hold,58.945194,59.19411,58.79263,58.937164,3940
2024-01-12 01:00:00,0,0.4283926893685778,0.5716073106314222,Hold,58.937164,59.394848,58.84884,59.258347,6538
2024-01-12 02:00:00,0,0.40280303435457804,0.5971969656454219,Hold,59.266376,59.290466,58.921104,59.226227,4738
2024-01-12 03:00:00,0,0.3468740674481669,0.653125932551833,Hold,59.234257,59.290466,58.913074,58.945194,3129
2024-01-12 04:00:00,0,0.36178146844438763,0.6382185315556124,Hold,58.95322,58.96125,58.768543,58.913074,2837
2024-01-12 05:00:00,0,0.35970071282511207,0.6402992871748879,Hold,58.905045,59.105785,58.864895,59.073666,2544
2024-01-12 06:00:00,0,0.3308500302588428,0.6691499697411571,Hold,59.073666,59.242287,59.02549,59.14593,2967
2024-01-12 07:00:00,0,0.35786163152843026,0.6421383684715698,Hold,59.14593,59.242287,58.95322,59.14593,5111
2024-01-12 08:00:00,0,0.42701220440001963,0.5729877955999804,Hold,59.14593,59.426968,59.1379,59.266376,14300
2024-01-12 09:00:00,0,0.4977059529538777,0.5022940470461223,Hold,59.266376,59.63574,58.96928,59.61165,15373
2024-01-12 10:00:00,1,0.4799744109896158,0.5200255890103842,Hold,59.61968,60.278103,59.531353,60.15766,17718
2024-01-12 11:00:00,1,0.41096541226547145,0.5890345877345285,Hold,60.14963,60.422638,60.085392,60.12554,16193
2024-01-12 12:00:00,1,0.42200026570499005,0.57799973429501,Hold,60.13357,60.16569,59.76421,59.868595,11311
2024-01-12 13:00:00,1,0.40556272181824743,0.5944372781817526,Hold,59.876625,59.9248,59.451057,59.60362,21015
2024-01-12 14:00:00,1,0.4054457327094411,0.5945542672905588,Hold,59.60362,59.98904,59.18608,59.58756,30267
2024-01-12 15:00:00,1,0.36135464337054357,0.6386453566294564,Hold,59.58756,59.63574,58.84081,59.12987,30168
2024-01-12 16:00:00,0,0.2968618730808223,0.7031381269191777,Hold,59.12184,59.17805,58.495537,58.583862,28655
2024-01-12 17:00:00,0,0.29627410720672864,0.7037258927932714,Hold,58.575832,58.575832,58.102085,58.262676,20212
2024-01-12 18:00:00,0,0.2883676517455559,0.7116323482544441,Hold,58.262676,58.656128,58.262676,58.63204,13182
2024-01-12 19:00:00,0,0.3096935654430515,0.6903064345569485,Hold,58.63204,58.63204,58.262676,58.326916,19649
2024-01-12 20:00:00,0,0.3270687929343605,0.6729312070656395,Hold,58.326916,58.487507,58.286766,58.40721,4274
2024-01-12 21:00:00,0,0.3352505653687732,0.6647494346312268,Hold,58.39918,58.479477,58.36706,58.42327,2078
2024-01-14 23:00:00,0,0.3173726402511996,0.6826273597488004,Hold,58.318886,58.326916,57.85317,58.270706,3605
2024-01-15 00:00:00,0,0.3105161775229124,0.6894838224770876,Hold,58.262676,58.318886,58.17435,58.278736,1279
2024-01-15 01:00:00,0,0.28455521897858904,0.715444781021411,Hold,58.286766,58.40721,58.02179,58.23859,4029
2024-01-15 02:00:00,0,0.3391668208588121,0.6608331791411879,Hold,58.24662,58.511593,58.23859,58.487507,2025
2024-01-15 03:00:00,0,0.2797782252310782,0.7202217747689218,Hold,58.495537,58.543713,58.40721,58.41524,1275
2024-01-15 04:00:00,0,0.34668949346789485,0.6533105065321052,Hold,58.40721,58.463417,58.37509,58.447357,700
2024-01-15 05:00:00,0,0.3297663995540479,0.6702336004459521,Hold,58.439327,58.487507,58.35903,58.38312,1277
2024-01-15 06:00:00,0,0.338196866787312,0.661803133212688,Hold,58.38312,58.431297,58.270706,58.318886,2297
2024-01-15 07:00:00,0,0.3564579002148515,0.6435420997851484,Hold,58.318886,58.559772,58.286766,58.479477,2924
2024-01-15 08:00:00,0,0.3334478988304702,0.6665521011695298,Hold,58.471447,58.487507,58.110115,58.150265,6613
2024-01-15 09:00:00,0,0.31884936812057574,0.6811506318794243,Hold,58.150265,58.22253,57.84514,57.89332,5650
2024-01-15 10:00:00,0,0.2942580308391996,0.7057419691608005,Hold,57.89332,57.98967,57.813023,57.86923,5288
2024-01-15 11:00:00,0,0.3052752830585847,0.6947247169414152,Hold,57.87726,57.957554,57.700607,57.748783,3926
2024-01-15 12:00:00,0,0.33845458026441494,0.661545419735585,Hold,57.740753,57.740753,57.347305,57.38745,8091
2024-01-15 13:00:00,0,0.3270604359806825,0.6729395640193174,Hold,57.37942,57.652428,57.194744,57.62834,10787
2024-01-15 14:00:00,0,0.3186100928119129,0.6813899071880871,Hold,57.62834,57.98967,57.580162,57.82908,14067
2024-01-15 15:00:00,0,0.3475754304864195,0.6524245695135805,Hold,57.82908,57.87726,57.523956,57.764843,7569
2024-01-15 16:00:00,0,0.3011461320490931,0.6988538679509069,Hold,57.756813,58.270706,57.708637,58.110115,11514
2024-01-15 17:00:00,0,0.3112370111010835,0.6887629888989165,Hold,58.110115,58.262676,57.949524,58.16632,5545
2024-01-15 18:00:00,0,0.23282571363746263,0.7671742863625374,Hold,58.16632,58.2145,58.102085,58.150265,1325
2024-01-15 19:00:00,0,0.267021565707199,0.732978434292801,Hold,58.16632,58.23056,58.126175,58.2145,783
2024-01-15 23:00:00,0,0.2856375434016752,0.7143624565983249,Hold,58.471447,58.59992,58.270706,58.36706,3497
2024-01-16 00:00:00,0,0.2863124639242163,0.7136875360757837,Hold,58.35903,58.487507,58.310856,58.34297,988
2024-01-16 01:00:00,0,0.2730373156821,0.7269626843179,Hold,58.34297,58.37509,57.925434,58.03785,3826
2024-01-16 02:00:00,0,0.2840994345913509,0.7159005654086491,Hold,58.02982,58.158295,57.965584,58.03785,1382
2024-01-16 03:00:00,0,0.4063621764720521,0.5936378235279479,Hold,58.02982,58.318886,57.949524,58.278736,2961
2024-01-16 04:00:00,0,0.36414912721239506,0.6358508727876049,Hold,58.278736,58.318886,58.19041,58.254646,1331
2024-01-16 05:00:00,0,0.32397402457593466,0.6760259754240654,Hold,58.24662,58.262676,58.02179,58.118145,1410
2024-01-16 06:00:00,0,0.38874625703294446,0.6112537429670555,Hold,58.110115,58.262676,58.06997,58.254646,1667
2024-01-16 07:00:00,0,0.3394286346434218,0.6605713653565781,Hold,58.24662,58.294796,57.98967,58.126175,3225
2024-01-16 08:00:00,0,0.3790610310168559,0.6209389689831442,Hold,58.134205,58.519623,57.909374,58.479477,11163
2024-01-16 09:00:00,0,0.33639142615150347,0.6636085738484965,Hold,58.471447,58.567802,58.16632,58.39115,6850
2024-01-16 10:00:00,0,0.3741178926276202,0.6258821073723798,Hold,58.39115,58.929134,58.39115,58.664158,9965
2024-01-16 11:00:00,0,0.36230485618921277,0.6376951438107872,Hold,58.648098,58.760513,58.36706,58.535683,5912
2024-01-16 12:00:00,0,0.3741405246496301,0.6258594753503699,Hold,58.535683,58.752483,58.439327,58.60795,5174
2024-01-16 13:00:00,1,0.4127268469344906,0.5872731530655094,Hold,58.59992,59.065636,58.23859,58.34297,22860
2024-01-16 14:00:00,0,0.36643179172886275,0.6335682082711372,Hold,58.334946,58.664158,57.909374,57.949524,21220
2024-01-16 15:00:00,0,0.3992899248704589,0.6007100751295411,Hold,57.949524,58.142235,57.580162,57.83711,20454
2024-01-16 16:00:00,0,0.4493012836282995,0.5506987163717005,Hold,57.83711,58.591892,57.62031,58.351,20820
2024-01-16 17:00:00,0,0.3831783966783931,0.616821603321607,Hold,58.351,58.447357,57.692577,57.909374,14755
2024-01-16 18:00:00,0,0.3559940367590674,0.6440059632409326,Hold,57.909374,58.102085,57.748783,57.917404,10165
2024-01-16 19:00:00,0,0.41826635295958176,0.5817336470404182,Hold,57.917404,58.270706,57.788933,58.03785,15933
2024-01-16 20:00:00,0,0.38439215573770563,0.6156078442622943,Hold,58.04588,58.05391,57.708637,57.708637,3197
2024-01-16 21:00:00,0,0.3999718072225098,0.6000281927774902,Hold,57.716667,57.796963,57.63637,57.740753,2098
2024-01-16 23:00:00,0,0.43163004587133386,0.5683699541286662,Hold,57.813023,57.85317,57.724697,57.748783,926
2024-01-17 00:00:00,0,0.45493023995851095,0.5450697600414891,Hold,57.756813,57.796963,57.732723,57.748783,480
2024-01-17 01:00:00,0,0.49211720657892133,0.5078827934210787,Hold,57.748783,57.813023,57.515926,57.668488,2996
2024-01-17 02:00:00,0,0.45621174994459407,0.5437882500554059,Hold,57.668488,57.84514,57.644398,57.676517,1718
2024-01-17 03:00:00,0,0.5044558890895554,0.4955441109104446,Sell,57.676517,57.82908,57.676517,57.692577,982
2024-01-17 04:00:00,0,0.509061561889524,0.490938438110476,Sell,57.684547,57.700607,57.62834,57.668488,763
2024-01-17 05:00:00,0,0.5271254970782319,0.47287450292176814,Sell,57.660458,57.764843,57.531986,57.756813,1421
2024-01-17 06:00:00,0,0.5183085484484077,0.4816914515515923,Sell,57.756813,57.804993,57.596222,57.684547,1380
2024-01-17 07:00:00,0,0.5347213216625688,0.4652786783374312,Sell,57.676517,57.676517,57.467747,57.531986,2652
2024-01-17 08:00:00,0,0.5180217588455286,0.4819782411544714,Sell,57.540016,57.548046,57.05021,57.146564,9838
2024-01-17 09:00:00,0,0.41446614036604706,0.585533859633953,Hold,57.154594,57.38745,56.704937,56.809322,10871
2024-01-17 10:00:00,0,0.442298928682095,0.5577010713179049,Hold,56.809322,57.09839,56.761147,56.977943,5795
2024-01-17 11:00:00,0,0.3925260904926199,0.6074739095073801,Hold,56.977943,57.162624,56.769173,57.138535,4715
2024-01-17 12:00:00,0,0.372843738057824,0.627156261942176,Hold,57.146564,57.186714,56.881588,56.929768,4701
2024-01-17 13:00:00,0,0.32306109889202933,0.6769389011079707,Hold,56.937798,57.010063,56.66479,56.841442,10679
2024-01-17 14:00:00,0,0.39530211152958294,0.604697888470417,Hold,56.841442,57.27504,56.60858,57.154594,18723
2024-01-17 15:00:00,0,0.2856825720275271,0.7143174279724729,Hold,57.146564,57.732723,56.913708,57.540016,21731
2024-01-17 16:00:00,0,0.2807179784139272,0.7192820215860728,Hold,57.548046,58.06194,57.491837,57.564102,19680
2024-01-17 17:00:00,0,0.33618479874248136,0.6638152012575187,Hold,57.564102,57.87726,57.4276,57.499866,10014
2024-01-17 18:00:00,0,0.2942522818131549,0.7057477181868451,Hold,57.499866,58.102085,57.45169,58.06997,11388
2024-01-17 19:00:00,0,0.30902079353499956,0.6909792064650004,Hold,58.06194,58.431297,58.05391,58.39115,17753
2024-01-17 20:00:00,0,0.27751158791656144,0.7224884120834385,Hold,58.39918,58.471447,58.34297,58.447357,3948
2024-01-17 21:00:00,0,0.30964935045328845,0.6903506495467115,Hold,58.447357,58.575832,58.40721,58.487507,1975
2024-01-17 23:00:00,0,0.32979184858759963,0.6702081514124003,Hold,58.439327,58.543713,58.39918,58.535683,438
2024-01-18 00:00:00,0,0.35624104263049033,0.6437589573695097,Hold,58.527653,58.535683,58.431297,58.503567,298
2024-01-18 01:00:00,0,0.36020187152743927,0.6397981284725607,Hold,58.495537,58.648098,58.455387,58.535683,797
2024-01-18 02:00:00,0,0.4016423065218114,0.5983576934781887,Hold,58.535683,58.535683,58.334946,58.38312,376
2024-01-18 03:00:00,0,0.416220653768753,0.583779346231247,Hold,58.38312,58.559772,58.38312,58.543713,144
2024-01-18 04:00:00,0,0.4305863530000553,0.5694136469999447,Hold,58.543713,58.640068,58.543713,58.61598,118
2024-01-18 05:00:00,0,0.45930845706033147,0.5406915429396686,Hold,58.60795,58.688244,58.559772,58.680218,258
2024-01-18 06:00:00,0,0.46327038739097426,0.5367296126090257,Hold,58.672188,58.84081,58.672188,58.760513,537
2024-01-18 07:00:00,0,0.4609954950661389,0.5390045049338611,Hold,58.760513,58.85687,58.720364,58.768543,501
2024-01-18 08:00:00,0,0.41963668752820593,0.5803633124717941,Hold,58.744453,58.897015,58.503567,58.688244,1157
2024-01-18 09:00:00,0,0.45764680903790655,0.5423531909620934,Hold,58.696274,58.79263,58.447357,58.744453,816
2024-01-18 10:00:00,0,0.454986839070367,0.5450131609296329,Hold,58.720364,58.81672,58.567802,58.77657,686
2024-01-18 11:00:00,0,0.4338143151499253,0.5661856848500747,Hold,58.7846,58.905045,58.318886,58.41524,881
2024-01-18 12:00:00,0,0.43232877241085044,0.5676712275891496,Hold,58.431297,58.487507,58.134205,58.34297,935
2024-01-18 13:00:00,0,0.39866242782574746,0.6013375721742525,Hold,58.351,58.471447,57.957554,58.439327,1541
2024-01-18 14:00:00,0,0.39719095671302096,0.602809043286979,Hold,58.447357,58.945194,58.302826,58.535683,3559
2024-01-18 15:00:00,0,0.46109109857035224,0.5389089014296478,Hold,58.511593,59.0014,58.503567,58.872925,2054
2024-01-18 16:00:00,0,0.48326836191121453,0.5167316380887854,Hold,58.880955,59.426968,58.77657,59.37879,4210
2024-01-18 17:00:00,0,0.3865346010852832,0.6134653989147167,Hold,59.394848,59.667854,59.394848,59.56347,2083
2024-01-18 18:00:00,0,0.41698357132004993,0.5830164286799501,Hold,59.56347,59.699974,59.266376,59.699974,1469
2024-01-18 19:00:00,0,0.4018824918501921,0.5981175081498079,Hold,59.699974,59.724064,59.37879,59.418938,3476
2024-01-18 20:00:00,0,0.38432660017567405,0.615673399824326,Hold,59.426968,59.507263,59.354702,59.459087,541
2024-01-18 21:00:00,0,0.41380784275942384,0.5861921572405762,Hold,59.467117,59.539383,59.402878,59.426968,315
2024-01-18 23:00:00,0,0.4072011492986089,0.592798850701391,Hold,59.483173,59.483173,59.402878,59.434998,50
2024-01-19 00:00:00,0,0.43319816734710626,0.5668018326528937,Hold,59.434998,59.644276,59.362556,59.61208,2188
2024-01-19 01:00:00,0,0.40428108460580137,0.5957189153941986,Hold,59.61208,59.61208,59.4189,59.539635,3124
2024-01-19 02:00:00,0,0.43649929894963374,0.5635007010503663,Hold,59.539635,59.547684,59.378654,59.4189,1789
2024-01-19 03:00:00,0,0.4059729765234678,0.5940270234765321,Hold,59.41085,59.48329,59.41085,59.451096,630
2024-01-19 04:00:00,0,0.4505203258553979,0.5494796741446021,Hold,59.451096,59.571835,59.42695,59.555733,1258
2024-01-19 05:00:00,0,0.43640953224156076,0.5635904677584392,Hold,59.555733,59.579884,59.459145,59.515488,1566
2024-01-19 06:00:00,0,0.4763251306249118,0.5236748693750882,Hold,59.515488,59.628178,59.451096,59.61208,1494
2024-01-19 07:00:00,0,0.48391313135385866,0.5160868686461413,Hold,59.60403,59.76501,59.475243,59.61208,4476
2024-01-19 08:00:00,0,0.4859513726171995,0.5140486273828004,Hold,59.60403,59.81331,59.531586,59.660374,9080
2024-01-19 09:00:00,1,0.5472519996669326,0.4527480003330674,Sell,59.668423,60.00649,59.644276,59.925995,10078
2024-01-19 10:00:00,0,0.4709458986068001,0.5290541013932,Hold,59.917946,60.00649,59.67647,59.740864,7447
2024-01-19 11:00:00,0,0.5300425722388815,0.4699574277611185,Sell,59.732815,59.748913,59.386703,59.4189,9188
2024-01-19 12:00:00,0,0.504981971682005,0.495018028317995,Sell,59.4189,59.523537,59.282063,59.31426,9415
2024-01-19 13:00:00,0,0.5035502385181508,0.49644976148184916,Sell,59.330357,59.571835,59.193523,59.539635,14052
2024-01-19 14:00:00,1,0.5399775697887819,0.46002243021121814,Sell,59.531586,59.99844,59.370605,59.96624,26480
2024-01-19 15:00:00,0,0.4682964938956119,0.5317035061043881,Hold,59.98234,60.07088,59.579884,59.59598,23046
2024-01-19 16:00:00,0,0.46046661796034083,0.5395333820396592,Hold,59.59598,59.829407,58.992294,59.088882,27900
2024-01-19 17:00:00,0,0.4419865378624007,0.5580134621375993,Hold,59.088882,59.249866,58.75082,58.91985,25594
2024-01-19 18:00:00,0,0.46608904537718904,0.5339109546228109,Hold,58.9118,59.20962,58.815212,58.863506,15382
2024-01-19 19:00:00,0,0.45246161629651477,0.5475383837034853,Hold,58.863506,59.282063,58.815212,59.249866,21968
2024-01-19 20:00:00,0,0.4389812874902801,0.5610187125097199,Hold,59.241817,59.29816,59.161327,59.249866,5171
2024-01-19 21:00:00,0,0.4275662050910364,0.5724337949089636,Hold,59.249866,59.274014,59.080833,59.10498,2191
2024-01-21 23:00:00,0,0.38452832775164064,0.6154716722483593,Hold,59.241817,59.30621,58.83131,58.90375,3328
2024-01-22 00:00:00,0,0.39379207492888346,0.6062079250711165,Hold,58.90375,58.944,58.702522,58.774967,2867
2024-01-22 01:00:00,0,0.39421381490445767,0.6057861850955424,Hold,58.774967,58.91985,58.678375,58.75887,3400
2024-01-22 02:00:00,0,0.3827689382403181,0.6172310617596819,Hold,58.75082,58.879604,58.678375,58.871555,2172
2024-01-22 03:00:00,0,0.40381486310347564,0.5961851368965243,Hold,58.871555,59.080833,58.83131,58.91985,2957
2024-01-22 04:00:00,0,0.4354356335167362,0.5645643664832638,Hold,58.91985,58.91985,58.694473,58.72667,1472
2024-01-22 05:00:00,0,0.40867382373165295,0.591326176268347,Hold,58.72667,58.83936,58.64618,58.815212,2737
2024-01-22 06:00:00,0,0.4527452461770668,0.5472547538229332,Hold,58.815212,58.83936,58.65423,58.75082,2852
2024-01-22 07:00:00,0,0.45510487919614956,0.5448951208038504,Hold,58.75082,58.855457,58.64618,58.702522,3086
2024-01-22 08:00:00,0,0.41750423513365265,0.5824957648663474,Hold,58.702522,58.783016,58.485195,58.509342,11121
2024-01-22 09:00:00,0,0.5205570237990892,0.4794429762009108,Sell,58.501293,59.03254,58.404705,58.968147,9382
2024-01-22 10:00:00,0,0.47595025601058305,0.524049743989417,Hold,58.968147,59.193523,58.879604,59.09693,8450
2024-01-22 11:00:00,0,0.466524242505715,0.533475757494285,Hold,59.088882,59.354504,58.9601,59.282063,6498
2024-01-22 12:00:00,0,0.44406769882653957,0.5559323011734605,Hold,59.282063,59.30621,59.01644,59.01644,7020
2024-01-22 13:00:00,0,0.4677707052068572,0.5322292947931428,Hold,59.02449,59.274014,58.976196,59.129128,13597
2024-01-22 14:00:00,0,0.4847092664020651,0.5152907335979349,Hold,59.137177,59.821358,59.12108,59.579884,33417
2024-01-22 15:00:00,0,0.4653822333508432,0.5346177666491567,Hold,59.571835,59.99844,59.523537,59.909897,26728
2024-01-22 16:00:00,0,0.4963998934800094,0.5036001065199907,Hold,59.917946,60.207718,59.78916,60.15137,26208
2024-01-22 17:00:00,0,0.5458638605340994,0.4541361394659006,Sell,60.15942,60.505535,60.119175,60.46529,22534
2024-01-22 18:00:00,1,0.4707972046682955,0.5292027953317044,Hold,60.46529,60.73896,60.45724,60.602127,17392
2024-01-22 19:00:00,0,0.4662293500532731,0.533770649946727,Hold,60.602127,60.618225,59.974293,60.135273,36246
2024-01-22 20:00:00,0,0.404619912463773,0.595380087536227,Hold,60.143322,60.207718,60.00649,60.046734,6540
2024-01-22 21:00:00,0,0.4300366283200975,0.5699633716799025,Hold,60.046734,60.119175,59.99039,60.103077,1697
2024-01-22 23:00:00,0,0.4247496994790031,0.5752503005209969,Hold,60.111126,60.15942,59.88575,60.07893,1352
2024-01-23 00:00:00,0,0.3975719161440869,0.6024280838559131,Hold,60.07088,60.119175,60.022587,60.103077,951
2024-01-23 01:00:00,0,0.4063775603562014,0.5936224396437986,Hold,60.119175,60.19967,59.95014,60.046734,4167
2024-01-23 02:00:00,0,0.37457946362912253,0.6254205363708775,Hold,60.046734,60.19967,59.99844,60.119175,1921
2024-01-23 03:00:00,0,0.3595642282989676,0.6404357717010324,Hold,60.119175,60.223816,60.046734,60.175518,1572
2024-01-23 04:00:00,0,0.34998307317058974,0.6500169268294103,Hold,60.175518,60.18357,60.054783,60.07088,755
2024-01-23 05:00:00,1,0.4158650511697142,0.5841349488302858,Hold,60.07088,60.296257,60.07088,60.26406,2820
2024-01-23 06:00:00,1,0.3620442838709273,0.6379557161290728,Hold,60.256012,60.34455,60.207718,60.215767,2005
2024-01-23 07:00:00,1,0.46026330727683057,0.5397366927231695,Hold,60.215767,60.489437,60.19162,60.46529,3954
2024-01-23 08:00:00,1,0.4114053934985208,0.5885946065014792,Hold,60.47334,60.481388,60.175518,60.215767,8961
2024-01-23 09:00:00,0,0.4469389634817245,0.5530610365182755,Hold,60.231865,60.26406,59.716717,59.75696,11518
2024-01-23 10:00:00,0,0.39778929833046145,0.6022107016695386,Hold,59.748913,59.96624,59.708668,59.75696,8699
2024-01-23 11:00:00,0,0.40538857964461084,0.5946114203553892,Hold,59.75696,59.773064,59.4028,59.49939,9387
2024-01-23 12:00:00,0,0.4272922516036315,0.5727077483963685,Hold,59.49939,59.81331,59.443047,59.76501,8219
2024-01-23 13:00:00,0,0.3549217658603079,0.6450782341396921,Hold,59.773064,59.821358,59.20962,59.23377,20294
2024-01-23 14:00:00,0,0.44933688329201854,0.5506631167079814,Hold,59.22572,60.095028,59.088882,59.95014,36477
2024-01-23 15:00:00,0,0.4206272501745941,0.5793727498254059,Hold,59.95014,60.320404,59.837456,60.26406,25712
2024-01-23 16:00:00,0,0.42871346406279714,0.5712865359372028,Hold,60.26406,60.569927,59.95014,60.07893,28574
2024-01-23 17:00:00,0,0.4563681893823127,0.5436318106176873,Hold,60.07893,60.223816,59.724766,59.821358,17543
2024-01-23 18:00:00,0,0.4350758419002758,0.5649241580997242,Hold,59.81331,59.81331,59.515488,59.732815,13588
2024-01-23 19:00:00,0,0.3940337721550146,0.6059662278449853,Hold,59.724766,59.96624,59.69257,59.934044,14392
2024-01-23 20:00:00,0,0.3528994449508462,0.6471005550491538,Hold,59.942093,59.99844,59.925995,59.99039,2878
2024-01-23 21:00:00,0,0.3923205171410887,0.6076794828589114,Hold,59.99039,60.06283,59.917946,59.974293,2439
2024-01-23 23:00:00,0,0.3811361556622152,0.6188638443377847,Hold,60.022587,60.046734,59.917946,59.925995,951
2024-01-24 00:00:00,0,0.38776069589939505,0.6122393041006049,Hold,59.934044,59.95014,59.86965,59.88575,956
2024-01-24 01:00:00,0,0.36865329193935403,0.631346708060646,Hold,59.88575,60.00649,59.853554,59.974293,2100
2024-01-24 02:00:00,0,0.3732214418575845,0.6267785581424155,Hold,59.96624,60.00649,59.853554,59.861603,1504
2024-01-24 03:00:00,0,0.392318285655884,0.607681714344116,Hold,59.861603,59.909897,59.80526,59.81331,1190
2024-01-24 04:00:00,0,0.4429720123821215,0.5570279876178785,Hold,59.81331,59.821358,59.740864,59.78916,1242
2024-01-24 05:00:00,0,0.42735482786496537,0.5726451721350346,Hold,59.781113,59.95819,59.724766,59.934044,1628
2024-01-24 06:00:00,0,0.3694186227351078,0.6305813772648923,Hold,59.942093,60.030636,59.901848,60.030636,1683
2024-01-24 07:00:00,0,0.43995568465913854,0.5600443153408614,Hold,60.030636,60.175518,59.861603,60.15137,4421
2024-01-24 08:00:00,0,0.3923852714600659,0.607614728539934,Hold,60.15137,60.231865,59.88575,60.030636,9780
2024-01-24 09:00:00,0,0.4190389317182195,0.5809610682817805,Hold,60.022587,60.36065,60.022587,60.135273,8294
2024-01-24 10:00:00,0,0.37733145345073255,0.6226685465492674,Hold,60.135273,60.336502,59.8938,59.909897,6215
2024-01-24 11:00:00,0,0.38135192449630945,0.6186480755036905,Hold,59.917946,59.95014,59.660374,59.740864,8310
2024-01-24 12:00:00,0,0.37504210589084985,0.6249578941091501,Hold,59.732815,59.821358,59.515488,59.78916,8329
2024-01-24 13:00:00,0,0.4447797506732329,0.5552202493267671,Hold,59.78916,60.449192,59.781113,60.408947,22891
2024-01-24 14:00:00,0,0.43225575560999985,0.5677442443900002,Hold,60.416996,60.53773,60.07088,60.103077,31412
2024-01-24 15:00:00,0,0.44011992447627263,0.5598800755237274,Hold,60.103077,60.634323,59.95819,60.416996,34675
2024-01-24 16:00:00,0,0.3723904480555397,0.6276095519444602,Hold,60.416996,61.03678,60.416996,60.988483,38546
2024-01-24 17:00:00,0,0.3400360485659463,0.6599639514340536,Hold,60.988483,61.012634,60.46529,60.634323,17958
2024-01-24 18:00:00,0,0.3170200323246507,0.6829799676753493,Hold,60.634323,60.642372,60.207718,60.296257,14942
2024-01-24 19:00:00,0,0.34765272303198375,0.6523472769680163,Hold,60.296257,60.54578,60.231865,60.481388,15511
2024-01-24 20:00:00,0,0.35719119157982404,0.642808808420176,Hold,60.489437,60.75506,60.481388,60.73091,4886
2024-01-24 21:00:00,0,0.36285232846998466,0.6371476715300153,Hold,60.73896,60.74701,60.610176,60.65847,2182
2024-01-24 23:00:00,0,0.3666243685708301,0.6333756314291699,Hold,60.610176,60.73091,60.594078,60.706764,952
2024-01-25 00:00:00,0,0.41127758988791757,0.5887224101120825,Hold,60.714813,60.73896,60.626274,60.690666,1010
2024-01-25 01:00:00,0,0.41947405313774566,0.5805259468622543,Hold,60.698715,60.75506,60.497486,60.54578,3322
2024-01-25 02:00:00,0,0.4286559904996609,0.571344009500339,Hold,60.55383,60.66652,60.497486,60.65847,1351
2024-01-25 03:00:00,0,0.4110390039804356,0.5889609960195644,Hold,60.65847,60.73091,60.65042,60.682617,1175
2024-01-25 04:00:00,0,0.403599538257133,0.596400461742867,Hold,60.682617,60.714813,60.634323,60.682617,851
2024-01-25 05:00:00,0,0.420595825984542,0.5794041740154581,Hold,60.690666,60.827503,60.682617,60.771156,1962
2024-01-25 06:00:00,0,0.4118168953383781,0.5881831046616219,Hold,60.771156,60.811405,60.682617,60.706764,1518
2024-01-25 07:00:00,0,0.4757461862228468,0.5242538137771532,Hold,60.698715,60.907993,60.66652,60.899944,2957
2024-01-25 08:00:00,0,0.5269052542120792,0.47309474578792077,Sell,60.891895,61.077026,60.771156,61.028732,9207
2024-01-25 09:00:00,0,0.49930102744466043,0.5006989725553396,Hold,61.028732,61.471436,60.980434,61.350697,16342
2024-01-25 10:00:00,0,0.5164929143374605,0.4835070856625395,Sell,61.350697,61.471436,61.31045,61.40704,7630
2024-01-25 11:00:00,0,0.46841810036192005,0.5315818996380799,Hold,61.39899,61.43119,61.12532,61.189713,6907
2024-01-25 12:00:00,0,0.43791309100276243,0.5620869089972376,Hold,61.181664,61.22996,60.916042,60.956287,7709
2024-01-25 13:00:00,0,0.4724956257317479,0.5275043742682521,Hold,60.964336,61.32655,60.827503,61.302402,16669
2024-01-25 14:00:00,0,0.46206282825216616,0.5379371717478338,Hold,61.31045,61.737057,61.24606,61.688763,32674
2024-01-25 15:00:00,0,0.39271528403099326,0.6072847159690067,Hold,61.688763,61.71291,61.13337,61.23801,26628
2024-01-25 16:00:00,0,0.3943701056183795,0.6056298943816205,Hold,61.23801,61.729008,61.20581,61.568024,21412
2024-01-25 17:00:00,0,0.39590079223526564,0.6040992077647344,Hold,61.559975,61.70486,61.39899,61.672665,17435
2024-01-25 18:00:00,0,0.4194766999739038,0.5805233000260962,Hold,61.672665,62.010727,61.656567,61.88999,20618
2024-01-25 19:00:00,0,0.38446330758590547,0.6155366924140946,Hold,61.88999,62.389038,61.825596,62.316597,28285
2024-01-25 20:00:00,0,0.3468528722805666,0.6531471277194334,Hold,62.308548,62.324646,62.139515,62.155613,7795
2024-01-25 21:00:00,0,0.2739963198719725,0.7260036801280275,Hold,62.163662,62.17976,62.018776,62.059025,2903
2024-01-25 23:00:00,0,0.30787331117164457,0.6921266888283555,Hold,62.09927,62.115368,61.97853,62.067074,1568
2024-01-26 00:00:00,0,0.38567964758706863,0.6143203524129314,Hold,62.067074,62.203907,62.002678,62.18781,1954
2024-01-26 01:00:00,0,0.31540175324059816,0.6845982467594018,Hold,62.18781,62.220005,61.83365,61.841698,5565
2024-01-26 02:00:00,0,0.3493046918557844,0.6506953081442156,Hold,61.841698,62.059025,61.817547,62.042927,2449
2024-01-26 03:00:00,0,0.31611168386609134,0.6838883161339087,Hold,62.042927,62.08317,61.873894,61.88999,2009
2024-01-26 04:00:00,0,0.3132467817325979,0.6867532182674021,Hold,61.88999,61.922188,61.83365,61.857796,1146
2024-01-26 05:00:00,0,0.38195144191873304,0.6180485580812669,Hold,61.865845,62.026825,61.78535,61.99463,2321
2024-01-26 06:00:00,0,0.35748769990838386,0.6425123000916162,Hold,61.98658,61.98658,61.7934,61.80145,2180
2024-01-26 07:00:00,0,0.39281331656667895,0.607186683433321,Hold,61.809498,61.938286,61.745106,61.83365,4004
2024-01-26 08:00:00,0,0.37615726692722606,0.6238427330727739,Hold,61.83365,61.954384,61.72096,61.817547,8611
2024-01-26 09:00:00,0,0.4009349099810034,0.5990650900189967,Hold,61.825596,61.83365,61.60022,61.64047,8402
2024-01-26 10:00:00,0,0.39293959036290615,0.6070604096370938,Hold,61.64047,61.761204,61.50363,61.737057,7442
2024-01-26 11:00:00,0,0.4001749060754312,0.5998250939245688,Hold,61.745106,61.841698,61.680714,61.80145,4970
2024-01-26 12:00:00,0,0.42029483764554265,0.5797051623544573,Hold,61.80145,61.817547,61.60022,61.69681,5136
2024-01-26 13:00:00,0,0.37573078845042535,0.6242692115495747,Hold,61.688763,61.809498,61.51168,61.680714,13289
2024-01-26 14:00:00,0,0.48437308272041557,0.5156269172795844,Hold,61.688763,62.17171,61.664616,62.123417,26136
2024-01-26 15:00:00,0,0.46294968672174913,0.5370503132782509,Hold,62.123417,62.49368,61.954384,62.147564,28162
2024-01-26 16:00:00,0,0.43235650385630364,0.5676434961436964,Hold,62.147564,62.163662,61.382893,61.463387,28566
2024-01-26 17:00:00,0,0.4345802684171963,0.5654197315828037,Hold,61.463387,61.71291,61.221912,61.70486,21356
2024-01-26 18:00:00,0,0.4480575174802378,0.5519424825197622,Hold,61.71291,62.95248,61.680714,62.429283,46887
2024-01-26 19:00:00,0,0.44646930474144864,0.5535306952585514,Hold,62.429283,62.85589,62.38099,62.84784,28306
2024-01-26 20:00:00,0,0.4109206996291161,0.5890793003708839,Hold,62.83979,62.992725,62.743202,62.904186,9652
2024-01-26 21:00:00,0,0.40229281415325424,0.5977071858467458,Hold,62.896137,62.984676,62.727104,62.96858,4336
2024-01-28 23:00:00,1,0.42557134327623103,0.574428656723769,Hold,63.507874,63.82179,63.362988,63.491776,10149
2024-01-29 00:00:00,1,0.41946380494638763,0.5805361950536123,Hold,63.491776,63.52397,63.057117,63.097366,4682
2024-01-29 01:00:00,1,0.41359924388068586,0.5864007561193141,Hold,63.097366,63.258347,62.823692,63.03297,8479
2024-01-29 02:00:00,1,0.4328411001609966,0.5671588998390034,Hold,63.04102,63.13761,62.936382,63.057117,2563
2024-01-29 03:00:00,1,0.45863607626770875,0.5413639237322913,Hold,63.065166,63.16176,62.984676,63.113464,1423
2024-01-29 04:00:00,1,0.45648490133107994,0.5435150986689201,Hold,63.113464,63.202003,63.097366,63.185905,775
2024-01-29 05:00:00,1,0.45093972031437235,0.5490602796856277,Hold,63.177856,63.193954,62.992725,63.04907,2346
2024-01-29 06:00:00,1,0.42798368068133397,0.572016319318666,Hold,63.04102,63.121513,62.912235,62.976627,1655
2024-01-29 07:00:00,1,0.4391245642580424,0.5608754357419576,Hold,62.976627,63.097366,62.87199,62.94443,3830
2024-01-29 08:00:00,1,0.49434505126221695,0.505654948737783,Hold,62.94443,63.210052,62.815643,62.83979,10311
2024-01-29 09:00:00,0,0.4514519732770753,0.5485480267229247,Hold,62.83979,62.84784,62.437332,62.58222,12585
2024-01-29 10:00:00,1,0.5074256922779198,0.4925743077220802,Sell,62.58222,62.912235,62.525875,62.83979,9334
2024-01-29 11:00:00,1,0.5074957178347808,0.49250428216521924,Sell,62.83979,63.057117,62.807594,62.85589,6283
2024-01-29 12:00:00,1,0.4908610446880152,0.5091389553119847,Hold,62.85589,62.96858,62.64661,62.783447,7947
2024-01-29 13:00:00,0,0.4629798298538931,0.5370201701461069,Hold,62.783447,62.791496,62.17171,62.324646,21204
2024-01-29 14:00:00,0,0.42995082150770514,0.5700491784922949,Hold,62.316597,62.501728,61.672665,62.034874,38340
2024-01-29 15:00:00,0,0.4231294516529346,0.5768705483470654,Hold,62.026825,62.18781,61.60827,62.147564,26563
2024-01-29 16:00:00,0,0.42629180826403024,0.5737081917359698,Hold,62.139515,62.244152,61.761204,61.90609,19008
2024-01-29 17:00:00,0,0.42348291740419153,0.5765170825958085,Hold,61.90609,62.260254,61.761204,61.83365,16446
2024-01-29 18:00:00,0,0.42172256044619283,0.5782774395538072,Hold,61.841698,62.147564,61.70486,61.938286,15552
2024-01-29 19:00:00,0,0.3481395639936401,0.6518604360063599,Hold,61.930237,62.09122,61.50363,61.922188,26974
2024-01-29 20:00:00,0,0.39078452045433193,0.6092154795456681,Hold,61.922188,62.034874,61.873894,61.98658,4496
2024-01-29 21:00:00,0,0.4206461066399035,0.5793538933600966,Hold,61.98658,62.018776,61.89804,61.962433,2303
2024-01-29 23:00:00,0,0.4233518992191122,0.5766481007808878,Hold,61.99463,62.002678,61.91414,61.99463,803
2024-01-30 00:00:00,0,0.3825270630345438,0.6174729369654561,Hold,61.99463,62.075123,61.99463,62.026825,658
2024-01-30 01:00:00,0,0.4147849522373467,0.5852150477626533,Hold,62.018776,62.163662,61.99463,62.123417,2092
2024-01-30 02:00:00,0,0.38549298826673567,0.6145070117332643,Hold,62.123417,62.131466,61.849747,62.002678,2131
2024-01-30 03:00:00,0,0.39780217791575634,0.6021978220842437,Hold,62.002678,62.075123,61.89804,61.938286,1491
2024-01-30 04:00:00,0,0.4199085114003797,0.5800914885996202,Hold,61.938286,62.042927,61.938286,62.042927,786
2024-01-30 05:00:00,0,0.4078763025340377,0.5921236974659623,Hold,62.042927,62.220005,62.002678,62.17976,1881
2024-01-30 06:00:00,0,0.3532193090028131,0.6467806909971869,Hold,62.17976,62.220005,62.042927,62.059025,1886
2024-01-30 07:00:00,0,0.3882237174662942,0.6117762825337059,Hold,62.067074,62.08317,61.769253,61.841698,4349
2024-01-30 08:00:00,0,0.3508016755944952,0.6491983244055048,Hold,61.841698,61.938286,61.50363,61.769253,11741
2024-01-30 09:00:00,0,0.4039740870884632,0.5960259129115368,Hold,61.761204,62.115368,61.72096,62.059025,7613
2024-01-30 10:00:00,0,0.3844089182533895,0.6155910817466105,Hold,62.067074,62.09122,61.78535,62.010727,7185
2024-01-30 11:00:00,0,0.37218002156134555,0.6278199784386544,Hold,62.010727,62.010727,61.672665,61.7773,5797
2024-01-30 12:00:00,0,0.3794748551684555,0.6205251448315445,Hold,61.7773,61.7773,61.32655,61.455338,11756
2024-01-30 13:00:00,0,0.3565127133171325,0.6434872866828675,Hold,61.44729,61.479485,61.05288,61.350697,21603
2024-01-30 14:00:00,0,0.3855951944742305,0.6144048055257695,Hold,61.350697,62.340744,61.24606,62.034874,40299
2024-01-30 15:00:00,0,0.43500289267279363,0.5649971073272064,Hold,62.034874,62.48563,61.71291,62.437332,40294
2024-01-30 16:00:00,1,0.45299621211286617,0.5470037878871339,Hold,62.437332,62.807594,62.340744,62.719055,30567
2024-01-30 17:00:00,1,0.387213955979899,0.612786044020101,Hold,62.719055,62.88004,62.501728,62.727104,17532
2024-01-30 18:00:00,1,0.41115165332824855,0.5888483466717515,Hold,62.727104,62.896137,62.614414,62.743202,15213
2024-01-30 19:00:00,1,0.408777802273195,0.5912221977268051,Hold,62.735153,62.7593,62.469532,62.622463,20494
2024-01-30 20:00:00,1,0.41387045840511744,0.5861295415948826,Hold,62.614414,62.735153,62.55807,62.63856,3714
2024-01-30 21:00:00,1,0.3683705759115921,0.6316294240884079,Hold,62.63856,62.702957,62.533924,62.614414,2674
2024-01-30 23:00:00,1,0.36834935872691876,0.6316506412730812,Hold,62.65466,62.68686,62.56612,62.622463,736
2024-01-31 00:00:00,1,0.4005367180283386,0.5994632819716614,Hold,62.630512,62.87199,62.606365,62.7754,1761
2024-01-31 01:00:00,1,0.35723341171614137,0.6427665882838587,Hold,62.76735,62.791496,62.389038,62.453434,3619
2024-01-31 02:00:00,1,0.3457903020137396,0.6542096979862604,Hold,62.461483,62.533924,62.348793,62.47758,1892
2024-01-31 03:00:00,1,0.36394730930746955,0.6360526906925305,Hold,62.48563,62.48563,62.340744,62.36489,1268
2024-01-31 04:00:00,1,0.39450108064812417,0.6054989193518758,Hold,62.37294,62.47758,62.36489,62.469532,733
2024-01-31 05:00:00,1,0.40972688837183424,0.5902731116281658,Hold,62.47758,62.606365,62.356842,62.517826,2277
2024-01-31 06:00:00,1,0.4125341179619097,0.5874658820380902,Hold,62.517826,62.533924,62.37294,62.44538,2028
2024-01-31 07:00:00,0,0.4262558963723201,0.5737441036276799,Hold,62.453434,62.49368,62.18781,62.2844,3537
2024-01-31 08:00:00,1,0.43879872794720987,0.5612012720527901,Hold,62.2844,62.63856,62.236103,62.268303,9135
2024-01-31 09:00:00,0,0.43840159516544647,0.5615984048345535,Hold,62.268303,62.437332,61.91414,61.962433,11282
2024-01-31 10:00:00,0,0.42031524975172885,0.5796847502482712,Hold,61.962433,62.018776,61.737057,61.962433,9947
2024-01-31 11:00:00,0,0.42471268787244704,0.575287312127553,Hold,61.97048,62.09927,61.83365,61.91414,6185
2024-01-31 12:00:00,0,0.41124651120114025,0.5887534887988597,Hold,61.91414,62.075123,61.78535,61.825596,7242
2024-01-31 13:00:00,1,0.42886254861020684,0.5711374513897931,Hold,61.825596,62.260254,61.656567,62.203907,20071
2024-01-31 14:00:00,1,0.44776134025699066,0.5522386597430093,Hold,62.203907,62.37294,61.737057,61.761204,31526
2024-01-31 15:00:00,1,0.37003110905169506,0.629968890948305,Hold,61.761204,61.930237,61.165565,61.88999,45438
2024-01-31 16:00:00,0,0.370198033364082,0.629801966635918,Hold,61.88999,61.930237,60.875797,61.221912,35310
2024-01-31 17:00:00,0,0.33464765907119914,0.6653523409288009,Hold,61.221912,61.680714,61.05288,61.302402,23064
2024-01-31 18:00:00,0,0.3139112355013972,0.6860887644986028,Hold,61.294353,61.302402,60.787254,61.085075,16338
2024-01-31 19:00:00,0,0.31811626039627966,0.6818837396037203,Hold,61.077026,61.32655,60.85165,61.13337,25381
2024-01-31 20:00:00,0,0.29701439260897566,0.7029856073910243,Hold,61.157516,61.19776,60.811405,61.00458,7683
2024-01-31 21:00:00,0,0.33365194455112046,0.6663480554488795,Hold,61.00458,61.05288,60.93214,61.05288,2602
2024-01-31 23:00:00,0,0.32062279086616735,0.6793772091338326,Hold,61.14142,61.23801,61.06093,61.077026,1481
2024-02-01 00:00:00,0,0.3651974161698854,0.6348025838301146,Hold,61.085075,61.12532,61.028732,61.04483,906
2024-02-01 01:00:00,0,0.42903464988249324,0.5709653501175067,Hold,61.03678,61.559975,60.980434,61.471436,4650
2024-02-01 02:00:00,0,0.40375835824072315,0.5962416417592769,Hold,61.463387,61.576073,61.42314,61.51973,2067
2024-02-01 03:00:00,0,0.44662742133387884,0.5533725786661212,Hold,61.51973,61.52778,61.39094,61.471436,1224
2024-02-01 04:00:00,0,0.4359929194997453,0.5640070805002547,Hold,61.471436,61.471436,61.262157,61.302402,1276
2024-02-01 05:00:00,0,0.4696208716138497,0.5303791283861503,Hold,61.31045,61.342648,61.14142,61.14142,1871
2024-02-01 06:00:00,0,0.43673821597234264,0.5632617840276574,Hold,61.14142,61.23801,61.06093,61.077026,1794
2024-02-01 07:00:00,0,0.4770796533832764,0.5229203466167236,Hold,61.085075,61.19776,61.012634,61.165565,3616
2024-02-01 08:00:00,0,0.438346917345444,0.561653082654556,Hold,61.173615,61.22996,60.722862,61.173615,13358
2024-02-01 09:00:00,0,0.49811912892201254,0.5018808710779874,Hold,61.181664,61.664616,61.173615,61.59217,13108
2024-02-01 10:00:00,0,0.43991063237387396,0.560089367626126,Hold,61.60022,61.729008,61.358746,61.487534,9572
2024-02-01 11:00:00,0,0.44733171192611637,0.5526682880738836,Hold,61.479485,61.745106,61.43924,61.543877,5952
2024-02-01 12:00:00,0,0.45735561082787046,0.5426443891721295,Hold,61.535828,61.69681,61.189713,61.32655,12566
2024-02-01 13:00:00,1,0.513554556059825,0.48644544394017497,Sell,61.3185,61.7934,61.302402,61.753155,20535
2024-02-01 14:00:00,0,0.4686820212376313,0.5313179787623687,Hold,61.761204,61.881943,61.157516,61.495583,35266
2024-02-01 15:00:00,0,0.44548017047299304,0.554519829527007,Hold,61.495583,61.938286,61.366795,61.39899,26908
2024-02-01 16:00:00,1,0.48887698261830986,0.5111230173816901,Hold,61.39899,61.849747,61.14142,61.688763,23359
2024-02-01 17:00:00,0,0.3339677649569436,0.6660322350430564,Hold,61.70486,61.857796,59.668423,59.773064,71563
2024-02-01 18:00:00,0,0.3891268004509081,0.6108731995490919,Hold,59.76501,61.085075,59.636227,60.046734,86518
2024-02-01 19:00:00,0,0.3469795450353389,0.6530204549646611,Hold,60.046734,60.207718,59.322308,59.70062,55682
2024-02-01 20:00:00,0,0.3129933119934617,0.6870066880065383,Hold,59.70062,59.773064,59.394753,59.42695,8126
2024-02-01 21:00:00,0,0.32614313814056545,0.6738568618594345,Hold,59.42695,59.61208,59.4189,59.49939,3261
2024-02-01 23:00:00,0,0.3846034782011623,0.6153965217988377,Hold,59.49134,59.79721,59.48329,59.773064,2164
2024-02-02 00:00:00,1,0.31160779876712025,0.6883922012328798,Hold,59.773064,59.829407,59.668423,59.773064,1750
2024-02-02 01:00:00,1,0.32921596064990416,0.6707840393500959,Hold,59.76501,59.942093,59.70062,59.837456,4390
2024-02-02 02:00:00,1,0.3464553833818363,0.6535446166181638,Hold,59.837456,59.86965,59.708668,59.80526,2509
2024-02-02 03:00:00,1,0.30227252897370593,0.6977274710262941,Hold,59.79721,59.837456,59.668423,59.70062,1400
2024-02-02 04:00:00,1,0.3088486921087145,0.6911513078912854,Hold,59.69257,59.716717,59.652325,59.708668,975
2024-02-02 05:00:00,1,0.2961192745168321,0.7038807254831678,Hold,59.708668,59.740864,59.579884,59.587933,1446
2024-02-02 06:00:00,1,0.3157955014873942,0.6842044985126058,Hold,59.587933,59.732815,59.459145,59.652325,2910
2024-02-02 07:00:00,1,0.31314197788212333,0.6868580221178766,Hold,59.652325,59.837456,59.628178,59.70062,3548
2024-02-02 08:00:00,0,0.28562635115042667,0.7143736488495733,Hold,59.70062,59.732815,59.274014,59.386703,11872
2024-02-02 09:00:00,1,0.3521660691515836,0.6478339308484165,Hold,59.378654,59.829407,59.282063,59.732815,9143
2024-02-02 10:00:00,1,0.28234921921575723,0.7176507807842427,Hold,59.740864,59.98234,59.644276,59.70062,8076
2024-02-02 11:00:00,1,0.2799391156656688,0.7200608843343312,Hold,59.70062,59.79721,59.531586,59.587933,5768
2024-02-02 12:00:00,1,0.30349244960673066,0.6965075503932694,Hold,59.587933,59.67647,59.29011,59.322308,7320
2024-02-02 13:00:00,0,0.25619438980045367,0.7438056101995463,Hold,59.330357,59.370605,58.83131,59.01644,29784
2024-02-02 14:00:00,0,0.32861018611589154,0.6713898138841085,Hold,59.01644,59.09693,57.98615,58.090786,56559
2024-02-02 15:00:00,0,0.26707464690591276,0.7329253530940872,Hold,58.082737,58.807163,57.78492,58.131035,54580
2024-02-02 16:00:00,0,0.23360818293807234,0.7663918170619277,Hold,58.139084,58.469097,57.87346,58.018345,34714
2024-02-02 17:00:00,0,0.2734868440000429,0.7265131559999571,Hold,58.026394,58.4369,57.9781,58.24372,19706
2024-02-02 18:00:00,0,0.26001437181426923,0.7399856281857308,Hold,58.24372,58.420803,58.131035,58.348362,18851
2024-02-02 19:00:00,0,0.23612610224330646,0.7638738977566936,Hold,58.348362,58.453,57.953953,57.994198,23130
2024-02-02 20:00:00,0,0.2916052046803845,0.7083947953196155,Hold,57.994198,58.131035,57.937855,58.082737,5765
2024-02-02 21:00:00,0,0.32599573512534596,0.674004264874654,Hold,58.082737,58.300064,58.026394,58.283966,3234
2024-02-04 23:00:00,0,0.2737757781769383,0.7262242218230617,Hold,58.55764,58.74277,58.493244,58.581787,4641
2024-02-05 00:00:00,0,0.2828467702979405,0.7171532297020595,Hold,58.57374,58.589836,58.25177,58.300064,3145
2024-02-05 01:00:00,0,0.26099762496138285,0.7390023750386172,Hold,58.300064,58.316162,58.16323,58.267868,4144
2024-02-05 02:00:00,0,0.2736400284428553,0.7263599715571447,Hold,58.25982,58.35641,58.082737,58.147133,2773
2024-02-05 03:00:00,0,0.29274685586621635,0.7072531441337837,Hold,58.147133,58.324215,58.131035,58.300064,2677
2024-02-05 04:00:00,0,0.27592532339133896,0.724074676608661,Hold,58.300064,58.388607,58.24372,58.380558,1164
2024-02-05 05:00:00,0,0.2701511801384584,0.7298488198615416,Hold,58.37251,58.57374,58.36446,58.469097,3690
2024-02-05 06:00:00,0,0.27567524354407846,0.7243247564559215,Hold,58.453,58.453,58.300064,58.316162,2037
2024-02-05 07:00:00,0,0.28261200655778146,0.7173879934422185,Hold,58.308113,58.324215,58.147133,58.16323,2889
2024-02-05 08:00:00,0,0.27264831612950824,0.7273516838704918,Hold,58.17128,58.420803,58.026394,58.131035,9131
2024-02-05 09:00:00,0,0.2760814351310286,0.7239185648689714,Hold,58.131035,58.131035,57.70443,58.026394,12032
2024-02-05 10:00:00,0,0.27583875069020536,0.7241612493097946,Hold,58.026394,58.082737,57.760773,57.809067,6339
2024-02-05 11:00:00,0,0.25346954832513674,0.7465304516748632,Hold,57.817116,57.929806,57.640034,57.696377,9184
2024-02-05 12:00:00,0,0.3246805708884001,0.6753194291115999,Hold,57.688328,58.090786,57.559544,58.05054,8512
2024-02-05 13:00:00,0,0.344609603263456,0.655390396736544,Hold,58.042492,58.308113,57.841263,58.25177,13603
2024-02-05 14:00:00,0,0.2739451446912235,0.7260548553087764,Hold,58.25177,58.412754,57.47905,57.648083,32241
2024-02-05 15:00:00,0,0.2942771354289238,0.7057228645710762,Hold,57.640034,57.889557,57.47905,57.79297,27440
2024-02-05 16:00:00,0,0.2993300066954145,0.7006699933045855,Hold,57.801018,58.267868,57.696377,58.25982,24445
2024-02-05 17:00:00,0,0.3249642834284087,0.6750357165715912,Hold,58.25982,58.84741,58.219574,58.75887,28464
2024-02-05 18:00:00,0,0.30808229425442746,0.6919177057455725,Hold,58.75082,58.984245,58.65423,58.71057,18481
2024-02-05 19:00:00,0,0.33693040884111775,0.6630695911588822,Hold,58.71057,58.75887,58.453,58.55764,21815
2024-02-05 20:00:00,0,0.3307751411367296,0.6692248588632703,Hold,58.56569,58.662277,58.46105,58.63008,3569
2024-02-05 21:00:00,0,0.3060851424549391,0.6939148575450609,Hold,58.63008,58.64618,58.56569,58.597885,1410
2024-02-05 23:00:00,0,0.32954698598540205,0.6704530140145979,Hold,58.56569,58.56569,58.477146,58.485195,763
2024-02-06 00:00:00,0,0.2835173143942557,0.7164826856057442,Hold,58.493244,58.56569,58.493244,58.533493,691
2024-02-06 01:00:00,0,0.29803423022551395,0.7019657697744861,Hold,58.52544,58.71862,58.453,58.686424,2725
2024-02-06 02:00:00,0,0.28020817797204894,0.7197918220279511,Hold,58.694473,58.75082,58.56569,58.57374,1550
2024-02-06 03:00:00,0,0.28599329083457264,0.7140067091654274,Hold,58.57374,58.670326,58.57374,58.605934,1078
2024-02-06 04:00:00,0,0.29334885570709746,0.7066511442929025,Hold,58.597885,58.774967,58.597885,58.71862,1305
2024-02-06 05:00:00,0,0.27594567491375166,0.7240543250862483,Hold,58.72667,58.774967,58.64618,58.65423,1090
2024-02-06 06:00:00,0,0.29783953874203767,0.7021604612579624,Hold,58.65423,58.686424,58.581787,58.662277,1380
2024-02-06 07:00:00,0,0.3221730030643228,0.6778269969356772,Hold,58.662277,58.82326,58.622032,58.82326,2291
2024-02-06 08:00:00,0,0.2924759612536551,0.7075240387463448,Hold,58.815212,58.9118,58.493244,58.501293,9840
2024-02-06 09:00:00,0,0.2957131273622463,0.7042868726377537,Hold,58.509342,58.54959,58.25982,58.404705,9230
2024-02-06 10:00:00,0,0.2963256007055319,0.7036743992944681,Hold,58.404705,58.75887,58.37251,58.63813,6123
2024-02-06 11:00:00,0,0.31891914697581386,0.6810808530241861,Hold,58.63008,59.000343,58.597885,58.90375,6752
2024-02-06 12:00:00,0,0.326634409299913,0.6733655907000871,Hold,58.90375,59.080833,58.84741,58.992294,7302
2024-02-06 13:00:00,0,0.38685789978750174,0.6131421002124983,Hold,58.984245,59.193523,58.83131,59.088882,16343
2024-02-06 14:00:00,0,0.3520165650212657,0.6479834349787343,Hold,59.09693,59.22572,58.83936,59.056686,24523
2024-02-06 15:00:00,0,0.3496059223184072,0.6503940776815929,Hold,59.064735,59.354504,58.815212,58.83936,22803
2024-02-06 16:00:00,0,0.4138568849667627,0.5861431150332372,Hold,58.83936,59.338406,58.72667,59.185474,21450
2024-02-06 17:00:00,0,0.4034335535337469,0.5965664464662531,Hold,59.185474,59.4189,58.56569,58.976196,40097
2024-02-06 18:00:00,0,0.37863580484387127,0.6213641951561287,Hold,58.976196,59.145226,58.686424,59.02449,23704
2024-02-06 19:00:00,0,0.43929291624756084,0.5607070837524392,Hold,59.02449,59.241817,58.694473,59.21767,22213
2024-02-06 20:00:00,0,0.4080731355581416,0.5919268644418584,Hold,59.21767,59.241817,59.12108,59.15328,3662
2024-02-06 21:00:00,0,0.4284596905494506,0.5715403094505493,Hold,59.161327,59.185474,59.10498,59.12108,2209
2024-02-06 23:00:00,0,0.4127024169395067,0.5872975830604933,Hold,59.161327,59.177425,59.072784,59.09693,676
2024-02-07 00:00:00,0,0.44018527968684124,0.5598147203131587,Hold,59.09693,59.185474,59.09693,59.169376,608
2024-02-07 01:00:00,0,0.447188406714939,0.552811593285061,Hold,59.169376,59.338406,59.145226,59.241817,3026
2024-02-07 02:00:00,0,0.37989610044682093,0.6201038995531791,Hold,59.249866,59.29816,59.145226,59.161327,1259
2024-02-07 03:00:00,0,0.3971828226893706,0.6028171773106294,Hold,59.169376,59.185474,59.10498,59.145226,918
2024-02-07 04:00:00,0,0.3993824422463442,0.6006175577536558,Hold,59.145226,59.22572,59.12108,59.12108,577
2024-02-07 05:00:00,0,0.4066125841081949,0.5933874158918051,Hold,59.12108,59.137177,59.056686,59.10498,1024
2024-02-07 06:00:00,0,0.42350920521067964,0.5764907947893203,Hold,59.09693,59.12108,59.008392,59.072784,1498
2024-02-07 07:00:00,0,0.4640379977442881,0.5359620022557119,Hold,59.072784,59.177425,58.944,59.04059,3432
2024-02-07 08:00:00,0,0.5207350075875984,0.4792649924124016,Sell,59.048637,59.354504,59.01644,59.30621,9002
2024-02-07 09:00:00,0,0.5002386998393701,0.4997613001606299,Sell,59.29816,59.49134,59.10498,59.451096,8943
2024-02-07 10:00:00,0,0.4622094737189835,0.5377905262810165,Hold,59.451096,59.587933,59.322308,59.42695,7301
2024-02-07 11:00:00,0,0.4975894228889663,0.5024105771110337,Hold,59.4189,59.740864,59.265965,59.475243,11159
2024-02-07 12:00:00,0,0.38715325820212504,0.6128467417978749,Hold,59.475243,59.563786,59.386703,59.4189,4565
2024-02-07 13:00:00,0,0.3831006073349637,0.6168993926650364,Hold,59.42695,59.60403,59.274014,59.42695,11518
2024-02-07 14:00:00,0,0.4001831460780848,0.5998168539219152,Hold,59.434998,59.579884,59.137177,59.177425,23805
2024-02-07 15:00:00,0,0.40789447807008733,0.5921055219299127,Hold,59.169376,59.69257,59.064735,59.249866,28381
2024-02-07 16:00:00,0,0.44686512822865193,0.553134871771348,Hold,59.257915,59.50744,59.129128,59.20962,17890
2024-02-07 17:00:00,0,0.4039048361917756,0.5960951638082244,Hold,59.201572,59.467194,59.129128,59.346455,24777
2024-02-07 18:00:00,0,0.4570213650420388,0.5429786349579613,Hold,59.354504,59.48329,59.193523,59.241817,11961
2024-02-07 19:00:00,0,0.4314884740195225,0.5685115259804775,Hold,59.23377,59.531586,59.185474,59.42695,16249
2024-02-07 20:00:00,0,0.4212849490713654,0.5787150509286346,Hold,59.42695,59.69257,59.4189,59.67647,6115
2024-02-07 21:00:00,0,0.37298665465350767,0.6270133453464923,Hold,59.67647,59.708668,59.579884,59.628178,1830
2024-02-07 23:00:00,0,0.3958796619326035,0.6041203380673965,Hold,59.628178,59.660374,59.515488,59.539635,964
2024-02-08 00:00:00,0,0.4481659549540585,0.5518340450459416,Hold,59.547684,59.579884,59.451096,59.49939,1640
2024-02-08 01:00:00,0,0.47793848552321816,0.5220615144767818,Hold,59.50744,59.708668,59.49939,59.628178,2617
2024-02-08 02:00:00,0,0.4536847853571449,0.5463152146428552,Hold,59.62013,59.781113,59.61208,59.708668,1683
2024-02-08 03:00:00,0,0.4418272680154892,0.5581727319845108,Hold,59.708668,59.732815,59.652325,59.660374,901
2024-02-08 04:00:00,0,0.44542213674757797,0.5545778632524221,Hold,59.660374,59.70062,59.644276,59.67647,533
2024-02-08 05:00:00,0,0.47263914500654886,0.5273608549934512,Hold,59.668423,59.732815,59.587933,59.724766,1350
2024-02-08 06:00:00,0,0.4427370912520404,0.5572629087479596,Hold,59.724766,59.78916,59.67647,59.732815,1505
2024-02-08 07:00:00,0,0.4321345668000912,0.5678654331999088,Hold,59.740864,59.76501,59.61208,59.628178,3390
2024-02-08 08:00:00,0,0.4795422141288149,0.5204577858711851,Hold,59.628178,59.748913,59.42695,59.451096,9143
2024-02-08 09:00:00,0,0.46009475112081344,0.5399052488791866,Hold,59.451096,59.70062,59.20962,59.467194,10722
2024-02-08 10:00:00,0,0.529734057055416,0.470265942944584,Sell,59.475243,59.95014,59.451096,59.917946,10022
2024-02-08 11:00:00,0,0.4711250814944142,0.5288749185055859,Hold,59.909897,60.07088,59.8777,60.06283,7021
2024-02-08 12:00:00,0,0.47615296426276804,0.523847035737232,Hold,60.06283,60.27211,59.974293,60.256012,8839
2024-02-08 13:00:00,0,0.4380611226225586,0.5619388773774414,Hold,60.26406,60.36065,60.054783,60.15137,17114
2024-02-08 14:00:00,0,0.4526110193142665,0.5473889806857335,Hold,60.15137,60.65042,60.06283,60.594078,25463
2024-02-08 15:00:00,0,0.3989803601216667,0.6010196398783333,Hold,60.602127,60.92409,60.529682,60.618225,27398
2024-02-08 16:00:00,0,0.37362012675831346,0.6263798732416865,Hold,60.626274,61.11727,60.56188,61.077026,22403
2024-02-08 17:00:00,0,0.3458295382952305,0.6541704617047694,Hold,61.077026,61.302402,61.00458,61.286304,18902
2024-02-08 18:00:00,0,0.32859240489663555,0.6714075951033645,Hold,61.286304,61.366795,61.093124,61.157516,16335
2024-02-08 19:00:00,0,0.316465980636296,0.6835340193637041,Hold,61.157516,61.60022,61.109222,61.58412,27244
2024-02-08 20:00:00,0,0.30873864607748425,0.6912613539225158,Hold,61.576073,61.59217,61.50363,61.535828,5237
2024-02-08 21:00:00,0,0.3160333102500965,0.6839666897499035,Hold,61.52778,61.648518,61.51973,61.543877,3303
2024-02-08 23:00:00,0,0.27097460030220977,0.7290253996977902,Hold,61.51168,61.543877,61.43119,61.52778,1448
2024-02-09 00:00:00,0,0.3071510213536707,0.6928489786463293,Hold,61.52778,61.559975,61.43119,61.44729,1308
2024-02-09 01:00:00,0,0.3471338914188796,0.6528661085811204,Hold,61.463387,61.535828,61.358746,61.374844,1968
2024-02-09 02:00:00,0,0.36327210741397026,0.6367278925860298,Hold,61.366795,61.382893,61.157516,61.286304,4646
2024-02-09 03:00:00,0,0.36604351077668135,0.6339564892233187,Hold,61.294353,61.43119,61.286304,61.39899,1601
2024-02-09 04:00:00,0,0.35453181220103136,0.6454681877989686,Hold,61.39899,61.42314,61.24606,61.278255,2545
2024-02-09 05:00:00,0,0.3488141231786502,0.6511858768213499,Hold,61.278255,61.3185,61.20581,61.25411,1700
2024-02-09 06:00:00,0,0.3686881881110286,0.6313118118889713,Hold,61.262157,61.358746,61.262157,61.32655,1142
2024-02-09 07:00:00,0,0.36749012298999784,0.6325098770100022,Hold,61.3346,61.40704,61.278255,61.342648,2634
2024-02-09 08:00:00,0,0.3950027698766386,0.6049972301233614,Hold,61.342648,61.64047,61.3185,61.52778,6908
2024-02-09 09:00:00,0,0.37043424326109015,0.6295657567389099,Hold,61.51973,61.680714,61.358746,61.616318,6853
2024-02-09 10:00:00,0,0.3789092751570699,0.62109072484293,Hold,61.616318,61.624367,61.39094,61.50363,4804
2024-02-09 11:00:00,0,0.37395805294794343,0.6260419470520566,Hold,61.51168,61.51973,61.278255,61.350697,3557
2024-02-09 12:00:00,0,0.38312345539166315,0.6168765446083369,Hold,61.350697,61.44729,61.157516,61.213863,5052
2024-02-09 13:00:00,0,0.3769330759134626,0.6230669240865374,Hold,61.221912,61.576073,61.11727,61.568024,12551
2024-02-09 14:00:00,1,0.38721353799942226,0.6127864620005777,Hold,61.568024,62.211956,61.42314,62.018776,26496
2024-02-09 15:00:00,0,0.4007183853275499,0.5992816146724501,Hold,62.018776,62.195858,61.487534,61.52778,23098
2024-02-09 16:00:00,0,0.3755473270806662,0.6244526729193338,Hold,61.535828,61.857796,61.149467,61.769253,26135
2024-02-09 17:00:00,0,0.34859993541029477,0.6514000645897052,Hold,61.769253,61.841698,61.60022,61.753155,12400
2024-02-09 18:00:00,0,0.36144709417410165,0.6385529058258983,Hold,61.753155,61.809498,61.624367,61.753155,9724
2024-02-09 19:00:00,0,0.34018110474098445,0.6598188952590156,Hold,61.745106,61.881943,61.60827,61.64047,16126
2024-02-09 20:00:00,0,0.3131131951979248,0.6868868048020752,Hold,61.64047,61.664616,61.551926,61.624367,2842
2024-02-09 21:00:00,0,0.3538508013387862,0.6461491986612138,Hold,61.63242,61.672665,61.568024,61.656567,1718
2024-02-11 23:00:00,0,0.3280494098613989,0.6719505901386011,Hold,61.656567,61.656567,61.3185,61.52778,2369
2024-02-12 00:00:00,0,0.3198214499412531,0.680178550058747,Hold,61.52778,61.58412,61.51973,61.535828,556
2024-02-12 01:00:00,0,0.31883627802022674,0.6811637219797733,Hold,61.535828,61.535828,61.463387,61.495583,849
2024-02-12 02:00:00,0,0.31616338104292446,0.6838366189570755,Hold,61.495583,61.576073,61.471436,61.51973,745
2024-02-12 03:00:00,0,0.324815183868629,0.6751848161313709,Hold,61.51973,61.52778,61.44729,61.51168,475
2024-02-12 04:00:00,0,0.2998007696085715,0.7001992303914285,Hold,61.51973,61.60827,61.50363,61.551926,545
2024-02-12 05:00:00,0,0.3293226866225467,0.6706773133774533,Hold,61.543877,61.680714,61.535828,61.624367,943
2024-02-12 06:00:00,0,0.3362791060777162,0.6637208939222838,Hold,61.616318,61.664616,61.576073,61.64047,781
2024-02-12 07:00:00,0,0.32530723353654656,0.6746927664634534,Hold,61.656567,61.70486,61.559975,61.568024,2010
2024-02-12 08:00:00,0,0.2985193606626615,0.7014806393373385,Hold,61.568024,61.576073,61.189713,61.44729,9135
2024-02-12 09:00:00,0,0.29803399631379257,0.7019660036862074,Hold,61.455338,61.672665,61.39094,61.551926,4264
2024-02-12 10:00:00,0,0.2871297628219571,0.7128702371780429,Hold,61.543877,61.543877,61.165565,61.350697,6820
2024-02-12 11:00:00,0,0.29072803855678686,0.7092719614432131,Hold,61.3346,61.43119,61.04483,61.077026,6040
2024-02-12 12:00:00,0,0.30168109347665517,0.6983189065233448,Hold,61.085075,61.294353,60.988483,61.262157,5792
2024-02-12 13:00:00,0,0.2898755392382062,0.7101244607617938,Hold,61.270206,61.382893,60.803356,61.068977,12670
2024-02-12 14:00:00,0,0.3292314661347266,0.6707685338652734,Hold,61.068977,62.010727,61.028732,61.769253,26937
2024-02-12 15:00:00,0,0.31606893484542137,0.6839310651545787,Hold,61.7773,62.050976,61.58412,61.69681,16012
2024-02-12 16:00:00,0,0.3596109150117403,0.6403890849882596,Hold,61.70486,61.954384,61.535828,61.78535,14228
2024-02-12 17:00:00,0,0.37566336820317137,0.6243366317968286,Hold,61.78535,61.865845,61.656567,61.849747,7782
2024-02-12 18:00:00,0,0.3611676314400097,0.6388323685599904,Hold,61.849747,61.857796,61.576073,61.672665,7296
2024-02-12 19:00:00,0,0.3672293546963627,0.6327706453036372,Hold,61.664616,61.962433,61.648518,61.91414,15237
2024-02-12 20:00:00,0,0.36592425274872514,0.6340757472512748,Hold,61.91414,62.050976,61.865845,62.026825,3740
2024-02-12 21:00:00,0,0.3403829498722029,0.6596170501277971,Hold,62.018776,62.034874,61.91414,61.930237,1607
2024-02-12 23:00:00,0,0.3195189961598481,0.6804810038401519,Hold,62.002678,62.067074,61.89804,61.962433,839
2024-02-13 00:00:00,0,0.3079893634364388,0.6920106365635612,Hold,61.954384,61.97048,61.89804,61.930237,529
2024-02-13 01:00:00,0,0.3420930728298197,0.6579069271701803,Hold,61.930237,62.010727,61.91414,61.99463,1030
2024-02-13 02:00:00,0,0.33925385339059777,0.6607461466094022,Hold,61.98658,62.042927,61.930237,62.010727,1314
2024-02-13 03:00:00,0,0.3176474870105484,0.6823525129894517,Hold,62.010727,62.050976,61.97048,62.002678,858
2024-02-13 04:00:00,0,0.339409224954615,0.660590775045385,Hold,61.99463,62.010727,61.97048,62.010727,392
2024-02-13 05:00:00,0,0.3773842427725821,0.6226157572274179,Hold,62.002678,62.075123,62.002678,62.026825,496
2024-02-13 06:00:00,0,0.4362490468936944,0.5637509531063056,Hold,62.026825,62.228054,62.010727,62.18781,1785
2024-02-13 07:00:00,0,0.357626244851743,0.642373755148257,Hold,62.18781,62.244152,62.067074,62.09122,2818
2024-02-13 08:00:00,0,0.3144786111560968,0.6855213888439031,Hold,62.09927,62.203907,61.90609,61.90609,7822
2024-02-13 09:00:00,0,0.4655061769714523,0.5344938230285476,Hold,61.91414,62.525875,61.873894,62.421234,10902
2024-02-13 10:00:00,0,0.42184574395841434,0.5781542560415857,Hold,62.421234,62.65466,62.397087,62.397087,7916
2024-02-13 11:00:00,0,0.40667305439695806,0.5933269456030419,Hold,62.405136,62.48563,62.2844,62.340744,5456
2024-02-13 12:00:00,0,0.3983935327044133,0.6016064672955868,Hold,62.348793,62.44538,62.220005,62.37294,6691
2024-02-13 13:00:00,0,0.4313741221885451,0.5686258778114549,Hold,62.37294,62.65466,61.97048,62.147564,17871
2024-02-13 14:00:00,0,0.4389312037368001,0.5610687962631999,Hold,62.147564,62.57417,61.922188,62.18781,22145
2024-02-13 15:00:00,0,0.5092357268977602,0.4907642731022398,Sell,62.195858,62.437332,61.946335,62.405136,19276
2024-02-13 16:00:00,0,0.4094543793077875,0.5905456206922125,Hold,62.413185,62.904186,62.348793,62.662712,21764
2024-02-13 17:00:00,0,0.39388630418441734,0.6061136958155826,Hold,62.67076,63.16176,62.614414,62.799545,14979
2024-02-13 18:00:00,0,0.3925347236201236,0.6074652763798765,Hold,62.799545,62.992725,62.67881,62.743202,11930
2024-02-13 19:00:00,0,0.42176071811623,0.57823928188377,Hold,62.735153,62.95248,62.533924,62.590267,19986
2024-02-13 20:00:00,0,0.42847055332520845,0.5715294466747916,Hold,62.590267,62.63856,62.48563,62.630512,3541
2024-02-13 21:00:00,0,0.430499485300589,0.569500514699411,Hold,62.63856,62.76735,62.55807,62.598316,2509
2024-02-13 23:00:00,0,0.46952135147878704,0.530478648521213,Hold,62.630512,62.67881,62.550022,62.614414,808
2024-02-14 00:00:00,0,0.432617119232314,0.567382880767686,Hold,62.606365,62.606365,62.509777,62.541973,866
2024-02-14 01:00:00,0,0.48885636509043806,0.5111436349095619,Hold,62.550022,62.550022,62.397087,62.509777,1909
2024-02-14 02:00:00,0,0.46130412527646125,0.5386958747235387,Hold,62.517826,62.57417,62.413185,62.550022,1378
2024-02-14 03:00:00,0,0.47488226717655796,0.525117732823442,Hold,62.55807,62.711006,62.533924,62.662712,1508
2024-02-14 04:00:00,0,0.4619150604423091,0.5380849395576909,Hold,62.662712,62.69491,62.622463,62.67076,431
2024-02-14 05:00:00,0,0.45595339240053256,0.5440466075994674,Hold,62.67076,62.69491,62.622463,62.630512,486
2024-02-14 06:00:00,0,0.4746161298810924,0.5253838701189075,Hold,62.622463,62.67881,62.533924,62.55807,900
2024-02-14 07:00:00,0,0.5037898533561831,0.4962101466438169,Sell,62.55807,62.904186,62.517826,62.743202,4844
2024-02-14 08:00:00,0,0.532533683410236,0.467466316589764,Sell,62.743202,62.88809,62.56612,62.614414,6728
2024-02-14 09:00:00,0,0.5163197316875353,0.4836802683124647,Sell,62.606365,62.76735,62.533924,62.67076,6865
2024-02-14 10:00:00,0,0.4464395695973822,0.5535604304026178,Hold,62.67076,62.85589,62.662712,62.83174,3676
2024-02-14 11:00:00,0,0.42289896168031355,0.5771010383196864,Hold,62.823692,62.912235,62.48563,62.67881,6682
2024-02-14 12:00:00,0,0.4189088116226566,0.5810911883773434,Hold,62.67881,62.87199,62.606365,62.7593,4423
2024-02-14 13:00:00,0,0.444399604168315,0.5556003958316851,Hold,62.75125,63.07322,62.662712,62.94443,11671
2024-02-14 14:00:00,1,0.4914901226951804,0.5085098773048196,Hold,62.95248,63.403233,62.807594,63.250298,24094
2024-02-14 15:00:00,1,0.45688896836105203,0.543111031638948,Hold,63.250298,63.379086,62.17976,62.67881,42233
2024-02-14 16:00:00,0,0.4650693050306044,0.5349306949693956,Hold,62.68686,62.76735,62.252205,62.405136,17437
2024-02-14 17:00:00,0,0.4107638362515609,0.5892361637484391,Hold,62.397087,62.397087,61.80145,61.89804,20485
2024-02-14 18:00:00,0,0.4146929416816233,0.5853070583183767,Hold,61.89804,62.09122,61.809498,62.026825,9500
2024-02-14 19:00:00,0,0.370904534762264,0.6290954652377361,Hold,62.026825,62.17976,61.59217,61.60022,23722
2024-02-14 20:00:00,0,0.3319506762854839,0.6680493237145161,Hold,61.59217,61.70486,61.479485,61.672665,4416
2024-02-14 21:00:00,0,0.35187446655144994,0.6481255334485501,Hold,61.680714,61.688763,61.59217,61.624367,1159
2024-02-14 23:00:00,0,0.3376065237803228,0.6623934762196773,Hold,61.656567,61.656567,61.576073,61.60022,704
2024-02-15 00:00:00,0,0.3481866899375062,0.6518133100624939,Hold,61.60022,61.624367,61.51168,61.52778,556
2024-02-15 01:00:00,0,0.35260562789914707,0.6473943721008529,Hold,61.51973,61.551926,61.358746,61.39094,985
2024-02-15 02:00:00,0,0.36909854084719573,0.6309014591528043,Hold,61.39899,61.479485,61.366795,61.455338,543
2024-02-15 03:00:00,0,0.40675704961618986,0.5932429503838101,Hold,61.44729,61.455338,61.3346,61.3346,957
2024-02-15 04:00:00,0,0.42459853986372315,0.5754014601362769,Hold,61.3346,61.374844,61.31045,61.3185,347
2024-02-15 05:00:00,0,0.4741012021520561,0.5258987978479439,Hold,61.3185,61.44729,61.3185,61.382893,268
2024-02-15 06:00:00,0,0.49197024919749066,0.5080297508025093,Hold,61.382893,61.50363,61.358746,61.471436,441
2024-02-15 07:00:00,0,0.47735692859186446,0.5226430714081356,Hold,61.471436,61.559975,61.286304,61.294353,960
2024-02-15 08:00:00,0,0.46567925988776754,0.5343207401122325,Hold,61.278255,61.576073,61.101173,61.551926,2791
2024-02-15 09:00:00,0,0.4783474570194351,0.521652542980565,Hold,61.535828,61.729008,61.302402,61.3185,1769
2024-02-15 10:00:00,0,0.4596381170832814,0.5403618829167186,Hold,61.31045,61.382893,61.181664,61.20581,1694
2024-02-15 11:00:00,0,0.43740891077327126,0.5625910892267287,Hold,61.213863,61.25411,60.996532,61.23801,1521
2024-02-15 12:00:00,0,0.4751059896002504,0.5248940103997496,Hold,61.23801,61.44729,61.14142,61.42314,1406
2024-02-15 13:00:00,0,0.468707345395546,0.5312926546044541,Hold,61.41509,61.737057,61.39094,61.72096,2899
2024-02-15 14:00:00,0,0.48802324047744966,0.5119767595225504,Hold,61.729008,62.2844,61.729008,62.002678,7121
2024-02-15 15:00:00,0,0.4760860095906431,0.5239139904093568,Hold,62.002678,62.67076,62.002678,62.57417,6972
2024-02-15 16:00:00,0,0.5217606388919724,0.47823936110802756,Sell,62.56612,63.13761,62.533924,63.07322,5901
2024-02-15 17:00:00,0,0.5220343601411352,0.47796563985886475,Sell,63.08127,63.097366,62.823692,62.88809,4151
2024-02-15 18:00:00,0,0.48645296064277743,0.5135470393572226,Hold,62.904186,62.95248,62.719055,62.823692,3635
2024-02-15 19:00:00,0,0.5116646067083658,0.4883353932916342,Sell,62.823692,63.03297,62.735153,63.02492,5870
2024-02-15 20:00:00,0,0.41770087889739804,0.582299121102602,Hold,63.016872,63.097366,62.896137,62.912235,1241
2024-02-15 21:00:00,0,0.4701029163967918,0.5298970836032082,Hold,62.912235,62.95248,62.815643,62.83979,959
2024-02-15 23:00:00,0,0.5284938027116689,0.4715061972883311,Sell,62.87199,62.976627,62.83979,62.896137,383
2024-02-16 00:00:00,0,0.4908113589974103,0.5091886410025896,Hold,62.904186,62.920284,62.83174,62.83979,159
2024-02-16 01:00:00,0,0.5028129013148079,0.49718709868519206,Sell,62.823692,62.83979,62.743202,62.83174,229
2024-02-16 02:00:00,0,0.5180236210010147,0.48197637899898527,Sell,62.823692,62.928333,62.807594,62.928333,148
2024-02-16 03:00:00,0,0.52970582610168,0.47029417389831996,Sell,62.904186,62.904186,62.7754,62.799545,81
2024-02-16 04:00:00,0,0.49300113162729653,0.5069988683727035,Hold,62.791496,62.85589,62.791496,62.83979,31
2024-02-16 05:00:00,0,0.46181822848171294,0.538181771518287,Hold,62.83174,62.896137,62.823692,62.896137,50
2024-02-16 06:00:00,0,0.48081939336563323,0.5191806066343667,Hold,62.896137,62.920284,62.84784,62.85589,145
2024-02-16 07:00:00,0,0.5082576020338031,0.4917423979661969,Sell,62.896137,62.904186,62.76735,62.807594,264
2024-02-16 08:00:00,0,0.49323408435180316,0.5067659156481968,Hold,62.84784,62.84784,62.525875,62.533924,546
2024-02-16 09:00:00,0,0.4953429728979339,0.5046570271020661,Hold,62.533924,62.590267,62.163662,62.252205,652
2024-02-16 10:00:00,0,0.4567953214517952,0.5432046785482048,Hold,62.236103,62.38099,62.18781,62.276352,289
2024-02-16 11:00:00,0,0.4529014397594229,0.5470985602405771,Hold,62.276352,62.38099,62.155613,62.324646,275
2024-02-16 12:00:00,0,0.42189364077643415,0.5781063592235658,Hold,62.316597,62.47758,62.276352,62.397087,434
2024-02-16 13:00:00,0,0.4498581581889976,0.5501418418110025,Hold,62.405136,63.16176,62.260254,63.13761,3379
2024-02-16 14:00:00,0,0.4613279995527788,0.5386720004472212,Hold,63.13761,63.483727,62.823692,62.83174,2718
2024-02-16 15:00:00,0,0.42844511506422,0.57155488493578,Hold,62.85589,63.274445,62.622463,62.96053,1495
2024-02-16 16:00:00,0,0.4276963951378466,0.5723036048621535,Hold,62.976627,63.35494,62.76735,63.35494,1545
2024-02-16 17:00:00,0,0.4316543897261989,0.5683456102738011,Hold,63.35494,63.781544,63.33079,63.362988,2208
2024-02-16 18:00:00,0,0.4167215271962319,0.5832784728037681,Hold,63.362988,63.62861,63.15371,63.60446,1967
2024-02-16 19:00:00,0,0.4282319044182287,0.5717680955817712,Hold,63.596413,63.870083,63.403233,63.749348,3124
2024-02-16 20:00:00,0,0.38048514761716706,0.6195148523828329,Hold,63.73325,63.789593,63.62056,63.68495,576
2024-02-16 21:00:00,0,0.4573351078937523,0.5426648921062477,Hold,63.668854,63.845936,63.588364,63.765446,282
2024-02-18 23:00:00,0,0.4411910635829079,0.5588089364170921,Hold,63.765446,63.765446,63.496838,63.618935,2070
2024-02-19 00:00:00,0,0.4319740151679129,0.5680259848320871,Hold,63.610794,63.66777,63.537537,63.545677,1477
2024-02-19 01:00:00,0,0.44255840702934307,0.5574415929706569,Hold,63.553818,63.553818,63.211952,63.43986,5758
2024-02-19 02:00:00,0,0.4650814810449115,0.5349185189550885,Hold,63.448,63.448,63.33405,63.382885,1732
2024-02-19 03:00:00,0,0.45985308216492177,0.5401469178350782,Hold,63.391026,63.47242,63.366608,63.382885,1059
2024-02-19 04:00:00,0,0.4948202602126377,0.5051797397873623,Hold,63.391026,63.407303,63.358467,63.366608,603
2024-02-19 05:00:00,0,0.4814456895441497,0.5185543104558503,Hold,63.366608,63.391026,63.342186,63.358467,573
2024-02-19 06:00:00,0,0.5170886380209216,0.48291136197907836,Sell,63.358467,63.415443,63.30149,63.31777,1465
2024-02-19 07:00:00,0,0.5054914381286567,0.4945085618713433,Sell,63.31777,63.48056,63.30149,63.448,2054
2024-02-19 08:00:00,0,0.5449502558763354,0.4550497441236646,Sell,63.448,63.46428,63.211952,63.26079,6379
2024-02-19 09:00:00,0,0.5179496946312896,0.4820503053687104,Sell,63.25265,63.391026,63.187534,63.366608,5543
2024-02-19 10:00:00,0,0.47218538978247376,0.5278146102175263,Hold,63.374744,63.382885,63.203815,63.342186,4486
2024-02-19 11:00:00,0,0.5733125933396354,0.42668740666036464,Sell,63.342186,63.65963,63.31777,63.65963,5273
2024-02-19 12:00:00,1,0.5488849180983677,0.4511150819016323,Sell,63.65149,63.85498,63.643353,63.84684,5258
2024-02-19 13:00:00,1,0.487334269377686,0.512665730622314,Hold,63.84684,63.84684,63.65963,63.716606,5890
2024-02-19 14:00:00,1,0.5114972739622108,0.4885027260377892,Sell,63.70847,63.8794,63.570095,63.749165,8776
2024-02-19 15:00:00,1,0.5650722963387953,0.4349277036612047,Sell,63.757305,63.936375,63.749165,63.903816,6805
2024-02-19 16:00:00,1,0.47802118521280257,0.5219788147871974,Hold,63.903816,63.944515,63.716606,63.781723,7554
2024-02-19 17:00:00,1,0.4968226929602322,0.5031773070397678,Hold,63.781723,63.928238,63.765446,63.8794,3508
2024-02-19 18:00:00,0,0.4869997322894461,0.5130002677105538,Hold,63.87126,63.87126,63.69219,63.69219,1210
2024-02-19 19:00:00,0,0.4422945497855393,0.5577054502144607,Hold,63.69219,63.716606,63.602654,63.65963,1781
2024-02-19 23:00:00,0,0.43938533011438363,0.5606146698856164,Hold,63.684048,63.70847,63.50498,63.570095,1590
2024-02-20 00:00:00,0,0.3926924958406058,0.6073075041593943,Hold,63.570095,63.69219,63.529396,63.586376,1128
2024-02-20 01:00:00,1,0.4765032657650945,0.5234967342349055,Hold,63.586376,63.85498,63.578236,63.789864,3251
2024-02-20 02:00:00,1,0.45045766361006795,0.5495423363899321,Hold,63.789864,63.798004,63.724747,63.732887,1089
2024-02-20 03:00:00,1,0.466004681094189,0.533995318905811,Hold,63.741028,63.822422,63.70847,63.789864,1361
2024-02-20 04:00:00,1,0.46123891424931235,0.5387610857506877,Hold,63.789864,63.798004,63.724747,63.765446,685
2024-02-20 05:00:00,1,0.47537902177454616,0.5246209782254538,Hold,63.765446,63.86312,63.757305,63.85498,861
2024-02-20 06:00:00,1,0.4724750830765633,0.5275249169234367,Hold,63.85498,63.88754,63.70033,63.765446,1988
2024-02-20 07:00:00,1,0.5299707533554753,0.4700292466445247,Sell,63.765446,63.89568,63.749165,63.822422,2851
2024-02-20 08:00:00,0,0.46360361895544566,0.5363963810445543,Hold,63.830563,63.936375,63.496838,63.578236,11039
2024-02-20 09:00:00,0,0.4419402440416441,0.5580597559583559,Hold,63.570095,63.643353,63.130558,63.187534,11422
2024-02-20 10:00:00,0,0.3784512794798556,0.6215487205201444,Hold,63.179394,63.43172,63.171257,63.32591,7076
2024-02-20 11:00:00,0,0.3745166859278525,0.6254833140721475,Hold,63.32591,63.32591,63.10614,63.24451,6236
2024-02-20 12:00:00,0,0.41508700741079735,0.5849129925892027,Hold,63.24451,63.28521,62.967766,63.163116,8702
2024-02-20 13:00:00,0,0.44019943616810725,0.5598005638318928,Hold,63.14684,63.529396,62.984047,63.51312,13759
2024-02-20 14:00:00,1,0.4601864594854986,0.5398135405145015,Hold,63.52126,63.789864,63.391026,63.43172,25964
2024-02-20 15:00:00,0,0.5134672198115102,0.4865327801884898,Sell,63.43172,63.561954,62.57707,62.747997,35165
2024-02-20 16:00:00,0,0.4621071483134448,0.5378928516865552,Hold,62.747997,62.87823,62.51195,62.829395,25013
2024-02-20 17:00:00,0,0.45066853111899197,0.549331468881008,Hold,62.829395,63.081722,62.73172,63.049164,13179
2024-02-20 18:00:00,0,0.4604656280118704,0.5395343719881296,Hold,63.06544,63.163116,62.853813,63.07358,13128
2024-02-20 19:00:00,0,0.44669064521074137,0.5533093547892587,Hold,63.07358,63.098,62.568928,62.91079,31603
2024-02-20 20:00:00,0,0.44295384237684754,0.5570461576231525,Hold,62.91893,62.959625,62.796837,62.829395,4077
2024-02-20 21:00:00,0,0.4868404323104267,0.5131595676895733,Hold,62.829395,62.853813,62.772415,62.845673,2149
2024-02-20 23:00:00,0,0.5003462727092307,0.4996537272907693,Sell,62.796837,62.90265,62.780556,62.87009,754
2024-02-21 00:00:00,0,0.54878056804073,0.45121943195926995,Sell,62.87009,62.894512,62.780556,62.780556,822
2024-02-21 01:00:00,0,0.5458052209354834,0.45419477906451655,Sell,62.788696,62.91893,62.739857,62.87823,1550
2024-02-21 02:00:00,0,0.5963215726865226,0.40367842731347736,Sell,62.87009,62.92707,62.829395,62.853813,1201
2024-02-21 03:00:00,0,0.6026014530139694,0.3973985469860306,Sell,62.853813,62.959625,62.853813,62.92707,1128
2024-02-21 04:00:00,0,0.5864193530825397,0.4135806469174603,Sell,62.935207,62.935207,62.88637,62.92707,352
2024-02-21 05:00:00,0,0.58177128250462,0.41822871749538004,Sell,62.91893,62.984047,62.91079,62.91893,730
2024-02-21 06:00:00,0,0.5446335241053375,0.4553664758946625,Sell,62.91893,62.92707,62.756138,62.829395,2736
2024-02-21 07:00:00,0,0.5854363692432265,0.4145636307567735,Sell,62.821255,62.91079,62.707302,62.71544,2396
2024-02-21 08:00:00,0,0.6252540296237376,0.37474597037626245,Sell,62.707302,62.71544,62.145668,62.17009,15586
2024-02-21 09:00:00,0,0.6168075412890205,0.3831924587109795,Sell,62.16195,62.52823,62.12125,62.406136,10459
2024-02-21 10:00:00,0,0.6132951130974702,0.3867048869025298,Sell,62.406136,62.568928,62.251484,62.397995,5368
2024-02-21 11:00:00,0,0.5978269493823792,0.40217305061762076,Sell,62.38986,62.422417,62.178226,62.373577,4139
2024-02-21 12:00:00,0,0.5985879611816328,0.4014120388183672,Sell,62.373577,62.593346,62.33288,62.568928,5815
2024-02-21 13:00:00,0,0.5563371934230177,0.4436628065769823,Sell,62.568928,62.772415,62.479393,62.585205,12750
2024-02-21 14:00:00,0,0.6139735080832057,0.3860264919167943,Sell,62.585205,63.06544,62.373577,62.88637,27640
2024-02-21 15:00:00,0,0.5628980925375936,0.4371019074624064,Sell,62.87823,63.130558,62.609627,63.08986,20001
2024-02-21 16:00:00,0,0.5777689923967065,0.42223100760329346,Sell,63.098,63.43986,62.87009,63.391026,23763
2024-02-21 17:00:00,0,0.5316070861120383,0.46839291388796167,Sell,63.391026,63.46428,62.943348,63.31777,28337
2024-02-21 18:00:00,0,0.5232893911748638,0.47671060882513616,Sell,63.31777,63.391026,62.959625,63.27707,15623
2024-02-21 19:00:00,0,0.5443392805193592,0.4556607194806408,Sell,63.27707,63.50498,63.26079,63.46428,19906
2024-02-21 20:00:00,0,0.5517637928665066,0.44823620713349344,Sell,63.456142,63.529396,63.33405,63.51312,6720
2024-02-21 21:00:00,0,0.5503224110237068,0.4496775889762932,Sell,63.52126,63.553818,63.448,63.537537,3046
2024-02-21 23:00:00,0,0.5562532730053313,0.44374672699466866,Sell,63.561954,63.594513,63.51312,63.561954,881
2024-02-22 00:00:00,0,0.5404657597495794,0.45953424025042056,Sell,63.561954,63.62707,63.553818,63.578236,1468
2024-02-22 01:00:00,0,0.5522694355670771,0.4477305644329229,Sell,63.578236,63.586376,63.456142,63.46428,2230
2024-02-22 02:00:00,0,0.5578191516371964,0.4421808483628036,Sell,63.46428,63.570095,63.382885,63.553818,1898
2024-02-22 03:00:00,0,0.5732931008791419,0.42670689912085813,Sell,63.561954,63.610794,63.52126,63.545677,1089
2024-02-22 04:00:00,0,0.5645196984470054,0.43548030155299455,Sell,63.545677,63.594513,63.48056,63.586376,1189
2024-02-22 05:00:00,0,0.5985590185347807,0.40144098146521934,Sell,63.586376,63.67591,63.561954,63.618935,1263
2024-02-22 06:00:00,0,0.621342598527361,0.37865740147263904,Sell,63.618935,63.66777,63.602654,63.643353,1090
2024-02-22 07:00:00,0,0.6171958425360596,0.38280415746394036,Sell,63.643353,63.741028,63.602654,63.643353,3263
2024-02-22 08:00:00,0,0.6164323000312784,0.38356769996872164,Sell,63.643353,63.798004,63.553818,63.578236,9787
2024-02-22 09:00:00,0,0.6417969015926779,0.3582030984073221,Sell,63.578236,63.806145,63.47242,63.69219,7836
2024-02-22 10:00:00,0,0.5287749619833932,0.47122503801660676,Sell,63.70033,63.830563,63.51312,63.545677,6922
2024-02-22 11:00:00,0,0.5403153176623895,0.4596846823376105,Sell,63.553818,63.610794,63.26079,63.374744,7761
2024-02-22 12:00:00,0,0.525859325870815,0.47414067412918504,Sell,63.366608,63.374744,63.195675,63.27707,8602
2024-02-22 13:00:00,0,0.530862328912018,0.469137671087982,Sell,63.27707,63.382885,62.935207,62.95149,17048
2024-02-22 14:00:00,0,0.5263397937276811,0.47366020627231886,Sell,62.959625,63.610794,62.861954,63.47242,32521
2024-02-22 15:00:00,0,0.5653028208481239,0.4346971791518761,Sell,63.48056,63.716606,63.391026,63.65149,22430
2024-02-22 16:00:00,1,0.5351683949215856,0.46483160507841437,Sell,63.62707,64.11545,63.62707,64.09917,35433
2024-02-22 17:00:00,1,0.5523342584552826,0.4476657415447174,Sell,64.09103,64.23754,64.05033,64.196846,16067
2024-02-22 18:00:00,1,0.5209639620669316,0.47903603793306837,Sell,64.196846,64.2294,63.993355,64.02591,12892
2024-02-22 19:00:00,1,0.4933514840884547,0.5066485159115452,Hold,64.02591,64.12359,63.88754,63.911957,21025
2024-02-22 20:00:00,1,0.45215927268266165,0.5478407273173383,Hold,63.911957,63.960796,63.830563,63.838703,3831
2024-02-22 21:00:00,1,0.47723014576571293,0.5227698542342871,Hold,63.838703,63.86312,63.749165,63.765446,1858
2024-02-22 23:00:00,1,0.5047655833982249,0.49523441660177514,Sell,63.789864,63.789864,63.69219,63.69219,1018
2024-02-23 00:00:00,1,0.4261157016780547,0.5738842983219453,Hold,63.70033,63.749165,63.65149,63.732887,1331
2024-02-23 01:00:00,1,0.4326178258853572,0.5673821741146428,Hold,63.732887,63.806145,63.66777,63.798004,2091
2024-02-23 02:00:00,1,0.4566846654730735,0.5433153345269265,Hold,63.789864,63.798004,63.70033,63.716606,817
2024-02-23 03:00:00,1,0.4042796950044114,0.5957203049955886,Hold,63.70847,63.70847,63.610794,63.610794,1106
2024-02-23 04:00:00,1,0.4481283302860488,0.5518716697139512,Hold,63.610794,63.69219,63.610794,63.69219,813
2024-02-23 05:00:00,1,0.408100802415129,0.591899197584871,Hold,63.684048,63.70033,63.578236,63.586376,1423
2024-02-23 06:00:00,1,0.4480057658245452,0.5519942341754548,Hold,63.578236,63.65149,63.553818,63.610794,1713
2024-02-23 07:00:00,1,0.4903854469865578,0.5096145530134422,Hold,63.610794,63.69219,63.51312,63.643353,3275
2024-02-23 08:00:00,1,0.44424124561361333,0.5557587543863867,Hold,63.643353,63.67591,63.32591,63.358467,9968
2024-02-23 09:00:00,0,0.3708993309522124,0.6291006690477876,Hold,63.358467,63.382885,63.000324,63.041023,11338
2024-02-23 10:00:00,1,0.32540490124934707,0.6745950987506529,Hold,63.032883,63.28521,62.959625,63.122417,7990
2024-02-23 11:00:00,0,0.29860230069316457,0.7013976993068354,Hold,63.130558,63.30149,62.845673,62.967766,7941
2024-02-23 12:00:00,0,0.2936458086838356,0.7063541913161644,Hold,62.967766,63.08986,62.821255,62.91079,10193
2024-02-23 13:00:00,1,0.309295631337086,0.690704368662914,Hold,62.91079,63.220093,62.69102,63.098,19848
2024-02-23 14:00:00,0,0.30689677411598065,0.6931032258840193,Hold,63.098,63.163116,62.397995,62.634045,36405
2024-02-23 15:00:00,0,0.3014892143319235,0.6985107856680766,Hold,62.634045,63.024742,62.46311,62.935207,25346
2024-02-23 16:00:00,0,0.29985139176363085,0.7001486082363692,Hold,62.92707,63.008465,62.454975,62.51195,19865
2024-02-23 17:00:00,0,0.2659565852998453,0.7340434147001547,Hold,62.52009,62.53637,62.194508,62.251484,22415
2024-02-23 18:00:00,0,0.32750690077032424,0.6724930992296758,Hold,62.243343,62.414276,62.145668,62.397995,18638
2024-02-23 19:00:00,0,0.2887673307802064,0.7112326692197937,Hold,62.406136,62.585205,62.194508,62.454975,22759
2024-02-23 20:00:00,0,0.2475125829843183,0.7524874170156817,Hold,62.446835,62.454975,62.32474,62.33288,4816
2024-02-23 21:00:00,0,0.24284922701542083,0.7571507729845792,Hold,62.33288,62.373577,62.292183,62.32474,2194
2024-02-25 23:00:00,0,0.26745005122338616,0.7325499487766138,Hold,62.186367,62.414276,62.17009,62.218925,2602
2024-02-26 00:00:00,0,0.2774995169835119,0.7225004830164881,Hold,62.210785,62.218925,62.023575,62.039856,2593
2024-02-26 01:00:00,0,0.2826462111464586,0.7173537888535414,Hold,62.047993,62.096832,61.9259,61.94218,3142
2024-02-26 02:00:00,0,0.26852902132847156,0.7314709786715284,Hold,61.94218,62.023575,61.93404,61.991016,1135
2024-02-26 03:00:00,0,0.2580385364808506,0.7419614635191494,Hold,61.98288,62.007298,61.90148,61.909622,1237
2024-02-26 04:00:00,0,0.29105109820792463,0.7089489017920754,Hold,61.909622,62.015434,61.909622,61.991016,687
2024-02-26 05:00:00,0,0.3064223713269792,0.6935776286730209,Hold,61.999157,62.015434,61.917763,61.958458,823
2024-02-26 06:00:00,0,0.3680060578393823,0.6319939421606178,Hold,61.9666,62.13753,61.93404,62.096832,2252
2024-02-26 07:00:00,0,0.34528227200111344,0.6547177279988865,Hold,62.08869,62.11311,61.885204,61.9259,3004
2024-02-26 08:00:00,0,0.34174812523849246,0.6582518747615076,Hold,61.917763,62.023575,61.730553,61.97474,8693
2024-02-26 09:00:00,0,0.3389091907013607,0.6610908092986393,Hold,61.97474,62.047993,61.811947,62.023575,5202
2024-02-26 10:00:00,0,0.3447251574108123,0.6552748425891877,Hold,62.023575,62.15381,61.917763,62.145668,4906
2024-02-26 11:00:00,0,0.30002888090426183,0.6999711190957382,Hold,62.145668,62.15381,61.9666,61.991016,4009
2024-02-26 12:00:00,0,0.2798748590479067,0.7201251409520932,Hold,61.999157,62.023575,61.868923,61.89334,6013
2024-02-26 13:00:00,0,0.35877844626296396,0.641221553737036,Hold,61.885204,62.2759,61.877064,62.104973,13054
2024-02-26 14:00:00,0,0.42004836206149293,0.579951637938507,Hold,62.11311,62.634045,61.958458,62.609627,26310
2024-02-26 15:00:00,0,0.3895821496711224,0.6104178503288775,Hold,62.617764,62.756138,62.48753,62.739857,18638
2024-02-26 16:00:00,0,0.3937329512215726,0.6062670487784274,Hold,62.739857,62.95149,62.552647,62.88637,19552
2024-02-26 17:00:00,0,0.43800301240517653,0.5619969875948234,Hold,62.894512,63.43986,62.861954,63.399166,20614
2024-02-26 18:00:00,0,0.41702623656778703,0.582973763432213,Hold,63.399166,63.51312,63.236374,63.236374,14849
2024-02-26 19:00:00,0,0.4223060124111114,0.5776939875888887,Hold,63.236374,63.268932,63.041023,63.25265,18279
2024-02-26 20:00:00,0,0.3198683398678147,0.6801316601321853,Hold,63.24451,63.342186,63.1387,63.1387,4219
2024-02-26 21:00:00,0,0.33806451968632745,0.6619354803136726,Hold,63.1387,63.187534,63.122417,63.163116,1823
2024-02-26 23:00:00,0,0.3783268726959007,0.6216731273040993,Hold,63.179394,63.220093,63.1387,63.195675,609
2024-02-27 00:00:00,0,0.4656497396579659,0.534350260342034,Hold,63.195675,63.228233,63.130558,63.211952,601
2024-02-27 01:00:00,0,0.4221568904612208,0.5778431095387793,Hold,63.220093,63.30149,63.11428,63.154976,2071
2024-02-27 02:00:00,0,0.42741045038671505,0.5725895496132849,Hold,63.154976,63.163116,63.06544,63.10614,1198
2024-02-27 03:00:00,0,0.41215923644288155,0.5878407635571185,Hold,63.098,63.154976,63.06544,63.081722,1061
2024-02-27 04:00:00,0,0.40886893602759433,0.5911310639724057,Hold,63.081722,63.171257,63.081722,63.11428,487
2024-02-27 05:00:00,0,0.4453171428992459,0.554682857100754,Hold,63.11428,63.26079,63.11428,63.24451,1007
2024-02-27 06:00:00,0,0.4529227967506703,0.5470772032493296,Hold,63.24451,63.33405,63.228233,63.268932,1507
2024-02-27 07:00:00,0,0.5001000387465606,0.4998999612534394,Sell,63.26079,63.448,63.25265,63.350327,3212
2024-02-27 08:00:00,0,0.4319096280323507,0.5680903719676493,Hold,63.350327,63.391026,63.10614,63.11428,6621
2024-02-27 09:00:00,0,0.5081637585279702,0.49183624147202976,Sell,63.122417,63.31777,62.984047,63.30149,6982
2024-02-27 10:00:00,0,0.41128848357532616,0.5887115164246739,Hold,63.309628,63.342186,62.90265,63.008465,5315
2024-02-27 11:00:00,0,0.36992012539152164,0.6300798746084784,Hold,63.008465,63.049164,62.813114,62.92707,5402
2024-02-27 12:00:00,0,0.4353711955848609,0.5646288044151391,Hold,62.92707,63.049164,62.92707,63.016605,4214
2024-02-27 13:00:00,0,0.43297249645077257,0.5670275035492274,Hold,63.008465,63.27707,62.95149,63.25265,11951
2024-02-27 14:00:00,0,0.48582476178072087,0.5141752382192791,Hold,63.24451,63.757305,63.24451,63.70847,29124
2024-02-27 15:00:00,0,0.45859078532445763,0.5414092146755424,Hold,63.716606,63.830563,63.50498,63.724747,16670
2024-02-27 16:00:00,0,0.4722153261712818,0.5277846738287182,Hold,63.724747,63.911957,63.716606,63.757305,16631
2024-02-27 17:00:00,0,0.49948937116594144,0.5005106288340586,Hold,63.757305,63.89568,63.496838,63.830563,16809
2024-02-27 18:00:00,0,0.4845249870452415,0.5154750129547585,Hold,63.838703,64.30266,63.618935,64.180565,29451
2024-02-27 19:00:00,0,0.36141721459730336,0.6385827854026966,Hold,64.180565,64.25382,63.968933,64.082886,16895
2024-02-27 20:00:00,0,0.41359811261565127,0.5864018873843487,Hold,64.082886,64.09917,63.985214,64.02591,3573
2024-02-27 21:00:00,0,0.3970749725778975,0.6029250274221025,Hold,64.01777,64.02591,63.806145,63.911957,2723
2024-02-27 23:00:00,0,0.38982687941335575,0.6101731205866443,Hold,63.8794,63.88754,63.741028,63.822422,1337
2024-02-28 00:00:00,0,0.4166363626590192,0.5833636373409807,Hold,63.830563,63.952656,63.789864,63.936375,1066
2024-02-28 01:00:00,0,0.42849736186740794,0.5715026381325921,Hold,63.936375,63.968933,63.85498,63.960796,1886
2024-02-28 02:00:00,0,0.3889674856823643,0.6110325143176357,Hold,63.968933,64.01777,63.88754,63.960796,1513
2024-02-28 03:00:00,0,0.41284332315461925,0.5871566768453808,Hold,63.960796,64.001495,63.86312,63.968933,1253
2024-02-28 04:00:00,0,0.3844352656321029,0.6155647343678972,Hold,63.968933,63.977074,63.911957,63.920097,456
2024-02-28 05:00:00,0,0.3802663249602291,0.6197336750397708,Hold,63.911957,63.993355,63.911957,63.944515,703
2024-02-28 06:00:00,0,0.3643846566890978,0.6356153433109022,Hold,63.952656,63.960796,63.789864,63.806145,1637
2024-02-28 07:00:00,0,0.3748088478885221,0.6251911521114779,Hold,63.81428,63.960796,63.773586,63.822422,2986
2024-02-28 08:00:00,0,0.38934002155780967,0.6106599784421903,Hold,63.822422,63.88754,63.423584,63.4887,10533
2024-02-28 09:00:00,0,0.3699999838472984,0.6300000161527016,Hold,63.48056,63.66777,63.309628,63.51312,11023
2024-02-28 10:00:00,0,0.37708083914138485,0.6229191608586151,Hold,63.51312,63.602654,63.423584,63.496838,4788
2024-02-28 11:00:00,0,0.40922715758022554,0.5907728424197745,Hold,63.4887,63.62707,63.43172,63.50498,4909
2024-02-28 12:00:00,0,0.4205579172557503,0.5794420827442497,Hold,63.496838,63.62707,63.448,63.610794,4792
2024-02-28 13:00:00,0,0.46943802070487956,0.5305619792951204,Hold,63.610794,64.41661,63.602654,64.29452,22036
2024-02-28 14:00:00,1,0.4982984684206983,0.5017015315793016,Hold,64.28638,64.80731,64.28638,64.742195,32422
2024-02-28 15:00:00,0,0.5018719398045295,0.4981280601954705,Sell,64.750336,64.75848,64.12359,64.367775,29109
2024-02-28 16:00:00,0,0.3906368951809402,0.6093631048190598,Hold,64.359634,64.42475,63.51312,63.716606,33615
2024-02-28 17:00:00,0,0.4158227503124086,0.5841772496875914,Hold,63.716606,64.270096,63.643353,64.082886,21036
2024-02-28 18:00:00,0,0.3608010127330539,0.6391989872669461,Hold,64.07475,64.12359,63.798004,63.81428,14522
2024-02-28 19:00:00,0,0.368606528269907,0.6313934717300931,Hold,63.806145,63.993355,63.70847,63.806145,20666
2024-02-28 20:00:00,0,0.37914791551339155,0.6208520844866084,Hold,63.806145,63.87126,63.749165,63.830563,3634
2024-02-28 21:00:00,0,0.3551824227115896,0.6448175772884104,Hold,63.838703,63.838703,63.67591,63.724747,2071
2024-02-28 23:00:00,0,0.34384067054353007,0.6561593294564699,Hold,63.65149,63.67591,63.594513,63.602654,1129
2024-02-29 00:00:00,0,0.388639222823487,0.611360777176513,Hold,63.602654,63.610794,63.561954,63.610794,1028
2024-02-29 01:00:00,0,0.4309148141627253,0.5690851858372747,Hold,63.602654,63.88754,63.594513,63.86312,4208
2024-02-29 02:00:00,0,0.4199005146514975,0.5800994853485024,Hold,63.86312,63.911957,63.798004,63.822422,1394
2024-02-29 03:00:00,0,0.42660481971844755,0.5733951802815525,Hold,63.822422,63.89568,63.789864,63.89568,989
2024-02-29 04:00:00,0,0.41617717871392446,0.5838228212860755,Hold,63.88754,63.920097,63.84684,63.903816,840
2024-02-29 05:00:00,0,0.4110600419622868,0.5889399580377133,Hold,63.89568,63.960796,63.87126,63.903816,1128
2024-02-29 06:00:00,0,0.42922180256949705,0.570778197430503,Hold,63.911957,63.993355,63.838703,63.84684,2089
2024-02-29 07:00:00,0,0.4751031176738636,0.5248968823261364,Hold,63.84684,63.86312,63.62707,63.643353,3126
2024-02-29 08:00:00,0,0.4470903447721253,0.5529096552278747,Hold,63.643353,63.838703,63.448,63.578236,10567
2024-02-29 09:00:00,0,0.5076767319393868,0.4923232680606132,Sell,63.570095,63.968933,63.570095,63.944515,7004
2024-02-29 10:00:00,0,0.4825553551955873,0.5174446448044128,Hold,63.944515,64.05847,63.749165,63.830563,7868
2024-02-29 11:00:00,0,0.4616235208517331,0.5383764791482669,Hold,63.822422,63.89568,63.586376,63.70033,5753
2024-02-29 12:00:00,0,0.5383420443024067,0.46165795569759327,Sell,63.69219,64.188705,63.67591,63.952656,11577
2024-02-29 13:00:00,0,0.5258310805388052,0.47416891946119477,Sell,63.952656,64.23754,63.903816,64.16428,14677
2024-02-29 14:00:00,0,0.4592060596377118,0.5407939403622881,Hold,64.172424,64.29452,63.724747,63.952656,31890
2024-02-29 15:00:00,0,0.4890464748659876,0.5109535251340124,Hold,63.952656,64.20498,63.594513,64.009636,22926
2024-02-29 16:00:00,0,0.4327493983500321,0.5672506016499679,Hold,64.009636,64.48173,63.960796,64.43289,18415
2024-02-29 17:00:00,0,0.4788859796764353,0.5211140203235647,Hold,64.42475,64.53056,63.789864,63.86312,19949
2024-02-29 18:00:00,0,0.43382677579710643,0.5661732242028936,Hold,63.85498,64.06661,63.81428,63.920097,9208
2024-02-29 19:00:00,0,0.40351838950288893,0.5964816104971111,Hold,63.920097,63.977074,63.46428,63.52126,21003
2024-02-29 20:00:00,0,0.4229363354043421,0.5770636645956579,Hold,63.52126,63.749165,63.43986,63.602654,6130
2024-02-29 21:00:00,0,0.411626079571669,0.5883739204283309,Hold,63.610794,63.757305,63.610794,63.732887,2058
2024-02-29 23:00:00,0,0.45020713950070596,0.5497928604992941,Hold,63.716606,63.732887,63.66777,63.69219,639
2024-03-01 00:00:00,0,0.49461901046152634,0.5053809895384737,Hold,63.70033,63.830563,63.70033,63.806145,903
2024-03-01 01:00:00,0,0.5072782154979385,0.4927217845020615,Sell,63.798004,63.944515,63.798004,63.8794,1752
2024-03-01 02:00:00,0,0.5068072691190111,0.4931927308809889,Sell,63.8794,63.911957,63.830563,63.8794,844
2024-03-01 03:00:00,0,0.529401920482502,0.470598079517498,Sell,63.8794,63.944515,63.838703,63.89568,1192
2024-03-01 04:00:00,0,0.5081771173297733,0.49182288267022667,Sell,63.88754,63.89568,63.85498,63.87126,342
2024-03-01 05:00:00,0,0.5405306114239751,0.45946938857602493,Sell,63.87126,63.944515,63.85498,63.936375,887
2024-03-01 06:00:00,0,0.5092161726177686,0.49078382738223136,Sell,63.936375,63.985214,63.838703,63.84684,1435
2024-03-01 07:00:00,0,0.570491412711139,0.429508587288861,Sell,63.85498,63.911957,63.798004,63.86312,2394
2024-03-01 08:00:00,0,0.4671307729829239,0.5328692270170761,Hold,63.87126,63.89568,63.529396,63.749165,9591
2024-03-01 09:00:00,0,0.5259614139259848,0.47403858607401517,Sell,63.749165,64.554985,63.749165,64.49801,17195
2024-03-01 10:00:00,0,0.47910693651743913,0.5208930634825608,Hold,64.49801,64.66894,64.351494,64.40847,10338
2024-03-01 11:00:00,0,0.5290161734024224,0.47098382659757765,Sell,64.40847,64.76662,64.359634,64.67708,8570
2024-03-01 12:00:00,0,0.48794374087276987,0.5120562591272302,Hold,64.66894,64.87243,64.62824,64.831726,9682
2024-03-01 13:00:00,0,0.44409407125052447,0.5559059287494755,Hold,64.831726,65.00266,64.70963,64.88871,18589
2024-03-01 14:00:00,0,0.39330131731476997,0.6066986826852301,Hold,64.89684,65.09219,64.65266,64.89684,29629
2024-03-01 15:00:00,0,0.47286178176027616,0.5271382182397238,Hold,64.90498,65.60499,64.571266,65.42592,36551
2024-03-01 16:00:00,1,0.4957600583634433,0.5042399416365567,Hold,65.42592,65.80848,65.36894,65.7515,25015
2024-03-01 17:00:00,1,0.4011270227514778,0.5988729772485222,Hold,65.7515,65.75964,64.937546,65.287544,28282
2024-03-01 18:00:00,1,0.3923268533995958,0.6076731466004042,Hold,65.2794,65.34452,65.06778,65.18173,12966
2024-03-01 19:00:00,0,0.33139800593363217,0.6686019940663679,Hold,65.17359,65.2794,65.03522,65.07592,21064
2024-03-01 20:00:00,0,0.3558442532397035,0.6441557467602965,Hold,65.07592,65.07592,64.90498,64.937546,4126
2024-03-01 21:00:00,0,0.389334278764466,0.610665721235534,Hold,64.94569,64.9701,64.87243,64.96196,2279
2024-03-03 23:00:00,0,0.3526926552336548,0.6473073447663452,Hold,65.23057,65.41778,64.97824,65.05964,5074
2024-03-04 00:00:00,1,0.3732669433360973,0.6267330566639027,Hold,65.05964,65.311966,65.05964,65.22243,2338
2024-03-04 01:00:00,1,0.3829172691284898,0.6170827308715102,Hold,65.21429,65.3608,65.108475,65.18987,4308
2024-03-04 02:00:00,0,0.3973500845100488,0.6026499154899512,Hold,65.19801,65.19801,65.07592,65.124756,2622
2024-03-04 03:00:00,0,0.3800179205878036,0.6199820794121964,Hold,65.124756,65.124756,65.0108,65.06778,1322
2024-03-04 04:00:00,0,0.3508427250372562,0.6491572749627438,Hold,65.06778,65.124756,65.03522,65.0515,742
2024-03-04 05:00:00,0,0.3724776937280851,0.6275223062719149,Hold,65.0515,65.0515,64.937546,65.00266,1213
2024-03-04 06:00:00,0,0.3730738212250267,0.6269261787749734,Hold,65.00266,65.100334,64.937546,65.03522,1828
2024-03-04 07:00:00,0,0.39949235940817623,0.6005076405918237,Hold,65.03522,65.23871,64.921265,65.14104,4106
2024-03-04 08:00:00,1,0.40735037760821197,0.5926496223917881,Hold,65.14104,65.45034,65.04336,65.287544,9231
2024-03-04 09:00:00,0,0.39447438739142204,0.605525612608578,Hold,65.287544,65.32825,64.921265,64.96196,7858
2024-03-04 10:00:00,0,0.3214711459321417,0.6785288540678582,Hold,64.95383,65.09219,64.831726,64.88871,7699
2024-03-04 11:00:00,0,0.3737572821363509,0.6262427178636492,Hold,64.88871,64.921265,64.644516,64.66894,7150
2024-03-04 12:00:00,0,0.36038605189984957,0.6396139481001504,Hold,64.6608,64.85615,64.51429,64.82359,9753
2024-03-04 13:00:00,1,0.39049551222636253,0.6095044877736375,Hold,64.831726,65.18173,64.734055,65.17359,15864
2024-03-04 14:00:00,1,0.3501228940426126,0.6498771059573873,Hold,65.18173,65.41778,64.913124,64.929405,28204
2024-03-04 15:00:00,1,0.36027767797075755,0.6397223220292425,Hold,64.921265,64.99452,64.43289,64.50615,33196
2024-03-04 16:00:00,0,0.30449966727858213,0.6955003327214179,Hold,64.50615,64.79103,64.27824,64.30266,25737
2024-03-04 17:00:00,0,0.26650337737713287,0.7334966226228672,Hold,64.30266,64.40033,64.02591,64.09917,19161
2024-03-04 18:00:00,0,0.2821525581527875,0.7178474418472125,Hold,64.09917,64.188705,63.944515,64.082886,14870
2024-03-04 19:00:00,0,0.35394559112853813,0.6460544088714619,Hold,64.082886,64.20498,63.960796,64.188705,18067
2024-03-04 20:00:00,0,0.35767147604562394,0.6423285239543761,Hold,64.180565,64.188705,64.07475,64.09917,4652
2024-03-04 21:00:00,0,0.31419335491714806,0.6858066450828519,Hold,64.09917,64.15614,64.06661,64.10731,1659
2024-03-04 23:00:00,0,0.3280799717311884,0.6719200282688116,Hold,64.09103,64.196846,64.05033,64.05033,1199
2024-03-05 00:00:00,0,0.2700581949823445,0.7299418050176555,Hold,64.05033,64.06661,63.8794,63.936375,1595
2024-03-05 01:00:00,0,0.2823982757821192,0.7176017242178808,Hold,63.944515,64.05033,63.903816,64.01777,2243
2024-03-05 02:00:00,0,0.2995186546630388,0.7004813453369612,Hold,64.01777,64.04219,63.789864,63.87126,2201
2024-03-05 03:00:00,0,0.2968949042418562,0.7031050957581437,Hold,63.86312,63.911957,63.838703,63.85498,910
2024-03-05 04:00:00,0,0.2854579463593964,0.7145420536406035,Hold,63.84684,63.86312,63.798004,63.84684,747
2024-03-05 05:00:00,0,0.2848208361352576,0.7151791638647425,Hold,63.84684,63.903816,63.798004,63.81428,1532
2024-03-05 06:00:00,0,0.2671820855848056,0.7328179144151944,Hold,63.806145,63.85498,63.70847,63.741028,1692
2024-03-05 07:00:00,0,0.2833738589914817,0.7166261410085183,Hold,63.732887,63.86312,63.635212,63.741028,3510
2024-03-05 08:00:00,0,0.33994351831876846,0.6600564816812315,Hold,63.749165,64.05847,63.610794,64.02591,13009
2024-03-05 09:00:00,0,0.3323870931419156,0.6676129068580844,Hold,64.02591,64.20498,63.789864,63.944515,8727
2024-03-05 10:00:00,0,0.35392084982899963,0.6460791501710004,Hold,63.944515,64.15614,63.765446,64.07475,6062
2024-03-05 11:00:00,0,0.3390760540392039,0.6609239459607961,Hold,64.07475,64.11545,63.70847,63.8794,6181
2024-03-05 12:00:00,0,0.34985318584883535,0.6501468141511646,Hold,63.8794,63.8794,63.415443,63.47242,13107
2024-03-05 13:00:00,0,0.31181580174016343,0.6881841982598366,Hold,63.47242,63.70847,63.098,63.586376,30880
2024-03-05 14:00:00,0,0.30584021058010036,0.6941597894198996,Hold,63.586376,64.13986,63.33405,63.985214,35050
2024-03-05 15:00:00,0,0.3928610245525953,0.6071389754474047,Hold,63.985214,64.66894,63.31777,64.563126,51996
2024-03-05 16:00:00,0,0.3219187345394462,0.6780812654605538,Hold,64.571266,64.7015,63.773586,63.798004,43913
2024-03-05 17:00:00,0,0.2812567223988447,0.7187432776011553,Hold,63.798004,64.04219,63.48056,63.70033,19545
2024-03-05 18:00:00,0,0.2646380902687664,0.7353619097312336,Hold,63.69219,63.765446,63.350327,63.382885,13145
2024-03-05 19:00:00,0,0.28580089798333796,0.714199102016662,Hold,63.374744,63.822422,63.33405,63.602654,17207
2024-03-05 20:00:00,0,0.26167586368974904,0.738324136310251,Hold,63.602654,63.70847,63.586376,63.65149,3377
2024-03-05 21:00:00,0,0.26942254940077154,0.7305774505992284,Hold,63.643353,63.65149,63.561954,63.602654,1437
2024-03-05 23:00:00,0,0.281041216033603,0.718958783966397,Hold,63.610794,63.69219,63.610794,63.684048,839
2024-03-06 00:00:00,0,0.38325650938807193,0.616743490611928,Hold,63.67591,63.684048,63.594513,63.610794,426
2024-03-06 01:00:00,0,0.38998739455962544,0.6100126054403745,Hold,63.602654,63.65963,63.48056,63.51312,1859
2024-03-06 02:00:00,0,0.42276330946579127,0.5772366905342088,Hold,63.51312,63.732887,63.496838,63.69219,1281
2024-03-06 03:00:00,0,0.3940919339957957,0.6059080660042043,Hold,63.69219,63.724747,63.618935,63.724747,962
2024-03-06 04:00:00,0,0.43516371920737557,0.5648362807926244,Hold,63.732887,63.789864,63.69219,63.765446,782
2024-03-06 05:00:00,0,0.43299436548872683,0.5670056345112732,Hold,63.757305,63.84684,63.757305,63.81428,1155
2024-03-06 06:00:00,0,0.4046264349681613,0.5953735650318387,Hold,63.81428,63.8794,63.773586,63.838703,1244
2024-03-06 07:00:00,0,0.39759281616895037,0.6024071838310496,Hold,63.838703,63.993355,63.789864,63.88754,3652
2024-03-06 08:00:00,0,0.4839431117776432,0.5160568882223568,Hold,63.88754,64.22126,63.798004,64.09917,8555
2024-03-06 09:00:00,0,0.4930629226836784,0.5069370773163215,Hold,64.082886,64.32708,64.009636,64.29452,8143
2024-03-06 10:00:00,0,0.4149391169868046,0.5850608830131954,Hold,64.28638,64.32708,64.10731,64.172424,5521
2024-03-06 11:00:00,0,0.41147821375476173,0.5885217862452383,Hold,64.180565,64.33521,64.13986,64.25382,5489
2024-03-06 12:00:00,0,0.3212775880907009,0.6787224119092992,Hold,64.25382,64.29452,64.082886,64.172424,5307
2024-03-06 13:00:00,0,0.4135214210855677,0.5864785789144322,Hold,64.172424,64.571266,64.16428,64.49801,15325
2024-03-06 14:00:00,0,0.44357708733215967,0.5564229126678404,Hold,64.49801,65.00266,64.48173,64.90498,33371
2024-03-06 15:00:00,1,0.4305296329683053,0.5694703670316947,Hold,64.913124,65.46661,64.86429,65.34452,34107
2024-03-06 16:00:00,1,0.38970102127737744,0.6102989787226225,Hold,65.35266,65.661964,65.07592,65.07592,31121
2024-03-06 17:00:00,1,0.4128223432513484,0.5871776567486515,Hold,65.07592,65.19801,64.913124,65.08405,17582
2024-03-06 18:00:00,0,0.4142445789891315,0.5857554210108685,Hold,65.08405,65.116615,64.546844,64.63638,21544
2024-03-06 19:00:00,0,0.37464946561156165,0.6253505343884384,Hold,64.63638,64.644516,64.24568,64.25382,23823
2024-03-06 20:00:00,0,0.3779845923000445,0.6220154076999556,Hold,64.24568,64.41661,64.2294,64.384056,5351
2024-03-06 21:00:00,0,0.3660375612126725,0.6339624387873275,Hold,64.384056,64.43289,64.359634,64.40033,1803
2024-03-06 23:00:00,0,0.4124601992444637,0.5875398007555364,Hold,64.40847,64.41661,64.29452,64.359634,1332
2024-03-07 00:00:00,0,0.39738978101149514,0.6026102189885049,Hold,64.359634,64.46545,64.32708,64.46545,1127
2024-03-07 01:00:00,0,0.35405080467381367,0.6459491953261863,Hold,64.46545,64.59568,64.367775,64.44103,3151
2024-03-07 02:00:00,0,0.3682232241725746,0.6317767758274254,Hold,64.44917,64.44917,64.28638,64.42475,1905
2024-03-07 03:00:00,0,0.34315944301734697,0.656840556982653,Hold,64.43289,64.43289,64.29452,64.384056,1318
2024-03-07 04:00:00,0,0.3461082099472301,0.6538917900527699,Hold,64.39219,64.40847,64.34335,64.375916,408
2024-03-07 05:00:00,0,0.36720865042334333,0.6327913495766566,Hold,64.375916,64.40033,64.30266,64.359634,957
2024-03-07 06:00:00,0,0.4035533694001355,0.5964466305998646,Hold,64.359634,64.53056,64.31894,64.43289,2590
2024-03-07 07:00:00,0,0.3749380555177575,0.6250619444822425,Hold,64.44103,64.457306,64.3108,64.34335,2628
2024-03-07 08:00:00,0,0.34788231773661443,0.6521176822633856,Hold,64.34335,64.384056,63.928238,64.06661,12761
2024-03-07 09:00:00,0,0.30284957859943284,0.6971504214005672,Hold,64.06661,64.384056,63.8794,63.911957,12923
2024-03-07 10:00:00,0,0.3974184341682902,0.6025815658317097,Hold,63.911957,64.21312,63.87126,63.993355,10130
2024-03-07 11:00:00,0,0.32481151550216786,0.6751884844978322,Hold,63.993355,64.001495,63.749165,63.911957,7685
2024-03-07 12:00:00,0,0.42101338896754037,0.5789866110324596,Hold,63.911957,64.188705,63.87126,64.082886,7745
2024-03-07 13:00:00,0,0.421336332835634,0.578663667164366,Hold,64.082886,64.3108,63.87126,64.2294,15204
2024-03-07 14:00:00,0,0.34183138472070207,0.6581686152792979,Hold,64.2294,64.28638,63.537537,63.749165,41461
2024-03-07 15:00:00,0,0.3437446279687836,0.6562553720312164,Hold,63.749165,63.993355,63.50498,63.8794,29238
2024-03-07 16:00:00,0,0.3942186972002689,0.6057813027997311,Hold,63.88754,64.39219,63.765446,64.188705,30320
2024-03-07 17:00:00,0,0.4098597728985507,0.5901402271014493,Hold,64.188705,64.734055,64.148,64.51429,23041
2024-03-07 18:00:00,0,0.30485942879259126,0.6951405712074088,Hold,64.52242,64.66894,64.16428,64.351494,16969
2024-03-07 19:00:00,0,0.26499604299463386,0.7350039570053661,Hold,64.34335,64.43289,64.09917,64.2294,21154
2024-03-07 20:00:00,0,0.25916908451010306,0.7408309154898969,Hold,64.2294,64.28638,64.148,64.2294,6151
2024-03-07 21:00:00,0,0.3605238794909555,0.6394761205090445,Hold,64.2294,64.7015,64.188705,64.67708,5737
2024-03-07 23:00:00,0,0.2977962430427944,0.7022037569572056,Hold,64.71777,64.750336,64.384056,64.47359,2449
2024-03-08 00:00:00,0,0.3956629932237636,0.6043370067762364,Hold,64.47359,64.571266,64.47359,64.546844,707
2024-03-08 01:00:00,0,0.37582277129577524,0.6241772287042248,Hold,64.554985,64.68522,64.53056,64.60382,2069
2024-03-08 02:00:00,0,0.36234491589099727,0.6376550841090027,Hold,64.60382,64.6201,64.50615,64.563126,869
2024-03-08 03:00:00,0,0.3698127651735246,0.6301872348264754,Hold,64.563126,64.63638,64.52242,64.63638,769
2024-03-08 04:00:00,0,0.37185752190352583,0.6281424780964742,Hold,64.63638,64.76662,64.62824,64.69336,1514
2024-03-08 05:00:00,0,0.41973082603105644,0.5802691739689436,Hold,64.7015,64.79917,64.65266,64.75848,1114
2024-03-08 06:00:00,0,0.42682159126655833,0.5731784087334417,Hold,64.76662,64.831726,64.66894,64.80731,1774
2024-03-08 07:00:00,0,0.3759238737536904,0.6240761262463096,Hold,64.80731,64.81545,64.5794,64.68522,3168
2024-03-08 08:00:00,1,0.5481541292044306,0.45184587079556937,Sell,64.69336,65.06778,64.69336,65.02708,9622
2024-03-08 09:00:00,1,0.39691086981818446,0.6030891301818155,Hold,65.03522,65.108475,64.42475,64.47359,9230
2024-03-08 10:00:00,1,0.2762152924255889,0.723784707574411,Hold,64.48987,64.48987,63.903816,63.920097,12799
2024-03-08 11:00:00,0,0.2638828221287229,0.7361171778712772,Hold,63.928238,64.02591,63.749165,63.773586,9836
2024-03-08 12:00:00,0,0.28630245063038295,0.713697549369617,Hold,63.773586,63.936375,63.643353,63.830563,11147
2024-03-08 13:00:00,1,0.27178731590993904,0.7282126840900609,Hold,63.830563,64.22126,63.732887,63.89568,18835
2024-03-08 14:00:00,0,0.2712269183672717,0.7287730816327282,Hold,63.89568,64.20498,63.757305,63.830563,25394
2024-03-08 15:00:00,1,0.2570795099070613,0.7429204900929387,Hold,63.822422,64.01777,63.570095,63.920097,24021
2024-03-08 16:00:00,0,0.2625101787296147,0.7374898212703853,Hold,63.920097,63.968933,63.130558,63.65963,34331
2024-03-08 17:00:00,0,0.2636036365954549,0.7363963634045452,Hold,63.65963,63.732887,63.391026,63.50498,14584
2024-03-08 18:00:00,0,0.23590363689117258,0.7640963631088274,Hold,63.51312,63.545677,63.187534,63.31777,11892
2024-03-08 19:00:00,0,0.2600130604129628,0.7399869395870372,Hold,63.31777,63.578236,63.195675,63.43172,17133
2024-03-08 20:00:00,0,0.26945858089822927,0.7305414191017707,Hold,63.423584,63.46428,63.342186,63.43986,4456
2024-03-08 21:00:00,0,0.2821173295268309,0.7178826704731691,Hold,63.43172,63.456142,63.30149,63.366608,1564
2024-03-10 22:00:00,0,0.25399434992963116,0.7460056500703689,Hold,63.32591,63.48056,63.268932,63.31777,1319
2024-03-10 23:00:00,0,0.27309250921300154,0.7269074907869985,Hold,63.309628,63.342186,63.228233,63.33405,822
2024-03-11 00:00:00,0,0.2755179752930983,0.7244820247069017,Hold,63.33405,63.374744,63.154976,63.179394,1296
2024-03-11 01:00:00,0,0.2634580517986486,0.7365419482013513,Hold,63.187534,63.187534,62.87823,63.000324,5439
2024-03-11 02:00:00,0,0.2600358448078255,0.7399641551921745,Hold,63.000324,63.024742,62.90265,62.943348,1180
2024-03-11 03:00:00,0,0.26822305743339725,0.7317769425666028,Hold,62.943348,63.10614,62.943348,63.032883,969
2024-03-11 04:00:00,0,0.2263650974056754,0.7736349025943245,Hold,63.024742,63.06544,63.016605,63.016605,444
2024-03-11 05:00:00,0,0.25667516826691583,0.7433248317330842,Hold,63.024742,63.11428,63.016605,63.081722,1051
2024-03-11 06:00:00,0,0.2876576540176195,0.7123423459823806,Hold,63.081722,63.26079,63.07358,63.228233,1971
2024-03-11 07:00:00,0,0.31931008489671264,0.6806899151032874,Hold,63.228233,63.529396,63.195675,63.456142,5468
2024-03-11 08:00:00,0,0.2966610879554857,0.7033389120445144,Hold,63.448,63.586376,63.27707,63.350327,8865
2024-03-11 09:00:00,0,0.3166255795596123,0.6833744204403878,Hold,63.342186,63.749165,63.29335,63.610794,7375
2024-03-11 10:00:00,0,0.296627003442057,0.7033729965579429,Hold,63.610794,63.798004,63.27707,63.350327,7829
2024-03-11 11:00:00,0,0.26735130324910794,0.7326486967508921,Hold,63.358467,63.366608,63.098,63.179394,7821
2024-03-11 12:00:00,0,0.3075665280097093,0.6924334719902907,Hold,63.171257,63.33405,63.06544,63.28521,8989
2024-03-11 13:00:00,0,0.2698567784672229,0.7301432215327771,Hold,63.29335,63.47242,62.51195,62.821255,38954
2024-03-11 14:00:00,0,0.27326653938087625,0.7267334606191238,Hold,62.821255,63.220093,62.50381,62.975906,28871
2024-03-11 15:00:00,0,0.2726234657957647,0.7273765342042353,Hold,62.975906,63.65963,62.91893,63.635212,25762
2024-03-11 16:00:00,0,0.23761618745268456,0.7623838125473155,Hold,63.643353,63.87126,63.415443,63.448,23311
2024-03-11 17:00:00,0,0.22144500826496932,0.7785549917350307,Hold,63.448,63.52126,63.24451,63.382885,12774
2024-03-11 18:00:00,0,0.2586315804311656,0.7413684195688344,Hold,63.374744,63.570095,63.187534,63.561954,20919
2024-03-11 19:00:00,0,0.21783212489685996,0.78216787510314,Hold,63.561954,63.62707,63.52126,63.570095,3392
2024-03-11 20:00:00,0,0.2543715245524369,0.745628475447563,Hold,63.578236,63.610794,63.50498,63.602654,1887
2024-03-11 22:00:00,0,0.2175547277499845,0.7824452722500155,Hold,63.561954,63.602654,63.51312,63.561954,555
2024-03-11 23:00:00,0,0.24450225291085326,0.7554977470891467,Hold,63.570095,63.594513,63.545677,63.553818,295
2024-03-12 00:00:00,0,0.21275944026777513,0.7872405597322248,Hold,63.553818,63.594513,63.47242,63.48056,696
2024-03-12 01:00:00,0,0.2755844060670226,0.7244155939329774,Hold,63.4887,63.62707,63.448,63.602654,1028
2024-03-12 02:00:00,0,0.26240334800783216,0.7375966519921678,Hold,63.602654,63.602654,63.51312,63.570095,690
2024-03-12 03:00:00,0,0.2778956367598372,0.7221043632401628,Hold,63.561954,63.610794,63.52126,63.594513,583
2024-03-12 04:00:00,0,0.2455665275432578,0.7544334724567422,Hold,63.602654,63.610794,63.51312,63.537537,804
2024-03-12 05:00:00,0,0.2851151706288464,0.7148848293711536,Hold,63.529396,63.610794,63.52126,63.586376,789
2024-03-12 06:00:00,0,0.3213217053506683,0.6786782946493317,Hold,63.570095,63.70033,63.52126,63.684048,1618
2024-03-12 07:00:00,0,0.3459444056999471,0.6540555943000529,Hold,63.69219,63.830563,63.62707,63.798004,3282
2024-03-12 08:00:00,0,0.24877599615256046,0.7512240038474396,Hold,63.798004,64.05847,63.602654,63.67591,11275
2024-03-12 09:00:00,0,0.33332974129948195,0.666670258700518,Hold,63.67591,63.920097,63.553818,63.89568,6952
2024-03-12 10:00:00,0,0.2619971610233988,0.7380028389766011,Hold,63.89568,63.960796,63.741028,63.806145,5522
2024-03-12 11:00:00,0,0.3098259770966819,0.6901740229033181,Hold,63.806145,63.806145,63.350327,63.374744,8504
2024-03-12 12:00:00,0,0.2824296712962152,0.7175703287037848,Hold,63.374744,63.570095,63.154976,63.203815,16277
2024-03-12 13:00:00,0,0.36539113245024657,0.6346088675497534,Hold,63.195675,63.65963,62.95149,63.602654,34373
2024-03-12 14:00:00,0,0.38670275231984846,0.6132972476801515,Hold,63.602654,63.960796,63.496838,63.920097,24014
2024-03-12 15:00:00,0,0.34217937882820015,0.6578206211717998,Hold,63.920097,64.082886,63.610794,63.798004,21071
2024-03-12 16:00:00,0,0.3533396529085,0.6466603470915,Hold,63.798004,63.911957,63.553818,63.62707,16720
2024-03-12 17:00:00,0,0.41891737253087175,0.5810826274691283,Hold,63.62707,63.684048,63.220093,63.29335,15865
2024-03-12 18:00:00,0,0.3945488640267923,0.6054511359732078,Hold,63.28521,63.309628,63.008465,63.163116,20869
2024-03-12 19:00:00,0,0.3924730890803018,0.6075269109196981,Hold,63.163116,63.391026,63.1387,63.31777,5132
2024-03-12 20:00:00,0,0.44353295595453157,0.5564670440454684,Hold,63.31777,63.570095,63.25265,63.51312,2609
2024-03-12 22:00:00,0,0.3879853268149937,0.6120146731850062,Hold,63.537537,63.570095,63.43172,63.43172,572
2024-03-12 23:00:00,0,0.41734301700637083,0.5826569829936292,Hold,63.43986,63.50498,63.423584,63.48056,590
2024-03-13 00:00:00,0,0.38117687063534034,0.6188231293646597,Hold,63.4887,63.52126,63.407303,63.43172,904
2024-03-13 01:00:00,0,0.41069058757003785,0.5893094124299622,Hold,63.43172,63.553818,63.407303,63.51312,1342
2024-03-13 02:00:00,0,0.37181001968541805,0.628189980314582,Hold,63.52126,63.537537,63.43172,63.48056,620
2024-03-13 03:00:00,0,0.4195625083844808,0.5804374916155193,Hold,63.48056,63.51312,63.423584,63.50498,637
2024-03-13 04:00:00,0,0.38165214823877947,0.6183478517612205,Hold,63.51312,63.570095,63.51312,63.537537,649
2024-03-13 05:00:00,0,0.3974185565763086,0.6025814434236914,Hold,63.537537,63.65963,63.52126,63.65963,1593
2024-03-13 06:00:00,0,0.4130385177839277,0.5869614822160723,Hold,63.65963,63.66777,63.561954,63.594513,1626
2024-03-13 07:00:00,0,0.3978565533085562,0.6021434466914438,Hold,63.602654,63.62707,63.30149,63.358467,3773
2024-03-13 08:00:00,0,0.4871783560406188,0.5128216439593811,Hold,63.358467,63.67591,63.1387,63.62707,10038
2024-03-13 09:00:00,0,0.40931170820367685,0.5906882917963232,Hold,63.62707,63.985214,63.578236,63.928238,11480
2024-03-13 10:00:00,0,0.38192067040636735,0.6180793295936327,Hold,63.936375,64.11545,63.88754,64.04219,8090
2024-03-13 11:00:00,0,0.35234373702573557,0.6476562629742644,Hold,64.04219,64.11545,63.968933,64.09103,7413
2024-03-13 12:00:00,0,0.4005482825277471,0.5994517174722529,Hold,64.09103,64.48987,64.05033,64.40033,15088
2024-03-13 13:00:00,0,0.36603362518313715,0.6339663748168629,Hold,64.40033,64.82359,64.375916,64.81545,31036
2024-03-13 14:00:00,0,0.4096629424034265,0.5903370575965735,Hold,64.81545,64.89684,64.26196,64.351494,28506
2024-03-13 15:00:00,0,0.34592416722040426,0.6540758327795957,Hold,64.34335,64.571266,64.270096,64.30266,14630
2024-03-13 16:00:00,0,0.3785180114832425,0.6214819885167575,Hold,64.30266,64.831726,64.22126,64.79917,16112
2024-03-13 17:00:00,0,0.35418250289288145,0.6458174971071186,Hold,64.79917,64.83987,64.65266,64.69336,11997
2024-03-13 18:00:00,0,0.3672476929365297,0.6327523070634703,Hold,64.69336,65.01894,64.62824,65.00266,19796
2024-03-13 19:00:00,0,0.3453859434364585,0.6546140565635414,Hold,65.00266,65.03522,64.88871,64.89684,5699
2024-03-13 20:00:00,0,0.31670939612118254,0.6832906038788175,Hold,64.90498,64.913124,64.76662,64.79103,2523
2024-03-13 22:00:00,0,0.39428513377407975,0.6057148662259202,Hold,64.81545,64.84801,64.76662,64.831726,1042
2024-03-13 23:00:00,0,0.3544373275609233,0.6455626724390767,Hold,64.82359,64.913124,64.81545,64.88871,827
2024-03-14 00:00:00,0,0.4108547717505214,0.5891452282494787,Hold,64.88871,64.9701,64.83987,64.95383,1152
2024-03-14 01:00:00,0,0.418669219314513,0.581330780685487,Hold,64.95383,65.05964,64.913124,65.02708,2070
2024-03-14 02:00:00,0,0.4122575626477456,0.5877424373522544,Hold,65.02708,65.02708,64.89684,64.929405,1081
2024-03-14 03:00:00,0,0.4574896453177075,0.5425103546822925,Hold,64.929405,65.02708,64.90498,64.99452,1016
2024-03-14 04:00:00,0,0.41226634135948004,0.58773365864052,Hold,65.00266,65.00266,64.90498,64.913124,756
2024-03-14 05:00:00,0,0.4382671388185322,0.5617328611814678,Hold,64.913124,64.929405,64.84801,64.87243,726
2024-03-14 06:00:00,0,0.46892970865814293,0.531070291341857,Hold,64.87243,65.0108,64.82359,64.94569,1522
2024-03-14 07:00:00,0,0.5339988210484103,0.46600117895158966,Sell,64.95383,65.15731,64.90498,65.14917,3673
2024-03-14 08:00:00,0,0.5003243280380787,0.4996756719619213,Sell,65.14917,65.42592,64.96196,65.4015,12047
2024-03-14 09:00:00,0,0.46027035597882887,0.5397296440211712,Hold,65.393364,65.53987,65.3608,65.43406,7888
2024-03-14 10:00:00,0,0.49495494593781725,0.5050450540621827,Hold,65.43406,65.59685,65.32825,65.393364,5736
2024-03-14 11:00:00,0,0.5178580333525269,0.4821419666474731,Sell,65.4015,65.53987,65.303825,65.491035,5816
2024-03-14 12:00:00,0,0.49382575615216223,0.5061742438478378,Hold,65.499176,65.63755,65.311966,65.50732,13657
2024-03-14 13:00:00,0,0.5951493417964286,0.40485065820357136,Sell,65.50732,65.74336,65.4015,65.661964,19912
2024-03-14 14:00:00,0,0.542467124518416,0.45753287548158394,Sell,65.653824,66.31313,65.63755,66.142204,30624
2024-03-14 15:00:00,0,0.4641857366648182,0.5358142633351818,Hold,66.150345,66.16662,65.62941,66.044525,21046
2024-03-14 16:00:00,0,0.5183299053917905,0.48167009460820953,Sell,66.044525,66.37011,65.92243,66.34569,15516
2024-03-14 17:00:00,0,0.46032684720617395,0.5396731527938261,Hold,66.337555,66.43523,66.142204,66.19104,11439
2024-03-14 18:00:00,0,0.4258882573820007,0.5741117426179994,Hold,66.1829,66.427086,66.028244,66.08523,19996
2024-03-14 19:00:00,0,0.44917249178947527,0.5508275082105247,Hold,66.08523,66.12592,65.954994,66.028244,3157
2024-03-14 20:00:00,0,0.4589076340586775,0.5410923659413225,Hold,66.02011,66.052666,65.97127,65.99569,1557
2024-03-14 22:00:00,0,0.4881595716386271,0.5118404283613729,Hold,66.044525,66.044525,65.93871,65.99569,398
2024-03-14 23:00:00,0,0.49116175990047267,0.5088382400995273,Hold,65.98755,66.02011,65.93871,66.00383,560
2024-03-15 00:00:00,0,0.4873848109598503,0.5126151890401497,Hold,66.00383,66.044525,65.857315,66.036385,1285
2024-03-15 01:00:00,0,0.5037015293490296,0.49629847065097044,Sell,66.028244,66.142204,65.97941,66.02011,1531
2024-03-15 02:00:00,0,0.5142933762662455,0.4857066237337545,Sell,66.02011,66.09336,65.97941,66.02011,553
2024-03-15 03:00:00,0,0.533078525316218,0.466921474683782,Sell,66.02011,66.06081,65.96313,66.044525,600
2024-03-15 04:00:00,0,0.5213495613433207,0.47865043865667933,Sell,66.036385,66.052666,65.98755,65.99569,382
2024-03-15 05:00:00,0,0.5305362155651381,0.4694637844348619,Sell,66.00383,66.06081,65.954994,66.01197,863
2024-03-15 06:00:00,0,0.5075046685521712,0.49249533144782875,Sell,66.01197,66.052666,65.97127,65.99569,980
2024-03-15 07:00:00,0,0.4678585069484083,0.5321414930515918,Hold,66.00383,66.10964,65.7922,65.849174,3682
2024-03-15 08:00:00,0,0.49220332972281006,0.5077966702771899,Hold,65.849174,65.88988,65.58871,65.58871,6576
2024-03-15 09:00:00,0,0.487376388371916,0.512623611628084,Hold,65.59685,65.80034,65.51546,65.7922,5030
2024-03-15 10:00:00,0,0.4562355491009188,0.5437644508990812,Hold,65.78406,65.865456,65.62127,65.8329,3708
2024-03-15 11:00:00,0,0.4100794451275816,0.5899205548724185,Hold,65.82476,65.88988,65.670105,65.71894,3768
2024-03-15 12:00:00,0,0.4628136596604485,0.5371863403395515,Hold,65.71081,65.954994,65.54801,65.954994,9210
2024-03-15 13:00:00,0,0.4468193575818392,0.5531806424181608,Hold,65.954994,66.20732,65.54801,65.58871,15054
2024-03-15 14:00:00,0,0.45869934391186756,0.5413006560881324,Hold,65.58871,66.02011,65.580574,65.99569,12975
2024-03-15 15:00:00,0,0.46495468154243585,0.5350453184575641,Hold,65.99569,66.29685,65.849174,66.00383,11175
2024-03-15 16:00:00,0,0.47816699051304346,0.5218330094869565,Hold,66.00383,66.150345,65.8736,66.12592,7129
2024-03-15 17:00:00,0,0.42426464733426733,0.5757353526657327,Hold,66.12592,66.13406,65.80848,66.1015,6389
2024-03-15 18:00:00,0,0.44851217966690166,0.5514878203330984,Hold,66.1015,66.215454,65.857315,65.90615,13871
2024-03-15 19:00:00,0,0.467939024355816,0.532060975644184,Hold,65.90615,65.954994,65.841034,65.90615,1661
2024-03-15 20:00:00,0,0.4673775982602057,0.5326224017397942,Hold,65.91429,65.96313,65.90615,65.93057,1063
2024-03-17 22:00:00,0,0.42539060810223883,0.5746093918977612,Hold,65.954994,66.1015,65.93871,66.036385,512
2024-03-17 23:00:00,0,0.42737261231497786,0.5726273876850221,Hold,66.028244,66.052666,65.94685,65.96313,196
2024-03-18 00:00:00,0,0.48310588098545415,0.5168941190145458,Hold,65.96313,66.06953,65.938576,66.0286,1492
2024-03-18 01:00:00,0,0.5466408061002976,0.45335919389970236,Sell,66.02042,66.24139,65.9304,66.16773,3092
2024-03-18 02:00:00,0,0.49059103109857377,0.5094089689014263,Hold,66.17592,66.25776,66.15136,66.19228,1973
2024-03-18 03:00:00,0,0.5419964336532531,0.4580035663467469,Sell,66.1841,66.24957,66.159546,66.2332,742
2024-03-18 04:00:00,0,0.5247797474297793,0.4752202525702207,Sell,66.24139,66.274124,66.216835,66.24139,484
2024-03-18 05:00:00,0,0.5076542862472552,0.49234571375274483,Sell,66.2332,66.34778,66.216835,66.24957,1732
2024-03-18 06:00:00,0,0.5045551630269538,0.4954448369730462,Sell,66.24957,66.33959,66.2332,66.298676,1484
2024-03-18 07:00:00,0,0.5290528416812732,0.4709471583187268,Sell,66.30686,66.45417,66.24957,66.40507,3530
2024-03-18 08:00:00,0,0.5282790101481616,0.4717209898518384,Sell,66.39688,66.73243,66.33959,66.355965,10553
2024-03-18 09:00:00,0,0.5113276063838665,0.48867239361613346,Sell,66.34778,66.69969,66.32323,66.666954,8278
2024-03-18 10:00:00,0,0.5288849091964812,0.47111509080351877,Sell,66.666954,66.76517,66.445984,66.46236,6317
2024-03-18 11:00:00,0,0.5563170501149421,0.44368294988505785,Sell,66.46236,66.47054,66.1841,66.37233,9473
2024-03-18 12:00:00,0,0.5237760331665563,0.4762239668334437,Sell,66.37233,66.437805,66.053154,66.19228,11860
2024-03-18 13:00:00,0,0.5078315930203753,0.4921684069796247,Sell,66.19228,66.69969,66.15136,66.445984,31768
2024-03-18 14:00:00,0,0.48748701274537865,0.5125129872546214,Hold,66.445984,66.55238,66.24139,66.51146,17930
2024-03-18 15:00:00,0,0.5619114255333107,0.43808857446668925,Sell,66.519646,66.994316,66.33141,66.969765,24216
2024-03-18 16:00:00,0,0.5197244657172773,0.48027553428272274,Sell,66.969765,67.10071,66.691505,66.97795,22532
2024-03-18 17:00:00,0,0.5857376667996809,0.41426233320031913,Sell,66.97795,67.2562,66.96158,67.16618,14208
2024-03-18 18:00:00,0,0.5530397303624763,0.44696026963752367,Sell,67.158,67.362595,67.133446,67.32168,20001
2024-03-18 19:00:00,0,0.5156585382594634,0.4843414617405366,Sell,67.329865,67.51809,67.26439,67.33804,8661
2024-03-18 20:00:00,0,0.5260703923027547,0.47392960769724535,Sell,67.329865,67.4117,67.23165,67.280754,3179
2024-03-18 22:00:00,0,0.4989558562875182,0.5010441437124817,Hold,67.280754,67.31349,67.2071,67.23165,950
2024-03-18 23:00:00,0,0.5262995433540042,0.4737004566459958,Sell,67.223465,67.28894,67.2071,67.272575,615
2024-03-19 00:00:00,0,0.4159633521277801,0.5840366478722199,Hold,67.272575,67.29713,67.133446,67.18255,2188
2024-03-19 01:00:00,0,0.41915192497436893,0.5808480750256311,Hold,67.18255,67.28894,67.108894,67.11707,2183
2024-03-19 02:00:00,0,0.445604035200262,0.5543959647997381,Hold,67.12526,67.2562,67.11707,67.133446,2013
2024-03-19 03:00:00,0,0.44807695828878236,0.5519230417112176,Hold,67.133446,67.19891,67.09252,67.11707,1240
2024-03-19 04:00:00,0,0.42234487115246516,0.5776551288475349,Hold,67.11707,67.16618,67.09252,67.14981,896
2024-03-19 05:00:00,0,0.4357469563735161,0.5642530436264839,Hold,67.14981,67.158,67.04342,67.08434,1407
2024-03-19 06:00:00,0,0.43029217072667697,0.5697078292733231,Hold,67.08434,67.14163,67.04342,67.11707,2257
2024-03-19 07:00:00,0,0.3972170055657979,0.602782994434202,Hold,67.11707,67.280754,67.01068,67.05979,4443
2024-03-19 08:00:00,0,0.4895165845011413,0.5104834154988587,Hold,67.06797,67.31349,67.0025,67.23165,10973
2024-03-19 09:00:00,0,0.4323412130332154,0.5676587869667846,Hold,67.23165,67.32168,66.9534,67.108894,10720
2024-03-19 10:00:00,0,0.4508735251821507,0.5491264748178493,Hold,67.12526,67.190735,66.96158,67.07616,6153
2024-03-19 11:00:00,0,0.47100716285115657,0.5289928371488435,Hold,67.08434,67.28894,67.05979,67.16618,8891
2024-03-19 12:00:00,0,0.4730944660463081,0.5269055339536919,Hold,67.16618,67.362595,67.08434,67.190735,11706
2024-03-19 13:00:00,0,0.5021715280612427,0.49782847193875734,Sell,67.190735,67.62449,67.10071,67.37078,29399
2024-03-19 14:00:00,1,0.5152989251905915,0.4847010748094085,Sell,67.37078,67.81272,67.31349,67.7718,25053
2024-03-19 15:00:00,1,0.5502451970766017,0.4497548029233983,Sell,67.77998,68.025505,67.501724,67.894554,28530
2024-03-19 16:00:00,1,0.5048313740062197,0.4951686259937803,Sell,67.886375,67.93548,67.5672,67.894554,22734
2024-03-19 17:00:00,1,0.5156852131576436,0.4843147868423564,Sell,67.90274,67.976395,67.76361,67.85364,15615
2024-03-19 18:00:00,1,0.5409713337259376,0.45902866627406236,Sell,67.85364,67.861824,67.6163,67.722694,16530
2024-03-19 19:00:00,1,0.48856864671994227,0.5114313532800577,Hold,67.73088,67.804535,67.69814,67.73088,3302
2024-03-19 20:00:00,1,0.4718495045902698,0.5281504954097302,Hold,67.73906,67.747246,67.47717,67.53446,3984
2024-03-19 22:00:00,1,0.49757339283547103,0.5024266071645289,Hold,67.54265,67.55901,67.501724,67.51809,798
2024-03-19 23:00:00,1,0.4564546537867321,0.5435453462132679,Hold,67.51809,67.53446,67.45262,67.48536,996
2024-03-20 00:00:00,1,0.3883907988320219,0.6116092011679781,Hold,67.48536,67.53446,67.4117,67.51809,1923
2024-03-20 01:00:00,1,0.3859550753111992,0.6140449246888008,Hold,67.526276,67.5672,67.444435,67.526276,2581
2024-03-20 02:00:00,1,0.3955660778727888,0.6044339221272113,Hold,67.526276,67.526276,67.45262,67.48536,1081
2024-03-20 03:00:00,1,0.42774137465779366,0.5722586253422064,Hold,67.49354,67.5672,67.444435,67.55083,1011
2024-03-20 04:00:00,1,0.4224387826782447,0.5775612173217552,Hold,67.55083,67.59993,67.526276,67.53446,808
2024-03-20 05:00:00,1,0.43801200477025876,0.5619879952297413,Hold,67.53446,67.57538,67.50991,67.5672,836
2024-03-20 06:00:00,1,0.39734587879279976,0.6026541212072003,Hold,67.55901,67.640854,67.46899,67.47717,2152
2024-03-20 07:00:00,1,0.43006095993191756,0.5699390400680824,Hold,67.47717,67.50991,67.34623,67.362595,4294
2024-03-20 08:00:00,1,0.4072051939091533,0.5927948060908468,Hold,67.34623,67.39533,67.027054,67.28894,11323
2024-03-20 09:00:00,1,0.39439546326375874,0.6056045367362413,Hold,67.28894,67.28894,67.05979,67.158,8009
2024-03-20 10:00:00,0,0.3782065175713667,0.6217934824286333,Hold,67.158,67.305305,66.74061,66.86337,10212
2024-03-20 11:00:00,1,0.3699335119493105,0.6300664880506894,Hold,66.87156,67.23984,66.87156,67.16618,9611
2024-03-20 12:00:00,1,0.33957755386755295,0.660422446132447,Hold,67.16618,67.16618,66.46236,66.81427,26476
2024-03-20 13:00:00,0,0.31653629403609757,0.6834637059639024,Hold,66.81427,66.93703,66.41325,66.69969,35680
2024-03-20 14:00:00,0,0.29262921366502914,0.7073707863349709,Hold,66.69969,66.84701,66.17592,66.58511,37375
2024-03-20 15:00:00,0,0.30837682739880656,0.6916231726011934,Hold,66.5933,66.61785,66.29049,66.40507,19259
2024-03-20 16:00:00,0,0.31047227628966145,0.6895277237103385,Hold,66.41325,66.495094,66.20047,66.22502,17688
2024-03-20 17:00:00,0,0.33621332196236026,0.6637866780376398,Hold,66.22502,66.40507,66.15136,66.25776,14574
2024-03-20 18:00:00,0,0.3358421515113188,0.6641578484886812,Hold,66.24957,66.71606,66.16773,66.48691,28851
2024-03-20 19:00:00,0,0.3359673735781066,0.6640326264218934,Hold,66.495094,66.691505,66.495094,66.691505,5434
2024-03-20 20:00:00,0,0.3138095399886411,0.6861904600113589,Hold,66.68333,66.75698,66.61785,66.65059,2097
2024-03-20 22:00:00,0,0.3516317622562519,0.6483682377437481,Hold,66.691505,66.76517,66.658775,66.74061,748
2024-03-20 23:00:00,0,0.34010647710638314,0.6598935228936169,Hold,66.74061,66.83882,66.72424,66.81427,771
2024-03-21 00:00:00,1,0.44807588387484293,0.5519241161251571,Hold,66.81427,66.912476,66.73243,66.83882,2369
2024-03-21 01:00:00,1,0.4476527168223944,0.5523472831776056,Hold,66.830635,66.92066,66.76517,66.912476,2682
2024-03-21 02:00:00,1,0.44732924180839057,0.5526707581916095,Hold,66.90429,66.92066,66.80608,66.82245,1531
2024-03-21 03:00:00,1,0.4250665864375917,0.5749334135624082,Hold,66.82245,66.912476,66.81427,66.90429,1958
2024-03-21 04:00:00,1,0.4648311628140131,0.5351688371859868,Hold,66.90429,66.97795,66.887924,66.96158,1747
2024-03-21 05:00:00,1,0.4591228763940941,0.5408771236059059,Hold,66.96158,66.97795,66.87974,66.90429,1557
2024-03-21 06:00:00,1,0.4694079662931866,0.5305920337068134,Hold,66.90429,66.92066,66.78972,66.83882,1768
2024-03-21 07:00:00,1,0.5251907567205492,0.47480924327945084,Sell,66.83882,66.90429,66.78153,66.83882,4275
2024-03-21 08:00:00,0,0.45606861953929917,0.5439313804607009,Hold,66.84701,67.04342,66.42143,66.42962,11950
2024-03-21 09:00:00,0,0.40456913832579044,0.5954308616742096,Hold,66.42962,66.48691,66.216835,66.32323,10188
2024-03-21 10:00:00,0,0.4464327331174725,0.5535672668825276,Hold,66.32323,66.45417,66.25776,66.39688,4851
2024-03-21 11:00:00,0,0.38932935900905685,0.6106706409909431,Hold,66.39688,66.39688,66.0286,66.09408,7930
2024-03-21 12:00:00,0,0.43663973852897187,0.5633602614710281,Hold,66.09408,66.445984,66.08589,66.33959,13231
2024-03-21 13:00:00,0,0.41473692520769057,0.5852630747923094,Hold,66.34778,66.60149,66.1841,66.33141,20316
2024-03-21 14:00:00,0,0.37992052744117666,0.6200794725588233,Hold,66.33959,66.47054,65.78308,65.80763,26151
2024-03-21 15:00:00,0,0.3896288548396071,0.6103711451603929,Hold,65.80763,66.077705,65.71761,65.9304,20220
2024-03-21 16:00:00,0,0.3595877521460057,0.6404122478539943,Hold,65.9304,66.22502,65.905846,65.987686,15263
2024-03-21 17:00:00,0,0.3717130634340037,0.6282869365659963,Hold,65.995865,66.28231,65.97131,66.22502,10601
2024-03-21 18:00:00,0,0.36560388112069625,0.6343961188793037,Hold,66.22502,66.3887,66.20047,66.2332,14879
2024-03-21 19:00:00,0,0.4384576342113925,0.5615423657886075,Hold,66.2332,66.355965,66.22502,66.33141,3621
2024-03-21 20:00:00,0,0.3543097423014986,0.6456902576985014,Hold,66.32323,66.33141,66.08589,66.14318,2131
2024-03-21 22:00:00,0,0.35180145500980164,0.6481985449901984,Hold,66.159546,66.22502,66.14318,66.20865,497
2024-03-21 23:00:00,0,0.39019226081375497,0.6098077391862451,Hold,66.20865,66.25776,66.20865,66.25776,404
2024-03-22 00:00:00,0,0.35461640948358913,0.6453835905164109,Hold,66.24957,66.25776,66.134995,66.16773,1260
2024-03-22 01:00:00,0,0.39381058542008046,0.6061894145799196,Hold,66.16773,66.1841,65.914024,65.95495,2315
2024-03-22 02:00:00,0,0.3579240173566255,0.6420759826433745,Hold,65.96313,66.03679,65.81582,65.86492,2030
2024-03-22 03:00:00,0,0.35292553141263394,0.6470744685873661,Hold,65.86492,65.92221,65.84037,65.84856,1735
2024-03-22 04:00:00,0,0.3197957939982685,0.6802042060017315,Hold,65.856735,65.89766,65.84856,65.84856,731
2024-03-22 05:00:00,0,0.31566274584171083,0.6843372541582892,Hold,65.84856,65.914024,65.84037,65.84037,891
2024-03-22 06:00:00,0,0.38085557857846586,0.6191444214215341,Hold,65.84856,65.9795,65.84037,65.92221,1922
2024-03-22 07:00:00,0,0.4201890708959085,0.5798109291040915,Hold,65.9304,66.077705,65.87311,66.06953,3594
2024-03-22 08:00:00,0,0.4542290601437401,0.5457709398562599,Hold,66.06953,66.37233,66.03679,66.36415,6774
2024-03-22 09:00:00,0,0.4873200885796374,0.5126799114203626,Hold,66.37233,66.437805,66.19228,66.34778,6389
2024-03-22 10:00:00,0,0.5833902196756945,0.4166097803243055,Sell,66.34778,66.51146,66.26594,66.48691,5380
2024-03-22 11:00:00,0,0.5444018778808547,0.4555981221191453,Sell,66.47872,66.50327,66.20047,66.30686,5738
2024-03-22 12:00:00,0,0.5635259652915857,0.4364740347084143,Sell,66.298676,66.61785,66.274124,66.495094,10948
2024-03-22 13:00:00,0,0.49181026302463154,0.5081897369753685,Hold,66.495094,66.658775,66.134995,66.1841,21553
2024-03-22 14:00:00,0,0.48171627188496957,0.5182837281150304,Hold,66.1841,66.380516,65.97131,66.20047,20303
2024-03-22 15:00:00,0,0.4370818699384177,0.5629181300615823,Hold,66.20047,66.33959,66.02042,66.11863,14558
2024-03-22 16:00:00,0,0.41220499981351444,0.5877950001864856,Hold,66.11863,66.25776,65.86492,65.94676,15661
2024-03-22 17:00:00,0,0.3776966807296568,0.6223033192703432,Hold,65.938576,66.11863,65.881294,66.06134,11358
2024-03-22 18:00:00,0,0.3652196760480814,0.6347803239519185,Hold,66.06134,66.1841,65.938576,66.053154,15954
2024-03-22 19:00:00,0,0.369441790382963,0.630558209617037,Hold,66.053154,66.159546,66.00405,66.14318,4954
2024-03-22 20:00:00,0,0.34809850767642314,0.6519014923235769,Hold,66.15136,66.216835,66.11863,66.14318,2100
2024-03-24 22:00:00,0,0.3859839445648314,0.6140160554351686,Hold,66.16773,66.2332,65.95495,66.134995,2156
2024-03-24 23:00:00,0,0.39127431567743126,0.6087256843225688,Hold,66.12681,66.20865,66.11044,66.20047,748
2024-03-25 00:00:00,0,0.3892128830535903,0.6107871169464096,Hold,66.19228,66.26594,66.159546,66.2332,1026
2024-03-25 01:00:00,0,0.3917356290600499,0.6082643709399501,Hold,66.2332,66.42962,66.2332,66.41325,3007
2024-03-25 02:00:00,0,0.4157670260550691,0.5842329739449309,Hold,66.40507,66.48691,66.380516,66.45417,1406
2024-03-25 03:00:00,0,0.36531138991940454,0.6346886100805955,Hold,66.45417,66.519646,66.39688,66.445984,1514
2024-03-25 04:00:00,0,0.3597523722568098,0.6402476277431902,Hold,66.437805,66.437805,66.39688,66.41325,551
2024-03-25 05:00:00,0,0.32177057916604657,0.6782294208339534,Hold,66.41325,66.47872,66.380516,66.39688,1126
2024-03-25 06:00:00,0,0.3651210179088039,0.6348789820911961,Hold,66.40507,66.41325,66.24139,66.274124,2068
2024-03-25 07:00:00,0,0.3965503127751084,0.6034496872248916,Hold,66.26594,66.46236,66.20865,66.28231,3533
2024-03-25 08:00:00,0,0.40860787057236636,0.5913921294276336,Hold,66.29049,66.445984,66.06134,66.34778,9041
2024-03-25 09:00:00,0,0.4770439097253448,0.5229560902746553,Hold,66.34778,66.63422,66.216835,66.41325,8571
2024-03-25 10:00:00,0,0.4588526887486927,0.5411473112513072,Hold,66.42143,66.5933,66.30686,66.41325,6299
2024-03-25 11:00:00,0,0.47599313907201923,0.5240068609279808,Hold,66.40507,66.48691,66.159546,66.216835,5978
2024-03-25 12:00:00,0,0.45841506641177365,0.5415849335882263,Hold,66.22502,66.3887,66.11044,66.29049,8239
2024-03-25 13:00:00,0,0.5227247303402981,0.4772752696597019,Sell,66.29049,66.969765,66.26594,66.912476,29912
2024-03-25 14:00:00,0,0.4340248247249227,0.5659751752750772,Hold,66.90429,67.501724,66.81427,67.223465,35200
2024-03-25 15:00:00,0,0.4692250708315206,0.5307749291684793,Hold,67.223465,67.29713,66.98613,67.07616,21814
2024-03-25 16:00:00,0,0.44142836452181056,0.5585716354781894,Hold,67.07616,67.248024,66.90429,66.969765,14113
2024-03-25 17:00:00,0,0.46132863826105946,0.5386713617389405,Hold,66.96158,67.01887,66.87156,66.96158,8600
2024-03-25 18:00:00,0,0.44266258327469743,0.5573374167253026,Hold,66.9534,67.23984,66.85519,67.21529,15192
2024-03-25 19:00:00,0,0.43941324643061086,0.5605867535693891,Hold,67.223465,67.248024,67.06797,67.07616,5565
2024-03-25 20:00:00,0,0.42817866990011494,0.5718213300998851,Hold,67.06797,67.108894,66.98613,67.108894,2311
2024-03-25 22:00:00,0,0.4270077775619192,0.5729922224380808,Hold,67.05979,67.14981,67.051605,67.09252,710
2024-03-25 23:00:00,0,0.42216044852149753,0.5778395514785024,Hold,67.08434,67.14981,67.07616,67.133446,645
2024-03-26 00:00:00,1,0.43220873293264117,0.5677912670673588,Hold,67.133446,67.23984,67.10071,67.19891,1808
2024-03-26 01:00:00,1,0.46693289277402444,0.5330671072259756,Hold,67.19891,67.354416,67.190735,67.272575,2256
2024-03-26 02:00:00,0,0.46180720593784597,0.538192794062154,Hold,67.272575,67.32168,67.09252,67.12526,1638
2024-03-26 03:00:00,0,0.44844110557048217,0.5515588944295178,Hold,67.12526,67.14163,67.01887,67.051605,1750
2024-03-26 04:00:00,0,0.4704107692129579,0.5295892307870421,Hold,67.051605,67.12526,67.027054,67.12526,653
2024-03-26 05:00:00,0,0.474371150608165,0.5256288493918351,Hold,67.11707,67.17436,67.08434,67.133446,1000
2024-03-26 06:00:00,0,0.4396208371096903,0.5603791628903096,Hold,67.14163,67.14981,66.969765,66.98613,1604
2024-03-26 07:00:00,0,0.39241948104123137,0.6075805189587686,Hold,66.994316,67.04342,66.87156,66.887924,2898
2024-03-26 08:00:00,0,0.45164585586488754,0.5483541441351125,Hold,66.87974,67.09252,66.87156,67.051605,4933
2024-03-26 09:00:00,0,0.43210118898489125,0.5678988110151088,Hold,67.051605,67.23165,66.96158,67.027054,5568
2024-03-26 10:00:00,0,0.41340204554956966,0.5865979544504303,Hold,67.027054,67.10071,66.78972,67.01887,6199
2024-03-26 11:00:00,1,0.46214480133321506,0.537855198666785,Hold,67.027054,67.329865,66.994316,67.23165,6055
2024-03-26 12:00:00,1,0.44545859768669294,0.5545414023133071,Hold,67.23165,67.280754,67.108894,67.272575,6030
2024-03-26 13:00:00,1,0.4056458695445953,0.5943541304554047,Hold,67.272575,67.40352,66.85519,67.133446,23271
2024-03-26 14:00:00,0,0.39276559121842425,0.6072344087815758,Hold,67.133446,67.19891,66.6424,66.994316,23645
2024-03-26 15:00:00,1,0.4248321043751719,0.5751678956248281,Hold,66.994316,67.29713,66.830635,67.17436,15539
2024-03-26 16:00:00,1,0.47577558363866396,0.5242244163613361,Hold,67.18255,67.2562,66.97795,67.12526,12750
2024-03-26 17:00:00,0,0.451536569998308,0.548463430001692,Hold,67.11707,67.2071,66.830635,66.84701,10114
2024-03-26 18:00:00,0,0.38865563681247717,0.6113443631875228,Hold,66.84701,66.89611,66.69969,66.72424,14616
2024-03-26 19:00:00,0,0.37684019024272364,0.6231598097572764,Hold,66.71606,66.74061,66.60149,66.69969,4761
2024-03-26 20:00:00,0,0.3718536401565263,0.6281463598434738,Hold,66.69969,66.69969,66.47054,66.527824,3419
2024-03-26 22:00:00,0,0.3383449538172485,0.6616550461827515,Hold,66.527824,66.56056,66.42962,66.48691,1097
2024-03-26 23:00:00,0,0.3647528267791172,0.6352471732208829,Hold,66.48691,66.5442,66.47054,66.51146,490
2024-03-27 00:00:00,0,0.3520757094252952,0.6479242905747048,Hold,66.519646,66.55238,66.40507,66.47872,1412
2024-03-27 01:00:00,0,0.3386818111370151,0.6613181888629849,Hold,66.48691,66.48691,66.274124,66.28231,2660
2024-03-27 02:00:00,0,0.36934226576573065,0.6306577342342694,Hold,66.28231,66.355965,66.134995,66.17592,2757
2024-03-27 03:00:00,0,0.380705723376353,0.619294276623647,Hold,66.17592,66.298676,66.16773,66.274124,1348
2024-03-27 04:00:00,0,0.40339899952821295,0.596601000471787,Hold,66.274124,66.31504,66.24139,66.298676,826
2024-03-27 05:00:00,0,0.34382212154009295,0.656177878459907,Hold,66.298676,66.298676,66.159546,66.20047,1536
2024-03-27 06:00:00,0,0.42679395770016254,0.5732060422998375,Hold,66.20865,66.28231,66.12681,66.19228,2706
2024-03-27 07:00:00,0,0.43949050374582416,0.5605094962541759,Hold,66.1841,66.33141,66.06134,66.2332,6036
2024-03-27 08:00:00,0,0.41801747716370374,0.5819825228362963,Hold,66.22502,66.32323,65.96313,65.9795,10025
2024-03-27 09:00:00,0,0.434939259193862,0.565060740806138,Hold,65.97131,66.32323,65.92221,66.274124,9006
2024-03-27 10:00:00,0,0.40869179565190883,0.5913082043480912,Hold,66.28231,66.42962,66.216835,66.33959,6002
2024-03-27 11:00:00,0,0.43604618849067533,0.5639538115093247,Hold,66.33141,66.58511,66.28231,66.53601,6961
2024-03-27 12:00:00,0,0.4082929068415475,0.5917070931584525,Hold,66.527824,66.5442,66.26594,66.32323,10429
2024-03-27 13:00:00,0,0.45099881655228474,0.5490011834477153,Hold,66.33141,66.6424,66.216835,66.46236,22420
2024-03-27 14:00:00,0,0.46904302562711536,0.5309569743728846,Hold,66.47054,66.74061,66.33959,66.5933,26814
2024-03-27 15:00:00,0,0.4590614341053691,0.5409385658946309,Hold,66.5933,66.78153,66.48691,66.60149,15226
2024-03-27 16:00:00,0,0.4556581309692762,0.5443418690307238,Hold,66.5933,66.71606,66.355965,66.40507,15884
2024-03-27 17:00:00,0,0.474645262732558,0.525354737267442,Hold,66.39688,66.576935,66.30686,66.495094,12215
2024-03-27 18:00:00,0,0.47197504283071984,0.5280249571692801,Hold,66.495094,66.82245,66.47054,66.80608,19052
2024-03-27 19:00:00,0,0.4736633907858906,0.5263366092141094,Hold,66.80608,66.89611,66.75698,66.887924,5236
2024-03-27 20:00:00,0,0.40514685713988274,0.5948531428601173,Hold,66.887924,66.887924,66.82245,66.87156,1699
2024-03-27 22:00:00,0,0.416786633268174,0.583213366731826,Hold,66.87156,66.912476,66.78153,66.87156,853
2024-03-27 23:00:00,0,0.37597398176561303,0.624026018234387,Hold,66.87156,66.912476,66.86337,66.887924,320
2024-03-28 00:00:00,0,0.518445268586749,0.481554731413251,Sell,66.887924,66.97795,66.87156,66.969765,1062
2024-03-28 01:00:00,0,0.48470745136618093,0.5152925486338191,Hold,66.969765,67.027054,66.912476,66.92884,1860
2024-03-28 02:00:00,0,0.532131826652288,0.467868173347712,Sell,66.92884,67.08434,66.90429,67.05979,1945
2024-03-28 03:00:00,0,0.4950680826325931,0.504931917367407,Hold,67.05979,67.08434,66.84701,66.85519,1868
2024-03-28 04:00:00,0,0.4697694427985361,0.5302305572014638,Hold,66.86337,66.94521,66.82245,66.89611,2141
2024-03-28 05:00:00,0,0.4725298466563751,0.5274701533436249,Hold,66.89611,67.051605,66.89611,66.9534,1529
2024-03-28 06:00:00,0,0.48690776641492495,0.513092233585075,Hold,66.9534,66.994316,66.87974,66.92884,1405
2024-03-28 07:00:00,0,0.5371498546456233,0.46285014535437674,Sell,66.92884,67.03524,66.85519,66.96158,3133
2024-03-28 08:00:00,0,0.5578228163377132,0.44217718366228675,Sell,66.96158,67.027054,66.81427,66.98613,5246
2024-03-28 09:00:00,0,0.5941585698174389,0.40584143018256114,Sell,66.994316,67.07616,66.71606,67.051605,6514
2024-03-28 10:00:00,0,0.6258777253292196,0.3741222746707804,Sell,67.05979,67.305305,67.01887,67.28894,8964
2024-03-28 11:00:00,0,0.5997164971545441,0.4002835028454559,Sell,67.28894,67.59993,67.28894,67.43626,13165
2024-03-28 12:00:00,0,0.6291189797972595,0.3708810202027405,Sell,67.43626,67.76361,67.43626,67.63267,16529
2024-03-28 13:00:00,0,0.6270569124389312,0.37294308756106875,Sell,67.62449,67.65722,67.329865,67.41988,22529
2024-03-28 14:00:00,0,0.5761253338869469,0.42387466611305313,Sell,67.41988,67.65722,67.28894,67.64904,17341
2024-03-28 15:00:00,0,0.5724322249796958,0.4275677750203042,Sell,67.65722,67.722694,67.46899,67.608116,18985
2024-03-28 16:00:00,0,0.5249390794442956,0.47506092055570437,Sell,67.59993,67.83727,67.49354,67.75543,14933
2024-03-28 17:00:00,0,0.4781477509482887,0.5218522490517112,Hold,67.75543,67.98458,67.665405,67.95184,15467
2024-03-28 18:00:00,0,0.4778634484361982,0.5221365515638018,Hold,67.96003,68.09916,67.886375,67.96003,26431
2024-03-28 19:00:00,0,0.4837992653387503,0.5162007346612497,Hold,67.96003,68.01732,67.894554,67.90274,4837
2024-03-28 20:00:00,0,0.4825680985005989,0.5174319014994011,Hold,67.91911,68.05006,67.894554,68.01732,2993
2024-03-31 22:00:00,0,0.44966385557813104,0.550336144421869,Hold,68.04187,68.22192,67.976395,68.025505,3025
2024-03-31 23:00:00,0,0.4240376966702779,0.5759623033297221,Hold,68.025505,68.08279,67.98458,68.07461,1006
2024-04-01 00:00:00,0,0.44897752962954673,0.5510224703704533,Hold,68.07461,68.09097,67.90274,67.90274,1624
2024-04-01 01:00:00,0,0.5337941561987942,0.4662058438012058,Sell,67.91093,68.32013,67.91093,68.28739,3961
2024-04-01 02:00:00,0,0.5483627805787153,0.45163721942128465,Sell,68.29557,68.36923,68.2301,68.336494,2408
2024-04-01 03:00:00,0,0.5339910140229553,0.46600898597704465,Sell,68.32831,68.35286,68.31194,68.32831,1040
2024-04-01 04:00:00,0,0.5286669380824006,0.4713330619175994,Sell,68.32831,68.32831,68.26284,68.29557,903
2024-04-01 05:00:00,0,0.5490939538493904,0.4509060461506096,Sell,68.29557,68.35286,68.27102,68.336494,1074
2024-04-01 06:00:00,0,0.5531445269892645,0.44685547301073547,Sell,68.336494,68.35286,68.24647,68.336494,1504
2024-04-01 07:00:00,1,0.5592116787172821,0.44078832128271794,Sell,68.336494,68.4347,68.18918,68.41015,4397
2024-04-01 08:00:00,0,0.48051916351037716,0.5194808364896228,Hold,68.41015,68.41015,67.85364,68.000946,7289
2024-04-01 09:00:00,0,0.4688381007021224,0.5311618992978776,Hold,68.00913,68.12371,67.91911,68.000946,5100
2024-04-01 10:00:00,0,0.4358694648045815,0.5641305351954184,Hold,68.00913,68.025505,67.804535,67.943665,3117
2024-04-01 11:00:00,0,0.37459267665372287,0.6254073233462771,Hold,67.95184,68.107346,67.76361,67.804535,5017
2024-04-01 12:00:00,0,0.47599134970631957,0.5240086502936805,Hold,67.804535,68.23829,67.59993,68.23829,13898
2024-04-01 13:00:00,0,0.42020744829201,0.57979255170799,Hold,68.23829,68.49199,67.93548,68.107346,22444
2024-04-01 14:00:00,0,0.46010981265485024,0.5398901873451498,Hold,68.09916,68.70477,68.00913,68.696594,24217
2024-04-01 15:00:00,0,0.497105213187672,0.502894786812328,Hold,68.68841,69.07305,68.647484,68.94211,28508
2024-04-01 16:00:00,0,0.49313671591877994,0.5068632840812201,Hold,68.94211,69.14671,68.90938,69.07305,16888
2024-04-01 17:00:00,0,0.4788866664603772,0.5211133335396227,Hold,69.06487,69.06487,68.57383,68.60657,22582
2024-04-01 18:00:00,0,0.45379040366184203,0.5462095963381579,Hold,68.60657,68.672035,68.418335,68.63112,17931
2024-04-01 19:00:00,0,0.44418511743771427,0.5558148825622857,Hold,68.63112,68.721146,68.59838,68.672035,3249
2024-04-01 20:00:00,0,0.44621282093369086,0.5537871790663091,Hold,68.68022,68.73751,68.639305,68.73751,2208
2024-04-01 22:00:00,0,0.3961926324852575,0.6038073675147425,Hold,68.77843,68.7948,68.647484,68.65567,747
2024-04-01 23:00:00,0,0.40108687985540314,0.5989131201445969,Hold,68.65567,68.729324,68.62293,68.63112,724
2024-04-02 00:00:00,0,0.42022707941862736,0.5797729205813726,Hold,68.647484,68.7948,68.63112,68.77025,1574
2024-04-02 01:00:00,0,0.4080618239999474,0.5919381760000526,Hold,68.77843,68.81935,68.66386,68.753876,1675
2024-04-02 02:00:00,0,0.4051926264817215,0.5948073735182785,Hold,68.753876,68.82754,68.68841,68.81935,2243
2024-04-02 03:00:00,0,0.39256060474057985,0.6074393952594201,Hold,68.81935,68.87664,68.802986,68.81935,1905
2024-04-02 04:00:00,0,0.4802510731178284,0.5197489268821716,Hold,68.82754,68.868454,68.802986,68.868454,561
2024-04-02 05:00:00,0,0.4626327884620113,0.5373672115379887,Hold,68.868454,68.88483,68.802986,68.86027,1178
2024-04-02 06:00:00,0,0.4642746804119738,0.5357253195880263,Hold,68.868454,69.01577,68.86027,69.01577,3176
2024-04-02 07:00:00,0,0.6050473329034493,0.39495266709655075,Sell,69.00758,69.4086,69.00758,69.38405,9598
2024-04-02 08:00:00,0,0.6253615242044862,0.3746384757955138,Sell,69.37586,69.71141,69.253105,69.51499,12426
2024-04-02 09:00:00,0,0.6603236552214324,0.33967634477856756,Sell,69.506805,69.87509,69.424965,69.809616,10925
2024-04-02 10:00:00,0,0.6158995590080999,0.3841004409919001,Sell,69.8178,69.94056,69.71959,69.74414,7846
2024-04-02 11:00:00,0,0.5974170722408987,0.4025829277591013,Sell,69.73596,69.83417,69.4577,69.60502,10746
2024-04-02 12:00:00,0,0.5644239903683831,0.4355760096316169,Sell,69.60502,69.62957,69.392235,69.59683,13472
2024-04-02 13:00:00,0,0.4765850434127277,0.5234149565872723,Hold,69.59683,69.71959,69.13853,69.261284,32964
2024-04-02 14:00:00,0,0.4495075961629117,0.5504924038370883,Hold,69.261284,69.52318,68.868454,69.343124,27255
2024-04-02 15:00:00,0,0.5154834480566395,0.4845165519433605,Sell,69.334946,69.75233,69.29402,69.588646,22515
2024-04-02 16:00:00,0,0.4244843764387756,0.5755156235612244,Hold,69.588646,69.588646,68.950294,69.17945,19895
2024-04-02 17:00:00,0,0.473228874540036,0.5267711254599641,Hold,69.17945,69.60502,69.17945,69.55591,13702
2024-04-02 18:00:00,0,0.5212830739697839,0.4787169260302161,Sell,69.55591,69.7687,69.49863,69.727776,20991
2024-04-02 19:00:00,0,0.47549049095826224,0.5245095090417378,Hold,69.727776,69.76051,69.62957,69.65412,4682
2024-04-02 20:00:00,0,0.5251411233528015,0.4748588766471985,Sell,69.66231,69.9733,69.6132,69.924194,4687
2024-04-02 22:00:00,0,0.5464567770443485,0.4535432229556515,Sell,69.94056,70.087875,69.866905,70.0224,1609
2024-04-02 23:00:00,0,0.5200863227514462,0.4799136772485538,Sell,70.0224,70.038765,69.90782,69.96511,1030
2024-04-03 00:00:00,0,0.5493379624024385,0.4506620375975615,Sell,69.96511,69.96511,69.65412,69.66231,2310
2024-04-03 01:00:00,0,0.5154737887006413,0.4845262112993587,Sell,69.67049,69.785065,69.6132,69.62957,2221
2024-04-03 02:00:00,0,0.545439943006848,0.45456005699315205,Sell,69.62957,69.7687,69.62957,69.703224,1545
2024-04-03 03:00:00,0,0.5331967410090194,0.46680325899098063,Sell,69.71141,69.83417,69.67049,69.67867,1786
2024-04-03 04:00:00,0,0.5717739348968995,0.42822606510310046,Sell,69.68686,69.76051,69.65412,69.67049,1355
2024-04-03 05:00:00,0,0.5744724035451482,0.42552759645485183,Sell,69.67049,69.785065,69.62957,69.74414,1833
2024-04-03 06:00:00,0,0.6099488376342684,0.39005116236573156,Sell,69.74414,69.809616,69.62957,69.80143,2110
2024-04-03 07:00:00,0,0.6034604039044313,0.39653959609556866,Sell,69.79325,69.8178,69.57228,69.68686,6916
2024-04-03 08:00:00,0,0.6067214180656774,0.39327858193432264,Sell,69.68686,69.79325,69.44134,69.71959,11122
2024-04-03 09:00:00,0,0.6132681081196275,0.3867318918803725,Sell,69.71959,69.924194,69.71959,69.88327,6368
2024-04-03 10:00:00,0,0.6423123879693956,0.3576876120306044,Sell,69.88327,70.21882,69.75233,70.18608,7638
2024-04-03 11:00:00,1,0.6666400650655323,0.3333599349344677,Sell,70.177895,70.41523,70.10424,70.398865,10887
2024-04-03 12:00:00,0,0.6544693042323546,0.3455306957676454,Sell,70.39068,70.46434,70.096054,70.202446,20222
2024-04-03 13:00:00,0,0.5949968869015256,0.40500311309847437,Sell,70.19427,70.35795,69.98966,70.15334,22427
2024-04-03 14:00:00,0,0.6040735113742801,0.3959264886257199,Sell,70.16153,70.54618,70.07969,70.19427,30944
2024-04-03 15:00:00,0,0.650888900369622,0.349111099630378,Sell,70.18608,70.36613,70.096054,70.202446,16014
2024-04-03 16:00:00,0,0.5803493668862509,0.41965063311374906,Sell,70.202446,70.30884,69.91601,70.145164,14735
2024-04-03 17:00:00,0,0.6681911198372634,0.3318088801627366,Sell,70.145164,70.37431,70.120605,70.15334,12918
2024-04-03 18:00:00,0,0.6095368851029247,0.3904631148970753,Sell,70.145164,70.16153,69.89146,69.94056,20120
2024-04-03 19:00:00,0,0.6022013732108544,0.39779862678914557,Sell,69.948746,70.04695,69.90782,69.99785,4744
2024-04-03 20:00:00,0,0.6148998291732757,0.3851001708267243,Sell,70.01421,70.120605,70.006035,70.096054,3003
2024-04-03 22:00:00,0,0.5630964344867047,0.43690356551329534,Sell,70.10424,70.11243,70.038765,70.05514,662
2024-04-03 23:00:00,0,0.5723936277754866,0.42760637222451336,Sell,70.063324,70.12879,70.006035,70.038765,881
2024-04-04 00:00:00,0,0.668937749911446,0.33106225008855406,Sell,70.03059,70.18608,70.01421,70.177895,1306
2024-04-04 01:00:00,0,0.6479781472645929,0.3520218527354071,Sell,70.169716,70.202446,70.07969,70.087875,1105
2024-04-04 02:00:00,0,0.6876463402982005,0.3123536597017995,Sell,70.07969,70.13698,70.04695,70.120605,1351
2024-04-04 03:00:00,0,0.6463180152532213,0.3536819847467787,Sell,70.12879,70.21063,70.10424,70.120605,1018
2024-04-04 04:00:00,1,0.6726365695791465,0.3273634304208535,Sell,70.12879,70.18608,70.087875,70.145164,874
2024-04-04 05:00:00,0,0.6006002703704794,0.39939972962952064,Sell,70.15334,70.15334,70.05514,70.0715,838
2024-04-04 06:00:00,0,0.6119520588387567,0.3880479411612433,Sell,70.0715,70.087875,69.89964,69.90782,2433
2024-04-04 07:00:00,0,0.5689599827436883,0.4310400172563117,Sell,69.91601,69.93237,69.73596,69.79325,6550
2024-04-04 08:00:00,0,0.5536608263655266,0.4463391736344734,Sell,69.80143,69.90782,69.60502,69.76051,9172
2024-04-04 09:00:00,0,0.5239058174445117,0.4760941825554883,Sell,69.76051,69.98966,69.74414,69.85872,6993
2024-04-04 10:00:00,0,0.5071613697071029,0.4928386302928971,Sell,69.85872,70.038765,69.727776,69.85872,5619
2024-04-04 11:00:00,0,0.5128060154570504,0.4871939845429496,Sell,69.85872,69.95693,69.80143,69.924194,4284
2024-04-04 12:00:00,0,0.44043352109688455,0.5595664789031154,Hold,69.924194,69.98966,69.43315,69.77688,19166
2024-04-04 13:00:00,0,0.5246963393903445,0.47530366060965545,Sell,69.785065,69.95693,69.63775,69.89146,20275
2024-04-04 14:00:00,0,0.4533303465948199,0.54666965340518,Hold,69.89146,69.948746,69.69504,69.74414,17964
2024-04-04 15:00:00,0,0.45347905106160796,0.546520948938392,Hold,69.73596,69.80143,69.54773,69.564095,13584
2024-04-04 16:00:00,0,0.452520084385346,0.5474799156146539,Hold,69.58047,69.703224,69.26947,69.67049,19576
2024-04-04 17:00:00,0,0.6760824670472086,0.32391753295279135,Sell,69.66231,70.26792,69.59683,70.21063,19460
2024-04-04 18:00:00,0,0.6495505729161509,0.3504494270838491,Sell,70.21882,71.38094,70.21063,70.88172,58715
2024-04-04 19:00:00,0,0.5864415456338105,0.41355845436618954,Sell,70.873535,71.02904,70.73441,70.86536,11977
2024-04-04 20:00:00,0,0.5849166506863691,0.4150833493136309,Sell,70.86536,71.094505,70.85717,71.08632,3465
2024-04-04 22:00:00,0,0.5498036585727473,0.45019634142725273,Sell,71.08632,71.2009,70.930824,71.06177,2166
2024-04-04 23:00:00,0,0.5713525110733024,0.4286474889266976,Sell,71.07814,71.25819,71.06177,71.2009,1313
2024-04-05 00:00:00,0,0.6251132159000012,0.37488678409999876,Sell,71.2009,71.22545,71.069954,71.176346,2393
2024-04-05 01:00:00,0,0.6596519738899913,0.3403480261100087,Sell,71.176346,71.19271,70.90627,70.93901,2697
2024-04-05 02:00:00,0,0.649378755765823,0.35062124423417695,Sell,70.93901,71.03722,70.90627,70.97993,1437
2024-04-05 03:00:00,0,0.6544606647765904,0.3455393352234096,Sell,70.98811,71.0454,70.93901,71.0454,1071
2024-04-05 04:00:00,0,0.6475265509121937,0.3524734490878063,Sell,71.03722,71.08632,70.922646,70.930824,1385
2024-04-05 05:00:00,0,0.6834158616672755,0.3165841383327245,Sell,70.930824,71.13543,70.922646,71.10269,1704
2024-04-05 06:00:00,0,0.6894442411503523,0.3105557588496477,Sell,71.094505,71.24182,71.069954,71.13543,3589
2024-04-05 07:00:00,0,0.6568469994127866,0.34315300058721343,Sell,71.13543,71.2009,70.709854,70.816246,10119
2024-04-05 08:00:00,0,0.6245848042930479,0.37541519570695214,Sell,70.816246,70.90627,70.66075,70.82443,7508
2024-04-05 09:00:00,0,0.6333679205385666,0.3666320794614334,Sell,70.82443,70.90627,70.64439,70.85717,5861
2024-04-05 10:00:00,0,0.7023528401615768,0.29764715983842316,Sell,70.84898,71.11087,70.840805,71.069954,8335
2024-04-05 11:00:00,0,0.6267118063173335,0.3732881936826665,Sell,71.069954,71.07814,70.72623,70.89809,6932
2024-04-05 12:00:00,0,0.7031130324217126,0.29688696757828736,Sell,70.89809,71.16816,70.69349,71.12724,15041
2024-04-05 13:00:00,0,0.6357976782953405,0.3642023217046595,Sell,71.12724,71.2991,70.72623,70.85717,26965
2024-04-05 14:00:00,0,0.6514777545200644,0.3485222454799356,Sell,70.86536,71.25819,70.783516,71.21727,21556
2024-04-05 15:00:00,1,0.6993310464701584,0.3006689535298416,Sell,71.21727,71.569176,71.176346,71.49552,27027
2024-04-05 16:00:00,1,0.6839617350023358,0.3160382649976642,Sell,71.50371,71.60191,71.397316,71.46278,16435
2024-04-05 17:00:00,1,0.6676632712634112,0.3323367287365888,Sell,71.47097,71.71649,71.47097,71.57736,16781
2024-04-05 18:00:00,1,0.6437200657729297,0.35627993422707027,Sell,71.57736,71.63465,70.88991,71.06177,27598
2024-04-05 19:00:00,1,0.583745957442425,0.41625404255757503,Sell,71.06177,71.094505,70.90627,70.97175,5970
2024-04-05 20:00:00,1,0.6203719941030924,0.3796280058969076,Sell,70.97993,71.00448,70.922646,70.97993,2387
2024-04-07 22:00:00,0,0.5041349210209616,0.4958650789790384,Sell,70.46434,70.59528,70.21882,70.398865,5829
2024-04-07 23:00:00,0,0.4807002980451716,0.5192997019548284,Hold,70.398865,70.44797,70.23518,70.30066,2290
2024-04-08 00:00:00,0,0.38557535718648295,0.614424642813517,Hold,70.29247,70.30066,69.75233,69.785065,6198
2024-04-08 01:00:00,0,0.3637198051172581,0.6362801948827419,Hold,69.785065,69.94056,69.310394,69.91601,11704
2024-04-08 02:00:00,0,0.4306449396619634,0.5693550603380366,Hold,69.924194,70.21063,69.89146,70.11243,5085
2024-04-08 03:00:00,0,0.4493624921963415,0.5506375078036585,Hold,70.120605,70.145164,69.99785,70.038765,2582
2024-04-08 04:00:00,0,0.461511991604089,0.5384880083959109,Hold,70.038765,70.15334,70.006035,70.145164,1565
2024-04-08 05:00:00,0,0.42407683179430666,0.5759231682056933,Hold,70.15334,70.21063,69.85872,69.89964,3551
2024-04-08 06:00:00,0,0.4771451841843698,0.5228548158156302,Hold,69.90782,70.087875,69.89964,69.9733,3078
2024-04-08 07:00:00,0,0.5597238068397173,0.44027619316028266,Sell,69.9733,70.317024,69.88327,70.28429,7658
2024-04-08 08:00:00,0,0.6386452277662249,0.3613547722337751,Sell,70.28429,70.619835,70.096054,70.57891,12588
2024-04-08 09:00:00,0,0.5994651596671677,0.40053484033283226,Sell,70.57891,70.76714,70.423416,70.47252,6574
2024-04-08 10:00:00,0,0.6423235088943798,0.35767649110562016,Sell,70.46434,70.677124,70.317024,70.57073,5877
2024-04-08 11:00:00,0,0.6593402892998771,0.3406597107001229,Sell,70.57073,70.71804,70.398865,70.69349,8560
2024-04-08 12:00:00,0,0.5919546675982292,0.40804533240177077,Sell,70.6853,70.71804,70.43979,70.46434,10934
2024-04-08 13:00:00,0,0.6580915606286927,0.3419084393713073,Sell,70.46434,71.28274,70.44797,70.61165,40537
2024-04-08 14:00:00,0,0.5500576227454803,0.4499423772545197,Sell,70.60346,70.6853,69.91601,70.51344,37332
2024-04-08 15:00:00,0,0.5060828936591588,0.4939171063408412,Sell,70.52162,70.6853,69.924194,69.98148,24236
2024-04-08 16:00:00,0,0.5616668622928904,0.4383331377071096,Sell,69.98966,70.52981,69.9733,70.44797,19548
2024-04-08 17:00:00,0,0.6027071832055866,0.3972928167944134,Sell,70.43979,70.6853,70.27611,70.55436,16363
2024-04-08 18:00:00,0,0.648200431896191,0.35179956810380897,Sell,70.562546,70.88991,70.50526,70.88172,21957
2024-04-08 19:00:00,0,0.5980409954634311,0.40195900453656885,Sell,70.88172,70.96356,70.79988,70.82443,4378
2024-04-08 20:00:00,0,0.605792498455777,0.394207501544223,Sell,70.82443,70.86536,70.75078,70.84898,1954
2024-04-08 22:00:00,0,0.6220255878691258,0.37797441213087424,Sell,70.86536,70.91446,70.783516,70.90627,1213
2024-04-08 23:00:00,0,0.6044738843432285,0.39552611565677154,Sell,70.91446,70.955376,70.89809,70.91446,597
2024-04-09 00:00:00,1,0.6419855155238048,0.3580144844761952,Sell,70.91446,71.151794,70.89809,71.12724,2330
2024-04-09 01:00:00,0,0.5958430908564687,0.4041569091435313,Sell,71.12724,71.13543,70.840805,70.86536,3362
2024-04-09 02:00:00,1,0.6028741438833743,0.39712585611662565,Sell,70.86536,71.02085,70.83262,70.96356,1792
2024-04-09 03:00:00,0,0.5686592529154114,0.4313407470845886,Sell,70.97175,70.9963,70.80807,70.840805,1233
2024-04-09 04:00:00,0,0.5724587608635971,0.42754123913640285,Sell,70.840805,70.922646,70.816246,70.840805,1037
2024-04-09 05:00:00,0,0.5907126115882751,0.40928738841172485,Sell,70.84898,70.85717,70.72623,70.74259,1526
2024-04-09 06:00:00,0,0.5794918130949867,0.42050818690501335,Sell,70.75078,70.90627,70.74259,70.80807,2024
2024-04-09 07:00:00,1,0.5989920335691856,0.4010079664308144,Sell,70.80807,71.094505,70.69349,71.012665,6213
2024-04-09 08:00:00,1,0.5892260066661814,0.4107739933338186,Sell,71.012665,71.18453,70.82443,71.05359,8576
2024-04-09 09:00:00,1,0.6013778169669686,0.39862218303303143,Sell,71.06177,71.16816,70.74259,70.922646,7549
2024-04-09 10:00:00,1,0.5814783034576718,0.4185216965423282,Sell,70.930824,71.00448,70.758965,70.80807,4224
2024-04-09 11:00:00,1,0.5314074813803394,0.46859251861966056,Sell,70.80807,70.91446,70.562546,70.69349,7266
2024-04-09 12:00:00,0,0.447325731014888,0.5526742689851121,Hold,70.6853,70.96356,70.4316,70.47252,23386
2024-04-09 13:00:00,1,0.46410063906898286,0.5358993609310172,Hold,70.480705,70.86536,70.44797,70.562546,21500
2024-04-09 14:00:00,0,0.4190017001629427,0.5809982998370573,Hold,70.562546,70.66075,69.90782,70.12879,31539
2024-04-09 15:00:00,0,0.38459680489831716,0.6154031951016828,Hold,70.11243,70.24337,69.842354,70.145164,20853
2024-04-09 16:00:00,0,0.40251786998646333,0.5974821300135367,Hold,70.145164,70.24337,69.63775,69.67867,18674
2024-04-09 17:00:00,0,0.39308198830081564,0.6069180116991844,Hold,69.67867,69.89146,69.645935,69.73596,12255
2024-04-09 18:00:00,0,0.3697989172841855,0.6302010827158144,Hold,69.74414,69.85053,69.67867,69.785065,18931
2024-04-09 19:00:00,0,0.38393227917033645,0.6160677208296635,Hold,69.79325,69.85053,69.7687,69.842354,3529
2024-04-09 20:00:00,0,0.3400885195214863,0.6599114804785138,Hold,69.842354,69.85872,69.727776,69.842354,2848
2024-04-09 22:00:00,0,0.36109069339875205,0.6389093066012479,Hold,69.842354,69.85872,69.7687,69.85053,716
2024-04-09 23:00:00,0,0.380344884661414,0.6196551153385861,Hold,69.85053,69.85872,69.80143,69.8178,427
2024-04-10 00:00:00,0,0.3824714237651205,0.6175285762348794,Hold,69.8178,69.87509,69.727776,69.7687,1212
2024-04-10 01:00:00,0,0.40167785463553196,0.598322145364468,Hold,69.77688,69.90782,69.67049,69.89146,2116
2024-04-10 02:00:00,0,0.42562600974057385,0.5743739902594261,Hold,69.89146,69.90782,69.75233,69.809616,1150
2024-04-10 03:00:00,0,0.46404058968734485,0.5359594103126551,Hold,69.8178,69.83417,69.77688,69.785065,849
2024-04-10 04:00:00,0,0.46784307305542755,0.5321569269445725,Hold,69.785065,69.89146,69.74414,69.80143,971
2024-04-10 05:00:00,0,0.47083392383109907,0.529166076168901,Hold,69.809616,69.91601,69.7687,69.82598,1548
2024-04-10 06:00:00,0,0.4489466889753114,0.5510533110246886,Hold,69.82598,70.03059,69.79325,70.0224,2829
2024-04-10 07:00:00,0,0.4311322178630338,0.5688677821369662,Hold,70.01421,70.15334,69.948746,70.087875,5652
2024-04-10 08:00:00,0,0.41253405834455387,0.5874659416554462,Hold,70.087875,70.11243,69.68686,69.9733,9349
2024-04-10 09:00:00,0,0.3951281717295246,0.6048718282704755,Hold,69.9733,70.063324,69.85872,69.96511,4265
2024-04-10 10:00:00,0,0.5375898717840286,0.4624101282159714,Sell,69.96511,70.18608,69.89964,70.16153,5668
2024-04-10 11:00:00,0,0.458113918383364,0.541886081616636,Hold,70.15334,70.25156,70.04695,70.063324,5681
2024-04-10 12:00:00,1,0.5328143895342897,0.4671856104657103,Sell,70.063324,70.30066,69.90782,70.23518,21199
2024-04-10 13:00:00,0,0.38831182054827035,0.6116881794517297,Hold,70.23518,70.398865,69.727776,69.842354,31004
2024-04-10 14:00:00,0,0.3398024027250045,0.6601975972749955,Hold,69.85053,70.05514,69.4086,69.703224,34545
2024-04-10 15:00:00,0,0.4150699279984681,0.5849300720015319,Hold,69.703224,70.01421,69.195816,69.842354,33608
2024-04-10 16:00:00,0,0.4012943319757134,0.5987056680242866,Hold,69.842354,70.01421,69.73596,69.809616,12278
2024-04-10 17:00:00,0,0.5106165952568547,0.48938340474314534,Sell,69.809616,70.619835,69.482254,70.46434,41922
2024-04-10 18:00:00,0,0.4309854211962604,0.5690145788037396,Hold,70.46434,70.69349,70.26792,70.480705,26931
2024-04-10 19:00:00,0,0.4357158915336597,0.5642841084663404,Hold,70.480705,70.66075,70.456154,70.65257,5257
2024-04-10 20:00:00,0,0.4515182889263314,0.5484817110736686,Hold,70.65257,70.66075,70.52162,70.5871,2561
2024-04-10 22:00:00,0,0.49877795579552225,0.5012220442044777,Hold,70.64439,70.709854,70.60346,70.64439,1204
2024-04-10 23:00:00,0,0.4505827221541847,0.5494172778458153,Hold,70.6362,70.65257,70.59528,70.59528,550
2024-04-11 00:00:00,0,0.42895082846856997,0.5710491715314301,Hold,70.60346,70.61165,70.51344,70.61165,1236
2024-04-11 01:00:00,0,0.5071829169454983,0.49281708305450167,Sell,70.619835,70.69349,70.55436,70.59528,1798
2024-04-11 02:00:00,1,0.5546396537708287,0.4453603462291713,Sell,70.59528,70.75078,70.59528,70.73441,1387
2024-04-11 03:00:00,1,0.570766628859294,0.42923337114070603,Sell,70.74259,70.791695,70.677124,70.74259,856
2024-04-11 04:00:00,1,0.5971442617688729,0.4028557382311271,Sell,70.74259,70.76714,70.62801,70.65257,957
2024-04-11 05:00:00,0,0.5752664670179756,0.42473353298202443,Sell,70.66075,70.701675,70.57073,70.57891,1265
2024-04-11 06:00:00,0,0.5488290607631501,0.4511709392368499,Sell,70.57073,70.6362,70.423416,70.480705,2847
2024-04-11 07:00:00,1,0.6278700913813674,0.3721299086186326,Sell,70.480705,70.758965,70.43979,70.72623,6386
2024-04-11 08:00:00,1,0.602868897927224,0.397131102072776,Sell,70.73441,70.88172,70.537994,70.840805,9073
2024-04-11 09:00:00,0,0.5469280474280402,0.45307195257195976,Sell,70.840805,70.89809,70.44797,70.48889,7020
2024-04-11 10:00:00,0,0.4170638242866621,0.5829361757133379,Hold,70.49707,70.49707,70.03059,70.120605,12444
2024-04-11 11:00:00,0,0.4094879394728591,0.5905120605271409,Hold,70.120605,70.28429,69.9733,70.202446,8779
2024-04-11 12:00:00,0,0.28888814228035076,0.7111118577196492,Hold,70.202446,70.39068,69.85872,69.87509,14876
2024-04-11 13:00:00,0,0.27556381611869585,0.7244361838813042,Hold,69.87509,70.30066,69.83417,69.89146,24007
2024-04-11 14:00:00,0,0.25736957342684236,0.7426304265731576,Hold,69.90782,70.07969,69.43315,69.703224,29876
2024-04-11 15:00:00,0,0.30866331457357976,0.6913366854264202,Hold,69.71141,70.006035,69.703224,69.93237,20030
2024-04-11 16:00:00,0,0.26425489565373717,0.7357451043462628,Hold,69.94056,70.12879,69.68686,69.866905,18507
2024-04-11 17:00:00,0,0.29249449203824746,0.7075055079617525,Hold,69.866905,70.038765,69.60502,69.62957,21062
2024-04-11 18:00:00,0,0.3584917669802939,0.6415082330197062,Hold,69.62957,69.85872,69.52318,69.809616,43404
2024-04-11 19:00:00,0,0.3922026302068059,0.6077973697931941,Hold,69.8178,70.096054,69.77688,70.05514,6642
2024-04-11 20:00:00,0,0.3530106893159374,0.6469893106840626,Hold,70.063324,70.12879,69.99785,70.04695,2435
2024-04-11 22:00:00,0,0.31574589952098436,0.6842541004790157,Hold,70.05514,70.063324,69.94056,69.94056,619
2024-04-11 23:00:00,0,0.32724534393148585,0.6727546560685141,Hold,69.948746,70.05514,69.93237,69.95693,1381
2024-04-12 00:00:00,0,0.28811575715772264,0.7118842428422774,Hold,69.95693,70.0224,69.89146,69.96511,1592
2024-04-12 01:00:00,0,0.3709773584967298,0.6290226415032703,Hold,69.9733,70.259735,69.90782,70.23518,3698
2024-04-12 02:00:00,0,0.34096709424117205,0.659032905758828,Hold,70.23518,70.32521,70.120605,70.145164,2163
2024-04-12 03:00:00,0,0.34874808695332155,0.6512519130466785,Hold,70.13698,70.19427,70.05514,70.087875,1278
2024-04-12 04:00:00,0,0.3375178759051953,0.6624821240948047,Hold,70.087875,70.11243,70.03059,70.05514,1016
2024-04-12 05:00:00,0,0.4116765164684879,0.5883234835315121,Hold,70.063324,70.25156,70.04695,70.227,1395
2024-04-12 06:00:00,0,0.4027111095498955,0.5972888904501046,Hold,70.227,70.317024,70.21063,70.24337,2499
2024-04-12 07:00:00,0,0.40746880059298096,0.592531199407019,Hold,70.25156,70.39068,70.12879,70.169716,4866
2024-04-12 08:00:00,0,0.5061937142200089,0.4938062857799911,Sell,70.169716,70.37431,70.087875,70.33339,8906
2024-04-12 09:00:00,0,0.45693024353557093,0.5430697564644291,Hold,70.33339,70.46434,70.25156,70.39068,6998
2024-04-12 10:00:00,0,0.451243524107777,0.548756475892223,Hold,70.39068,70.57073,70.37431,70.46434,6644
2024-04-12 11:00:00,0,0.5028399545276638,0.49716004547233617,Sell,70.46434,70.54618,70.32521,70.51344,6281
2024-04-12 12:00:00,0,0.52446755943824,0.47553244056176003,Sell,70.51344,71.08632,70.51344,70.9472,26622
2024-04-12 13:00:00,0,0.5546173712539015,0.44538262874609846,Sell,70.955376,71.69194,70.922646,71.34821,40301
2024-04-12 14:00:00,1,0.5055780261088905,0.49442197389110953,Sell,71.34821,71.74923,71.25819,71.42187,26183
2024-04-12 15:00:00,1,0.5002497582693761,0.4997502417306239,Sell,71.42187,71.55281,70.43979,70.709854,35329
2024-04-12 16:00:00,0,0.41332026144495426,0.5866797385550457,Hold,70.709854,70.74259,70.177895,70.24337,24198
2024-04-12 17:00:00,1,0.38089412642449566,0.6191058735755044,Hold,70.24337,70.49707,70.145164,70.34976,21721
2024-04-12 18:00:00,0,0.31983679833734974,0.6801632016626502,Hold,70.34976,70.5871,69.842354,69.9733,28287
2024-04-12 19:00:00,0,0.3664844618394802,0.6335155381605198,Hold,69.96511,70.05514,69.76051,70.04695,6100
2024-04-12 20:00:00,0,0.31881444749637894,0.681185552503621,Hold,70.038765,70.04695,69.842354,69.93237,2214
2024-04-14 22:00:00,0,0.3394642862441,0.6605357137559,Hold,70.32521,70.47252,69.727776,69.85053,12127
2024-04-14 23:00:00,0,0.35215426372108244,0.6478457362789176,Hold,69.842354,70.11243,69.82598,70.038765,2486
2024-04-15 00:00:00,0,0.34224639817615066,0.6577536018238493,Hold,70.03059,70.169716,69.73596,69.88327,3737
2024-04-15 01:00:00,0,0.3014904676715111,0.6985095323284889,Hold,69.89964,69.98966,69.46589,69.90782,8121
2024-04-15 02:00:00,0,0.3126294117511913,0.6873705882488087,Hold,69.91601,69.94056,69.71141,69.785065,1910
2024-04-15 03:00:00,0,0.34209031370782433,0.6579096862921756,Hold,69.785065,69.91601,69.71959,69.87509,1903
2024-04-15 04:00:00,0,0.3237224378509693,0.6762775621490307,Hold,69.88327,69.94056,69.809616,69.85872,943
2024-04-15 05:00:00,0,0.33096513238691316,0.6690348676130868,Hold,69.866905,69.88327,69.67049,69.82598,2706
2024-04-15 06:00:00,0,0.3085658374631905,0.6914341625368094,Hold,69.8178,69.8178,69.564095,69.62957,4543
2024-04-15 07:00:00,0,0.2503980286935392,0.7496019713064608,Hold,69.62138,69.703224,69.04032,69.05669,11617
2024-04-15 08:00:00,0,0.28484254030043105,0.7151574596995689,Hold,69.05669,69.4086,69.01577,69.310394,9597
2024-04-15 09:00:00,0,0.2812197230495102,0.7187802769504898,Hold,69.31857,69.424965,69.13034,69.35131,5106
2024-04-15 10:00:00,0,0.30734999294561427,0.6926500070543857,Hold,69.3595,69.67049,69.3595,69.564095,5526
2024-04-15 11:00:00,0,0.27772067144231805,0.722279328557682,Hold,69.564095,69.65412,69.424965,69.54773,6048
2024-04-15 12:00:00,0,0.29467251127011923,0.7053274887298808,Hold,69.55591,69.75233,69.31857,69.44134,11693
2024-04-15 13:00:00,0,0.2602727595137195,0.7397272404862805,Hold,69.44952,69.85872,69.23673,69.35131,19761
2024-04-15 14:00:00,0,0.2634821200534682,0.7365178799465317,Hold,69.35131,69.82598,68.78661,69.343124,37537
2024-04-15 15:00:00,0,0.28028222230842875,0.7197177776915713,Hold,69.343124,69.392235,68.90938,69.13853,23302
2024-04-15 16:00:00,0,0.3052103504762187,0.6947896495237813,Hold,69.13853,69.4086,68.94211,69.32676,16057
2024-04-15 17:00:00,0,0.33016269906246826,0.6698373009375318,Hold,69.334946,69.948746,69.22037,69.948746,19100
2024-04-15 18:00:00,0,0.2882907152818678,0.7117092847181322,Hold,69.948746,70.15334,69.65412,70.063324,20341
2024-04-15 19:00:00,0,0.2624594780492224,0.7375405219507776,Hold,70.0715,70.15334,69.924194,70.0715,5035
2024-04-15 20:00:00,0,0.26164477947230286,0.7383552205276971,Hold,70.0715,70.13698,70.04695,70.096054,1897
2024-04-15 22:00:00,0,0.30041065329724315,0.6995893467027569,Hold,70.13698,70.37431,70.0715,70.202446,1760
2024-04-15 23:00:00,0,0.310559694748382,0.689440305251618,Hold,70.21063,70.25156,70.16153,70.18608,524
2024-04-16 00:00:00,0,0.3983581093530283,0.6016418906469717,Hold,70.19427,70.35795,70.18608,70.33339,1507
2024-04-16 01:00:00,1,0.4345577810641414,0.5654422189358586,Hold,70.32521,70.49707,70.21882,70.44797,4009
2024-04-16 02:00:00,1,0.4704782061203266,0.5295217938796735,Hold,70.456154,70.50526,70.34976,70.48889,2338
2024-04-16 03:00:00,1,0.44818150276570834,0.5518184972342917,Hold,70.49707,70.52981,70.259735,70.29247,2036
2024-04-16 04:00:00,1,0.4505062642090229,0.549493735790977,Hold,70.29247,70.35795,70.23518,70.317024,965
2024-04-16 05:00:00,1,0.48565292348343736,0.5143470765165626,Hold,70.317024,70.456154,70.317024,70.35795,2237
2024-04-16 06:00:00,1,0.45907371855465395,0.540926281445346,Hold,70.35795,70.3825,70.038765,70.0715,4173
2024-04-16 07:00:00,1,0.42292211571225685,0.5770778842877431,Hold,70.07969,70.25156,69.90782,69.9733,5713
2024-04-16 08:00:00,0,0.39741072567286406,0.6025892743271359,Hold,69.9733,70.05514,69.65412,69.83417,6923
2024-04-16 09:00:00,0,0.3595036685994885,0.6404963314005114,Hold,69.842354,69.90782,69.49863,69.59683,6203
2024-04-16 10:00:00,0,0.34621916251045914,0.6537808374895409,Hold,69.6132,69.76051,69.506805,69.588646,5923
2024-04-16 11:00:00,0,0.32847260912024695,0.671527390879753,Hold,69.588646,69.74414,69.54773,69.564095,4502
2024-04-16 12:00:00,0,0.34895857265442276,0.6510414273455772,Hold,69.55591,69.727776,69.3595,69.36768,10639
2024-04-16 13:00:00,0,0.3840168151216296,0.6159831848783703,Hold,69.3595,69.99785,69.3595,69.77688,20672
2024-04-16 14:00:00,1,0.423698014682528,0.576301985317472,Hold,69.785065,70.120605,69.55591,70.096054,15155
2024-04-16 15:00:00,1,0.38495589466899327,0.6150441053310067,Hold,70.096054,70.16153,69.89146,69.96511,12419
2024-04-16 16:00:00,1,0.36374491192836134,0.6362550880716387,Hold,69.96511,69.99785,69.727776,69.80143,9022
2024-04-16 17:00:00,1,0.35724360972854263,0.6427563902714574,Hold,69.80143,69.94056,69.645935,69.80143,12693
2024-04-16 18:00:00,1,0.4083988848462525,0.5916011151537475,Hold,69.80143,69.96511,69.645935,69.93237,16753
2024-04-16 19:00:00,1,0.37431060752574385,0.6256893924742561,Hold,69.94056,69.99785,69.785065,69.809616,3531
2024-04-16 20:00:00,1,0.39814390357573654,0.6018560964242634,Hold,69.80143,69.85872,69.76051,69.8178,1576
2024-04-16 22:00:00,1,0.3801330536551433,0.6198669463448567,Hold,69.85872,69.90782,69.7687,69.809616,487
2024-04-16 23:00:00,1,0.3941428392227436,0.6058571607772564,Hold,69.809616,69.924194,69.76051,69.91601,502
2024-04-17 00:00:00,1,0.4111180033587171,0.5888819966412828,Hold,69.91601,69.98148,69.703224,69.71959,1811
2024-04-17 01:00:00,0,0.418460805678263,0.581539194321737,Hold,69.727776,69.77688,69.44134,69.46589,2732
2024-04-17 02:00:00,0,0.3806062812648044,0.6193937187351957,Hold,69.474075,69.57228,69.32676,69.32676,1460
2024-04-17 03:00:00,0,0.39989537459716196,0.600104625402838,Hold,69.343124,69.41679,69.32676,69.392235,864
2024-04-17 04:00:00,0,0.38081735744315826,0.6191826425568417,Hold,69.392235,69.482254,69.334946,69.482254,1227
2024-04-17 05:00:00,0,0.37330929264310225,0.6266907073568977,Hold,69.482254,69.49044,69.343124,69.424965,972
2024-04-17 06:00:00,1,0.4010223802916756,0.5989776197083244,Hold,69.424965,69.60502,69.28584,69.59683,2279
2024-04-17 07:00:00,1,0.35856696239964947,0.6414330376003505,Hold,69.59683,69.67049,69.32676,69.55591,3677
2024-04-17 08:00:00,1,0.3789130975921306,0.6210869024078693,Hold,69.55591,69.67867,69.40041,69.51499,4266
2024-04-17 09:00:00,0,0.4175695386248904,0.5824304613751097,Hold,69.51499,69.7687,69.10579,69.14671,8332
2024-04-17 10:00:00,1,0.390856485978434,0.609143514021566,Hold,69.15489,69.43315,69.07305,69.41679,4509
2024-04-17 11:00:00,1,0.39596642770025064,0.6040335722997494,Hold,69.41679,69.54773,69.35131,69.49044,3980
2024-04-17 12:00:00,0,0.40755790217583654,0.5924420978241635,Hold,69.49044,69.54773,68.96666,69.09761,9696
2024-04-17 13:00:00,1,0.4099510180057927,0.5900489819942073,Hold,69.113976,69.35131,68.7457,69.29402,18369
2024-04-17 14:00:00,1,0.3917102089228036,0.6082897910771964,Hold,69.30221,69.51499,68.98303,69.392235,13869
2024-04-17 15:00:00,0,0.3691807953180256,0.6308192046819744,Hold,69.392235,69.40041,68.15645,68.22192,18449
2024-04-17 16:00:00,0,0.34733208396176746,0.6526679160382325,Hold,68.22192,68.30376,67.55901,67.91911,30080
2024-04-17 17:00:00,0,0.3347024163810425,0.6652975836189575,Hold,67.92729,68.00913,67.68996,67.79635,8900
2024-04-17 18:00:00,0,0.32207600644314827,0.6779239935568517,Hold,67.79635,68.00913,67.63267,67.68177,14607
2024-04-17 19:00:00,0,0.3494075591008429,0.650592440899157,Hold,67.68177,67.81272,67.608116,67.722694,3030
2024-04-17 20:00:00,0,0.37270159897475935,0.6272984010252407,Hold,67.722694,67.861824,67.70632,67.81272,1519
2024-04-17 22:00:00,0,0.3656895617203995,0.6343104382796005,Hold,67.75543,67.83727,67.722694,67.7718,480
2024-04-17 23:00:00,0,0.36479337241037546,0.6352066275896245,Hold,67.7718,67.78816,67.65722,67.73906,479
2024-04-18 00:00:00,0,0.26199621039125737,0.7380037896087426,Hold,67.76361,67.81272,67.665405,67.68996,405
2024-04-18 01:00:00,0,0.28693962286765823,0.7130603771323418,Hold,67.68996,67.77998,67.55901,67.70632,569
2024-04-18 02:00:00,0,0.3475268119117132,0.6524731880882868,Hold,67.73088,67.87819,67.71451,67.82909,263
2024-04-18 03:00:00,0,0.3834845787390891,0.616515421260911,Hold,67.8209,67.87819,67.747246,67.85364,171
2024-04-18 04:00:00,0,0.34635275938487364,0.6536472406151264,Hold,67.861824,67.87,67.73906,67.77998,154
2024-04-18 05:00:00,0,0.39268447232854065,0.6073155276714594,Hold,67.7718,67.886375,67.747246,67.75543,289
2024-04-18 06:00:00,0,0.3515286663496812,0.6484713336503187,Hold,67.76361,67.82909,67.64904,67.67359,479
2024-04-18 07:00:00,0,0.3274460080335461,0.6725539919664538,Hold,67.68177,67.79635,67.12526,67.29713,1485
2024-04-18 08:00:00,0,0.27862463522613407,0.7213753647738659,Hold,67.28894,67.51809,67.06797,67.11707,1132
2024-04-18 09:00:00,0,0.3248170489934069,0.6751829510065931,Hold,67.09252,67.248024,66.93703,66.9534,689
2024-04-18 10:00:00,0,0.3513453068591324,0.6486546931408677,Hold,66.9534,67.07616,66.748795,66.96158,767
2024-04-18 11:00:00,0,0.3283882200354784,0.6716117799645216,Hold,66.94521,67.42807,66.94521,67.17436,993
2024-04-18 12:00:00,0,0.4404065448496154,0.5595934551503846,Hold,67.158,67.84545,67.158,67.84545,1983
2024-04-18 13:00:00,0,0.44395481046434,0.55604518953566,Hold,67.83727,68.16463,67.51809,67.83727,4117
2024-04-18 14:00:00,0,0.36640385021854627,0.6335961497814537,Hold,67.85364,67.886375,67.354416,67.37078,1911
2024-04-18 15:00:00,0,0.39755879697361246,0.6024412030263875,Hold,67.33804,67.84545,67.14981,67.65722,3104
2024-04-18 16:00:00,0,0.38396376993508485,0.6160362300649151,Hold,67.640854,68.31194,67.583565,68.07461,2145
2024-04-18 17:00:00,0,0.37097966490061907,0.6290203350993809,Hold,68.06642,68.09097,67.76361,67.82909,1219
2024-04-18 18:00:00,0,0.38214565699556785,0.6178543430044321,Hold,67.8209,67.894554,67.526276,67.79635,2844
2024-04-18 19:00:00,0,0.39429015402073053,0.6057098459792695,Hold,67.78816,67.78816,67.63267,67.722694,1085
2024-04-18 20:00:00,0,0.333768403911384,0.666231596088616,Hold,67.722694,67.722694,67.48536,67.526276,478
2024-04-18 22:00:00,0,0.35586560655452903,0.644134393445471,Hold,67.6163,67.665405,67.583565,67.583565,101
2024-04-18 23:00:00,0,0.3653650106420698,0.6346349893579302,Hold,67.583565,67.62449,67.53446,67.59175,84
2024-04-19 00:00:00,0,0.41931567101432493,0.5806843289856751,Hold,67.59175,67.97903,67.46815,67.89662,4074
2024-04-19 01:00:00,0,0.4771759075383164,0.5228240924616836,Hold,67.89662,70.23675,67.86366,69.81652,40747
2024-04-19 02:00:00,1,0.5084667691778482,0.49153323082215183,Sell,69.81652,70.566345,69.55284,69.90716,28857
2024-04-19 03:00:00,1,0.5438100299481934,0.4561899700518066,Sell,69.9154,70.10491,69.02549,69.412766,23224
2024-04-19 04:00:00,1,0.4661206194187967,0.5338793805812033,Hold,69.421005,69.47868,68.83597,69.08317,7391
2024-04-19 05:00:00,1,0.49672217123333645,0.5032778287666635,Hold,69.08317,69.27268,68.84421,68.91013,7128
2024-04-19 06:00:00,0,0.5017921923937895,0.49820780760621053,Sell,68.91837,69.03373,68.382774,68.605255,15830
2024-04-19 07:00:00,0,0.5078284113662183,0.49217158863378174,Sell,68.605255,68.613495,68.20974,68.23446,13606
2024-04-19 08:00:00,0,0.5477716250507009,0.45222837494929913,Sell,68.23446,68.25918,67.64943,67.88014,19134
2024-04-19 09:00:00,0,0.5101276326215354,0.4898723673784646,Sell,67.8719,68.1603,67.53407,67.55055,12550
2024-04-19 10:00:00,0,0.4920063369507722,0.5079936630492278,Hold,67.55879,67.57527,67.17152,67.27863,14144
2024-04-19 11:00:00,0,0.43049319630507377,0.5695068036949262,Hold,67.28687,67.32807,66.85016,67.16328,15718
2024-04-19 12:00:00,0,0.45329892228441515,0.5467010777155848,Hold,67.17152,67.38575,66.92432,67.245674,16051
2024-04-19 13:00:00,0,0.49586490154168245,0.5041350984583175,Hold,67.245674,67.86366,66.973755,67.65767,35116
2024-04-19 14:00:00,0,0.525804804994764,0.474195195005236,Sell,67.65767,68.069664,67.58351,68.036705,20481
2024-04-19 15:00:00,0,0.49378516292035995,0.50621483707964,Hold,68.044945,68.14382,67.54231,67.764786,20210
2024-04-19 16:00:00,0,0.5194178080272898,0.48058219197271024,Sell,67.773026,68.17678,67.61647,68.14382,11754
2024-04-19 17:00:00,0,0.48663448807702897,0.513365511922971,Hold,68.14382,68.2839,67.92958,67.97079,11351
2024-04-19 18:00:00,0,0.5051540194605314,0.4948459805394686,Sell,67.96255,67.97079,67.59999,67.88838,19240
2024-04-19 19:00:00,0,0.4947205801697195,0.5052794198302806,Hold,67.88838,67.9131,67.63295,67.66591,5876
2024-04-19 20:00:00,0,0.47886928135756,0.52113071864244,Hold,67.66591,67.71535,67.64119,67.65767,2599
2024-04-21 22:00:00,0,0.4568027393378486,0.5431972606621513,Hold,67.43519,67.59999,67.38575,67.476395,2422
2024-04-21 23:00:00,0,0.45012360047153005,0.5498763995284699,Hold,67.476395,67.65767,67.46815,67.501114,1429
2024-04-22 00:00:00,0,0.4494283717669427,0.5505716282330573,Hold,67.501114,67.50935,67.27863,67.37751,2721
2024-04-22 01:00:00,0,0.4532107775498686,0.5467892224501314,Hold,67.37751,67.42695,67.1056,67.13856,5330
2024-04-22 02:00:00,0,0.4388319682850558,0.5611680317149442,Hold,67.15504,67.33631,67.09736,67.28687,2530
2024-04-22 03:00:00,0,0.39196989375241764,0.6080301062475824,Hold,67.28687,67.29511,67.12208,67.212715,1656
2024-04-22 04:00:00,0,0.42318855824113116,0.5768114417588688,Hold,67.220955,67.27039,67.11384,67.16328,1232
2024-04-22 05:00:00,0,0.4499332380518067,0.5500667619481934,Hold,67.17152,67.212715,66.92432,66.949036,3605
2024-04-22 06:00:00,0,0.43901425723199056,0.5609857427680094,Hold,66.940796,67.0232,66.70184,66.72656,8270
2024-04-22 07:00:00,0,0.4355337560666535,0.5644662439333465,Hold,66.72656,66.76776,66.49584,66.619446,9380
2024-04-22 08:00:00,0,0.5247003524937469,0.4752996475062531,Sell,66.60297,67.08088,66.52056,66.965515,11307
2024-04-22 09:00:00,0,0.4768289907735709,0.5231710092264291,Hold,66.965515,67.34455,66.91608,67.30335,7279
2024-04-22 10:00:00,0,0.5039894358084339,0.4960105641915661,Sell,67.31159,67.484634,67.220955,67.42695,5753
2024-04-22 11:00:00,0,0.4991410558267272,0.5008589441732728,Hold,67.42695,67.45167,67.08912,67.09736,7017
2024-04-22 12:00:00,0,0.49326613267802233,0.5067338673219777,Hold,67.09736,67.179756,66.80896,67.0232,12272
2024-04-22 13:00:00,0,0.48588335929042203,0.514116640709578,Hold,67.03144,67.212715,66.57825,67.11384,30196
2024-04-22 14:00:00,0,0.5079334156332693,0.4920665843667307,Sell,67.12208,67.59999,67.03968,67.38575,23304
2024-04-22 15:00:00,0,0.5300589491717813,0.4699410508282187,Sell,67.39399,67.72359,67.1056,67.66591,19735
2024-04-22 16:00:00,0,0.4622154943310854,0.5377845056689146,Hold,67.66591,67.805984,67.37751,67.58351,13406
2024-04-22 17:00:00,0,0.4786296574390019,0.5213703425609981,Hold,67.57527,67.68239,67.237434,67.26215,11038
2024-04-22 18:00:00,0,0.550004497830789,0.449995502169211,Sell,67.253914,67.62471,67.196236,67.59175,20368
2024-04-22 19:00:00,0,0.49208737601605834,0.5079126239839417,Hold,67.59175,67.64943,67.52583,67.61647,3722
2024-04-22 20:00:00,0,0.4557073155753733,0.5442926844246267,Hold,67.62471,67.69063,67.62471,67.68239,1907
2024-04-22 22:00:00,0,0.4915536579873832,0.5084463420126168,Hold,67.67415,67.72359,67.55879,67.63295,901
2024-04-22 23:00:00,0,0.48663076880425055,0.5133692311957494,Hold,67.63295,67.66591,67.59999,67.63295,446
2024-04-23 00:00:00,0,0.5430529971282058,0.45694700287179424,Sell,67.64119,67.88838,67.64119,67.8719,2268
2024-04-23 01:00:00,0,0.4868622796732733,0.5131377203267267,Hold,67.8719,67.93782,67.45167,67.56703,4680
2024-04-23 02:00:00,0,0.5372030304792245,0.46279696952077554,Sell,67.57527,67.781265,67.55879,67.74831,2013
2024-04-23 03:00:00,0,0.49850550021366863,0.5014944997863313,Hold,67.74007,67.814224,67.69887,67.74007,1138
2024-04-23 04:00:00,0,0.5305563566466958,0.46944364335330424,Sell,67.74007,67.86366,67.74007,67.85542,718
2024-04-23 05:00:00,0,0.5019534167261549,0.4980465832738451,Sell,67.85542,67.9131,67.64943,67.68239,2113
2024-04-23 06:00:00,0,0.53509676272098,0.46490323727902005,Sell,67.68239,67.71535,67.54231,67.59999,2830
2024-04-23 07:00:00,0,0.5747344002503252,0.4252655997496748,Sell,67.59999,68.053185,67.56703,68.020226,9155
2024-04-23 08:00:00,0,0.5789977151538854,0.42100228484611457,Sell,68.011986,68.399254,67.814224,67.83894,15432
2024-04-23 09:00:00,0,0.6009394433175721,0.3990605566824279,Sell,67.84718,67.96255,67.50935,67.54231,9263
2024-04-23 10:00:00,0,0.5716373656507338,0.42836263434926625,Sell,67.52583,67.58351,67.26215,67.28687,6965
2024-04-23 11:00:00,0,0.525717077230753,0.474282922769247,Sell,67.28687,67.30335,66.940796,66.990234,9300
2024-04-23 12:00:00,0,0.5153255306716824,0.4846744693283176,Sell,66.998474,66.998474,66.644165,66.80896,21598
2024-04-23 13:00:00,0,0.5347472022492211,0.4652527977507789,Sell,66.8172,67.59999,66.70184,67.57527,33565
2024-04-23 14:00:00,0,0.5838249432044751,0.4161750567955249,Sell,67.58351,67.9131,67.51759,67.8719,26190
2024-04-23 15:00:00,0,0.549302010673782,0.45069798932621796,Sell,67.8719,68.30862,67.756546,68.2839,25190
2024-04-23 16:00:00,0,0.5283885402246579,0.47161145977534213,Sell,68.2839,68.52286,68.23446,68.4075,17788
2024-04-23 17:00:00,0,0.5540755100923519,0.4459244899076481,Sell,68.391014,68.66293,68.374535,68.605255,12743
2024-04-23 18:00:00,0,0.5042788871217863,0.49572111287821374,Sell,68.597015,68.74533,68.55582,68.71237,19884
2024-04-23 19:00:00,0,0.4836121121956998,0.5163878878043002,Hold,68.70413,68.74533,68.629974,68.65469,3840
2024-04-23 20:00:00,0,0.5215347335908911,0.4784652664091089,Sell,68.65469,68.74533,68.629974,68.72061,2138
2024-04-23 22:00:00,0,0.5163711665064471,0.4836288334935529,Sell,68.72061,68.76181,68.646454,68.76181,879
2024-04-23 23:00:00,0,0.48716037861767625,0.5128396213823238,Hold,68.75357,68.84421,68.72885,68.76181,964
2024-04-24 00:00:00,0,0.4618759442183761,0.5381240557816239,Hold,68.76181,68.78653,68.72885,68.76181,1485
2024-04-24 01:00:00,0,0.4709252293292781,0.529074770670722,Hold,68.75357,68.77829,68.613495,68.646454,3325
2024-04-24 02:00:00,0,0.4720173744686952,0.5279826255313048,Hold,68.646454,68.72061,68.597015,68.67941,1818
2024-04-24 03:00:00,1,0.4921244520554828,0.5078755479445172,Hold,68.68765,68.77829,68.646454,68.75357,973
2024-04-24 04:00:00,1,0.43430671087755723,0.5656932891224428,Hold,68.76181,68.77829,68.73709,68.74533,537
2024-04-24 05:00:00,1,0.45988499265667726,0.5401150073433227,Hold,68.75357,68.84421,68.73709,68.81125,2235
2024-04-24 06:00:00,1,0.46301116801768133,0.5369888319823186,Hold,68.81949,68.97605,68.77005,68.877174,4476
2024-04-24 07:00:00,1,0.4116348628221665,0.5883651371778336,Hold,68.868935,68.868935,68.629974,68.72061,4976
2024-04-24 08:00:00,0,0.40876401176419863,0.5912359882358014,Hold,68.72885,68.885414,68.325096,68.399254,11940
2024-04-24 09:00:00,0,0.42247690709628044,0.5775230929037196,Hold,68.399254,68.48166,68.25918,68.358055,6840
2024-04-24 10:00:00,0,0.3974688899212839,0.6025311100787161,Hold,68.358055,68.46518,68.18502,68.2015,7068
2024-04-24 11:00:00,0,0.42597728725696604,0.574022712743034,Hold,68.2015,68.5311,68.13558,68.4899,9532
2024-04-24 12:00:00,0,0.40976447807623617,0.5902355219237638,Hold,68.4899,68.65469,68.25094,68.605255,14514
2024-04-24 13:00:00,0,0.4332451305128452,0.5667548694871548,Hold,68.605255,68.69589,68.1603,68.341576,21833
2024-04-24 14:00:00,0,0.4431756159501038,0.5568243840498962,Hold,68.349815,68.86069,68.13558,68.16854,35772
2024-04-24 15:00:00,0,0.45187872369337667,0.5481212763066233,Hold,68.17678,68.5311,67.94607,68.26742,29699
2024-04-24 16:00:00,0,0.4086667082558666,0.5913332917441334,Hold,68.27566,68.43222,68.036705,68.15206,11711
2024-04-24 17:00:00,0,0.4133008097089623,0.5866991902910377,Hold,68.15206,68.17678,67.96255,68.011986,12409
2024-04-24 18:00:00,0,0.39126530766712536,0.6087346923328747,Hold,68.011986,68.382774,67.92958,68.27566,17149
2024-04-24 19:00:00,0,0.39212492763506446,0.6078750723649355,Hold,68.26742,68.399254,68.25094,68.31686,3243
2024-04-24 20:00:00,0,0.3331569524641048,0.6668430475358952,Hold,68.325096,68.341576,68.17678,68.25918,2829
2024-04-24 22:00:00,0,0.3307093288777493,0.6692906711222507,Hold,68.25094,68.31686,68.2015,68.22622,653
2024-04-24 23:00:00,0,0.31534244795017263,0.6846575520498274,Hold,68.23446,68.25918,68.11086,68.11086,911
2024-04-25 00:00:00,0,0.33393013972928104,0.6660698602707189,Hold,68.1191,68.21798,68.09438,68.18502,1319
2024-04-25 01:00:00,0,0.3573357632393383,0.6426642367606616,Hold,68.17678,68.20974,68.036705,68.08614,1857
2024-04-25 02:00:00,0,0.3922330624978169,0.607766937502183,Hold,68.08614,68.325096,68.061424,68.27566,1942
2024-04-25 03:00:00,0,0.40435016503252685,0.5956498349674731,Hold,68.2839,68.341576,68.19326,68.30038,1498
2024-04-25 04:00:00,0,0.4262092041024398,0.5737907958975602,Hold,68.30038,68.358055,68.27566,68.349815,973
2024-04-25 05:00:00,0,0.40706125439873914,0.5929387456012609,Hold,68.349815,68.391014,68.31686,68.341576,1134
2024-04-25 06:00:00,0,0.44666665693584234,0.5533333430641576,Hold,68.341576,68.45694,68.2427,68.44046,3036
2024-04-25 07:00:00,0,0.4834137813782067,0.5165862186217933,Hold,68.4487,68.50638,68.30038,68.48166,3632
2024-04-25 08:00:00,0,0.4981330934171997,0.5018669065828003,Hold,68.47342,68.597015,68.341576,68.366295,8346
2024-04-25 09:00:00,0,0.45838089230998524,0.5416191076900148,Hold,68.366295,68.382774,68.061424,68.17678,5434
2024-04-25 10:00:00,0,0.5001924238503844,0.4998075761496156,Sell,68.17678,68.349815,68.1603,68.31686,3224
2024-04-25 11:00:00,0,0.4968055949303745,0.5031944050696255,Hold,68.30862,68.4075,68.19326,68.374535,4303
2024-04-25 12:00:00,0,0.49608413825687586,0.5039158617431241,Hold,68.374535,68.66293,68.19326,68.2839,17221
2024-04-25 13:00:00,0,0.44660833735777794,0.5533916626422221,Hold,68.29214,68.51462,67.69887,67.95431,43618
2024-04-25 14:00:00,0,0.4348523562148167,0.5651476437851832,Hold,67.94607,68.061424,67.55879,67.69887,21604
2024-04-25 15:00:00,0,0.49736657787195887,0.5026334221280411,Hold,67.69887,68.036705,67.56703,68.020226,17054
2024-04-25 16:00:00,0,0.4469022128127455,0.5530977871872544,Hold,68.028465,68.08614,67.84718,67.97079,10641
2024-04-25 17:00:00,0,0.4863487108115644,0.5136512891884356,Hold,67.97079,68.44046,67.90486,68.42398,13065
2024-04-25 18:00:00,0,0.4861421885582704,0.5138578114417296,Hold,68.42398,69.01725,68.325096,68.95957,27196
2024-04-25 19:00:00,0,0.43588517607754246,0.5641148239224576,Hold,68.96781,69.05845,68.92661,69.03373,5322
2024-04-25 20:00:00,0,0.3989097966541446,0.6010902033458554,Hold,69.03373,69.07493,68.99253,69.02549,2380
2024-04-25 22:00:00,0,0.3933818606193071,0.6066181393806929,Hold,69.05845,69.08317,69.00077,69.05845,986
2024-04-25 23:00:00,0,0.4118039995179844,0.5881960004820156,Hold,69.06669,69.06669,68.99253,69.00901,460
2024-04-26 00:00:00,0,0.47463424672464627,0.5253657532753537,Hold,69.01725,69.173805,69.00077,69.08317,1587
2024-04-26 01:00:00,0,0.45446928921734714,0.5455307107826528,Hold,69.09141,69.190285,68.97605,69.07493,3222
2024-04-26 02:00:00,0,0.4852565933001356,0.5147434066998644,Hold,69.07493,69.10789,69.01725,69.05021,992
2024-04-26 03:00:00,0,0.4992129049090653,0.5007870950909348,Hold,69.05021,69.09141,69.03373,69.05845,1005
2024-04-26 04:00:00,0,0.5089887621853718,0.4910112378146282,Sell,69.06669,69.12437,69.05021,69.09141,1016
2024-04-26 05:00:00,0,0.5489754286996421,0.4510245713003579,Sell,69.09965,69.27268,69.09965,69.23148,2404
2024-04-26 06:00:00,0,0.5666549452483275,0.4333450547516725,Sell,69.22324,69.28092,69.12437,69.182045,2845
2024-04-26 07:00:00,0,0.5815415733555287,0.4184584266444713,Sell,69.190285,69.38805,69.173805,69.173805,6823
2024-04-26 08:00:00,0,0.5343879739165323,0.46561202608346774,Sell,69.173805,69.28916,68.868935,68.90189,8094
2024-04-26 09:00:00,0,0.5669341157517271,0.43306588424827286,Sell,68.91013,69.190285,68.868935,69.157326,4798
2024-04-26 10:00:00,0,0.5493335373617233,0.4506664626382767,Sell,69.157326,69.34685,69.06669,69.24796,4538
2024-04-26 11:00:00,0,0.5392981959521089,0.4607018040478911,Sell,69.26444,69.38805,69.23148,69.31388,4306
2024-04-26 12:00:00,1,0.5750053893692519,0.42499461063074806,Sell,69.30564,69.59404,69.30564,69.5034,12730
2024-04-26 13:00:00,1,0.5259629072375887,0.47403709276241135,Sell,69.51164,69.5858,69.13261,69.157326,19321
2024-04-26 14:00:00,0,0.4711543233230198,0.5288456766769802,Hold,69.157326,69.28092,68.67941,68.885414,21084
2024-04-26 15:00:00,1,0.5349568437224688,0.46504315627753123,Sell,68.893654,69.30564,68.73709,69.27268,17892
2024-04-26 16:00:00,1,0.4760552367146725,0.5239447632853276,Hold,69.27268,69.30564,69.05845,69.11613,10069
2024-04-26 17:00:00,1,0.4658922076975329,0.5341077923024671,Hold,69.11613,69.198524,69.02549,69.08317,10442
2024-04-26 18:00:00,1,0.46321634633846326,0.5367836536615367,Hold,69.09141,69.215004,68.93485,69.00901,14847
2024-04-26 19:00:00,1,0.414154687458254,0.585845312541746,Hold,69.01725,69.03373,68.893654,68.93485,4402
2024-04-26 20:00:00,1,0.44059247342461044,0.5594075265753895,Hold,68.94309,68.96781,68.91013,68.93485,2015
2024-04-28 22:00:00,0,0.40225307471190674,0.5977469252880933,Hold,68.95957,68.95957,68.72061,68.77005,2236
2024-04-28 23:00:00,0,0.44472935867142904,0.555270641328571,Hold,68.77829,68.80301,68.55582,68.56406,1956
2024-04-29 00:00:00,0,0.44899797544364206,0.5510020245563579,Hold,68.580536,68.646454,68.5311,68.621735,2660
2024-04-29 01:00:00,0,0.43451997207123555,0.5654800279287644,Hold,68.621735,68.621735,68.358055,68.4487,5642
2024-04-29 02:00:00,0,0.4921424873092337,0.5078575126907663,Hold,68.4487,68.56406,68.41574,68.50638,2336
2024-04-29 03:00:00,0,0.4566217415231826,0.5433782584768174,Hold,68.50638,68.54758,68.4899,68.53934,1186
2024-04-29 04:00:00,0,0.4353388788909184,0.5646611211090816,Hold,68.53934,68.572296,68.49814,68.52286,1017
2024-04-29 05:00:00,0,0.4891578634376844,0.5108421365623156,Hold,68.52286,68.588776,68.51462,68.572296,1530
2024-04-29 06:00:00,0,0.42368051057557604,0.5763194894244239,Hold,68.572296,68.597015,68.374535,68.46518,4007
2024-04-29 07:00:00,0,0.5149207594175197,0.4850792405824803,Sell,68.46518,68.68765,68.382774,68.68765,5572
2024-04-29 08:00:00,0,0.5044982531492145,0.4955017468507855,Sell,68.68765,68.893654,68.638214,68.86069,7511
2024-04-29 09:00:00,0,0.5311304493649823,0.4688695506350177,Sell,68.85245,68.96781,68.71237,68.868935,5519
2024-04-29 10:00:00,1,0.5575146963062648,0.4424853036937352,Sell,68.86069,69.00077,68.83597,68.96781,3787
2024-04-29 11:00:00,1,0.5538777349902302,0.4461222650097698,Sell,68.96781,69.14085,68.96781,69.01725,6274
2024-04-29 12:00:00,0,0.44853833210654714,0.5514616678934529,Hold,69.00901,69.09141,68.399254,68.597015,19050
2024-04-29 13:00:00,1,0.519805165435734,0.48019483456426604,Sell,68.605255,68.893654,68.51462,68.74533,22055
2024-04-29 14:00:00,0,0.4323261724064326,0.5676738275935673,Hold,68.74533,68.78653,68.020226,68.061424,30960
2024-04-29 15:00:00,1,0.47992536532224067,0.5200746346777594,Hold,68.069664,68.45694,67.97903,68.382774,22474
2024-04-29 16:00:00,1,0.4336474278943343,0.5663525721056657,Hold,68.382774,68.55582,68.25094,68.382774,12817
2024-04-29 17:00:00,0,0.41344465974521377,0.5865553402547863,Hold,68.382774,68.42398,67.9131,67.97903,13258
2024-04-29 18:00:00,0,0.444276819211406,0.5557231807885941,Hold,67.98727,68.15206,67.89662,68.13558,20624
2024-04-29 19:00:00,0,0.38514052752875355,0.6148594724712464,Hold,68.14382,68.23446,68.0779,68.15206,6416
2024-04-29 20:00:00,0,0.4064967143033319,0.5935032856966681,Hold,68.1603,68.2015,68.1191,68.16854,1546
2024-04-29 22:00:00,0,0.35379408525358647,0.6462059147464135,Hold,68.19326,68.23446,67.94607,68.08614,1573
2024-04-29 23:00:00,0,0.38187881274262436,0.6181211872573756,Hold,68.09438,68.11086,68.053185,68.061424,361
2024-04-30 00:00:00,0,0.34608286149395495,0.653917138506045,Hold,68.061424,68.11086,67.93782,67.96255,1889
2024-04-30 01:00:00,0,0.35234704494511443,0.6476529550548855,Hold,67.95431,68.044945,67.92134,67.99551,2152
2024-04-30 02:00:00,0,0.3995230522443506,0.6004769477556494,Hold,67.98727,68.069664,67.92958,68.069664,1451
2024-04-30 03:00:00,0,0.40979433708134066,0.5902056629186594,Hold,68.069664,68.10262,68.020226,68.028465,1237
2024-04-30 04:00:00,0,0.39421822627452774,0.6057817737254723,Hold,68.020226,68.020226,67.90486,67.93782,1152
2024-04-30 05:00:00,0,0.3774291504907235,0.6225708495092765,Hold,67.94607,67.94607,67.789505,67.8719,2600
2024-04-30 06:00:00,0,0.41074684575504294,0.5892531542449571,Hold,67.88014,67.98727,67.83894,67.93782,2093
2024-04-30 07:00:00,0,0.4018642222966319,0.5981357777033681,Hold,67.94607,68.25918,67.83894,68.23446,6545
2024-04-30 08:00:00,0,0.42748720197620554,0.5725127980237945,Hold,68.23446,68.374535,68.069664,68.333336,6336
2024-04-30 09:00:00,0,0.4282208506109135,0.5717791493890865,Hold,68.333336,68.366295,68.17678,68.17678,5950
2024-04-30 10:00:00,0,0.46763862092073943,0.5323613790792605,Hold,68.17678,68.391014,68.1603,68.382774,4467
2024-04-30 11:00:00,0,0.3914215596509321,0.6085784403490679,Hold,68.382774,68.48166,68.23446,68.31686,6516
2024-04-30 12:00:00,1,0.40807374191755363,0.5919262580824464,Hold,68.31686,68.638214,68.31686,68.341576,15577
2024-04-30 13:00:00,0,0.5004591675593972,0.49954083244060277,Sell,68.349815,68.374535,67.01496,67.04792,46565
2024-04-30 14:00:00,0,0.44850946069438136,0.5514905393056186,Hold,67.05616,67.34455,66.70184,67.08088,51418
2024-04-30 15:00:00,1,0.4901598920702977,0.5098401079297024,Hold,67.08088,67.93782,67.05616,67.36927,38525
2024-04-30 16:00:00,0,0.40737161069162203,0.5926283893083779,Hold,67.36927,67.55055,67.08088,67.204475,16029
2024-04-30 17:00:00,1,0.5074831659645187,0.4925168340354813,Sell,67.196236,67.50935,67.11384,67.484634,12595
2024-04-30 18:00:00,1,0.43555446796986774,0.5644455320301323,Hold,67.492874,67.69887,67.33631,67.36103,18802
2024-04-30 19:00:00,1,0.45074305937229653,0.5492569406277035,Hold,67.36103,67.37751,67.187996,67.229195,4666
2024-04-30 20:00:00,1,0.42416576154352353,0.5758342384564765,Hold,67.220955,67.29511,67.12208,67.196236,3280
2024-04-30 22:00:00,1,0.42132757420302425,0.5786724257969758,Hold,67.13856,67.16328,66.92432,66.973755,1108
2024-04-30 23:00:00,1,0.44408250631531015,0.5559174936846898,Hold,66.973755,67.03968,66.940796,67.0232,700
2024-05-01 00:00:00,0,0.4856941910277578,0.5143058089722422,Hold,67.0232,67.08912,66.8172,66.83368,2352
2024-05-01 01:00:00,0,0.4819363478198693,0.5180636521801307,Hold,66.84192,66.940796,66.82544,66.88312,1470
2024-05-01 02:00:00,0,0.47179604715961615,0.5282039528403839,Hold,66.88312,66.89136,66.79248,66.8584,1312
2024-05-01 03:00:00,0,0.49352442943591013,0.5064755705640899,Hold,66.8584,66.89136,66.8172,66.84192,1020
2024-05-01 04:00:00,0,0.539415636736474,0.46058436326352603,Sell,66.83368,66.91608,66.80896,66.90784,1464
2024-05-01 05:00:00,0,0.5417238258951935,0.4582761741048065,Sell,66.91608,66.940796,66.84192,66.932556,1397
2024-05-01 06:00:00,0,0.5134908767621138,0.4865091232378862,Sell,66.92432,66.932556,66.72656,66.80896,3227
2024-05-01 07:00:00,0,0.4955715819127488,0.5044284180872511,Hold,66.8172,66.88312,66.50408,66.59473,7458
2024-05-01 08:00:00,0,0.445358787310654,0.5546412126893461,Hold,66.60297,66.80896,66.421684,66.47112,8748
2024-05-01 09:00:00,0,0.4645031640002419,0.5354968359997581,Hold,66.47936,66.58649,66.22393,66.29809,9377
2024-05-01 10:00:00,0,0.49515062280665934,0.5048493771933407,Hold,66.30633,66.627686,66.20745,66.56177,7543
2024-05-01 11:00:00,0,0.4378584319243558,0.5621415680756442,Hold,66.57001,66.68536,66.27337,66.33105,8410
2024-05-01 12:00:00,0,0.4495013459833872,0.5504986540166128,Hold,66.33105,66.668884,66.17449,66.46288,14920
2024-05-01 13:00:00,1,0.5021319519526307,0.4978680480473693,Sell,66.45464,66.965515,66.26513,66.949036,24736
2024-05-01 14:00:00,0,0.4167545319925946,0.5832454680074054,Hold,66.957275,67.212715,65.96025,66.00969,48411
2024-05-01 15:00:00,0,0.3953415759691904,0.6046584240308096,Hold,66.00969,66.01793,65.18571,65.21043,51375
2024-05-01 16:00:00,0,0.36173877688019973,0.6382612231198003,Hold,65.21043,65.53178,65.037384,65.284584,27552
2024-05-01 17:00:00,0,0.38214294670645865,0.6178570532935413,Hold,65.29282,65.33402,65.1033,65.18571,17368
2024-05-01 18:00:00,0,0.38318379913881684,0.6168162008611832,Hold,65.20219,65.3505,64.95499,65.276344,32373
2024-05-01 19:00:00,0,0.35629164600756713,0.6437083539924329,Hold,65.284584,65.40818,65.11154,65.11154,7502
2024-05-01 20:00:00,0,0.4077355716619045,0.5922644283380956,Hold,65.11978,65.29282,65.09506,65.20219,2340
2024-05-01 22:00:00,0,0.4362544985291415,0.5637455014708586,Hold,65.218666,65.235146,65.11154,65.1445,940
2024-05-01 23:00:00,0,0.4087429119316015,0.5912570880683985,Hold,65.1445,65.19395,65.11978,65.17747,438
2024-05-02 00:00:00,0,0.3838678989760564,0.6161321010239436,Hold,65.19395,65.38346,65.18571,65.243385,2953
2024-05-02 01:00:00,0,0.410891418861768,0.589108581138232,Hold,65.235146,65.34226,65.16099,65.31754,2110
2024-05-02 02:00:00,0,0.44343295639030533,0.5565670436096947,Hold,65.31754,65.44938,65.30106,65.41642,2445
2024-05-02 03:00:00,0,0.43544195731111135,0.5645580426888887,Hold,65.40818,65.49058,65.3917,65.48234,2012
2024-05-02 04:00:00,0,0.4400303843928789,0.5599696156071211,Hold,65.4741,65.581215,65.46586,65.49882,2493
2024-05-02 05:00:00,0,0.43237758560617723,0.5676224143938228,Hold,65.49882,65.564735,65.45762,65.49882,1678
2024-05-02 06:00:00,0,0.4356298523118982,0.5643701476881018,Hold,65.49058,65.614174,65.4329,65.46586,2941
2024-05-02 07:00:00,1,0.46060744546301596,0.539392554536984,Hold,65.46586,65.67186,65.36698,65.64714,6983
2024-05-02 08:00:00,1,0.4334916250670048,0.5665083749329952,Hold,65.64714,65.7213,65.50706,65.65538,8645
2024-05-02 09:00:00,1,0.43297779974357176,0.5670222002564282,Hold,65.64714,65.795456,65.49882,65.67186,6821
2024-05-02 10:00:00,0,0.40172243562557747,0.5982775643744225,Hold,65.67186,65.836655,65.276344,65.41642,14193
2024-05-02 11:00:00,1,0.4470732210426478,0.5529267789573522,Hold,65.41642,65.75426,65.33402,65.71306,6771
2024-05-02 12:00:00,0,0.4985447087078739,0.5014552912921262,Hold,65.7213,65.811935,65.19395,65.20219,15639
2024-05-02 13:00:00,0,0.44764710138756164,0.5523528986124384,Hold,65.20219,65.4329,64.86435,64.979706,35441
2024-05-02 14:00:00,0,0.4377566276888557,0.5622433723111443,Hold,64.979706,65.218666,64.75723,64.85611,28052
2024-05-02 15:00:00,0,0.47712853890972184,0.5228714610902782,Hold,64.84787,65.21043,64.60891,64.74075,28561
2024-05-02 16:00:00,0,0.4880094395723092,0.5119905604276909,Hold,64.74075,65.21043,64.65011,65.15274,18524
2024-05-02 17:00:00,0,0.4791947087976947,0.5208052912023053,Hold,65.15274,65.36698,64.96323,64.996185,15971
2024-05-02 18:00:00,0,0.4863334091489641,0.5136665908510358,Hold,65.004425,65.49882,64.88907,65.17747,28885
2024-05-02 19:00:00,0,0.46864884518442373,0.5313511548155763,Hold,65.17747,65.235146,65.0621,65.07858,5473
2024-05-02 20:00:00,0,0.5392137750163882,0.46078622498361177,Sell,65.07034,65.16923,65.012665,65.1445,2741
2024-05-02 22:00:00,0,0.5033828347340165,0.49661716526598354,Sell,65.15274,65.259865,65.12802,65.259865,718
2024-05-02 23:00:00,0,0.45761762645489423,0.5423823735451058,Hold,65.251625,65.30106,65.226906,65.268105,529
2024-05-03 00:00:00,0,0.39383038279126387,0.6061696172087361,Hold,65.276344,65.38346,65.16923,65.38346,1424
2024-05-03 01:00:00,0,0.3494651394908463,0.6505348605091537,Hold,65.37522,65.3917,65.15274,65.235146,1789
2024-05-03 02:00:00,0,0.3779258845879041,0.6220741154120959,Hold,65.243385,65.251625,65.1445,65.20219,1320
2024-05-03 03:00:00,0,0.3775681588739368,0.6224318411260632,Hold,65.20219,65.30106,65.15274,65.29282,1040
2024-05-03 04:00:00,0,0.3545940700854927,0.6454059299145073,Hold,65.29282,65.3093,65.18571,65.19395,983
2024-05-03 05:00:00,0,0.37960017829227816,0.6203998217077218,Hold,65.20219,65.30106,65.19395,65.251625,858
2024-05-03 06:00:00,0,0.3958195880828174,0.6041804119171825,Hold,65.251625,65.284584,65.13626,65.268105,2145
2024-05-03 07:00:00,0,0.37729160585529536,0.6227083941447047,Hold,65.268105,65.41642,65.243385,65.276344,5276
2024-05-03 08:00:00,0,0.38459333863385237,0.6154066613661476,Hold,65.284584,65.35874,65.0621,65.18571,8185
2024-05-03 09:00:00,0,0.37331175853615,0.6266882414638499,Hold,65.19395,65.21043,64.93027,65.020905,6306
2024-05-03 10:00:00,0,0.38889584738644084,0.6111041526135592,Hold,65.020905,65.276344,64.94675,65.226906,4586
2024-05-03 11:00:00,0,0.3859584389512203,0.6140415610487797,Hold,65.235146,65.37522,65.18571,65.32578,4809
2024-05-03 12:00:00,0,0.36317571132227117,0.6368242886777289,Hold,65.32578,65.614174,65.09506,65.15274,15741
2024-05-03 13:00:00,0,0.368485504661564,0.631514495338436,Hold,65.15274,65.284584,64.64187,64.80667,30709
2024-05-03 14:00:00,0,0.4000763056405775,0.5999236943594225,Hold,64.81491,64.93851,64.47707,64.65835,25223
2024-05-03 15:00:00,0,0.4048649367179006,0.5951350632820994,Hold,64.66659,64.86435,64.54299,64.55947,18271
2024-05-03 16:00:00,0,0.4554086416887526,0.5445913583112474,Hold,64.55123,64.73251,64.51827,64.60891,12252
2024-05-03 17:00:00,0,0.4716688565278014,0.5283311434721987,Hold,64.60891,64.74899,64.50179,64.51827,11386
2024-05-03 18:00:00,0,0.5039308806023484,0.49606911939765164,Sell,64.52651,64.63363,64.27108,64.32052,24287
2024-05-03 19:00:00,0,0.5622651204598704,0.4377348795401296,Sell,64.32052,64.39468,64.27108,64.39468,4968
2024-05-03 20:00:00,0,0.5478509228609808,0.4521490771390192,Sell,64.39468,64.402916,64.23812,64.26284,2478
2024-05-05 22:00:00,0,0.4793949282725161,0.5206050717274839,Hold,64.402916,64.75723,64.28756,64.68307,3629
2024-05-05 23:00:00,0,0.44307114240871587,0.5569288575912841,Hold,64.68307,64.72427,64.56771,64.57595,1203
2024-05-06 00:00:00,0,0.524793717090055,0.47520628290994504,Sell,64.56771,64.60067,64.2958,64.49355,3195
2024-05-06 01:00:00,0,0.5197628407054858,0.48023715929451416,Sell,64.47707,64.76547,64.444115,64.60067,6094
2024-05-06 02:00:00,0,0.5058138519459698,0.49418614805403016,Sell,64.60067,64.69131,64.52651,64.55123,1724
2024-05-06 03:00:00,0,0.4939194721975085,0.5060805278024916,Hold,64.54299,64.62539,64.50179,64.58419,1145
2024-05-06 04:00:00,0,0.4812184465155272,0.5187815534844729,Hold,64.58419,64.63363,64.54299,64.58419,713
2024-05-06 05:00:00,0,0.4774706062223199,0.52252939377768,Hold,64.57595,64.75723,64.57595,64.74075,1877
2024-05-06 06:00:00,0,0.4917847764660764,0.5082152235339237,Hold,64.74075,64.91379,64.707794,64.88907,3006
2024-05-06 07:00:00,0,0.46058581481202304,0.539414185187977,Hold,64.88907,65.012665,64.81491,64.90555,5502
2024-05-06 08:00:00,1,0.49721622072260396,0.502783779277396,Hold,64.89731,65.12802,64.88083,65.04562,6786
2024-05-06 09:00:00,1,0.5065529398057791,0.4934470601942209,Sell,65.037384,65.15274,64.90555,65.020905,3790
2024-05-06 10:00:00,1,0.5189944332680241,0.4810055667319759,Sell,65.029144,65.12802,64.987946,65.07858,3766
2024-05-06 11:00:00,1,0.5507220005360324,0.4492779994639676,Sell,65.07034,65.16923,64.90555,65.15274,5061
2024-05-06 12:00:00,0,0.4978014866661183,0.5021985133338818,Hold,65.1445,65.15274,64.79019,64.80667,10480
2024-05-06 13:00:00,0,0.4997882289679302,0.5002117710320698,Hold,64.79843,65.09506,64.64187,64.93851,22203
2024-05-06 14:00:00,0,0.4579905482109435,0.5420094517890566,Hold,64.93851,65.04562,64.75723,64.77371,13145
2024-05-06 15:00:00,0,0.5102679177507039,0.4897320822492961,Sell,64.79019,64.88907,64.65835,64.83963,11453
2024-05-06 16:00:00,0,0.4945483328191684,0.5054516671808316,Hold,64.83963,65.09506,64.196915,64.61715,43037
2024-05-06 17:00:00,0,0.5014607678735051,0.49853923212649487,Sell,64.61715,64.66659,64.35348,64.39468,18619
2024-05-06 18:00:00,0,0.5538229325228108,0.4461770674771892,Sell,64.402916,64.92203,64.402916,64.83963,14495
2024-05-06 19:00:00,0,0.5109052557389685,0.4890947442610315,Sell,64.83963,64.88907,64.66659,64.78195,4903
2024-05-06 20:00:00,0,0.5345689300091693,0.4654310699908307,Sell,64.78195,64.85611,64.699554,64.83963,1728
2024-05-06 22:00:00,0,0.5479746561363187,0.4520253438636813,Sell,64.86435,64.971466,64.86435,64.87259,1516
2024-05-06 23:00:00,1,0.5246576126845824,0.47534238731541756,Sell,64.87259,65.05386,64.85611,64.979706,1316
2024-05-07 00:00:00,1,0.5476894125858603,0.45231058741413965,Sell,64.979706,65.11154,64.979706,65.004425,2399
2024-05-07 01:00:00,0,0.5537824230239241,0.4462175769760759,Sell,65.004425,65.07034,64.80667,64.83963,3117
2024-05-07 02:00:00,0,0.5655654537030907,0.43443454629690925,Sell,64.83139,64.89731,64.72427,64.83963,1828
2024-05-07 03:00:00,0,0.5409556702923387,0.4590443297076613,Sell,64.84787,64.92203,64.83963,64.86435,1084
2024-05-07 04:00:00,0,0.5322603521875791,0.46773964781242094,Sell,64.86435,64.89731,64.67483,64.78195,1609
2024-05-07 05:00:00,0,0.5290203461804481,0.47097965381955187,Sell,64.77371,64.84787,64.73251,64.84787,1550
2024-05-07 06:00:00,0,0.5197351400927785,0.48026485990722145,Sell,64.83963,64.83963,64.699554,64.75723,2299
2024-05-07 07:00:00,0,0.5109713010140731,0.48902869898592694,Sell,64.76547,64.83139,64.48531,64.59243,7608
2024-05-07 08:00:00,0,0.5621079467862344,0.43789205321376556,Sell,64.60067,64.979706,64.60067,64.82315,11872
2024-05-07 09:00:00,0,0.5169705162351302,0.48302948376486976,Sell,64.82315,64.86435,64.54299,64.55123,5870
2024-05-07 10:00:00,0,0.524345566426666,0.47565443357333403,Sell,64.55947,64.58419,64.35348,64.460594,6139
2024-05-07 11:00:00,0,0.5087451827560536,0.4912548172439464,Sell,64.460594,64.55947,64.34524,64.468834,4869
2024-05-07 12:00:00,0,0.5029181777527604,0.4970818222472396,Sell,64.460594,64.55947,64.13924,64.221634,11342
2024-05-07 13:00:00,0,0.5226931296712518,0.4773068703287482,Sell,64.213394,64.51827,63.99092,64.24636,27803
2024-05-07 14:00:00,0,0.4896745302750962,0.5103254697249038,Hold,64.24636,64.36996,63.900284,64.26284,22118
2024-05-07 15:00:00,0,0.4830249675324617,0.5169750324675383,Hold,64.26284,64.60067,64.221634,64.58419,19386
2024-05-07 16:00:00,0,0.5140329290484834,0.4859670709515166,Sell,64.58419,65.012665,64.56771,64.86435,19926
2024-05-07 17:00:00,1,0.47635902593306284,0.5236409740669372,Hold,64.86435,65.235146,64.80667,64.83139,19057
2024-05-07 18:00:00,1,0.4759734054841453,0.5240265945158546,Hold,64.82315,64.89731,64.54299,64.69131,17024
2024-05-07 19:00:00,1,0.4637102660820714,0.5362897339179287,Hold,64.69131,64.73251,64.64187,64.66659,3512
2024-05-07 20:00:00,0,0.5007825945741352,0.4992174054258648,Sell,64.65835,64.75723,64.419395,64.57595,2968
2024-05-07 22:00:00,1,0.4983348733749581,0.5016651266250419,Hold,64.55123,64.60067,64.49355,64.59243,930
2024-05-07 23:00:00,1,0.47088940148759134,0.5291105985124087,Hold,64.59243,64.60067,64.52651,64.52651,402
2024-05-08 00:00:00,1,0.37540642111179157,0.6245935788882084,Hold,64.51827,64.54299,64.435875,64.48531,1204
2024-05-08 01:00:00,0,0.4028506944578859,0.5971493055421141,Hold,64.48531,64.51003,64.30404,64.30404,2605
2024-05-08 02:00:00,0,0.3990924015043301,0.6009075984956699,Hold,64.30404,64.3782,64.2958,64.337,1417
2024-05-08 03:00:00,1,0.4012597930857741,0.5987402069142259,Hold,64.337,64.435875,64.27932,64.34524,2083
2024-05-08 04:00:00,0,0.41401733927291234,0.5859826607270877,Hold,64.34524,64.35348,64.24636,64.2546,1103
2024-05-08 05:00:00,0,0.4513843943539262,0.5486156056460738,Hold,64.26284,64.27108,64.196915,64.22988,1925
2024-05-08 06:00:00,0,0.40472886352730353,0.5952711364726965,Hold,64.221634,64.26284,63.99916,63.99916,5199
2024-05-08 07:00:00,0,0.4149880857130108,0.5850119142869892,Hold,63.99916,64.05684,63.686047,63.727245,11596
2024-05-08 08:00:00,0,0.39128922233165836,0.6087107776683416,Hold,63.727245,63.826122,63.545967,63.653088,11988
2024-05-08 09:00:00,0,0.45410030711133437,0.5458996928886657,Hold,63.644844,63.760204,63.35645,63.751965,10271
2024-05-08 10:00:00,0,0.43564781766748717,0.5643521823325128,Hold,63.760204,64.03212,63.735485,64.01564,8652
2024-05-08 11:00:00,0,0.41737716274701264,0.5826228372529874,Hold,64.0074,64.0486,63.735485,63.826122,7596
2024-05-08 12:00:00,0,0.46802801165732566,0.5319719883426743,Hold,63.817883,63.98268,63.677807,63.925003,9697
2024-05-08 13:00:00,0,0.4489340183176213,0.5510659816823786,Hold,63.925003,64.221634,63.817883,64.196915,22208
2024-05-08 14:00:00,0,0.512500193925065,0.48749980607493504,Sell,64.196915,64.87259,64.163956,64.73251,35600
2024-05-08 15:00:00,0,0.560638459268119,0.43936154073188105,Sell,64.73251,65.218666,64.67483,65.1445,29643
2024-05-08 16:00:00,0,0.5121923203900483,0.48780767960995175,Sell,65.1445,65.15274,64.83963,64.93851,14107
2024-05-08 17:00:00,0,0.48776070010076095,0.5122392998992391,Hold,64.93851,65.0621,64.81491,64.987946,8814
2024-05-08 18:00:00,0,0.5626121103939653,0.4373878896060347,Sell,64.996185,65.31754,64.987946,65.16099,22488
2024-05-08 19:00:00,0,0.5770986646632834,0.4229013353367166,Sell,65.16099,65.284584,65.15274,65.251625,3728
2024-05-08 20:00:00,0,0.5554243981977824,0.44457560180221756,Sell,65.251625,65.3093,65.218666,65.276344,2267
2024-05-08 22:00:00,0,0.5574408914153186,0.4425591085846814,Sell,65.284584,65.30106,65.20219,65.251625,859
2024-05-08 23:00:00,0,0.5665228945118693,0.4334771054881307,Sell,65.251625,65.3093,65.251625,65.30106,446
2024-05-09 00:00:00,0,0.5768842920355478,0.4231157079644522,Sell,65.30106,65.4329,65.29282,65.36698,2323
2024-05-09 01:00:00,0,0.5793158121605221,0.4206841878394779,Sell,65.37522,65.41642,65.259865,65.3505,1889
2024-05-09 02:00:00,0,0.640824654918129,0.359175345081871,Sell,65.3505,65.49058,65.3093,65.44938,2067
2024-05-09 03:00:00,0,0.6062930616006339,0.3937069383993661,Sell,65.45762,65.48234,65.41642,65.46586,1283
2024-05-09 04:00:00,0,0.5990945653228317,0.4009054346771683,Sell,65.4741,65.48234,65.4329,65.4741,953
2024-05-09 05:00:00,0,0.6036117993191699,0.39638820068083014,Sell,65.46586,65.46586,65.36698,65.3917,1687
2024-05-09 06:00:00,0,0.5810841362079491,0.4189158637920509,Sell,65.3917,65.44114,65.33402,65.3505,2362
2024-05-09 07:00:00,0,0.6281429519112961,0.3718570480887039,Sell,65.35874,65.572975,65.33402,65.572975,5471
2024-05-09 08:00:00,0,0.6156989296188409,0.3843010703811591,Sell,65.572975,65.71306,65.49882,65.63066,6966
2024-05-09 09:00:00,0,0.5741727297933115,0.42582727020668854,Sell,65.63066,65.74602,65.36698,65.48234,6464
2024-05-09 10:00:00,1,0.6491238965465929,0.35087610345340714,Sell,65.48234,65.74602,65.48234,65.72954,4667
2024-05-09 11:00:00,0,0.5883031921959194,0.4116968078040806,Sell,65.7213,65.75426,65.50706,65.540016,6192
2024-05-09 12:00:00,0,0.5704501773040339,0.4295498226959661,Sell,65.548256,65.69658,65.40818,65.5153,10595
2024-05-09 13:00:00,0,0.5671097009225626,0.43289029907743737,Sell,65.5153,65.597694,65.029144,65.5153,29216
2024-05-09 14:00:00,0,0.5096711432389978,0.49032885676100224,Sell,65.50706,65.589455,65.243385,65.35874,15264
2024-05-09 15:00:00,0,0.43274447533589594,0.567255524664104,Hold,65.3505,65.548256,65.020905,65.05386,18323
2024-05-09 16:00:00,0,0.4700879445709799,0.5299120554290201,Hold,65.0621,65.46586,65.05386,65.18571,12867
2024-05-09 17:00:00,0,0.38357373238853726,0.6164262676114627,Hold,65.18571,65.30106,65.1033,65.12802,7683
2024-05-09 18:00:00,0,0.47842425983746384,0.5215757401625362,Hold,65.13626,65.4741,65.11978,65.45762,15887
2024-05-09 19:00:00,0,0.4535136870210916,0.5464863129789084,Hold,65.45762,65.62242,65.44938,65.597694,4950
2024-05-09 20:00:00,0,0.40250066145075225,0.5974993385492477,Hold,65.605934,65.62242,65.540016,65.564735,2056
2024-05-09 22:00:00,1,0.4468676841721709,0.5531323158278292,Hold,65.581215,65.66362,65.572975,65.65538,821
2024-05-09 23:00:00,0,0.48695003755015,0.51304996244985,Hold,65.64714,65.67186,65.62242,65.63066,410
2024-05-10 00:00:00,1,0.5165788972388973,0.48342110276110273,Sell,65.62242,65.68834,65.597694,65.67186,1340
2024-05-10 01:00:00,1,0.5764103081830136,0.42358969181698636,Sell,65.67186,65.77074,65.6389,65.71306,2685
2024-05-10 02:00:00,1,0.5385447256978672,0.46145527430213285,Sell,65.71306,65.71306,65.62242,65.6801,1216
2024-05-10 03:00:00,1,0.5266664753791931,0.4733335246208069,Sell,65.6801,65.75426,65.6801,65.74602,1512
2024-05-10 04:00:00,1,0.5312567269636724,0.46874327303632757,Sell,65.74602,65.795456,65.72954,65.7625,1015
2024-05-10 05:00:00,1,0.526796085179612,0.47320391482038804,Sell,65.7625,65.836655,65.7625,65.836655,1680
2024-05-10 06:00:00,1,0.5451084291675948,0.45489157083240517,Sell,65.828415,65.87785,65.78722,65.86961,2460
2024-05-10 07:00:00,1,0.46662220644192537,0.5333777935580746,Hold,65.861374,65.88609,65.65538,65.77898,5486
2024-05-10 08:00:00,0,0.4601786071653335,0.5398213928346665,Hold,65.77898,65.803696,65.44938,65.597694,8110
2024-05-10 09:00:00,1,0.5193409682777886,0.48065903172221136,Sell,65.597694,65.811935,65.5153,65.811935,4893
2024-05-10 10:00:00,1,0.4674798387040942,0.5325201612959058,Hold,65.803696,65.88609,65.71306,65.828415,3995
2024-05-10 11:00:00,1,0.4770904248909081,0.522909575109092,Hold,65.820175,65.844894,65.7213,65.73778,3746
2024-05-10 12:00:00,0,0.4955189753575774,0.5044810246424226,Hold,65.73778,65.795456,65.581215,65.64714,8903
2024-05-10 13:00:00,1,0.5185416774394777,0.48145832256052234,Sell,65.64714,65.87785,65.48234,65.71306,19941
2024-05-10 14:00:00,1,0.5061053759144291,0.49389462408557094,Sell,65.71306,65.72954,65.30106,65.37522,18602
2024-05-10 15:00:00,0,0.48861545525893857,0.5113845447410614,Hold,65.37522,65.38346,64.85611,64.88907,20472
2024-05-10 16:00:00,0,0.39778839683183764,0.6022116031681624,Hold,64.88907,64.91379,64.49355,64.57595,20655
2024-05-10 17:00:00,0,0.3832525534275537,0.6167474465724463,Hold,64.56771,64.67483,64.468834,64.50179,13620
2024-05-10 18:00:00,0,0.43631430046153497,0.563685699538465,Hold,64.50179,64.699554,64.435875,64.50179,21887
2024-05-10 19:00:00,0,0.4030984436550256,0.5969015563449744,Hold,64.50179,64.60891,64.48531,64.51827,4325
2024-05-10 20:00:00,0,0.41806242136513694,0.5819375786348631,Hold,64.52651,64.57595,64.38644,64.435875,2490
2024-05-12 22:00:00,0,0.40363727784028575,0.5963627221597143,Hold,64.419395,64.427635,64.2546,64.28756,1700
2024-05-12 23:00:00,0,0.38088933804188185,0.6191106619581181,Hold,64.2958,64.34524,64.28756,64.337,490
2024-05-13 00:00:00,0,0.34721187681842297,0.6527881231815771,Hold,64.337,64.402916,64.27932,64.30404,1143
2024-05-13 01:00:00,0,0.3625384121995542,0.6374615878004458,Hold,64.2958,64.2958,64.0898,64.09804,3353
2024-05-13 02:00:00,0,0.41237679629913443,0.5876232037008655,Hold,64.09804,64.36172,64.09804,64.35348,1592
2024-05-13 03:00:00,0,0.3683604834980606,0.6316395165019394,Hold,64.34524,64.36996,64.27932,64.32876,1106
2024-05-13 04:00:00,0,0.3862895778496078,0.6137104221503922,Hold,64.337,64.36172,64.28756,64.32876,1249
2024-05-13 05:00:00,0,0.3810857939667141,0.618914206033286,Hold,64.337,64.35348,64.23812,64.31228,1482
2024-05-13 06:00:00,0,0.4541260322331571,0.5458739677668429,Hold,64.32052,64.49355,64.32052,64.47707,2362
2024-05-13 07:00:00,0,0.5269269719793181,0.47307302802068185,Sell,64.468834,64.68307,64.38644,64.67483,5315
2024-05-13 08:00:00,0,0.48675442496588195,0.513245575034118,Hold,64.67483,64.78195,64.58419,64.75723,5435
2024-05-13 09:00:00,0,0.4592960986796006,0.5407039013203994,Hold,64.74899,64.83963,64.55947,64.61715,5523
2024-05-13 10:00:00,0,0.5011491829959521,0.4988508170040479,Sell,64.60891,64.86435,64.56771,64.82315,3681
2024-05-13 11:00:00,0,0.48086020103652055,0.5191397989634794,Hold,64.81491,65.029144,64.75723,64.93851,5377
2024-05-13 12:00:00,0,0.4777600827469568,0.5222399172530432,Hold,64.93027,65.037384,64.85611,64.89731,9987
2024-05-13 13:00:00,0,0.579934868635049,0.42006513136495105,Sell,64.89731,65.259865,64.80667,65.251625,22493
2024-05-13 14:00:00,0,0.49856246829345385,0.5014375317065461,Hold,65.243385,65.49882,65.11978,65.12802,23302
2024-05-13 15:00:00,0,0.4690509477551411,0.5309490522448589,Hold,65.12802,65.226906,64.85611,64.987946,16350
2024-05-13 16:00:00,0,0.4596410856663978,0.5403589143336023,Hold,64.979706,65.12802,64.76547,64.88907,11442
2024-05-13 17:00:00,0,0.5350221594279277,0.46497784057207225,Sell,64.88083,65.12802,64.82315,65.12802,9561
2024-05-13 18:00:00,1,0.4827684858558389,0.517231514144161,Hold,65.13626,65.32578,64.996185,65.268105,19484
2024-05-13 19:00:00,1,0.4703433240080946,0.5296566759919055,Hold,65.259865,65.33402,65.18571,65.284584,4337
2024-05-13 20:00:00,1,0.49322464473907496,0.5067753552609251,Hold,65.284584,65.30106,65.19395,65.259865,1587
2024-05-13 22:00:00,1,0.48039460297403125,0.5196053970259688,Hold,65.284584,65.284584,65.21043,65.243385,622
2024-05-13 23:00:00,1,0.4679286316473264,0.5320713683526737,Hold,65.243385,65.251625,65.18571,65.18571,560
2024-05-14 00:00:00,1,0.5489554013550754,0.45104459864492463,Sell,65.19395,65.39994,65.19395,65.3917,1539
2024-05-14 01:00:00,1,0.4470259227309946,0.5529740772690054,Hold,65.39994,65.40818,65.19395,65.235146,1616
2024-05-14 02:00:00,1,0.4715534512969418,0.5284465487030582,Hold,65.226906,65.276344,65.1445,65.18571,1124
2024-05-14 03:00:00,1,0.5457090720601396,0.45429092793986037,Sell,65.18571,65.30106,65.18571,65.284584,1103
2024-05-14 04:00:00,1,0.5001382393625912,0.49986176063740884,Sell,65.276344,65.30106,65.251625,65.29282,512
2024-05-14 05:00:00,1,0.5103644679650134,0.48963553203498655,Sell,65.284584,65.34226,65.259865,65.29282,713
2024-05-14 06:00:00,1,0.4944550503314637,0.5055449496685362,Hold,65.29282,65.30106,65.18571,65.226906,1471
2024-05-14 07:00:00,0,0.46839342346055773,0.5316065765394422,Hold,65.226906,65.268105,65.12802,65.15274,3421
2024-05-14 08:00:00,0,0.4724816355916493,0.5275183644083508,Hold,65.16099,65.17747,64.88907,65.037384,5480
2024-05-14 09:00:00,1,0.5331066567654399,0.4668933432345601,Sell,65.037384,65.218666,65.029144,65.20219,3759
2024-05-14 10:00:00,1,0.4886684387539972,0.5113315612460028,Hold,65.20219,65.34226,65.11154,65.1445,4247
2024-05-14 11:00:00,1,0.4699574549860787,0.5300425450139212,Hold,65.13626,65.1445,64.971466,65.020905,3059
2024-05-14 12:00:00,0,0.4459030626762841,0.5540969373237159,Hold,65.029144,65.029144,64.699554,64.707794,10467
2024-05-14 13:00:00,1,0.3964834017513006,0.6035165982486994,Hold,64.707794,64.987946,64.0074,64.971466,47656
2024-05-14 14:00:00,0,0.3440959946742318,0.6559040053257682,Hold,64.971466,65.012665,64.23812,64.49355,19082
2024-05-14 15:00:00,0,0.3458935960098355,0.6541064039901645,Hold,64.49355,64.51003,64.155716,64.180435,14764
2024-05-14 16:00:00,0,0.32115338567706875,0.6788466143229313,Hold,64.180435,64.444115,64.05684,64.435875,15123
2024-05-14 17:00:00,0,0.3187939709820787,0.6812060290179214,Hold,64.435875,64.47707,64.14748,64.180435,8221
2024-05-14 18:00:00,0,0.3668827553182949,0.633117244681705,Hold,64.188675,64.39468,64.180435,64.31228,14544
2024-05-14 19:00:00,0,0.3245555486169899,0.6754444513830101,Hold,64.31228,64.39468,64.27108,64.3782,3581
2024-05-14 20:00:00,1,0.3018278832276021,0.6981721167723979,Hold,64.36996,64.73251,64.36172,64.64187,4077
2024-05-14 22:00:00,1,0.28910205110150333,0.7108979488984967,Hold,64.63363,64.68307,64.57595,64.62539,767
2024-05-14 23:00:00,0,0.2936798461774275,0.7063201538225725,Hold,64.62539,64.72427,64.58419,64.60891,700
2024-05-15 00:00:00,0,0.3172694203785934,0.6827305796214066,Hold,64.60891,64.65835,64.50179,64.52651,1036
2024-05-15 01:00:00,1,0.34037815210151856,0.6596218478984814,Hold,64.53475,64.75723,64.53475,64.72427,1965
2024-05-15 02:00:00,1,0.3325689858562921,0.6674310141437079,Hold,64.73251,64.79019,64.707794,64.78195,1158
2024-05-15 03:00:00,1,0.3199112912978627,0.6800887087021372,Hold,64.78195,64.88907,64.74075,64.77371,2348
2024-05-15 04:00:00,1,0.3360994273049687,0.6639005726950313,Hold,64.78195,64.78195,64.707794,64.72427,980
2024-05-15 05:00:00,1,0.3379488488917599,0.6620511511082401,Hold,64.72427,64.84787,64.68307,64.79019,1391
2024-05-15 06:00:00,1,0.33331092541361396,0.666689074586386,Hold,64.78195,64.82315,64.699554,64.74075,1510
2024-05-15 07:00:00,1,0.3270619671937548,0.6729380328062452,Hold,64.73251,64.82315,64.60067,64.63363,4378
2024-05-15 08:00:00,1,0.3437209516766498,0.6562790483233503,Hold,64.64187,64.76547,64.54299,64.69131,5160
2024-05-15 09:00:00,1,0.365497277484801,0.634502722515199,Hold,64.699554,64.74075,64.38644,64.411156,4286
2024-05-15 10:00:00,0,0.3864346207014998,0.6135653792985002,Hold,64.419395,64.468834,64.11452,64.188675,5164
2024-05-15 11:00:00,0,0.42157902847358375,0.5784209715264162,Hold,64.196915,64.35348,63.809643,63.949722,15705
2024-05-15 12:00:00,0,0.4325523636241715,0.5674476363758285,Hold,63.949722,64.452354,63.834362,64.01564,14949
2024-05-15 13:00:00,0,0.4421990055398498,0.5578009944601502,Hold,64.02388,64.11452,63.199894,63.46357,32339
2024-05-15 14:00:00,0,0.3747220493369592,0.6252779506630408,Hold,63.45533,63.99916,63.199894,63.793163,27281
2024-05-15 15:00:00,0,0.32213379428486905,0.677866205715131,Hold,63.784924,64.57595,63.702526,64.444115,23380
2024-05-15 16:00:00,0,0.363160096707902,0.6368399032920979,Hold,64.435875,64.69131,64.31228,64.65011,12772
2024-05-15 17:00:00,0,0.37298802584008783,0.6270119741599122,Hold,64.64187,64.81491,64.50179,64.69131,10323
2024-05-15 18:00:00,0,0.40161627324169336,0.5983837267583066,Hold,64.69131,64.93027,64.68307,64.88907,12079
2024-05-15 19:00:00,0,0.40145647195536033,0.5985435280446396,Hold,64.88907,65.012665,64.88907,65.004425,4656
2024-05-15 20:00:00,0,0.401151253194648,0.598848746805352,Hold,65.004425,65.029144,64.95499,64.987946,2079
2024-05-15 22:00:00,0,0.41491504585571776,0.5850849541442822,Hold,64.96323,65.012665,64.93851,64.979706,410
2024-05-15 23:00:00,0,0.44568281317972264,0.5543171868202774,Hold,64.979706,65.07858,64.96323,65.07034,575
2024-05-16 00:00:00,0,0.4615686256580437,0.5384313743419563,Hold,65.07034,65.21043,65.05386,65.20219,1772
2024-05-16 01:00:00,0,0.4252985621569205,0.5747014378430795,Hold,65.19395,65.235146,65.037384,65.09506,1889
2024-05-16 02:00:00,0,0.41792420976113315,0.5820757902388669,Hold,65.08682,65.1445,65.05386,65.12802,602
2024-05-16 03:00:00,0,0.4271555155655982,0.5728444844344018,Hold,65.1445,65.21043,65.07858,65.11978,1395
2024-05-16 04:00:00,0,0.440619718412956,0.559380281587044,Hold,65.11154,65.16923,65.08682,65.15274,670
2024-05-16 05:00:00,0,0.41496438016350845,0.5850356198364915,Hold,65.16099,65.19395,65.1033,65.1033,1027
2024-05-16 06:00:00,0,0.4301976303415345,0.5698023696584655,Hold,65.11978,65.18571,65.029144,65.1445,2254
2024-05-16 07:00:00,0,0.39350184809802297,0.606498151901977,Hold,65.13626,65.20219,64.95499,64.987946,3695
2024-05-16 08:00:00,0,0.36404681745186823,0.6359531825481317,Hold,64.987946,65.09506,64.75723,64.83139,4559
2024-05-16 09:00:00,0,0.35967995575569534,0.6403200442443047,Hold,64.82315,65.037384,64.52651,64.56771,4765
2024-05-16 10:00:00,0,0.40472222269771513,0.5952777773022848,Hold,64.56771,64.707794,64.435875,64.67483,3570
2024-05-16 11:00:00,0,0.420068960347357,0.5799310396526429,Hold,64.68307,64.90555,64.68307,64.87259,4040
2024-05-16 12:00:00,0,0.5204303115114416,0.4795696884885584,Sell,64.87259,65.39994,64.73251,65.19395,10753
2024-05-16 13:00:00,0,0.5114099261938638,0.48859007380613617,Sell,65.20219,65.795456,65.17747,65.49058,19950
2024-05-16 14:00:00,0,0.42532047170791093,0.5746795282920891,Hold,65.49058,65.63066,65.218666,65.251625,12511
2024-05-16 15:00:00,0,0.4352114240618383,0.5647885759381617,Hold,65.251625,65.49058,65.05386,65.41642,11907
2024-05-16 16:00:00,0,0.4193294320921515,0.5806705679078485,Hold,65.41642,65.44938,65.11154,65.1445,6507
2024-05-16 17:00:00,0,0.43686511454641724,0.5631348854535827,Hold,65.13626,65.41642,65.13626,65.30106,6802
2024-05-16 18:00:00,0,0.43772664270904543,0.5622733572909546,Hold,65.3093,65.41642,65.218666,65.3917,10963
2024-05-16 19:00:00,0,0.38418591989153444,0.6158140801084655,Hold,65.3917,65.40818,65.29282,65.33402,2185
2024-05-16 20:00:00,0,0.4057918586333103,0.5942081413666898,Hold,65.32578,65.40818,65.3093,65.3917,1978
2024-05-16 22:00:00,0,0.3804484991486035,0.6195515008513965,Hold,65.40818,65.42466,65.3505,65.39994,337
2024-05-16 23:00:00,0,0.372906851576881,0.627093148423119,Hold,65.40818,65.4329,65.36698,65.39994,139
2024-05-17 00:00:00,0,0.388311051469998,0.611688948530002,Hold,65.39994,65.49058,65.226906,65.276344,448
2024-05-17 01:00:00,0,0.40727716477139064,0.5927228352286094,Hold,65.259865,65.45762,65.21043,65.4329,688
2024-05-17 02:00:00,0,0.40247125403823764,0.5975287459617624,Hold,65.44114,65.48234,65.284584,65.31754,361
2024-05-17 03:00:00,0,0.43431532343379703,0.5656846765662029,Hold,65.31754,65.36698,65.30106,65.36698,170
2024-05-17 04:00:00,0,0.42899371389385904,0.5710062861061409,Hold,65.37522,65.40818,65.35874,65.3917,125
2024-05-17 05:00:00,0,0.4376824415680132,0.5623175584319868,Hold,65.3917,65.4329,65.35874,65.4329,289
2024-05-17 06:00:00,0,0.5147868931517771,0.48521310684822294,Sell,65.44114,65.63066,65.4329,65.614174,582
2024-05-17 07:00:00,0,0.3956626833294867,0.6043373166705133,Hold,65.605934,65.62242,65.4329,65.45762,593
2024-05-17 08:00:00,0,0.4235322687970531,0.5764677312029469,Hold,65.45762,65.49882,65.268105,65.31754,505
2024-05-17 09:00:00,0,0.4211194514862063,0.5788805485137938,Hold,65.31754,65.3505,65.09506,65.34226,1026
2024-05-17 10:00:00,0,0.47070554066047576,0.5292944593395242,Hold,65.33402,65.46586,65.251625,65.39994,796
2024-05-17 11:00:00,0,0.41879209505133536,0.5812079049486647,Hold,65.39994,65.40818,65.1033,65.259865,581
2024-05-17 12:00:00,0,0.5240916303382647,0.47590836966173533,Sell,65.259865,65.811935,65.243385,65.77074,2560
2024-05-17 13:00:00,0,0.4269325082440865,0.5730674917559135,Hold,65.75426,65.77898,65.17747,65.53178,2700
2024-05-17 14:00:00,0,0.4370749276827317,0.5629250723172683,Hold,65.53178,65.564735,65.18571,65.37522,2188
2024-05-17 15:00:00,0,0.44375607262827005,0.5562439273717299,Hold,65.3917,65.64714,65.38346,65.53178,1763
2024-05-17 16:00:00,0,0.5071767794843325,0.4928232205156675,Sell,65.540016,65.67186,65.4329,65.564735,1097
2024-05-17 17:00:00,0,0.5847203104973534,0.4152796895026466,Sell,65.548256,65.91081,65.4741,65.87785,1888
2024-05-17 18:00:00,0,0.550001523935813,0.44999847606418697,Sell,65.90257,66.02617,65.836655,65.99321,2731
2024-05-17 19:00:00,0,0.4760213875113408,0.5239786124886592,Hold,65.98497,66.03441,65.90257,65.91905,549
2024-05-17 20:00:00,0,0.47755193435899135,0.5224480656410087,Hold,65.91081,65.91905,65.86961,65.91905,262
2024-05-19 22:00:00,0,0.4702894640679633,0.5297105359320367,Hold,65.91905,66.03502,65.85278,65.87764,3418
2024-05-19 23:00:00,0,0.41597365185015167,0.5840263481498483,Hold,65.869354,65.90249,65.71197,65.73682,1114
2024-05-20 00:00:00,0,0.4596172988213144,0.5403827011786856,Hold,65.72854,65.90249,65.66227,65.90249,2071
2024-05-20 01:00:00,0,0.4697942218277292,0.5302057781722709,Hold,65.90249,66.11785,65.76167,66.01017,5049
2024-05-20 02:00:00,0,0.41934686334895777,0.5806531366510422,Hold,66.01017,66.12614,65.92734,65.9439,2242
2024-05-20 03:00:00,0,0.4564095668524215,0.5435904331475785,Hold,65.9439,66.01017,65.869354,65.99361,1676
2024-05-20 04:00:00,0,0.42721846055497914,0.5727815394450209,Hold,65.99361,66.02673,65.91905,65.92734,629
2024-05-20 05:00:00,1,0.5833190787111732,0.41668092128882683,Sell,65.93562,66.15927,65.92734,66.13442,1527
2024-05-20 06:00:00,1,0.5383024221422182,0.46169757785778176,Sell,66.13442,66.217255,66.08472,66.20069,3728
2024-05-20 07:00:00,1,0.5462768855939143,0.4537231144060857,Sell,66.192406,66.23382,66.03502,66.217255,6039
2024-05-20 08:00:00,0,0.4749095414291649,0.5250904585708351,Hold,66.217255,66.2421,65.83622,65.8942,6332
2024-05-20 09:00:00,0,0.4049357887643638,0.5950642112356361,Hold,65.8942,65.93562,65.66227,65.670555,4791
2024-05-20 10:00:00,0,0.40600028661836746,0.5939997133816326,Hold,65.67883,65.83622,65.62085,65.72854,3772
2024-05-20 11:00:00,0,0.3966440430868745,0.6033559569131255,Hold,65.73682,65.81137,65.62085,65.72025,4616
2024-05-20 12:00:00,0,0.3908557361697384,0.6091442638302615,Hold,65.72025,65.76995,65.35578,65.46347,13087
2024-05-20 13:00:00,0,0.44726416164204,0.5527358383579599,Hold,65.455185,65.93562,65.239815,65.91077,27368
2024-05-20 14:00:00,1,0.398423243068826,0.6015767569311741,Hold,65.90249,66.35807,65.7948,65.88592,30341
2024-05-20 15:00:00,1,0.40128925781535074,0.5987107421846493,Hold,65.87764,65.99361,65.596,65.695404,19154
2024-05-20 16:00:00,0,0.3859013825941384,0.6140986174058616,Hold,65.68712,65.72854,65.37235,65.47175,15133
2024-05-20 17:00:00,0,0.3000461911590833,0.6999538088409167,Hold,65.46347,65.5463,65.16527,65.37235,15383
2024-05-20 18:00:00,1,0.3981445955208866,0.6018554044791133,Hold,65.37235,65.72854,65.37235,65.67883,22605
2024-05-20 19:00:00,1,0.3878930016163238,0.6121069983836762,Hold,65.670555,65.68712,65.521454,65.63742,4364
2024-05-20 20:00:00,1,0.36627809696680397,0.633721903033196,Hold,65.6457,65.653984,65.56287,65.62085,1501
2024-05-20 22:00:00,1,0.3461463065641651,0.6538536934358349,Hold,65.629135,65.68712,65.57944,65.62085,668
2024-05-20 23:00:00,1,0.31276218490170965,0.6872378150982903,Hold,65.62085,65.670555,65.62085,65.66227,453
2024-05-21 00:00:00,1,0.3917263701254662,0.6082736298745338,Hold,65.670555,65.68712,65.53802,65.56287,1349
2024-05-21 01:00:00,1,0.40191316414503697,0.598086835854963,Hold,65.56287,65.67883,65.46347,65.496605,2430
2024-05-21 02:00:00,1,0.393312102504271,0.606687897495729,Hold,65.48832,65.496605,65.23154,65.239815,2979
2024-05-21 03:00:00,1,0.4715387865920253,0.5284612134079747,Hold,65.239815,65.35578,65.22325,65.33093,1129
2024-05-21 04:00:00,1,0.4692975828503408,0.5307024171496593,Hold,65.33093,65.33093,65.256386,65.26466,615
2024-05-21 05:00:00,1,0.45145167291874,0.54854832708126,Hold,65.256386,65.33093,65.1984,65.28952,1317
2024-05-21 06:00:00,0,0.4152655469512935,0.5847344530487065,Hold,65.28952,65.33922,65.15698,65.20668,2818
2024-05-21 07:00:00,0,0.4103825003524913,0.5896174996475088,Hold,65.20668,65.33922,64.999596,65.16527,9249
2024-05-21 08:00:00,0,0.486884573018629,0.513115426981371,Hold,65.16527,65.36407,64.999596,65.22325,7989
2024-05-21 09:00:00,0,0.40878777550967516,0.5912122244903248,Hold,65.22325,65.430336,65.041016,65.065865,7230
2024-05-21 10:00:00,0,0.38976121394311375,0.6102387860568863,Hold,65.065865,65.13213,64.68483,64.717964,11180
2024-05-21 11:00:00,0,0.39583464718310646,0.6041653528168935,Hold,64.717964,64.7511,64.41148,64.494316,13903
2024-05-21 12:00:00,0,0.41282467623716834,0.5871753237628317,Hold,64.494316,64.78423,64.320366,64.76766,17632
2024-05-21 13:00:00,0,0.43446772946149426,0.5655322705385057,Hold,64.759384,65.18183,64.585434,64.9499,33362
2024-05-21 14:00:00,1,0.43888599127348493,0.5611140087265151,Hold,64.94161,65.42205,64.8008,65.19012,24401
2024-05-21 15:00:00,0,0.36714698513690464,0.6328530148630953,Hold,65.19012,65.47175,64.62685,64.66827,24814
2024-05-21 16:00:00,0,0.3948966002572624,0.6051033997427375,Hold,64.66827,65.065865,64.61028,65.01617,15972
2024-05-21 17:00:00,1,0.348340454588537,0.651659545411463,Hold,65.01617,65.27295,64.99132,65.20668,12833
2024-05-21 18:00:00,1,0.3368650352329054,0.6631349647670945,Hold,65.1984,65.388916,65.02445,65.14042,33122
2024-05-21 19:00:00,1,0.34322977606071803,0.656770223939282,Hold,65.14042,65.18183,65.09071,65.1487,4157
2024-05-21 20:00:00,0,0.3820553898784837,0.6179446101215162,Hold,65.1487,65.16527,64.74281,64.79252,4108
2024-05-21 22:00:00,0,0.37531262104634944,0.6246873789536506,Hold,64.78423,64.825645,64.66827,64.81737,1291
2024-05-21 23:00:00,0,0.3698893292968175,0.6301106707031825,Hold,64.81737,64.91676,64.81737,64.84222,737
2024-05-22 00:00:00,0,0.3515398502649996,0.6484601497350004,Hold,64.8505,64.891914,64.64342,64.66827,1949
2024-05-22 01:00:00,0,0.35863972148624246,0.6413602785137575,Hold,64.66827,64.80908,64.52745,64.651695,3258
2024-05-22 02:00:00,0,0.35244784279628494,0.6475521572037151,Hold,64.65998,64.7511,64.56058,64.62685,1440
2024-05-22 03:00:00,0,0.38914858074125,0.61085141925875,Hold,64.62685,64.68483,64.59371,64.651695,1087
2024-05-22 04:00:00,0,0.4010595914501694,0.5989404085498307,Hold,64.651695,64.70968,64.59371,64.63513,1052
2024-05-22 05:00:00,0,0.409728718995745,0.590271281004255,Hold,64.63513,64.65998,64.56058,64.65998,1523
2024-05-22 06:00:00,0,0.3647290555582968,0.6352709444417032,Hold,64.65998,64.676544,64.46947,64.477745,2627
2024-05-22 07:00:00,0,0.3494892124590243,0.6505107875409757,Hold,64.477745,64.477745,64.07186,64.237526,10533
2024-05-22 08:00:00,0,0.3676238545762757,0.6323761454237242,Hold,64.24581,64.5523,64.15469,64.52745,7651
2024-05-22 09:00:00,0,0.37662128103936465,0.6233787189606353,Hold,64.52745,64.70968,64.18783,64.61856,9054
2024-05-22 10:00:00,0,0.3796099299579281,0.6203900700420719,Hold,64.62685,64.88363,64.53573,64.84222,6166
2024-05-22 11:00:00,0,0.3772954428897999,0.6227045571102001,Hold,64.83393,64.85878,64.4032,64.42805,7434
2024-05-22 12:00:00,0,0.3787619130538452,0.6212380869461548,Hold,64.42805,64.717964,64.35349,64.53573,13143
2024-05-22 13:00:00,0,0.35566895825128775,0.6443310417487123,Hold,64.52745,64.68483,64.16298,64.35349,26862
2024-05-22 14:00:00,0,0.35158744761854677,0.6484125523814532,Hold,64.35349,64.85878,64.171265,64.8008,29823
2024-05-22 15:00:00,0,0.3274074096564513,0.6725925903435487,Hold,64.8008,64.9499,64.41148,64.46947,24355
2024-05-22 16:00:00,0,0.34845717003000304,0.651542829969997,Hold,64.46947,64.88363,64.29551,64.68483,18121
2024-05-22 17:00:00,0,0.3470732209643461,0.6529267790356539,Hold,64.676544,64.78423,64.35349,64.37006,11024
2024-05-22 18:00:00,0,0.3373367964602842,0.6626632035397158,Hold,64.37835,64.39491,64.01388,64.07186,23755
2024-05-22 19:00:00,0,0.31931743794111495,0.680682562058885,Hold,64.07186,64.08843,63.99731,64.0553,5149
2024-05-22 20:00:00,0,0.32593717334092576,0.6740628266590742,Hold,64.063576,64.09671,63.98903,63.98903,2091
2024-05-22 22:00:00,0,0.33373653347951304,0.666263466520487,Hold,64.02216,64.03044,63.856495,63.939327,1700
2024-05-22 23:00:00,0,0.3370911728534395,0.6629088271465605,Hold,63.939327,63.955894,63.88963,63.906193,544
2024-05-23 00:00:00,0,0.3299619140529691,0.670038085947031,Hold,63.91448,64.01388,63.856495,63.864777,2033
2024-05-23 01:00:00,0,0.35778819748738416,0.6422118025126158,Hold,63.856495,63.864777,63.64113,63.72396,5214
2024-05-23 02:00:00,0,0.3882115713072325,0.6117884286927675,Hold,63.732243,63.831646,63.715675,63.81508,1867
2024-05-23 03:00:00,0,0.4016006397518817,0.5983993602481184,Hold,63.81508,63.931046,63.790226,63.89791,2008
2024-05-23 04:00:00,0,0.36795829530160257,0.6320417046983975,Hold,63.88963,63.88963,63.790226,63.84821,985
2024-05-23 05:00:00,0,0.355314273358988,0.644685726641012,Hold,63.84821,63.873062,63.707394,63.74881,1776
2024-05-23 06:00:00,0,0.36126380739858965,0.6387361926014103,Hold,63.757095,64.04701,63.715675,64.03044,3011
2024-05-23 07:00:00,0,0.3087338742923256,0.6912661257076744,Hold,64.02216,64.2044,63.939327,64.08015,5865
2024-05-23 08:00:00,0,0.322047105506899,0.677952894493101,Hold,64.08843,64.44461,64.08843,64.28723,9271
2024-05-23 09:00:00,0,0.42662952331291626,0.5733704766870837,Hold,64.28723,64.693115,64.26238,64.66827,8453
2024-05-23 10:00:00,0,0.4488905871884599,0.5511094128115401,Hold,64.66827,64.8505,64.64342,64.76766,11156
2024-05-23 11:00:00,0,0.4355483864807813,0.5644516135192187,Hold,64.759384,64.80908,64.61028,64.676544,6424
2024-05-23 12:00:00,1,0.516711475552838,0.48328852444716197,Sell,64.676544,65.01617,64.66827,64.96647,11414
2024-05-23 13:00:00,1,0.44270489603283786,0.5572951039671621,Hold,64.96647,65.15698,64.66827,64.825645,29494
2024-05-23 14:00:00,0,0.3960055654926347,0.6039944345073653,Hold,64.83393,64.88363,64.063576,64.11328,29705
2024-05-23 15:00:00,0,0.43206839725198226,0.5679316027480177,Hold,64.104996,64.303795,63.67426,63.715675,33636
2024-05-23 16:00:00,0,0.3702586022896843,0.6297413977103157,Hold,63.715675,64.08843,63.62456,63.657692,23044
2024-05-23 17:00:00,0,0.4053371585228015,0.5946628414771985,Hold,63.657692,63.682545,63.367775,63.458893,22471
2024-05-23 18:00:00,0,0.4265666979637257,0.5734333020362743,Hold,63.458893,63.781944,63.30979,63.707394,23701
2024-05-23 19:00:00,0,0.4157645840262192,0.5842354159737808,Hold,63.699112,63.74053,63.57486,63.682545,4364
2024-05-23 20:00:00,0,0.36255931642575157,0.6374406835742484,Hold,63.682545,63.856495,63.64941,63.765377,3025
2024-05-23 22:00:00,0,0.41352186554494647,0.5864781344550536,Hold,63.81508,63.831646,63.699112,63.72396,798
2024-05-23 23:00:00,0,0.39302226694155246,0.6069777330584476,Hold,63.72396,63.74881,63.64941,63.657692,581
2024-05-24 00:00:00,0,0.42625623400985735,0.5737437659901427,Hold,63.64941,63.690826,63.58314,63.62456,2003
2024-05-24 01:00:00,0,0.42807035670115173,0.5719296432988483,Hold,63.616276,63.79851,63.58314,63.74881,2333
2024-05-24 02:00:00,0,0.43348858339318136,0.5665114166068186,Hold,63.74881,63.765377,63.616276,63.74881,1400
2024-05-24 03:00:00,0,0.41114235965557244,0.5888576403444276,Hold,63.74053,63.74881,63.64113,63.682545,893
2024-05-24 04:00:00,0,0.40078425729502726,0.5992157427049727,Hold,63.682545,63.690826,63.62456,63.665977,604
2024-05-24 05:00:00,0,0.3975581623499785,0.6024418376500216,Hold,63.665977,63.682545,63.59971,63.67426,951
2024-05-24 06:00:00,0,0.37326984344077613,0.6267301565592238,Hold,63.665977,63.765377,63.533443,63.607994,3196
2024-05-24 07:00:00,0,0.41728317060089376,0.5827168293991063,Hold,63.607994,63.62456,63.384342,63.58314,4749
2024-05-24 08:00:00,0,0.44015681224698994,0.5598431877530101,Hold,63.58314,63.62456,63.351208,63.467175,7017
2024-05-24 09:00:00,0,0.4605907976793114,0.5394092023206887,Hold,63.458893,63.492027,63.094425,63.168976,10621
2024-05-24 10:00:00,0,0.4329014164694633,0.5670985835305367,Hold,63.168976,63.284943,63.077858,63.284943,5524
2024-05-24 11:00:00,0,0.3985337559785241,0.601466244021476,Hold,63.276657,63.591427,63.25181,63.492027,8416
2024-05-24 12:00:00,0,0.4370681823738268,0.5629318176261733,Hold,63.48374,63.707394,63.243526,63.62456,13885
2024-05-24 13:00:00,0,0.3752213967929119,0.6247786032070881,Hold,63.632843,64.237526,63.492027,64.063576,38876
2024-05-24 14:00:00,0,0.37021182050258195,0.629788179497418,Hold,64.07186,64.31208,64.03044,64.13813,21074
2024-05-24 15:00:00,0,0.4267702067097579,0.5732297932902422,Hold,64.129845,64.44461,63.89791,64.41148,22098
2024-05-24 16:00:00,0,0.3926618124121107,0.6073381875878894,Hold,64.4032,64.494316,64.22925,64.42805,11550
2024-05-24 17:00:00,0,0.4218397524062837,0.5781602475937163,Hold,64.42805,64.53573,64.36178,64.44461,8917
2024-05-24 18:00:00,0,0.41574310012333443,0.5842568998766655,Hold,64.43633,64.651695,64.32864,64.43633,19907
2024-05-24 19:00:00,0,0.4084400085388206,0.5915599914611793,Hold,64.43633,64.43633,64.35349,64.4032,3614
2024-05-24 20:00:00,0,0.42043623618886705,0.579563763811133,Hold,64.39491,64.46118,64.345215,64.44461,1883
2024-05-26 22:00:00,0,0.4302238619118632,0.5697761380881368,Hold,64.452896,64.48603,64.35349,64.46947,1034
2024-05-26 23:00:00,0,0.4226439197164938,0.5773560802835063,Hold,64.46947,64.48603,64.4032,64.46947,777
2024-05-27 00:00:00,0,0.3769609285030034,0.6230390714969967,Hold,64.477745,64.53573,64.46118,64.48603,1258
2024-05-27 01:00:00,0,0.4281604432110447,0.5718395567889554,Hold,64.494316,64.52745,64.4032,64.519165,2266
2024-05-27 02:00:00,0,0.43343442933387616,0.5665655706661239,Hold,64.519165,64.61856,64.477745,64.544014,1407
2024-05-27 03:00:00,0,0.46235922949031727,0.5376407705096827,Hold,64.544014,64.63513,64.53573,64.585434,983
2024-05-27 04:00:00,0,0.43329293343063263,0.5667070665693674,Hold,64.585434,64.62685,64.57715,64.61028,440
2024-05-27 05:00:00,0,0.467326389273552,0.532673610726448,Hold,64.61028,64.64342,64.56886,64.63513,1149
2024-05-27 06:00:00,0,0.4419134238190767,0.5580865761809233,Hold,64.61856,64.65998,64.56886,64.59371,1707
2024-05-27 07:00:00,0,0.4415845886216257,0.5584154113783744,Hold,64.59371,64.602,64.477745,64.48603,2322
2024-05-27 08:00:00,0,0.4696554816941627,0.5303445183058373,Hold,64.48603,64.66827,64.38663,64.544014,4543
2024-05-27 09:00:00,0,0.5055979225952898,0.4944020774047102,Sell,64.544014,64.74281,64.51088,64.734535,3046
2024-05-27 10:00:00,0,0.5057705575685815,0.49422944243141853,Sell,64.734535,64.83393,64.7014,64.825645,2612
2024-05-27 11:00:00,0,0.46939814057809465,0.5306018594219053,Hold,64.825645,64.8505,64.74281,64.84222,2150
2024-05-27 12:00:00,0,0.43911935123627815,0.5608806487637219,Hold,64.83393,64.92505,64.78423,64.88363,3570
2024-05-27 13:00:00,0,0.3947839358774298,0.6052160641225701,Hold,64.88363,65.07415,64.825645,64.98303,7103
2024-05-27 14:00:00,0,0.4213236401707813,0.5786763598292187,Hold,64.98303,65.082436,64.91676,64.98303,4493
2024-05-27 15:00:00,0,0.41753939056731876,0.5824606094326812,Hold,64.98303,65.27295,64.97475,65.1984,5388
2024-05-27 16:00:00,0,0.41832964910441806,0.581670350895582,Hold,65.1984,65.26466,65.14042,65.19012,3204
2024-05-27 17:00:00,0,0.3828118768233778,0.6171881231766222,Hold,65.18183,65.214966,65.11557,65.17355,1183
2024-05-27 18:00:00,0,0.3617850587656152,0.6382149412343848,Hold,65.16527,65.17355,65.05758,65.065865,517
2024-05-27 22:00:00,0,0.3912278967583022,0.6087721032416977,Hold,65.13213,65.16527,65.041016,65.041016,1209
2024-05-27 23:00:00,0,0.45454239482743203,0.5454576051725679,Hold,65.041016,65.1984,65.02445,65.14042,1318
2024-05-28 00:00:00,0,0.4883612696140587,0.5116387303859413,Hold,65.13213,65.2481,65.11557,65.19012,2023
2024-05-28 01:00:00,0,0.5112765002140813,0.48872349978591867,Sell,65.19012,65.2978,65.16527,65.23154,2284
2024-05-28 02:00:00,0,0.5394038505360312,0.46059614946396876,Sell,65.239815,65.37235,65.22325,65.33093,1505
2024-05-28 03:00:00,0,0.5163419907825961,0.4836580092174039,Sell,65.33093,65.3972,65.32265,65.36407,1521
2024-05-28 04:00:00,0,0.5292339569472913,0.47076604305270875,Sell,65.36407,65.38063,65.32265,65.33922,877
2024-05-28 05:00:00,0,0.49476192589327833,0.5052380741067217,Hold,65.33922,65.37235,65.26466,65.26466,1466
2024-05-28 06:00:00,0,0.5026032027776131,0.49739679722238694,Sell,65.26466,65.31437,65.16527,65.17355,3572
2024-05-28 07:00:00,0,0.5650661499390897,0.43493385006091034,Sell,65.16527,65.33922,65.12385,65.26466,6570
2024-05-28 08:00:00,0,0.5570662383146349,0.44293376168536513,Sell,65.26466,65.46347,65.2481,65.30608,8836
2024-05-28 09:00:00,0,0.532956986246099,0.467043013753901,Sell,65.2978,65.480034,65.23154,65.31437,4729
2024-05-28 10:00:00,0,0.5421789586451767,0.45782104135482327,Sell,65.31437,65.480034,65.27295,65.37235,4506
2024-05-28 11:00:00,0,0.5057182451188753,0.4942817548811247,Sell,65.37235,65.47175,65.22325,65.2978,5543
2024-05-28 12:00:00,0,0.577051377414144,0.42294862258585597,Sell,65.28952,65.67883,65.23154,65.40549,16506
2024-05-28 13:00:00,0,0.5967566270858164,0.40324337291418355,Sell,65.40549,65.81966,65.256386,65.61257,30165
2024-05-28 14:00:00,0,0.5434727713203399,0.4565272286796601,Sell,65.61257,65.88592,65.4469,65.76995,19213
2024-05-28 15:00:00,0,0.5106769850133204,0.4893230149866796,Sell,65.76167,66.07644,65.75339,66.07644,17779
2024-05-28 16:00:00,0,0.48150905463402416,0.5184909453659758,Hold,66.06815,66.18412,65.95219,66.12614,12552
2024-05-28 17:00:00,0,0.4719591879717642,0.5280408120282358,Hold,66.12614,66.15927,65.98532,66.01017,11367
2024-05-28 18:00:00,0,0.47714930551350976,0.5228506944864902,Hold,66.01017,66.42434,65.9439,66.38292,28606
2024-05-28 19:00:00,0,0.4270097367606444,0.5729902632393555,Hold,66.38292,66.48232,66.35807,66.39949,8539
2024-05-28 20:00:00,0,0.402685942064113,0.597314057935887,Hold,66.39949,66.50717,66.37464,66.498886,2423
2024-05-28 22:00:00,0,0.3905791676049698,0.6094208323950302,Hold,66.48232,66.53202,66.40777,66.46576,1073
2024-05-28 23:00:00,0,0.37197949574419054,0.6280205042558095,Hold,66.45747,66.52374,66.44919,66.45747,670
2024-05-29 00:00:00,0,0.38714673435661073,0.6128532656433893,Hold,66.46576,66.51546,66.391205,66.40777,1570
2024-05-29 01:00:00,0,0.4179412767338194,0.5820587232661806,Hold,66.40777,66.4409,66.31666,66.34151,2495
2024-05-29 02:00:00,0,0.4203103177725301,0.57968968222747,Hold,66.34151,66.40777,66.324936,66.34151,1007
2024-05-29 03:00:00,0,0.4615841577726459,0.5384158422273542,Hold,66.34151,66.37464,66.30837,66.35807,1087
2024-05-29 04:00:00,0,0.47921978006153576,0.5207802199384642,Hold,66.366356,66.39949,66.33322,66.38292,641
2024-05-29 05:00:00,0,0.47676014251715654,0.5232398574828434,Hold,66.37464,66.391205,66.30837,66.349785,1259
2024-05-29 06:00:00,0,0.5229872443235066,0.47701275567649337,Sell,66.349785,66.50717,66.30009,66.42434,2745
2024-05-29 07:00:00,0,0.5399244594486385,0.46007554055136146,Sell,66.432625,66.57344,66.35807,66.45747,4724
2024-05-29 08:00:00,1,0.5607672691920292,0.43923273080797076,Sell,66.46576,66.75568,66.46576,66.65627,9546
2024-05-29 09:00:00,1,0.5528675260762536,0.44713247392374644,Sell,66.65627,66.77224,66.590004,66.72254,5423
2024-05-29 10:00:00,1,0.5320635610594585,0.4679364389405415,Sell,66.73082,66.780525,66.606575,66.64799,4354
2024-05-29 11:00:00,1,0.5762611007144376,0.4237388992855624,Sell,66.64799,66.69769,66.590004,66.606575,6090
2024-05-29 12:00:00,1,0.49235988970214556,0.5076401102978545,Hold,66.606575,66.63971,66.30837,66.31666,11699
2024-05-29 13:00:00,0,0.48816882878428824,0.5118311712157118,Hold,66.324936,66.46576,65.93562,66.05987,27997
2024-05-29 14:00:00,1,0.5251732573377699,0.47482674266223013,Sell,66.05987,66.28352,65.68712,65.86107,28951
2024-05-29 15:00:00,1,0.5057960305461359,0.49420396945386413,Sell,65.86107,66.03502,65.57115,65.653984,19300
2024-05-29 16:00:00,1,0.49517650401849445,0.5048234959815056,Hold,65.6457,65.76167,65.55459,65.629135,9377
2024-05-29 17:00:00,1,0.4876506876023494,0.5123493123976506,Hold,65.629135,65.7948,65.61257,65.72854,8156
2024-05-29 18:00:00,0,0.4903686558958304,0.5096313441041695,Hold,65.73682,65.803085,65.480034,65.521454,18315
2024-05-29 19:00:00,0,0.4149611464867751,0.5850388535132249,Hold,65.52973,65.55459,65.43862,65.455185,4788
2024-05-29 20:00:00,1,0.44635274303057043,0.5536472569694295,Hold,65.455185,65.81966,65.430336,65.670555,4428
2024-05-29 22:00:00,1,0.44156463583284156,0.5584353641671584,Hold,65.670555,65.72854,65.6457,65.670555,699
2024-05-29 23:00:00,1,0.46253644166396524,0.5374635583360348,Hold,65.670555,65.67883,65.62085,65.63742,318
2024-05-30 00:00:00,1,0.47558342421196487,0.5244165757880351,Hold,65.63742,65.63742,65.51317,65.596,1389
2024-05-30 01:00:00,1,0.4947836592845271,0.5052163407154728,Hold,65.60429,65.78652,65.57115,65.72854,3325
2024-05-30 02:00:00,1,0.4847530169400964,0.5152469830599036,Hold,65.72025,65.76167,65.55459,65.61257,1317
2024-05-30 03:00:00,1,0.5151642296398278,0.4848357703601722,Sell,65.61257,65.63742,65.52973,65.629135,1282
2024-05-30 04:00:00,1,0.5048766661758585,0.49512333382414153,Sell,65.629135,65.67883,65.521454,65.56287,1018
2024-05-30 05:00:00,0,0.4860873204867657,0.5139126795132343,Hold,65.56287,65.56287,65.43862,65.4469,1672
2024-05-30 06:00:00,0,0.4733065836685345,0.5266934163314655,Hold,65.4469,65.53802,65.37235,65.413765,3108
2024-05-30 07:00:00,0,0.4644352419519473,0.5355647580480527,Hold,65.413765,65.57944,65.26466,65.30608,6481
2024-05-30 08:00:00,1,0.47734186758839775,0.5226581324116022,Hold,65.31437,65.73682,65.239815,65.62085,8851
2024-05-30 09:00:00,0,0.4764290643328288,0.5235709356671712,Hold,65.61257,65.629135,65.33922,65.37235,4592
2024-05-30 10:00:00,0,0.4646307157328782,0.5353692842671218,Hold,65.36407,65.46347,65.26466,65.455185,4290
2024-05-30 11:00:00,1,0.5255141565027316,0.4744858434972684,Sell,65.455185,65.72854,65.33922,65.496605,6262
2024-05-30 12:00:00,0,0.4314089854358864,0.5685910145641135,Hold,65.48832,65.521454,65.099,65.2978,15855
2024-05-30 13:00:00,1,0.4006741257033747,0.5993258742966253,Hold,65.30608,65.455185,64.78423,65.455185,35006
2024-05-30 14:00:00,1,0.3904617355507726,0.6095382644492273,Hold,65.4469,65.57115,65.082436,65.281235,20270
2024-05-30 15:00:00,1,0.370392787838299,0.629607212161701,Hold,65.27295,65.52973,64.676544,64.87535,43170
2024-05-30 16:00:00,0,0.40184756878075156,0.5981524312192484,Hold,64.87535,64.908485,64.477745,64.5523,20322
2024-05-30 17:00:00,0,0.40045092938700516,0.5995490706129949,Hold,64.56058,64.602,64.303795,64.37006,19772
2024-05-30 18:00:00,0,0.35717667020427923,0.6428233297957208,Hold,64.37835,64.7014,64.37006,64.64342,36356
2024-05-30 19:00:00,0,0.3925182954576247,0.6074817045423753,Hold,64.63513,64.651695,64.477745,64.544014,5298
2024-05-30 20:00:00,0,0.4203731354013653,0.5796268645986347,Hold,64.544014,64.57715,64.48603,64.502594,1915
2024-05-30 22:00:00,0,0.46602332899470517,0.5339766710052949,Hold,64.53573,64.53573,64.41976,64.42805,705
2024-05-30 23:00:00,0,0.495872702348941,0.504127297651059,Hold,64.42805,64.452896,64.41148,64.41976,392
2024-05-31 00:00:00,0,0.4143838156621126,0.5856161843378874,Hold,64.41976,64.43633,64.31208,64.37006,2163
2024-05-31 01:00:00,0,0.3993245913779788,0.6006754086220212,Hold,64.37006,64.41976,64.24581,64.303795,2780
2024-05-31 02:00:00,0,0.42152192594291354,0.5784780740570865,Hold,64.29551,64.320366,64.2044,64.2044,1410
2024-05-31 03:00:00,0,0.4544822276286523,0.5455177723713477,Hold,64.2044,64.303795,64.171265,64.29551,1333
2024-05-31 04:00:00,0,0.4158720910337733,0.5841279089662267,Hold,64.29551,64.36178,64.278946,64.33693,973
2024-05-31 05:00:00,0,0.4171229115220468,0.5828770884779533,Hold,64.345215,64.46118,64.29551,64.41976,1652
2024-05-31 06:00:00,0,0.39117306801830193,0.6088269319816981,Hold,64.42805,64.5523,64.37835,64.41976,3015
2024-05-31 07:00:00,0,0.39751200387270597,0.602487996127294,Hold,64.41976,64.48603,64.31208,64.38663,4382
2024-05-31 08:00:00,0,0.39295757072719006,0.6070424292728099,Hold,64.38663,64.65998,64.29551,64.61856,7596
2024-05-31 09:00:00,0,0.3569868452500119,0.6430131547499881,Hold,64.61856,64.70968,64.22925,64.602,12570
2024-05-31 10:00:00,0,0.3613400397328896,0.6386599602671104,Hold,64.59371,64.676544,64.41976,64.53573,6178
2024-05-31 11:00:00,0,0.38513869459931893,0.6148613054006811,Hold,64.53573,64.64342,64.43633,64.53573,5796
2024-05-31 12:00:00,1,0.36150964121312484,0.6384903587868751,Hold,64.52745,65.12385,64.41976,65.01617,18962
2024-05-31 13:00:00,1,0.46393512035073753,0.5360648796492624,Hold,65.02445,65.05758,64.452896,64.48603,24520
2024-05-31 14:00:00,1,0.44112517419247965,0.5588748258075203,Hold,64.48603,64.56058,63.980743,63.98903,26238
2024-05-31 15:00:00,0,0.42837068658592614,0.5716293134140739,Hold,63.98903,64.22096,63.508595,63.72396,26567
2024-05-31 16:00:00,1,0.3686893228026864,0.6313106771973136,Hold,63.715675,64.26238,63.616276,64.104996,21472
2024-05-31 17:00:00,1,0.38085593517799,0.61914406482201,Hold,64.09671,64.11328,63.831646,63.856495,16443
2024-05-31 18:00:00,1,0.346732393354293,0.653267606645707,Hold,63.864777,64.08015,63.690826,63.856495,32460
2024-05-31 19:00:00,1,0.384181260785442,0.615818739214558,Hold,63.84821,63.92276,63.806793,63.92276,5169
2024-05-31 20:00:00,1,0.3657534900294408,0.6342465099705592,Hold,63.931046,64.03044,63.881344,63.931046,2688
2024-06-02 22:00:00,0,0.3772043080559071,0.6227956919440929,Hold,63.757095,63.881344,63.276657,63.533443,6432
2024-06-02 23:00:00,0,0.3945494311306444,0.6054505688693557,Hold,63.533443,63.607994,63.442326,63.591427,1362
2024-06-03 00:00:00,0,0.3949371115768874,0.6050628884231126,Hold,63.59971,63.806793,63.525158,63.79851,2204
2024-06-03 01:00:00,1,0.3084964356534455,0.6915035643465546,Hold,63.806793,64.2044,63.790226,64.07186,5376
2024-06-03 02:00:00,1,0.3315097416351088,0.6684902583648912,Hold,64.08015,64.21268,64.063576,64.07186,1682
2024-06-03 03:00:00,1,0.42163007029119076,0.5783699297088092,Hold,64.07186,64.07186,63.72396,63.74053,2205
2024-06-03 04:00:00,0,0.38068535612971977,0.6193146438702802,Hold,63.74881,63.77366,63.715675,63.732243,733
2024-06-03 05:00:00,0,0.39109524865812306,0.6089047513418769,Hold,63.732243,63.77366,63.558292,63.607994,2153
2024-06-03 06:00:00,0,0.4138198051695184,0.5861801948304817,Hold,63.59971,63.707394,63.467175,63.657692,3027
2024-06-03 07:00:00,1,0.36772392111882385,0.6322760788811761,Hold,63.657692,64.063576,63.657692,63.980743,8893
2024-06-03 08:00:00,1,0.3617271968536661,0.6382728031463338,Hold,63.980743,64.02216,63.77366,63.955894,6869
2024-06-03 09:00:00,1,0.420616025666075,0.5793839743339251,Hold,63.955894,64.03044,63.632843,63.632843,4972
2024-06-03 10:00:00,1,0.3897106704681758,0.6102893295318241,Hold,63.632843,63.79851,63.525158,63.77366,6693
2024-06-03 11:00:00,1,0.4015282751550507,0.5984717248449494,Hold,63.77366,63.906193,63.699112,63.72396,6582
2024-06-03 12:00:00,1,0.43923282908548517,0.5607671709145148,Hold,63.732243,63.931046,63.50031,63.541725,11671
2024-06-03 13:00:00,1,0.42797260599806364,0.5720273940019364,Hold,63.541725,63.616276,61.98445,62.092136,58668
2024-06-03 14:00:00,0,0.38289312664872244,0.6171068733512776,Hold,62.083855,62.39862,61.570286,61.70282,60820
2024-06-03 15:00:00,0,0.3576541053833419,0.642345894616658,Hold,61.70282,61.752518,61.33835,61.55372,34402
2024-06-03 16:00:00,0,0.2927089929810827,0.7072910070189173,Hold,61.562,61.835354,61.404617,61.470882,19385
2024-06-03 17:00:00,0,0.29720143413566275,0.7027985658643372,Hold,61.470882,61.545433,61.33835,61.38805,12717
2024-06-03 18:00:00,0,0.30601215575072516,0.6939878442492748,Hold,61.38805,61.55372,61.280365,61.38805,26949
2024-06-03 19:00:00,0,0.31111462696542597,0.6888853730345741,Hold,61.37977,61.45432,61.28865,61.33835,5986
2024-06-03 20:00:00,0,0.3158264721719732,0.6841735278280268,Hold,61.330067,61.43775,61.280365,61.296932,3150
2024-06-03 22:00:00,0,0.3525657934553582,0.6474342065446418,Hold,61.3135,61.404617,61.1147,61.330067,1737
2024-06-03 23:00:00,0,0.3573388603665377,0.6426611396334623,Hold,61.33835,61.39633,61.321785,61.346634,536
2024-06-04 00:00:00,0,0.3440144026720247,0.6559855973279753,Hold,61.354916,61.38805,61.205814,61.255516,3681
2024-06-04 01:00:00,0,0.3519745694704016,0.6480254305295984,Hold,61.247234,61.330067,60.94903,61.098133,7022
2024-06-04 02:00:00,0,0.3678054693265248,0.6321945306734752,Hold,61.106415,61.1147,60.998734,61.04843,2172
2024-06-04 03:00:00,0,0.3353334066163412,0.6646665933836589,Hold,61.04843,61.089848,60.94075,60.957314,2000
2024-06-04 04:00:00,0,0.35298835583185495,0.647011644168145,Hold,60.957314,61.007015,60.89105,60.957314,2407
2024-06-04 05:00:00,0,0.3331074854514387,0.6668925145485614,Hold,60.957314,60.957314,60.683964,60.808216,5540
2024-06-04 06:00:00,0,0.34249840639120194,0.657501593608798,Hold,60.816498,60.924183,60.692245,60.72538,6028
2024-06-04 07:00:00,0,0.3282642031066432,0.6717357968933568,Hold,60.72538,60.733665,60.360912,60.410614,13722
2024-06-04 08:00:00,0,0.30345503135974916,0.6965449686402508,Hold,60.410614,60.667397,60.253227,60.269794,16196
2024-06-04 09:00:00,0,0.30935381120324223,0.6906461887967578,Hold,60.269794,60.47688,60.087563,60.261513,12029
2024-06-04 10:00:00,0,0.37258795091523583,0.6274120490847641,Hold,60.261513,60.38576,60.03786,60.369194,8685
2024-06-04 11:00:00,0,0.32324438339590683,0.6767556166040931,Hold,60.369194,60.46031,60.269794,60.327778,7420
2024-06-04 12:00:00,0,0.33971736154118753,0.6602826384588125,Hold,60.336063,60.642548,60.23666,60.35263,20753
2024-06-04 13:00:00,0,0.30270470268113,0.69729529731887,Hold,60.344345,60.634262,60.145546,60.145546,36059
2024-06-04 14:00:00,0,0.2989522004965627,0.7010477995034373,Hold,60.162113,60.8662,60.153828,60.40233,35028
2024-06-04 15:00:00,0,0.3321905843554543,0.6678094156445458,Hold,60.40233,60.998734,60.30293,60.485165,23962
2024-06-04 16:00:00,0,0.3467148554063865,0.6532851445936134,Hold,60.47688,60.9656,60.47688,60.642548,16146
2024-06-04 17:00:00,0,0.3711668949312578,0.6288331050687421,Hold,60.634262,61.04015,60.634262,60.998734,11865
2024-06-04 18:00:00,0,0.36938612036656776,0.6306138796334322,Hold,61.007015,61.031864,60.6177,60.79165,18915
2024-06-04 19:00:00,0,0.35393150806000917,0.6460684919399908,Hold,60.79993,60.808216,60.675682,60.7171,3722
2024-06-04 20:00:00,0,0.3692198608672241,0.6307801391327759,Hold,60.72538,60.808216,60.369194,60.40233,5603
2024-06-04 22:00:00,0,0.3872308577436411,0.6127691422563589,Hold,60.38576,60.410614,60.319496,60.410614,1463
2024-06-04 23:00:00,0,0.3834324437478046,0.6165675562521954,Hold,60.410614,60.46031,60.37748,60.443745,713
2024-06-05 00:00:00,0,0.4268522666267292,0.5731477333732709,Hold,60.435463,60.60113,60.435463,60.55143,1847
2024-06-05 01:00:00,0,0.45176541222055266,0.5482345877794473,Hold,60.55971,60.708813,60.47688,60.667397,2381
2024-06-05 02:00:00,0,0.4676372996493399,0.5323627003506601,Hold,60.675682,60.75023,60.609413,60.741947,1497
2024-06-05 03:00:00,0,0.4775250199682985,0.5224749800317015,Hold,60.741947,60.741947,60.609413,60.62598,1151
2024-06-05 04:00:00,0,0.4609132283152138,0.5390867716847862,Hold,60.634262,60.675682,60.6177,60.62598,682
2024-06-05 05:00:00,0,0.4548908812364881,0.545109118763512,Hold,60.6177,60.65083,60.567997,60.62598,864
2024-06-05 06:00:00,0,0.45739966295498763,0.5426003370450123,Hold,60.6177,60.683964,60.543148,60.609413,2241
2024-06-05 07:00:00,0,0.4354548448633898,0.5645451551366102,Hold,60.609413,60.8662,60.55971,60.833065,6408
2024-06-05 08:00:00,0,0.4435393856751541,0.5564606143248458,Hold,60.833065,60.915897,60.493446,60.534863,9542
2024-06-05 09:00:00,0,0.4110705402887828,0.5889294597112171,Hold,60.543148,60.816498,60.336063,60.65083,7903
2024-06-05 10:00:00,0,0.43191993280427277,0.5680800671957272,Hold,60.642548,60.857914,60.501728,60.849632,4252
2024-06-05 11:00:00,0,0.4132891242094871,0.5867108757905128,Hold,60.841347,61.04015,60.766796,60.924183,7479
2024-06-05 12:00:00,0,0.42658023505992676,0.5734197649400732,Hold,60.915897,61.205814,60.857914,60.998734,12406
2024-06-05 13:00:00,0,0.3948779422122954,0.6051220577877046,Hold,60.990448,61.106415,60.70053,61.007015,27263
2024-06-05 14:00:00,0,0.36869398460902286,0.6313060153909771,Hold,61.007015,61.18925,60.692245,60.89933,25198
2024-06-05 15:00:00,0,0.319865956142216,0.680134043857784,Hold,60.89933,61.04843,60.40233,60.990448,23376
2024-06-05 16:00:00,0,0.3992069167256013,0.6007930832743986,Hold,60.998734,61.37977,60.89933,61.330067,16022
2024-06-05 17:00:00,0,0.3882879761493982,0.6117120238506017,Hold,61.330067,61.470882,61.230667,61.446033,12078
2024-06-05 18:00:00,0,0.34350884109485824,0.6564911589051418,Hold,61.446033,61.479168,61.230667,61.45432,22197
2024-06-05 19:00:00,0,0.34736036813128907,0.6526396318687109,Hold,61.45432,61.495735,61.354916,61.4129,4831
2024-06-05 20:00:00,0,0.36245612386953135,0.6375438761304686,Hold,61.4129,61.570286,61.39633,61.53715,2322
2024-06-05 22:00:00,0,0.3671262878515242,0.6328737121484758,Hold,61.545433,61.65312,61.53715,61.644836,1657
2024-06-05 23:00:00,0,0.3660944197454234,0.6339055802545766,Hold,61.63655,61.669685,61.63655,61.6614,566
2024-06-06 00:00:00,0,0.3685640766920065,0.6314359233079935,Hold,61.65312,61.785652,61.65312,61.73595,2909
2024-06-06 01:00:00,0,0.3816194246414673,0.6183805753585327,Hold,61.73595,61.785652,61.62827,61.719383,3069
2024-06-06 02:00:00,0,0.4191794625026618,0.5808205374973382,Hold,61.7111,61.752518,61.63655,61.72767,1494
2024-06-06 03:00:00,0,0.36624905197228447,0.6337509480277155,Hold,61.73595,61.752518,61.65312,61.6614,956
2024-06-06 04:00:00,0,0.38733052918878774,0.6126694708112123,Hold,61.669685,61.769085,61.669685,61.744236,695
2024-06-06 05:00:00,0,0.33786307307126046,0.6621369269287396,Hold,61.752518,61.760803,61.677967,61.686253,882
2024-06-06 06:00:00,0,0.40419819848607996,0.59580180151392,Hold,61.686253,61.769085,61.603416,61.760803,2632
2024-06-06 07:00:00,0,0.43475890252012733,0.5652410974798727,Hold,61.760803,61.97617,61.760803,61.934753,8158
2024-06-06 08:00:00,0,0.3965748633647396,0.6034251366352603,Hold,61.934753,62.009304,61.669685,61.70282,7095
2024-06-06 09:00:00,0,0.37780414203462825,0.6221958579653717,Hold,61.7111,61.760803,61.4129,61.62827,8925
2024-06-06 10:00:00,0,0.39337278117141755,0.6066272188285824,Hold,61.62827,61.694534,61.545433,61.62827,3758
2024-06-06 11:00:00,0,0.4556104433278922,0.5443895566721078,Hold,61.62827,61.959602,61.619984,61.88505,6580
2024-06-06 12:00:00,0,0.37234326603325385,0.6276567339667461,Hold,61.87677,62.108704,61.3632,61.48745,18653
2024-06-06 13:00:00,0,0.35432490238403186,0.6456750976159682,Hold,61.48745,61.88505,61.346634,61.58685,24556
2024-06-06 14:00:00,0,0.3943629846368659,0.6056370153631341,Hold,61.58685,62.05072,61.528866,61.843636,19592
2024-06-06 15:00:00,0,0.4225974384188374,0.5774025615811627,Hold,61.843636,62.71339,61.80222,62.680256,29450
2024-06-06 16:00:00,0,0.4298162383768126,0.5701837616231874,Hold,62.680256,62.779655,62.49802,62.53944,19695
2024-06-06 17:00:00,0,0.41756904242985593,0.5824309575701441,Hold,62.53944,62.771374,62.49802,62.74652,10224
2024-06-06 18:00:00,0,0.41962214406001347,0.5803778559399866,Hold,62.754807,62.754807,62.514587,62.630554,18951
2024-06-06 19:00:00,0,0.38579538836846516,0.6142046116315348,Hold,62.63884,62.655407,62.57257,62.605705,4824
2024-06-06 20:00:00,0,0.3861756937689587,0.6138243062310413,Hold,62.613987,62.680256,62.556004,62.680256,2236
2024-06-06 22:00:00,0,0.4008692890213054,0.5991307109786945,Hold,62.680256,62.696823,62.622272,62.671974,779
2024-06-06 23:00:00,0,0.388265772041516,0.611734227958484,Hold,62.66369,62.71339,62.66369,62.705105,357
2024-06-07 00:00:00,0,0.4141733388303767,0.5858266611696232,Hold,62.705105,62.771374,62.680256,62.729958,1622
2024-06-07 01:00:00,0,0.36774352835297297,0.632256471647027,Hold,62.73824,62.86249,62.522873,62.522873,3437
2024-06-07 02:00:00,0,0.3984785650399512,0.6015214349600488,Hold,62.531155,62.655407,62.46489,62.622272,1894
2024-06-07 03:00:00,0,0.4559368192952921,0.5440631807047078,Hold,62.622272,62.771374,62.556004,62.76309,2273
2024-06-07 04:00:00,0,0.43391819318014435,0.5660818068198556,Hold,62.771374,62.78794,62.729958,62.779655,823
2024-06-07 05:00:00,0,0.4151707509253679,0.5848292490746321,Hold,62.779655,62.78794,62.680256,62.688538,1625
2024-06-07 06:00:00,0,0.4678913815889976,0.5321086184110024,Hold,62.696823,62.729958,62.589138,62.696823,2634
2024-06-07 07:00:00,0,0.4361155105619599,0.5638844894380401,Hold,62.696823,62.721672,62.514587,62.630554,4093
2024-06-07 08:00:00,0,0.40899357841800643,0.5910064215819936,Hold,62.630554,62.705105,62.332355,62.37377,9431
2024-06-07 09:00:00,0,0.43958848982516585,0.5604115101748341,Hold,62.382053,62.655407,62.32407,62.613987,6518
2024-06-07 10:00:00,0,0.5150296529369305,0.4849703470630695,Sell,62.622272,62.928757,62.580856,62.895622,6335
2024-06-07 11:00:00,0,0.5273710363436703,0.47262896365632967,Sell,62.895622,63.06129,62.879055,63.01159,7190
2024-06-07 12:00:00,0,0.4352235646280343,0.5647764353719658,Hold,63.019875,63.06129,62.605705,62.622272,14799
2024-06-07 13:00:00,0,0.4939088997927119,0.5060911002072881,Hold,62.630554,63.028156,62.49802,62.953606,21669
2024-06-07 14:00:00,0,0.44459194129822605,0.555408058701774,Hold,62.953606,63.16069,62.630554,62.845924,21902
2024-06-07 15:00:00,0,0.4316948264493211,0.5683051735506789,Hold,62.83764,62.86249,62.456604,62.456604,16380
2024-06-07 16:00:00,0,0.43270990277206456,0.5672900972279354,Hold,62.46489,62.83764,62.365486,62.73824,16369
2024-06-07 17:00:00,0,0.3988378093582062,0.6011621906417939,Hold,62.73824,62.78794,62.54772,62.64712,8726
2024-06-07 18:00:00,0,0.4026825192988196,0.5973174807011804,Hold,62.655407,62.688538,62.406906,62.431755,15384
2024-06-07 19:00:00,0,0.4108275286399049,0.5891724713600951,Hold,62.431755,62.46489,62.29922,62.37377,4187
2024-06-07 20:00:00,0,0.38529687942954854,0.6147031205704514,Hold,62.365486,62.47317,62.307503,62.440037,1928
2024-06-09 22:00:00,0,0.38556153550699185,0.6144384644930081,Hold,62.415188,62.54772,62.31579,62.406906,1303
2024-06-09 23:00:00,0,0.38626044626732425,0.6137395537326757,Hold,62.406906,62.431755,62.37377,62.42347,568
2024-06-10 00:00:00,0,0.3960054252561392,0.6039945747438609,Hold,62.42347,62.622272,62.382053,62.613987,1678
2024-06-10 01:00:00,0,0.40275476869226934,0.5972452313077307,Hold,62.613987,62.705105,62.56429,62.688538,1139
2024-06-10 02:00:00,0,0.4284642371313151,0.5715357628686849,Hold,62.688538,62.73824,62.66369,62.729958,679
2024-06-10 03:00:00,0,0.3990783443968526,0.6009216556031474,Hold,62.729958,62.870773,62.729958,62.754807,1816
2024-06-10 04:00:00,0,0.4204626738369192,0.5795373261630807,Hold,62.754807,62.78794,62.66369,62.729958,931
2024-06-10 05:00:00,0,0.4401558497014775,0.5598441502985225,Hold,62.729958,62.73824,62.63884,62.696823,951
2024-06-10 06:00:00,0,0.46349912129120924,0.5365008787087908,Hold,62.705105,62.76309,62.613987,62.63884,2088
2024-06-10 07:00:00,0,0.4729683114909802,0.5270316885090198,Hold,62.63884,62.953606,62.580856,62.870773,6189
2024-06-10 08:00:00,0,0.43341123454778907,0.5665887654522109,Hold,62.879055,62.93704,62.42347,62.440037,7727
2024-06-10 09:00:00,0,0.422903031555281,0.577096968444719,Hold,62.431755,62.721672,62.37377,62.556004,5377
2024-06-10 10:00:00,0,0.4559561464403176,0.5440438535596823,Hold,62.556004,62.721672,62.506306,62.655407,3507
2024-06-10 11:00:00,0,0.4669716703649756,0.5330283296350244,Hold,62.655407,63.03644,62.613987,63.019875,6638
2024-06-10 12:00:00,0,0.4489678704083705,0.5510321295916295,Hold,63.019875,63.32636,63.019875,63.028156,15949
2024-06-10 13:00:00,0,0.4992181933923828,0.5007818066076172,Hold,63.03644,63.342926,62.78794,63.33464,20493
2024-06-10 14:00:00,0,0.4749999906159723,0.5250000093840277,Hold,63.32636,63.690826,63.01159,63.48374,26081
2024-06-10 15:00:00,0,0.44661342274303467,0.5533865772569653,Hold,63.48374,64.18783,63.434044,64.17954,26700
2024-06-10 16:00:00,0,0.3273684065872447,0.6726315934127554,Hold,64.17954,64.37006,64.01388,64.32864,18173
2024-06-10 17:00:00,0,0.32056550250332383,0.6794344974966762,Hold,64.320366,64.345215,64.2044,64.320366,11183
2024-06-10 18:00:00,0,0.274476642256128,0.725523357743872,Hold,64.320366,64.57715,64.2044,64.544014,26979
2024-06-10 19:00:00,0,0.27035994813690695,0.729640051863093,Hold,64.5523,64.56058,64.477745,64.51088,4836
2024-06-10 20:00:00,0,0.3147487601128317,0.6852512398871683,Hold,64.51088,64.8505,64.494316,64.8008,3465
2024-06-10 22:00:00,0,0.3369638067832153,0.6630361932167848,Hold,64.70968,64.734535,64.64342,64.68483,1373
2024-06-10 23:00:00,0,0.35495011058122417,0.6450498894187758,Hold,64.676544,64.68483,64.64342,64.65998,506
2024-06-11 00:00:00,0,0.36915284966973894,0.6308471503302611,Hold,64.66827,64.74281,64.56058,64.56886,2086
2024-06-11 01:00:00,0,0.3864787932406361,0.6135212067593638,Hold,64.57715,64.602,64.345215,64.42805,5889
2024-06-11 02:00:00,0,0.3454531068053723,0.6545468931946277,Hold,64.43633,64.43633,64.237526,64.278946,2761
2024-06-11 03:00:00,0,0.34434900747458763,0.6556509925254124,Hold,64.278946,64.33693,64.2541,64.320366,979
2024-06-11 04:00:00,0,0.33523153639671005,0.66476846360329,Hold,64.320366,64.41148,64.278946,64.35349,1583
2024-06-11 05:00:00,0,0.3051927460567714,0.6948072539432286,Hold,64.36178,64.41976,64.29551,64.29551,1359
2024-06-11 06:00:00,0,0.3603617928053065,0.6396382071946936,Hold,64.303795,64.502594,64.303795,64.46118,2390
2024-06-11 07:00:00,0,0.329401040830701,0.670598959169299,Hold,64.46118,64.494316,64.27066,64.36178,6160
2024-06-11 08:00:00,0,0.3390593670994325,0.6609406329005675,Hold,64.36178,64.5523,64.29551,64.320366,8229
2024-06-11 09:00:00,0,0.34782197043175306,0.6521780295682469,Hold,64.320366,64.4032,64.063576,64.27066,8652
2024-06-11 10:00:00,0,0.3603769911649209,0.6396230088350792,Hold,64.278946,64.278946,64.04701,64.21268,5044
2024-06-11 11:00:00,0,0.33238215901076845,0.6676178409892315,Hold,64.21268,64.33693,64.129845,64.21268,4528
2024-06-11 12:00:00,0,0.38560828458755997,0.6143917154124401,Hold,64.21268,64.42805,64.02216,64.36178,12084
2024-06-11 13:00:00,0,0.33271585394292913,0.6672841460570709,Hold,64.36178,64.64342,64.04701,64.09671,29143
2024-06-11 14:00:00,0,0.3609867452340243,0.6390132547659757,Hold,64.104996,64.27066,63.964176,64.13813,16712
2024-06-11 15:00:00,0,0.41431493638484507,0.5856850636151549,Hold,64.13813,64.908485,64.129845,64.676544,24175
2024-06-11 16:00:00,0,0.4234115168755305,0.5765884831244694,Hold,64.68483,64.8505,64.56886,64.84222,9856
2024-06-11 17:00:00,0,0.3541613964694765,0.6458386035305235,Hold,64.84222,64.85878,64.544014,64.61028,8880
2024-06-11 18:00:00,0,0.3765359247853017,0.6234640752146983,Hold,64.61856,64.693115,64.452896,64.544014,17099
2024-06-11 19:00:00,0,0.3186860179505557,0.6813139820494443,Hold,64.5523,64.585434,64.46118,64.519165,3392
2024-06-11 20:00:00,0,0.35894344638377235,0.6410565536162276,Hold,64.519165,64.83393,64.452896,64.759384,3893
2024-06-11 22:00:00,0,0.3778779020817785,0.6221220979182215,Hold,64.79252,64.81737,64.693115,64.81737,826
2024-06-11 23:00:00,0,0.34090427376626303,0.6590957262337369,Hold,64.80908,64.825645,64.676544,64.717964,544
2024-06-12 00:00:00,0,0.30564817697667684,0.6943518230233232,Hold,64.717964,64.79252,64.62685,64.74281,1265
2024-06-12 01:00:00,0,0.323467403020177,0.676532596979823,Hold,64.7511,64.87535,64.734535,64.85878,1512
2024-06-12 02:00:00,0,0.3541630079367726,0.6458369920632274,Hold,64.867065,64.92505,64.81737,64.908485,1409
2024-06-12 03:00:00,0,0.34836535973686195,0.6516346402631381,Hold,64.908485,64.933334,64.87535,64.9002,831
2024-06-12 04:00:00,0,0.35501382770662493,0.6449861722933751,Hold,64.908485,64.908485,64.87535,64.891914,482
2024-06-12 05:00:00,0,0.41439053800106146,0.5856094619989385,Hold,64.891914,65.041016,64.88363,65.02445,2138
2024-06-12 06:00:00,0,0.36866955646220306,0.6313304435377969,Hold,65.02445,65.07415,64.97475,65.00788,2231
2024-06-12 07:00:00,0,0.40629527412534716,0.5937047258746528,Hold,65.00788,65.05758,64.92505,65.0493,4291
2024-06-12 08:00:00,0,0.4049112385639111,0.5950887614360889,Hold,65.041016,65.20668,65.02445,65.1487,7804
2024-06-12 09:00:00,0,0.43269851641688845,0.5673014835831116,Hold,65.15698,65.42205,65.14042,65.37235,6713
2024-06-12 10:00:00,0,0.41593968384175195,0.584060316158248,Hold,65.37235,65.388916,65.20668,65.30608,4589
2024-06-12 11:00:00,0,0.4353578845666474,0.5646421154333525,Hold,65.30608,65.35578,65.214966,65.281235,5423
2024-06-12 12:00:00,0,0.4538629093818014,0.5461370906181986,Hold,65.28952,65.596,65.27295,65.48832,13814
2024-06-12 13:00:00,1,0.4449275385072646,0.5550724614927354,Hold,65.496605,65.695404,65.46347,65.67883,22931
2024-06-12 14:00:00,0,0.44943125638372056,0.5505687436162794,Hold,65.67883,65.70368,64.79252,64.80908,34294
2024-06-12 15:00:00,0,0.3907547061297423,0.6092452938702577,Hold,64.80908,64.87535,64.51088,64.85878,26394
2024-06-12 16:00:00,0,0.4579544516349798,0.5420455483650202,Hold,64.85878,65.2481,64.80908,65.23154,13714
2024-06-12 17:00:00,0,0.4248336828792231,0.5751663171207769,Hold,65.23154,65.36407,65.11557,65.239815,11911
2024-06-12 18:00:00,0,0.40364837490739336,0.5963516250926066,Hold,65.256386,65.27295,64.92505,64.98303,20682
2024-06-12 19:00:00,0,0.3798914277661342,0.6201085722338657,Hold,64.98303,65.00788,64.8008,64.9002,4316
2024-06-12 20:00:00,0,0.3654310204921466,0.6345689795078534,Hold,64.9002,64.99132,64.84222,64.87535,1672
2024-06-12 22:00:00,0,0.4084613418356253,0.5915386581643747,Hold,64.91676,64.94161,64.84222,64.908485,746
2024-06-12 23:00:00,0,0.4213929359265482,0.5786070640734517,Hold,64.91676,64.92505,64.84222,64.85878,290
2024-06-13 00:00:00,0,0.4548021212612081,0.5451978787387919,Hold,64.8505,64.908485,64.83393,64.891914,1011
2024-06-13 01:00:00,0,0.41178307547706655,0.5882169245229334,Hold,64.891914,64.891914,64.651695,64.7014,3203
2024-06-13 02:00:00,0,0.4238524722255555,0.5761475277744446,Hold,64.70968,64.80908,64.693115,64.759384,1168
2024-06-13 03:00:00,0,0.421994440459802,0.578005559540198,Hold,64.759384,64.825645,64.74281,64.825645,820
2024-06-13 04:00:00,0,0.3969495502178965,0.6030504497821034,Hold,64.83393,64.91676,64.80908,64.8505,999
2024-06-13 05:00:00,0,0.41284405427311216,0.5871559457268878,Hold,64.8505,64.867065,64.7511,64.77595,740
2024-06-13 06:00:00,0,0.41914630618681775,0.5808536938131823,Hold,64.77595,64.8505,64.717964,64.7511,1373
2024-06-13 07:00:00,0,0.43857894975427353,0.5614210502457264,Hold,64.759384,64.91676,64.717964,64.867065,3795
2024-06-13 08:00:00,0,0.4032652222594842,0.5967347777405159,Hold,64.867065,64.999596,64.61856,64.64342,7514
2024-06-13 09:00:00,0,0.34692926533385743,0.6530707346661426,Hold,64.651695,64.68483,64.33693,64.37835,6177
2024-06-13 10:00:00,0,0.43132816558745596,0.5686718344125441,Hold,64.37835,64.53573,64.345215,64.43633,4092
2024-06-13 11:00:00,0,0.37662657508250036,0.6233734249174996,Hold,64.44461,64.62685,64.36178,64.38663,6293
2024-06-13 12:00:00,0,0.4202455261890888,0.5797544738109113,Hold,64.38663,64.84222,64.38663,64.80908,10879
2024-06-13 13:00:00,0,0.4716758116270163,0.5283241883729837,Hold,64.80908,65.33093,64.78423,65.11557,23536
2024-06-13 14:00:00,0,0.4707907563436321,0.5292092436563679,Hold,65.11557,65.33093,64.9499,65.17355,15181
2024-06-13 15:00:00,0,0.4240775474201121,0.5759224525798878,Hold,65.16527,65.16527,64.59371,64.76766,17936
2024-06-13 16:00:00,0,0.42934061410861024,0.5706593858913898,Hold,64.76766,65.1487,64.7511,65.07415,10914
2024-06-13 17:00:00,0,0.45183093501090527,0.5481690649890947,Hold,65.07415,65.3475,65.0493,65.07415,8695
2024-06-13 18:00:00,0,0.48508020560132453,0.5149197943986754,Hold,65.065865,65.16527,64.908485,64.94161,12780
2024-06-13 19:00:00,0,0.4344323563362217,0.5655676436637783,Hold,64.933334,64.95818,64.62685,64.676544,4927
2024-06-13 20:00:00,0,0.39941034187006597,0.600589658129934,Hold,64.66827,64.68483,64.502594,64.5523,3681
2024-06-13 22:00:00,0,0.3850757682712114,0.6149242317287886,Hold,64.57715,64.602,64.39491,64.42805,1410
2024-06-13 23:00:00,0,0.44256100063967163,0.5574389993603284,Hold,64.42805,64.48603,64.41148,64.46947,477
2024-06-14 00:00:00,0,0.44062777570584055,0.5593722242941594,Hold,64.46947,64.52745,64.38663,64.51088,1138
2024-06-14 01:00:00,0,0.5038528459792883,0.49614715402071174,Sell,64.502594,64.84222,64.43633,64.79252,2411
2024-06-14 02:00:00,0,0.49590835351621926,0.5040916464837808,Hold,64.79252,64.81737,64.717964,64.77595,794
2024-06-14 03:00:00,0,0.5052382823116583,0.49476171768834165,Sell,64.77595,64.8008,64.66827,64.76766,1230
2024-06-14 04:00:00,0,0.46649110752598205,0.5335088924740179,Hold,64.76766,64.81737,64.57715,64.7511,1914
2024-06-14 05:00:00,0,0.4718114064537381,0.5281885935462619,Hold,64.74281,64.8505,64.693115,64.74281,1112
2024-06-14 06:00:00,0,0.4574781442689263,0.5425218557310737,Hold,64.74281,64.74281,64.62685,64.70968,1323
2024-06-14 07:00:00,0,0.4792523331326885,0.5207476668673114,Hold,64.717964,64.867065,64.65998,64.68483,3935
2024-06-14 08:00:00,0,0.5352828942608889,0.46471710573911107,Sell,64.693115,64.80908,64.5523,64.79252,4642
2024-06-14 09:00:00,0,0.5617425243485091,0.43825747565149087,Sell,64.8008,65.09071,64.734535,64.92505,5179
2024-06-14 10:00:00,0,0.6144724073939226,0.3855275926060774,Sell,64.91676,65.20668,64.79252,65.17355,4167
2024-06-14 11:00:00,0,0.6109289045527938,0.3890710954472062,Sell,65.16527,65.521454,65.09071,65.47175,7899
2024-06-14 12:00:00,0,0.5727533163914235,0.42724668360857654,Sell,65.47175,65.56287,65.256386,65.35578,8648
2024-06-14 13:00:00,0,0.5498947435107265,0.45010525648927346,Sell,65.36407,65.5463,65.23154,65.4469,13396
2024-06-14 14:00:00,0,0.5586907457797707,0.44130925422022926,Sell,65.430336,65.43862,64.94161,65.082436,13558
2024-06-14 15:00:00,0,0.5534496809255537,0.4465503190744463,Sell,65.082436,65.099,64.734535,65.099,14583
2024-06-14 16:00:00,0,0.5694001597704553,0.4305998402295447,Sell,65.09071,65.2481,65.02445,65.214966,9707
2024-06-14 17:00:00,0,0.5427746068380136,0.4572253931619864,Sell,65.214966,65.33093,65.11557,65.16527,7546
2024-06-14 18:00:00,0,0.5443360377409522,0.4556639622590478,Sell,65.16527,65.23154,64.94161,65.11557,14247
2024-06-14 19:00:00,0,0.5181738535496813,0.48182614645031874,Sell,65.11557,65.15698,64.98303,64.99132,2888
2024-06-14 20:00:00,0,0.5149275405156836,0.48507245948431643,Sell,64.99132,65.02445,64.867065,65.01617,1493
2024-06-16 22:00:00,0,0.5182610101374415,0.4817389898625585,Sell,65.00788,65.041016,64.87535,64.97475,675
2024-06-16 23:00:00,0,0.5138070553173143,0.4861929446826857,Sell,64.99132,64.99132,64.83393,64.83393,291
2024-06-17 00:00:00,0,0.5481357387469349,0.4518642612530651,Sell,64.83393,64.91718,64.78398,64.85891,1685
2024-06-17 01:00:00,0,0.5428976549114767,0.4571023450885233,Sell,64.85891,64.87556,64.67576,64.86723,2885
2024-06-17 02:00:00,0,0.5084006650396989,0.49159933496030106,Sell,64.87556,64.87556,64.78398,64.80063,959
2024-06-17 03:00:00,0,0.48683645561262334,0.5131635443873767,Hold,64.78398,64.81728,64.70906,64.75069,1212
2024-06-17 04:00:00,0,0.4692158862327533,0.5307841137672467,Hold,64.742355,64.78398,64.72571,64.75069,721
2024-06-17 05:00:00,0,0.425846546531535,0.574153453468465,Hold,64.75069,64.767334,64.64246,64.692406,1399
2024-06-17 06:00:00,0,0.4043541203254601,0.5956458796745399,Hold,64.70074,64.73403,64.58418,64.65911,2209
2024-06-17 07:00:00,0,0.4845255001078132,0.5154744998921867,Hold,64.65911,64.9921,64.65079,64.92551,5228
2024-06-17 08:00:00,0,0.5476219677743206,0.4523780322256794,Sell,64.92551,65.27515,64.92551,65.150276,8208
2024-06-17 09:00:00,0,0.4881037186440987,0.5118962813559014,Hold,65.150276,65.18358,64.87556,64.92551,5322
2024-06-17 10:00:00,0,0.4931495715511763,0.5068504284488238,Hold,64.92551,64.96713,64.83393,64.88388,3633
2024-06-17 11:00:00,0,0.5446746790935328,0.45532532090646716,Sell,64.88388,65.2918,64.842255,65.23353,5479
2024-06-17 12:00:00,0,0.48866822375918356,0.5113317762408165,Hold,65.23353,65.400024,65.13363,65.14195,10858
2024-06-17 13:00:00,0,0.5251077209423703,0.47489227905762965,Sell,65.150276,65.58317,65.092,65.50825,20333
2024-06-17 14:00:00,0,0.5023428010289638,0.4976571989710362,Sell,65.499916,65.73302,65.424995,65.53322,19652
2024-06-17 15:00:00,0,0.49695671271633174,0.5030432872836683,Hold,65.53322,65.874535,65.44164,65.624794,21231
2024-06-17 16:00:00,0,0.49985953837361463,0.5001404616263854,Hold,65.624794,65.98276,65.58317,65.91616,17793
2024-06-17 17:00:00,0,0.4543686437787273,0.5456313562212727,Hold,65.91616,66.14093,65.874535,66.12428,19195
2024-06-17 18:00:00,0,0.4631666371782018,0.5368333628217983,Hold,66.11596,66.557175,66.02438,66.42398,37246
2024-06-17 19:00:00,0,0.44581933256757295,0.554180667432427,Hold,66.42398,66.57382,66.407326,66.44895,5986
2024-06-17 20:00:00,0,0.45285655516712897,0.547143444832871,Hold,66.44895,66.607124,66.407326,66.557175,3782
2024-06-17 22:00:00,0,0.4339487247493299,0.5660512752506701,Hold,66.5322,66.54053,66.432304,66.457275,1377
2024-06-17 23:00:00,0,0.420759507753052,0.5792404922469481,Hold,66.457275,66.4656,66.382355,66.42398,877
2024-06-18 00:00:00,0,0.3853358368428964,0.6146641631571036,Hold,66.42398,66.54053,66.407326,66.432304,2409
2024-06-18 01:00:00,0,0.4007493093541001,0.5992506906458999,Hold,66.432304,66.4989,66.307434,66.31576,3095
2024-06-18 02:00:00,0,0.3672990616797148,0.6327009383202852,Hold,66.32408,66.382355,66.1992,66.1992,2000
2024-06-18 03:00:00,0,0.4018756293808346,0.5981243706191655,Hold,66.207535,66.282455,66.1992,66.232506,1392
2024-06-18 04:00:00,0,0.35585136666962885,0.6441486333303712,Hold,66.232506,66.282455,66.21586,66.21586,964
2024-06-18 05:00:00,0,0.3975387874657766,0.6024612125342235,Hold,66.21586,66.31576,66.21586,66.257484,848
2024-06-18 06:00:00,0,0.40833314917250846,0.5916668508274916,Hold,66.27413,66.2991,66.16591,66.182556,2515
2024-06-18 07:00:00,0,0.4087602863130951,0.591239713686905,Hold,66.19088,66.34905,66.182556,66.21586,4250
2024-06-18 08:00:00,0,0.37749145892706815,0.6225085410729319,Hold,66.22418,66.29078,65.90784,66.09098,11567
2024-06-18 09:00:00,0,0.39789448202257977,0.6021055179774202,Hold,66.09931,66.257484,65.99941,66.24915,5791
2024-06-18 10:00:00,0,0.3753491513611951,0.6246508486388049,Hold,66.24915,66.357376,66.16591,66.24083,4756
2024-06-18 11:00:00,0,0.39143814576746366,0.6085618542325364,Hold,66.24083,66.41566,66.24083,66.36571,6250
2024-06-18 12:00:00,0,0.3867922972129114,0.6132077027870886,Hold,66.36571,66.432304,66.22418,66.357376,11164
2024-06-18 13:00:00,0,0.5086755654679442,0.49132443453205576,Sell,66.34905,66.8652,66.257484,66.82357,28671
2024-06-18 14:00:00,0,0.5504427346892824,0.4495572653107176,Sell,66.82357,67.114944,66.71535,67.08164,28636
2024-06-18 15:00:00,0,0.5039972511666511,0.49600274883334894,Sell,67.089966,67.214836,66.80692,66.81525,25581
2024-06-18 16:00:00,0,0.4736442778852328,0.5263557221147672,Hold,66.82357,66.94012,66.61545,66.781944,18978
2024-06-18 17:00:00,0,0.4938477283648695,0.5061522716351305,Hold,66.781944,66.95677,66.72367,66.93179,12919
2024-06-18 18:00:00,0,0.4982100769729573,0.5017899230270426,Hold,66.93179,67.30641,66.82357,67.214836,31446
2024-06-18 19:00:00,0,0.47894861723053767,0.5210513827694623,Hold,67.20651,67.22317,67.10661,67.16489,6699
2024-06-18 20:00:00,0,0.5194833024584324,0.48051669754156756,Sell,67.17322,67.30641,67.13159,67.24814,3792
2024-06-18 22:00:00,0,0.4978472957120127,0.5021527042879873,Hold,67.22317,67.24814,67.15656,67.19819,620
2024-06-18 23:00:00,0,0.5125001093278303,0.4874998906721697,Sell,67.19819,67.24814,67.189865,67.239815,1262
2024-06-19 00:00:00,0,0.5933164015697814,0.4066835984302186,Sell,67.239815,67.33139,67.20651,67.29809,4175
2024-06-19 01:00:00,0,0.5818152814936521,0.41818471850634786,Sell,67.289764,67.32306,67.18154,67.239815,4070
2024-06-19 02:00:00,0,0.5718626690894719,0.4281373309105281,Sell,67.24814,67.27311,67.15656,67.264786,3125
2024-06-19 03:00:00,0,0.556151160962434,0.443848839037566,Sell,67.25646,67.289764,67.17322,67.20651,1167
2024-06-19 04:00:00,0,0.5748582245107174,0.42514177548928256,Sell,67.19819,67.239815,67.189865,67.22317,536
2024-06-19 05:00:00,0,0.6107732264522069,0.3892267735477931,Sell,67.214836,67.27311,67.19819,67.24814,580
2024-06-19 06:00:00,0,0.5238353164175076,0.4761646835824924,Sell,67.24814,67.25646,66.89849,66.95677,4821
2024-06-19 07:00:00,0,0.5267143518531081,0.4732856481468919,Sell,66.95677,67.12327,66.95677,67.00672,4611
2024-06-19 08:00:00,0,0.5244034816777072,0.47559651832229277,Sell,67.015045,67.064995,66.84855,66.94844,7077
2024-06-19 09:00:00,0,0.5256256488253811,0.4743743511746189,Sell,66.95677,67.13159,66.92347,67.04834,4022
2024-06-19 10:00:00,0,0.5814669008819869,0.41853309911801306,Sell,67.05666,67.22317,67.02337,67.214836,4785
2024-06-19 11:00:00,0,0.6272467991410683,0.3727532008589317,Sell,67.20651,67.33139,67.15656,67.314735,6326
2024-06-19 12:00:00,0,0.6551253798655261,0.3448746201344739,Sell,67.314735,67.47291,67.17322,67.464584,9010
2024-06-19 13:00:00,0,0.6169200193315465,0.3830799806684535,Sell,67.464584,67.514534,67.10661,67.28144,13506
2024-06-19 14:00:00,0,0.6259324590038386,0.37406754099616135,Sell,67.27311,67.54784,67.17322,67.489555,9316
2024-06-19 15:00:00,0,0.4809817879978325,0.5190182120021676,Hold,67.489555,67.56448,67.015045,67.040016,12010
2024-06-19 16:00:00,0,0.4498499035833075,0.5501500964166925,Hold,67.040016,67.214836,66.99007,66.99007,5821
2024-06-19 17:00:00,0,0.4661315627078406,0.5338684372921594,Hold,66.99007,67.18154,66.99007,67.09829,1445
2024-06-19 18:00:00,0,0.48267063642721925,0.5173293635727807,Hold,67.10661,67.16489,67.09829,67.12327,437
2024-06-19 22:00:00,0,0.445975698062853,0.554024301937147,Hold,67.114944,67.15656,67.02337,67.040016,1005
2024-06-19 23:00:00,0,0.4778053106185742,0.5221946893814258,Hold,67.03169,67.139915,67.00672,67.09829,2055
2024-06-20 00:00:00,0,0.5682455028413455,0.43175449715865455,Sell,67.09829,67.13159,66.965096,66.99839,2888
2024-06-20 01:00:00,0,0.5730861757596799,0.4269138242403201,Sell,67.00672,67.09829,66.965096,67.015045,2283
2024-06-20 02:00:00,0,0.53975059653119,0.46024940346881005,Sell,67.015045,67.10661,66.99839,67.089966,1032
2024-06-20 03:00:00,0,0.5617042078000242,0.43829579219997583,Sell,67.089966,67.089966,66.99007,66.99839,595
2024-06-20 04:00:00,0,0.49970112277256695,0.500298877227433,Hold,66.99839,67.07332,66.98174,67.040016,736
2024-06-20 05:00:00,0,0.5350439117012169,0.4649560882987831,Sell,67.04834,67.09829,66.99007,67.03169,997
2024-06-20 06:00:00,0,0.5408241050262732,0.4591758949737268,Sell,67.02337,67.114944,66.95677,67.09829,1937
2024-06-20 07:00:00,0,0.5080608399191696,0.4919391600808304,Sell,67.09829,67.17322,66.93179,67.040016,6141
2024-06-20 08:00:00,0,0.5638086198129703,0.43619138018702974,Sell,67.040016,67.314735,67.00672,67.17322,7377
2024-06-20 09:00:00,0,0.5032174741162266,0.49678252588377336,Sell,67.16489,67.27311,67.05666,67.15656,5712
2024-06-20 10:00:00,0,0.5346918562091317,0.46530814379086827,Sell,67.16489,67.264786,67.14824,67.214836,3430
2024-06-20 11:00:00,0,0.5937777868879629,0.4062222131120371,Sell,67.214836,67.339714,67.17322,67.32306,4277
2024-06-20 12:00:00,0,0.5964830077365736,0.4035169922634264,Sell,67.32306,67.50621,67.139915,67.48123,11772
2024-06-20 13:00:00,0,0.6171947067854407,0.38280529321455925,Sell,67.489555,67.74763,67.43961,67.639404,25860
2024-06-20 14:00:00,0,0.5702897019227984,0.4297102980772016,Sell,67.63108,67.75595,67.54784,67.60611,18294
2024-06-20 15:00:00,0,0.6265015072964635,0.3734984927035365,Sell,67.60611,67.864174,67.29809,67.364685,28622
2024-06-20 16:00:00,0,0.6038015491216033,0.39619845087839667,Sell,67.37301,67.61443,67.289764,67.59778,13286
2024-06-20 17:00:00,0,0.618617773459643,0.381382226540357,Sell,67.59778,67.7393,67.53118,67.63108,11886
2024-06-20 18:00:00,0,0.5853052578859033,0.41469474211409674,Sell,67.62276,67.83088,67.489555,67.822556,17672
2024-06-20 19:00:00,0,0.5326191111527213,0.4673808888472787,Sell,67.822556,67.85585,67.7393,67.772606,5600
2024-06-20 20:00:00,0,0.519688713917435,0.480311286082565,Sell,67.78093,67.78093,67.61443,67.63108,2241
2024-06-20 22:00:00,0,0.517732055602645,0.482267944397355,Sell,67.65606,67.74763,67.63108,67.67271,881
2024-06-20 23:00:00,0,0.49768205292408374,0.5023179470759163,Hold,67.68103,67.72266,67.639404,67.64773,346
2024-06-21 00:00:00,0,0.4788284706189949,0.5211715293810051,Hold,67.65606,67.67271,67.58113,67.59778,1450
2024-06-21 01:00:00,0,0.5079064817442901,0.4920935182557099,Sell,67.60611,67.65606,67.55616,67.62276,2971
2024-06-21 02:00:00,0,0.5165963134766902,0.4834036865233098,Sell,67.63108,67.64773,67.54784,67.60611,2375
2024-06-21 03:00:00,0,0.5337027530836694,0.46629724691633057,Sell,67.59778,67.60611,67.53118,67.55616,696
2024-06-21 04:00:00,0,0.5308109817204829,0.4691890182795171,Sell,67.56448,67.639404,67.56448,67.62276,485
2024-06-21 05:00:00,0,0.5724700887257389,0.4275299112742611,Sell,67.62276,67.68103,67.60611,67.65606,926
2024-06-21 06:00:00,0,0.557501584049918,0.442498415950082,Sell,67.66438,67.7393,67.539505,67.54784,2548
2024-06-21 07:00:00,0,0.612374003624012,0.38762599637598805,Sell,67.54784,67.66438,67.43128,67.53118,5392
2024-06-21 08:00:00,0,0.5925746131397243,0.40742538686027574,Sell,67.53118,67.54784,67.364685,67.464584,6439
2024-06-21 09:00:00,0,0.6442679490254755,0.35573205097452454,Sell,67.47291,67.706,67.43128,67.68103,5058
2024-06-21 10:00:00,0,0.6456642452346317,0.35433575476536827,Sell,67.689354,67.7393,67.58113,67.61443,3892
2024-06-21 11:00:00,0,0.6420711110830691,0.35792888891693087,Sell,67.61443,67.66438,67.489555,67.52286,4325
2024-06-21 12:00:00,0,0.6823385307539741,0.3176614692460259,Sell,67.53118,67.8059,67.53118,67.7393,9364
2024-06-21 13:00:00,0,0.6988641802722537,0.3011358197277463,Sell,67.74763,67.947426,67.53118,67.64773,24023
2024-06-21 14:00:00,1,0.6774660122627509,0.32253398773724906,Sell,67.64773,68.08895,67.60611,68.03068,17719
2024-06-21 15:00:00,0,0.6223547498738305,0.37764525012616945,Sell,68.02235,68.05565,67.47291,67.50621,20940
2024-06-21 16:00:00,0,0.5937056176095606,0.40629438239043936,Sell,67.52286,67.55616,67.04834,67.064995,20615
2024-06-21 17:00:00,0,0.6020744554696078,0.3979255445303922,Sell,67.064995,67.22317,66.98174,67.17322,12289
2024-06-21 18:00:00,0,0.5830788541128087,0.4169211458871913,Sell,67.18154,67.29809,66.89017,67.08164,17353
2024-06-21 19:00:00,0,0.5874646726844955,0.41253532731550446,Sell,67.089966,67.18154,67.05666,67.12327,3674
2024-06-21 20:00:00,0,0.6096146030810097,0.3903853969189903,Sell,67.12327,67.14824,67.064995,67.089966,1449
2024-06-23 22:00:00,0,0.5790307625381113,0.42096923746188875,Sell,66.97342,67.189865,66.92347,66.99839,1411
2024-06-23 23:00:00,0,0.5569850774434832,0.44301492255651675,Sell,66.99839,66.99839,66.79027,66.80692,1342
2024-06-24 00:00:00,0,0.5800787524480443,0.4199212475519557,Sell,66.80692,66.97342,66.79027,66.94844,1788
2024-06-24 01:00:00,0,0.5594340406971277,0.44056595930287235,Sell,66.94844,67.040016,66.84855,67.02337,2271
2024-06-24 02:00:00,0,0.5991395467091812,0.40086045329081876,Sell,67.02337,67.10661,66.965096,67.05666,1161
2024-06-24 03:00:00,0,0.5905607421451072,0.40943925785489277,Sell,67.05666,67.15656,67.04834,67.139915,911
2024-06-24 04:00:00,0,0.6124611965264435,0.3875388034735565,Sell,67.14824,67.16489,67.12327,67.15656,438
2024-06-24 05:00:00,0,0.5945886080132469,0.40541139198675313,Sell,67.14824,67.239815,67.139915,67.16489,1575
2024-06-24 06:00:00,0,0.6158855919957056,0.3841144080042944,Sell,67.17322,67.22317,67.05666,67.14824,2374
2024-06-24 07:00:00,0,0.6311031408609383,0.3688968591390617,Sell,67.14824,67.34804,67.089966,67.33139,4599
2024-06-24 08:00:00,0,0.6461010173604758,0.35389898263952424,Sell,67.32306,67.414635,67.239815,67.37301,5920
2024-06-24 09:00:00,0,0.6340560983427258,0.3659439016572742,Sell,67.364685,67.56448,67.32306,67.47291,4992
2024-06-24 10:00:00,0,0.6372068663738543,0.36279313362614574,Sell,67.47291,67.539505,67.314735,67.42296,4355
2024-06-24 11:00:00,0,0.6301905041401219,0.3698094958598781,Sell,67.42296,67.53118,67.33139,67.53118,3916
2024-06-24 12:00:00,0,0.6134336928984124,0.38656630710158757,Sell,67.52286,67.57281,67.02337,67.23149,10235
2024-06-24 13:00:00,0,0.6084388325271693,0.39156116747283065,Sell,67.23149,67.49789,66.81525,67.43961,28000
2024-06-24 14:00:00,0,0.5605773346980676,0.4394226653019324,Sell,67.43961,67.64773,67.29809,67.39799,15718
2024-06-24 15:00:00,0,0.5912488950944913,0.4087511049055087,Sell,67.38966,67.947426,67.38966,67.88083,21674
2024-06-24 16:00:00,0,0.6314726004879656,0.3685273995120344,Sell,67.88083,68.02235,67.84753,67.98073,13643
2024-06-24 17:00:00,0,0.6537181976382899,0.34628180236171013,Sell,67.9724,68.08062,67.88083,68.06397,10367
2024-06-24 18:00:00,0,0.6325995440668434,0.3674004559331566,Sell,68.06397,68.072296,67.91412,67.93078,16432
2024-06-24 19:00:00,0,0.6250645376426031,0.37493546235739694,Sell,67.93078,68.047325,67.922455,67.997375,3195
2024-06-24 20:00:00,1,0.6410339532577743,0.35896604674222565,Sell,67.997375,68.06397,67.9724,68.05565,1838
2024-06-24 22:00:00,0,0.5972345502979676,0.40276544970203243,Sell,68.01402,68.15555,67.98905,67.997375,846
2024-06-24 23:00:00,1,0.5908410574640046,0.4091589425359954,Sell,67.98905,68.03068,67.9724,68.0057,415
2024-06-25 00:00:00,1,0.5611388531605415,0.43886114683945854,Sell,68.0057,68.08895,67.98905,68.08895,1326
2024-06-25 01:00:00,1,0.5625520686236241,0.43744793137637594,Sell,68.08895,68.18052,67.93078,67.98073,2263
2024-06-25 02:00:00,1,0.5181941223733016,0.48180587762669835,Sell,67.96407,67.9724,67.88915,67.9058,962
2024-06-25 03:00:00,1,0.5831043573657017,0.41689564263429835,Sell,67.9058,67.98073,67.88083,67.9724,492
2024-06-25 04:00:00,1,0.5271698520585085,0.4728301479414915,Sell,67.9724,68.02235,67.9724,67.997375,471
2024-06-25 05:00:00,1,0.5338224713370948,0.4661775286629052,Sell,67.997375,68.08062,67.96407,67.98073,1198
2024-06-25 06:00:00,0,0.566746466470734,0.433253533529266,Sell,67.98073,68.02235,67.89748,67.922455,1420
2024-06-25 07:00:00,0,0.56442317218767,0.43557682781233,Sell,67.91412,68.03068,67.84753,67.864174,3781
2024-06-25 08:00:00,0,0.5614534290085802,0.4385465709914198,Sell,67.872505,68.03068,67.706,67.7393,6690
2024-06-25 09:00:00,0,0.49960791324785,0.5003920867521501,Hold,67.74763,67.822556,67.61443,67.63108,6290
2024-06-25 10:00:00,0,0.5072411856038391,0.49275881439616087,Sell,67.62276,67.706,67.489555,67.56448,4903
2024-06-25 11:00:00,0,0.5231580634753221,0.4768419365246779,Sell,67.56448,67.63108,67.339714,67.364685,7414
2024-06-25 12:00:00,0,0.6032753498437334,0.39672465015626657,Sell,67.35636,67.76428,67.35636,67.75595,9831
2024-06-25 13:00:00,0,0.5388093202840506,0.4611906797159494,Sell,67.75595,67.88083,67.48123,67.689354,22714
2024-06-25 14:00:00,1,0.5905631136964593,0.4094368863035407,Sell,67.689354,68.039,67.60611,67.98073,16711
2024-06-25 15:00:00,0,0.5558415616087344,0.44415843839126556,Sell,67.98073,68.11392,67.44794,67.54784,24530
2024-06-25 16:00:00,0,0.5404047119065665,0.45959528809343353,Sell,67.55616,67.63108,67.289764,67.43961,14272
2024-06-25 17:00:00,0,0.5637462695890478,0.43625373041095217,Sell,67.43961,67.59778,67.33139,67.56448,9801
2024-06-25 18:00:00,0,0.5050717550199897,0.4949282449800103,Sell,67.56448,67.58113,67.18154,67.25646,16169
2024-06-25 19:00:00,0,0.46082840872028763,0.5391715912797124,Hold,67.264786,67.30641,67.17322,67.28144,4179
2024-06-25 20:00:00,0,0.495774378902039,0.504225621097961,Hold,67.28144,67.32306,67.05666,67.24814,2967
2024-06-25 22:00:00,0,0.5136960889313026,0.4863039110686974,Sell,67.19819,67.24814,67.14824,67.23149,538
2024-06-25 23:00:00,0,0.5090104528608054,0.4909895471391946,Sell,67.23149,67.23149,67.20651,67.214836,153
2024-06-26 00:00:00,0,0.5963244386615443,0.4036755613384557,Sell,67.214836,67.264786,67.16489,67.264786,1330
2024-06-26 01:00:00,0,0.5578795518406389,0.44212044815936113,Sell,67.25646,67.39799,67.20651,67.38966,2396
2024-06-26 02:00:00,0,0.5663912506680298,0.43360874933197024,Sell,67.38966,67.55616,67.38966,67.539505,1889
2024-06-26 03:00:00,0,0.5702363816590187,0.4297636183409813,Sell,67.539505,67.61443,67.52286,67.61443,1218
2024-06-26 04:00:00,0,0.5852375412149141,0.4147624587850859,Sell,67.61443,67.64773,67.56448,67.63108,1281
2024-06-26 05:00:00,0,0.5705352131528706,0.4294647868471294,Sell,67.62276,67.69768,67.62276,67.64773,1580
2024-06-26 06:00:00,0,0.6201651578837294,0.3798348421162706,Sell,67.64773,67.76428,67.63108,67.74763,2346
2024-06-26 07:00:00,0,0.6281854365690351,0.37181456343096486,Sell,67.74763,67.76428,67.45626,67.489555,5205
2024-06-26 08:00:00,0,0.6457213575070886,0.3542786424929114,Sell,67.50621,67.60611,67.40631,67.53118,5831
2024-06-26 09:00:00,1,0.7294580456431394,0.27054195435686057,Sell,67.54784,67.93078,67.53118,67.9058,8317
2024-06-26 10:00:00,1,0.6607552360049584,0.33924476399504155,Sell,67.9058,67.95575,67.8059,67.8059,5687
2024-06-26 11:00:00,1,0.6470148834651049,0.35298511653489506,Sell,67.81423,67.81423,67.62276,67.63108,5714
2024-06-26 12:00:00,0,0.6255883521646649,0.3744116478353351,Sell,67.639404,67.81423,67.47291,67.514534,10809
2024-06-26 13:00:00,0,0.5542480170675376,0.44575198293246243,Sell,67.52286,67.539505,66.99839,67.464584,28794
2024-06-26 14:00:00,0,0.49368007478751813,0.5063199252124819,Hold,67.45626,67.63108,66.7653,67.20651,38540
2024-06-26 15:00:00,0,0.46529969003406246,0.5347003099659375,Hold,67.20651,67.39799,66.74865,67.18154,26574
2024-06-26 16:00:00,0,0.5491627279142206,0.4508372720857794,Sell,67.18154,67.47291,67.03169,67.43961,14020
2024-06-26 17:00:00,0,0.6022025291650497,0.3977974708349503,Sell,67.43961,67.864174,67.364685,67.71433,16170
2024-06-26 18:00:00,0,0.5050917043460988,0.49490829565390115,Sell,67.71433,67.772606,67.239815,67.30641,18963
2024-06-26 19:00:00,0,0.5205952761888845,0.47940472381111554,Sell,67.29809,67.29809,67.09829,67.14824,4777
2024-06-26 20:00:00,0,0.5026976229253743,0.49730237707462566,Sell,67.14824,67.37301,67.12327,67.33139,2083
2024-06-26 22:00:00,0,0.48026088947940687,0.5197391105205931,Hold,67.314735,67.339714,67.16489,67.18154,756
2024-06-26 23:00:00,0,0.5180653447856711,0.4819346552143289,Sell,67.189865,67.19819,67.12327,67.139915,1069
2024-06-27 00:00:00,0,0.5276317693116086,0.4723682306883914,Sell,67.13159,67.15656,67.064995,67.089966,3186
2024-06-27 01:00:00,0,0.5135523541513547,0.4864476458486453,Sell,67.089966,67.09829,67.02337,67.040016,2122
2024-06-27 02:00:00,0,0.5323949135799211,0.4676050864200789,Sell,67.040016,67.089966,67.02337,67.04834,554
2024-06-27 03:00:00,0,0.507854961394858,0.492145038605142,Sell,67.04834,67.19819,67.04834,67.15656,1508
2024-06-27 04:00:00,0,0.46572702341801075,0.5342729765819892,Hold,67.15656,67.189865,67.14824,67.17322,548
2024-06-27 05:00:00,0,0.4938430936656361,0.5061569063343638,Hold,67.18154,67.264786,67.14824,67.25646,1113
2024-06-27 06:00:00,0,0.45718925254584536,0.5428107474541546,Hold,67.25646,67.289764,67.17322,67.189865,1816
2024-06-27 07:00:00,0,0.60118652618837,0.39881347381163,Sell,67.18154,67.59778,67.14824,67.58113,5106
2024-06-27 08:00:00,0,0.6311363750793034,0.3688636249206966,Sell,67.58113,67.772606,67.54784,67.772606,8158
2024-06-27 09:00:00,0,0.5917875523365294,0.40821244766347065,Sell,67.76428,67.98073,67.68103,67.73098,7989
2024-06-27 10:00:00,0,0.5543867325862476,0.4456132674137524,Sell,67.73098,67.75595,67.52286,67.639404,5087
2024-06-27 11:00:00,0,0.5840585434093547,0.4159414565906453,Sell,67.639404,67.84753,67.54784,67.8059,5794
2024-06-27 12:00:00,0,0.6181646825007345,0.38183531749926547,Sell,67.8059,68.03068,67.71433,68.0057,10278
2024-06-27 13:00:00,0,0.5611601926870343,0.4388398073129657,Sell,67.997375,68.297066,67.69768,67.947426,33670
2024-06-27 14:00:00,0,0.5431554308032268,0.4568445691967732,Sell,67.947426,68.197174,67.85585,68.039,20907
2024-06-27 15:00:00,0,0.5277343306108419,0.47226566938915815,Sell,68.047325,68.222145,67.689354,67.83088,23705
2024-06-27 16:00:00,0,0.5363699315720972,0.4636300684279028,Sell,67.83088,67.91412,67.55616,67.81423,14446
2024-06-27 17:00:00,0,0.5326043610301684,0.4673956389698316,Sell,67.81423,67.922455,67.706,67.91412,9827
2024-06-27 18:00:00,0,0.5505124814767788,0.4494875185232212,Sell,67.9058,68.1389,67.85585,68.097275,21793
2024-06-27 19:00:00,0,0.5658887372825576,0.4341112627174424,Sell,68.1056,68.25545,68.097275,68.18052,7230
2024-06-27 20:00:00,0,0.5254133237941181,0.4745866762058819,Sell,68.18052,68.18884,68.1056,68.1056,3823
2024-06-27 22:00:00,0,0.5339213727334804,0.4660786272665196,Sell,68.147224,68.2055,68.13057,68.16387,731
2024-06-27 23:00:00,0,0.4932980037073376,0.5067019962926624,Hold,68.16387,68.18052,68.147224,68.16387,236
2024-06-28 00:00:00,0,0.39453113455573835,0.6054688654442617,Hold,68.16387,68.33037,68.147224,68.197174,2434
2024-06-28 01:00:00,0,0.428876143481536,0.571123856518464,Hold,68.197174,68.38864,68.197174,68.35535,1872
2024-06-28 02:00:00,0,0.43955143852848394,0.560448561471516,Hold,68.35535,68.496864,68.347015,68.42194,1918
2024-06-28 03:00:00,0,0.43521346626429097,0.564786533735709,Hold,68.41362,68.496864,68.371994,68.446915,1462
2024-06-28 04:00:00,0,0.4071483317403217,0.5928516682596783,Hold,68.446915,68.46357,68.42194,68.446915,591
2024-06-28 05:00:00,0,0.4231858580908029,0.5768141419091971,Hold,68.446915,68.546814,68.42194,68.48022,1728
2024-06-28 06:00:00,0,0.42896593374965414,0.5710340662503459,Hold,68.48022,68.55514,68.45524,68.55514,1723
2024-06-28 07:00:00,0,0.4781239853222191,0.5218760146777809,Hold,68.546814,68.65504,68.45524,68.61341,6645
2024-06-28 08:00:00,0,0.48240592051438097,0.5175940794856191,Hold,68.62174,68.671684,68.42194,68.57179,7323
2024-06-28 09:00:00,1,0.494278464017448,0.505721535982552,Hold,68.57179,68.86316,68.53017,68.729965,8255
2024-06-28 10:00:00,1,0.4750947356064568,0.5249052643935432,Hold,68.729965,68.77158,68.50519,68.56346,5180
2024-06-28 11:00:00,1,0.41180463473523976,0.5881953652647602,Hold,68.55514,68.69666,68.31372,68.347015,7423
2024-06-28 12:00:00,1,0.41909731353865637,0.5809026864613436,Hold,68.347015,68.48022,68.23047,68.33869,10783
2024-06-28 13:00:00,0,0.40608633652855936,0.5939136634714406,Hold,68.33869,68.41362,67.772606,67.78093,24852
2024-06-28 14:00:00,0,0.32722068916294406,0.6727793108370559,Hold,67.78925,67.85585,67.40631,67.7393,32063
2024-06-28 15:00:00,0,0.3622109281135111,0.6377890718864889,Hold,67.74763,67.96407,67.52286,67.95575,21207
2024-06-28 16:00:00,0,0.3477399186743418,0.6522600813256583,Hold,67.947426,68.097275,67.60611,67.79758,13730
2024-06-28 17:00:00,0,0.3539036730705612,0.6460963269294389,Hold,67.78925,67.95575,67.72266,67.88083,8081
2024-06-28 18:00:00,0,0.3349918593037286,0.6650081406962713,Hold,67.88083,67.997375,67.65606,67.68103,15969
2024-06-28 19:00:00,0,0.347884986698364,0.652115013301636,Hold,67.689354,67.864174,67.639404,67.85585,4745
2024-06-28 20:00:00,0,0.2797590266899505,0.7202409733100494,Hold,67.85585,67.88915,67.81423,67.81423,1492
2024-06-30 22:00:00,0,0.3393233801731662,0.6606766198268338,Hold,67.8059,67.997375,67.74763,67.822556,1265
2024-06-30 23:00:00,0,0.3729409935757794,0.6270590064242205,Hold,67.83088,68.13057,67.81423,68.039,1521
2024-07-01 00:00:00,0,0.35580288446764513,0.6441971155323549,Hold,68.03068,68.06397,67.947426,68.02235,1864
2024-07-01 01:00:00,0,0.4330688787215096,0.5669311212784904,Hold,68.01402,68.197174,67.9724,68.1389,1541
2024-07-01 02:00:00,0,0.4441291638830993,0.5558708361169007,Hold,68.1389,68.21382,68.097275,68.18884,1012
2024-07-01 03:00:00,0,0.40369973249854424,0.5963002675014557,Hold,68.18052,68.28874,68.172195,68.21382,1377
2024-07-01 04:00:00,0,0.3935190622359493,0.6064809377640508,Hold,68.2055,68.21382,68.08895,68.15555,783
2024-07-01 05:00:00,0,0.4388387485701415,0.5611612514298585,Hold,68.16387,68.272095,68.1389,68.25545,872
2024-07-01 06:00:00,0,0.4707013298619276,0.5292986701380724,Hold,68.26377,68.43027,68.23879,68.42194,2366
2024-07-01 07:00:00,0,0.45838764572813584,0.5416123542718642,Hold,68.41362,68.48022,68.33037,68.396965,5250
2024-07-01 08:00:00,0,0.4593033312414731,0.5406966687585268,Hold,68.396965,68.50519,68.05565,68.1389,7975
2024-07-01 09:00:00,0,0.4034871120665536,0.5965128879334465,Hold,68.147224,68.371994,68.047325,68.06397,5169
2024-07-01 10:00:00,0,0.49582470567684983,0.5041752943231501,Hold,68.05565,68.26377,67.997375,68.222145,4208
2024-07-01 11:00:00,0,0.49033562746978165,0.5096643725302183,Hold,68.222145,68.36367,68.147224,68.31372,5289
2024-07-01 12:00:00,0,0.4729691375158603,0.5270308624841398,Hold,68.322044,68.396965,68.21382,68.347015,9490
2024-07-01 13:00:00,0,0.46578110291183633,0.5342188970881636,Hold,68.347015,68.68834,68.25545,68.496864,24928
2024-07-01 14:00:00,0,0.45823024341787494,0.5417697565821251,Hold,68.51352,68.56346,68.02235,68.546814,26285
2024-07-01 15:00:00,0,0.47545130612182923,0.5245486938781707,Hold,68.546814,69.0463,68.45524,69.01301,30648
2024-07-01 16:00:00,0,0.4807627394646127,0.5192372605353873,Hold,69.004684,69.154526,68.89646,69.154526,18087
2024-07-01 17:00:00,0,0.5489497254877527,0.45105027451224733,Sell,69.1462,69.43758,69.079605,69.39595,25079
2024-07-01 18:00:00,0,0.5143860563933965,0.4856139436066035,Sell,69.39595,69.529144,69.32935,69.43758,24656
2024-07-01 19:00:00,0,0.47912735758933095,0.5208726424106691,Hold,69.43758,69.62904,69.404274,69.49585,7819
2024-07-01 20:00:00,0,0.4701600926378539,0.529839907362146,Hold,69.49585,69.537476,69.37097,69.4126,3227
2024-07-01 22:00:00,0,0.4967589823880232,0.5032410176119768,Hold,69.45422,69.487526,69.404274,69.42092,587
2024-07-01 23:00:00,0,0.4597674336215894,0.5402325663784107,Hold,69.42092,69.47087,69.42092,69.43758,491
2024-07-02 00:00:00,0,0.5337438507383332,0.4662561492616668,Sell,69.43758,69.529144,69.4126,69.45422,1931
2024-07-02 01:00:00,0,0.5267455471958951,0.47325445280410494,Sell,69.46255,69.57077,69.43758,69.55412,1953
2024-07-02 02:00:00,0,0.5456775094640125,0.4543224905359875,Sell,69.55412,69.59575,69.529144,69.579094,975
2024-07-02 03:00:00,0,0.5516529484389228,0.44834705156107724,Sell,69.579094,69.60407,69.5125,69.52082,920
2024-07-02 04:00:00,0,0.5218973503886454,0.4781026496113546,Sell,69.529144,69.579094,69.50417,69.537476,1255
2024-07-02 05:00:00,0,0.5361189682754574,0.46388103172454265,Sell,69.537476,69.55412,69.479195,69.5125,1486
2024-07-02 06:00:00,0,0.5504467863191734,0.44955321368082657,Sell,69.52082,69.59575,69.46255,69.537476,2617
2024-07-02 07:00:00,0,0.5843713887973224,0.4156286112026776,Sell,69.537476,69.68732,69.3793,69.662346,6909
2024-07-02 08:00:00,0,0.5862220720213115,0.4137779279786885,Sell,69.662346,69.89544,69.487526,69.82884,12196
2024-07-02 09:00:00,0,0.5774987563201741,0.4225012436798259,Sell,69.837166,70.036964,69.82052,69.89544,6982
2024-07-02 10:00:00,0,0.6128469310190887,0.3871530689809113,Sell,69.89544,69.99534,69.84549,69.99534,4537
2024-07-02 11:00:00,0,0.5872207356377666,0.41277926436223344,Sell,69.987015,70.061935,69.87879,69.987015,5960
2024-07-02 12:00:00,1,0.6400353578696398,0.35996464213036017,Sell,69.987015,70.22843,69.92874,70.17848,13726
2024-07-02 13:00:00,1,0.5102331278897203,0.4897668721102797,Sell,70.17848,70.24509,69.59575,69.762245,35375
2024-07-02 14:00:00,0,0.48633797373458665,0.5136620262654134,Hold,69.74559,69.74559,69.22113,69.2461,36934
2024-07-02 15:00:00,0,0.3975826845271888,0.6024173154728112,Hold,69.2461,69.68732,69.1462,69.21281,28340
2024-07-02 16:00:00,0,0.4672544915786247,0.5327455084213752,Hold,69.22113,69.5458,69.1462,69.4459,13397
2024-07-02 17:00:00,0,0.4597468731529472,0.5402531268470527,Hold,69.4459,69.55412,69.204475,69.304375,10629
2024-07-02 18:00:00,0,0.43145934318814294,0.5685406568118571,Hold,69.304375,69.32103,68.86316,69.029655,27112
2024-07-02 19:00:00,0,0.42445249305573407,0.5755475069442659,Hold,69.029655,69.129555,68.99635,69.129555,3078
2024-07-02 20:00:00,0,0.38315823298450524,0.6168417670154948,Hold,69.12123,69.46255,69.11291,69.23778,3586
2024-07-02 22:00:00,0,0.3743875109422922,0.6256124890577077,Hold,69.26275,69.26275,69.079605,69.129555,813
2024-07-02 23:00:00,0,0.3847429531686707,0.6152570468313293,Hold,69.129555,69.16286,69.09625,69.104576,341
2024-07-03 00:00:00,0,0.4261091501686721,0.5738908498313279,Hold,69.11291,69.11291,69.03798,69.104576,1353
2024-07-03 01:00:00,0,0.4376722382404921,0.5623277617595079,Hold,69.09625,69.23778,69.08793,69.18783,1112
2024-07-03 02:00:00,0,0.4563706311743034,0.5436293688256966,Hold,69.18783,69.254425,69.179504,69.229454,877
2024-07-03 03:00:00,0,0.4539956124510001,0.5460043875489999,Hold,69.229454,69.3127,69.229454,69.27108,837
2024-07-03 04:00:00,0,0.48327119158895365,0.5167288084110464,Hold,69.27108,69.27108,69.229454,69.254425,576
2024-07-03 05:00:00,0,0.4700892670550322,0.5299107329449678,Hold,69.254425,69.27108,69.204475,69.21281,733
2024-07-03 06:00:00,0,0.5416136067309006,0.45838639326909936,Sell,69.21281,69.39595,69.204475,69.346,2492
2024-07-03 07:00:00,0,0.48802516332572277,0.5119748366742772,Hold,69.33768,69.346,69.1462,69.179504,4886
2024-07-03 08:00:00,0,0.44387240448031684,0.5561275955196832,Hold,69.18783,69.27108,69.054634,69.07128,5369
2024-07-03 09:00:00,0,0.4455894919160896,0.5544105080839103,Hold,69.07128,69.154526,68.87148,68.96306,6157
2024-07-03 10:00:00,0,0.45443602693786833,0.5455639730621317,Hold,68.97138,69.029655,68.83819,68.954735,4974
2024-07-03 11:00:00,0,0.4690242297835003,0.5309757702164997,Hold,68.96306,69.0463,68.87148,68.979706,3749
2024-07-03 12:00:00,0,0.5036448765413981,0.4963551234586019,Sell,68.979706,69.17118,68.93808,69.17118,8964
2024-07-03 13:00:00,0,0.5283505453972464,0.47164945460275365,Sell,69.179504,69.3127,68.904785,69.22113,20618
2024-07-03 14:00:00,0,0.4449660335336115,0.5550339664663885,Hold,69.22113,69.537476,68.64671,68.74661,43459
2024-07-03 15:00:00,0,0.5169730402615053,0.48302695973849474,Sell,68.74661,69.16286,68.74661,69.11291,27210
2024-07-03 16:00:00,0,0.6102700769961386,0.38972992300386144,Sell,69.104576,69.32103,68.94641,69.26275,13908
2024-07-03 17:00:00,0,0.6159456609921954,0.3840543390078046,Sell,69.254425,69.42092,69.09625,69.4126,9082
2024-07-03 18:00:00,0,0.5787491632246192,0.4212508367753808,Sell,69.4126,69.87047,69.37097,69.72062,19395
2024-07-03 19:00:00,0,0.5637507758657685,0.4362492241342315,Sell,69.712296,69.78722,69.67067,69.712296,2493
2024-07-03 20:00:00,0,0.49207309399774213,0.5079269060022579,Hold,69.70397,69.72062,69.59575,69.59575,1544
2024-07-03 22:00:00,0,0.5707235749921181,0.4292764250078819,Sell,69.59575,69.67067,69.57077,69.65402,446
2024-07-03 23:00:00,0,0.5631176331375916,0.43688236686240844,Sell,69.65402,69.67067,69.60407,69.6124,233
2024-07-04 00:00:00,0,0.47640427256113654,0.5235957274388634,Hold,69.62072,69.62904,69.529144,69.56245,1103
2024-07-04 01:00:00,0,0.4933900843516066,0.5066099156483934,Hold,69.56245,69.579094,69.479195,69.50417,1305
2024-07-04 02:00:00,0,0.4676784669197469,0.5323215330802531,Hold,69.49585,69.49585,69.4126,69.4459,971
2024-07-04 03:00:00,0,0.4404778428266827,0.5595221571733173,Hold,69.4459,69.49585,69.346,69.36265,878
2024-07-04 04:00:00,0,0.5109801215237807,0.4890198784762193,Sell,69.36265,69.42092,69.33768,69.4126,769
2024-07-04 05:00:00,0,0.5437683996290276,0.45623160037097243,Sell,69.4126,69.42092,69.33768,69.36265,668
2024-07-04 06:00:00,0,0.5485057353651056,0.4514942646348944,Sell,69.36265,69.38763,69.28773,69.304375,2035
2024-07-04 07:00:00,0,0.5287389186334692,0.4712610813665308,Sell,69.304375,69.32103,69.11291,69.12123,3604
2024-07-04 08:00:00,0,0.5838265956624652,0.4161734043375348,Sell,69.12123,69.529144,69.12123,69.46255,6016
2024-07-04 09:00:00,0,0.538807333247426,0.461192666752574,Sell,69.47087,69.52082,69.354324,69.38763,3192
2024-07-04 10:00:00,0,0.5904665206517306,0.40953347934826945,Sell,69.38763,69.55412,69.32935,69.5125,3023
2024-07-04 11:00:00,0,0.5184822800846002,0.4815177199153998,Sell,69.52082,69.529144,69.23778,69.3793,4155
2024-07-04 12:00:00,0,0.5434251500169645,0.45657484998303555,Sell,69.37097,69.46255,69.33768,69.3793,3488
2024-07-04 13:00:00,0,0.6219516411988901,0.3780483588011099,Sell,69.37097,69.712296,69.304375,69.68732,9238
2024-07-04 14:00:00,0,0.5695923086395281,0.43040769136047186,Sell,69.67899,69.82884,69.529144,69.67899,6330
2024-07-04 15:00:00,0,0.6261309200319527,0.3738690799680473,Sell,69.68732,69.937065,69.6124,69.87879,8520
2024-07-04 16:00:00,0,0.607775875664551,0.39222412433544895,Sell,69.87879,69.94539,69.77889,69.87047,3773
2024-07-04 17:00:00,0,0.5813174721176794,0.41868252788232063,Sell,69.87047,70.086914,69.85381,70.061935,2191
2024-07-04 18:00:00,0,0.4933193585460191,0.5066806414539808,Hold,70.061935,70.09524,69.97869,69.97869,871
2024-07-04 22:00:00,0,0.44614735883764345,0.5538526411623566,Hold,69.987015,70.02864,69.89544,69.912094,742
2024-07-04 23:00:00,0,0.48011935588271254,0.5198806441172874,Hold,69.90376,69.92042,69.84549,69.87047,858
2024-07-05 00:00:00,0,0.4917658254834942,0.5082341745165058,Hold,69.87047,70.00366,69.87047,69.937065,2025
2024-07-05 01:00:00,0,0.47349196374543345,0.5265080362545665,Hold,69.94539,69.97037,69.79554,69.812195,2477
2024-07-05 02:00:00,0,0.4440645103453459,0.5559354896546541,Hold,69.812195,69.812195,69.67067,69.67899,1318
2024-07-05 03:00:00,0,0.47652030473186135,0.5234796952681386,Hold,69.67899,69.712296,69.59575,69.68732,1494
2024-07-05 04:00:00,0,0.5114837330032705,0.48851626699672945,Sell,69.68732,69.73727,69.65402,69.68732,668
2024-07-05 05:00:00,0,0.5078679721149016,0.49213202788509836,Sell,69.68732,69.68732,69.62072,69.662346,942
2024-07-05 06:00:00,0,0.5589480397392743,0.4410519602607257,Sell,69.67067,69.72062,69.62904,69.712296,1716
2024-07-05 07:00:00,0,0.682333895084504,0.31766610491549596,Sell,69.72062,70.12854,69.70397,69.97869,6965
2024-07-05 08:00:00,0,0.6014977717696984,0.39850222823030157,Sell,69.987015,70.07859,69.85381,69.87047,5573
2024-07-05 09:00:00,0,0.5820371293680151,0.4179628706319849,Sell,69.87879,69.937065,69.74559,69.78722,3852
2024-07-05 10:00:00,0,0.5959157810504689,0.40408421894953106,Sell,69.78722,69.95371,69.762245,69.77889,4257
2024-07-05 11:00:00,0,0.5958645314511792,0.40413546854882076,Sell,69.77889,69.89544,69.72062,69.87879,3348
2024-07-05 12:00:00,0,0.5889624551128217,0.41103754488717825,Sell,69.87047,69.962036,69.72894,69.92874,8102
2024-07-05 13:00:00,0,0.6243363997342884,0.37566360026571155,Sell,69.92042,70.10356,69.70397,70.011986,21762
2024-07-05 14:00:00,0,0.6037852812902015,0.3962147187097985,Sell,70.011986,70.10356,69.67067,70.061935,19076
2024-07-05 15:00:00,1,0.6163332928157015,0.3836667071842985,Sell,70.07026,70.36163,70.05361,70.12021,19311
2024-07-05 16:00:00,1,0.5528055853517682,0.44719441464823184,Sell,70.12854,70.161835,69.89544,69.92874,13303
2024-07-05 17:00:00,1,0.513916913691475,0.48608308630852504,Sell,69.92042,69.962036,69.38763,69.42925,20628
2024-07-05 18:00:00,1,0.48768384347264565,0.5123161565273544,Hold,69.43758,69.49585,69.17118,69.32103,24854
2024-07-05 19:00:00,0,0.42695504080588625,0.5730449591941138,Hold,69.32103,69.33768,69.154526,69.21281,5157
2024-07-05 20:00:00,1,0.44966025000838084,0.5503397499916192,Hold,69.204475,69.47087,69.16286,69.46255,3203
2024-07-07 22:00:00,1,0.4269053550859335,0.5730946449140665,Hold,69.22113,69.36265,68.94641,69.27108,4115
2024-07-07 23:00:00,1,0.4307304452506911,0.569269554749309,Hold,69.27108,69.33768,69.204475,69.26275,810
2024-07-08 00:00:00,0,0.39187408328342466,0.6081259167165753,Hold,69.26275,69.27108,68.98803,69.004684,1820
2024-07-08 01:00:00,0,0.3780022637863943,0.6219977362136058,Hold,68.99635,69.07128,68.854836,68.89646,3618
2024-07-08 02:00:00,0,0.40752569625041307,0.592474303749587,Hold,68.89646,69.029655,68.87148,68.93808,1626
2024-07-08 03:00:00,1,0.43303429621683376,0.5669657037831662,Hold,68.929756,69.12123,68.88813,69.054634,1193
2024-07-08 04:00:00,1,0.4165308163193901,0.5834691836806098,Hold,69.054634,69.07128,69.01301,69.0463,621
2024-07-08 05:00:00,1,0.3659116801531875,0.6340883198468126,Hold,69.03798,69.03798,68.86316,68.88813,906
2024-07-08 06:00:00,1,0.39693591550762297,0.603064084492377,Hold,68.89646,68.929756,68.77991,68.77991,3917
2024-07-08 07:00:00,1,0.41373352733589613,0.5862664726641038,Hold,68.77991,68.929756,68.65504,68.854836,6764
2024-07-08 08:00:00,0,0.4345901327923911,0.5654098672076089,Hold,68.86316,68.904785,68.59676,68.60509,7365
2024-07-08 09:00:00,0,0.4512781897508257,0.5487218102491743,Hold,68.60509,68.61341,68.396965,68.41362,7452
2024-07-08 10:00:00,0,0.43728591201913364,0.5627140879808663,Hold,68.42194,68.58844,68.347015,68.50519,5928
2024-07-08 11:00:00,0,0.4139430027363514,0.5860569972636487,Hold,68.51352,68.721634,68.48022,68.65504,5766
2024-07-08 12:00:00,1,0.462421485185113,0.537578514814887,Hold,68.65504,68.96306,68.61341,68.83819,11405
2024-07-08 13:00:00,1,0.40645795683340075,0.5935420431665992,Hold,68.82986,68.92143,68.41362,68.74661,22013
2024-07-08 14:00:00,1,0.4431896459499475,0.5568103540500525,Hold,68.74661,68.954735,68.630066,68.82986,16670
2024-07-08 15:00:00,0,0.41806971729317766,0.5819302827068223,Hold,68.82986,68.979706,68.48854,68.52184,14125
2024-07-08 16:00:00,1,0.40890607614693153,0.5910939238530685,Hold,68.51352,68.73829,68.47189,68.69666,8765
2024-07-08 17:00:00,1,0.3583281701336194,0.6416718298663806,Hold,68.69666,68.82986,68.47189,68.56346,11250
2024-07-08 18:00:00,0,0.422292415586937,0.577707584413063,Hold,68.56346,68.66336,68.35535,68.371994,15775
2024-07-08 19:00:00,1,0.3888978302842623,0.6111021697157377,Hold,68.38032,68.48022,68.33037,68.47189,3726
2024-07-08 20:00:00,1,0.37483254988256515,0.6251674501174349,Hold,68.47189,68.52184,68.446915,68.446915,1398
2024-07-08 22:00:00,1,0.40703710931589693,0.5929628906841031,Hold,68.446915,68.48854,68.40529,68.42194,542
2024-07-08 23:00:00,1,0.42392832449643275,0.5760716755035673,Hold,68.42194,68.47189,68.42194,68.45524,339
2024-07-09 00:00:00,1,0.4616670899565163,0.5383329100434837,Hold,68.46357,68.51352,68.446915,68.496864,1059
2024-07-09 01:00:00,0,0.4088946888123253,0.5911053111876747,Hold,68.496864,68.546814,68.371994,68.38864,1162
2024-07-09 02:00:00,0,0.45551587255880926,0.5444841274411907,Hold,68.38864,68.40529,68.297066,68.322044,1216
2024-07-09 03:00:00,0,0.43911699767270074,0.5608830023272993,Hold,68.33037,68.371994,68.3054,68.33037,776
2024-07-09 04:00:00,0,0.44920008236924136,0.5507999176307586,Hold,68.322044,68.38864,68.31372,68.33869,614
2024-07-09 05:00:00,1,0.47256691169310366,0.5274330883068963,Hold,68.33869,68.60509,68.33037,68.58844,1631
2024-07-09 06:00:00,1,0.47542248822422106,0.5245775117757789,Hold,68.58844,68.61341,68.43027,68.48854,2254
2024-07-09 07:00:00,0,0.5005937853875311,0.4994062146124689,Sell,68.496864,68.496864,68.172195,68.197174,5837
2024-07-09 08:00:00,0,0.45888930468731504,0.541110695312685,Hold,68.197174,68.272095,68.039,68.08062,8423
2024-07-09 09:00:00,0,0.49015809056561704,0.5098419094343829,Hold,68.08062,68.26377,67.997375,68.197174,5708
2024-07-09 10:00:00,0,0.47883811390826414,0.5211618860917359,Hold,68.18884,68.31372,68.1056,68.197174,3867
2024-07-09 11:00:00,0,0.5054561974925008,0.4945438025074992,Sell,68.18884,68.33037,68.13057,68.25545,4822
2024-07-09 12:00:00,0,0.4371113920672004,0.5628886079327996,Hold,68.25545,68.272095,68.039,68.18052,11610
2024-07-09 13:00:00,0,0.41246915406012785,0.5875308459398721,Hold,68.18884,68.46357,68.03068,68.05565,20433
2024-07-09 14:00:00,1,0.5324084702098116,0.46759152979018836,Sell,68.05565,68.60509,68.03068,68.53849,20120
2024-07-09 15:00:00,0,0.3582452276639706,0.6417547723360294,Hold,68.546814,68.66336,67.689354,67.93078,38741
2024-07-09 16:00:00,0,0.3288261271122409,0.6711738728877591,Hold,67.922455,68.06397,67.639404,68.047325,20296
2024-07-09 17:00:00,0,0.3028597664300377,0.6971402335699624,Hold,68.047325,68.396965,67.96407,67.997375,18910
2024-07-09 18:00:00,0,0.2922038458668717,0.7077961541331284,Hold,67.997375,68.047325,67.65606,67.947426,19516
2024-07-09 19:00:00,0,0.32897989176198594,0.6710201082380141,Hold,67.947426,67.947426,67.83088,67.91412,3548
2024-07-09 20:00:00,0,0.3788344432312343,0.6211655567687657,Hold,67.91412,68.1389,67.88915,68.1056,2723
2024-07-09 22:00:00,0,0.33438584762385604,0.665614152376144,Hold,68.1056,68.1056,67.947426,67.96407,686
2024-07-09 23:00:00,0,0.37087223412214804,0.629127765877852,Hold,67.96407,68.01402,67.93078,68.0057,487
2024-07-10 00:00:00,0,0.38769125604773347,0.6123087439522665,Hold,68.01402,68.01402,67.9391,67.98905,940
2024-07-10 01:00:00,0,0.3635610573447906,0.6364389426552094,Hold,67.98073,67.997375,67.822556,67.8392,1712
2024-07-10 02:00:00,0,0.34808551859522135,0.6519144814047786,Hold,67.8392,67.88083,67.68103,67.71433,1529
2024-07-10 03:00:00,0,0.35718064571927477,0.6428193542807252,Hold,67.706,67.71433,67.639404,67.66438,1416
2024-07-10 04:00:00,0,0.3299673419598733,0.6700326580401267,Hold,67.66438,67.67271,67.61443,67.62276,912
2024-07-10 05:00:00,0,0.3335746672801285,0.6664253327198715,Hold,67.61443,67.62276,67.43128,67.43128,2772
2024-07-10 06:00:00,0,0.29745851102237564,0.7025414889776244,Hold,67.43961,67.44794,67.32306,67.38133,4678
2024-07-10 07:00:00,0,0.32678681367811674,0.6732131863218833,Hold,67.38966,67.60611,67.27311,67.59778,7261
2024-07-10 08:00:00,0,0.3660698294746898,0.6339301705253102,Hold,67.59778,68.122246,67.50621,68.03068,10793
2024-07-10 09:00:00,0,0.3151220250456681,0.6848779749543319,Hold,68.039,68.122246,67.93078,67.96407,6379
2024-07-10 10:00:00,0,0.35646254699482655,0.6435374530051734,Hold,67.9724,68.01402,67.66438,67.68103,5881
2024-07-10 11:00:00,0,0.31418888228507835,0.6858111177149216,Hold,67.68103,67.69768,67.53118,67.69768,6886
2024-07-10 12:00:00,0,0.31436014623522746,0.6856398537647725,Hold,67.69768,67.864174,67.59778,67.66438,8978
2024-07-10 13:00:00,0,0.28430281401601976,0.7156971859839802,Hold,67.66438,67.872505,67.43961,67.72266,21553
2024-07-10 14:00:00,0,0.2895894368954378,0.7104105631045622,Hold,67.72266,68.3054,67.62276,68.1056,31831
2024-07-10 15:00:00,0,0.4381885490865176,0.5618114509134824,Hold,68.1056,68.81321,68.1056,68.76326,33685
2024-07-10 16:00:00,0,0.3985823024807886,0.6014176975192114,Hold,68.76326,68.77991,68.322044,68.33869,17336
2024-07-10 17:00:00,0,0.4387657772508662,0.5612342227491338,Hold,68.33869,68.50519,68.08062,68.48854,18321
2024-07-10 18:00:00,0,0.3615403895672675,0.6384596104327325,Hold,68.48854,68.55514,68.25545,68.48854,19197
2024-07-10 19:00:00,0,0.4078186553542726,0.5921813446457274,Hold,68.48022,68.62174,68.45524,68.60509,3991
2024-07-10 20:00:00,0,0.3613558011970662,0.6386441988029339,Hold,68.60509,68.64671,68.57179,68.60509,1746
2024-07-10 22:00:00,0,0.38834157321345186,0.6116584267865481,Hold,68.59676,68.60509,68.546814,68.58844,582
2024-07-10 23:00:00,0,0.4057781595793661,0.5942218404206339,Hold,68.58844,68.64671,68.57179,68.63839,487
2024-07-11 00:00:00,0,0.3929765868180257,0.6070234131819743,Hold,68.64671,68.74661,68.61341,68.729965,1557
2024-07-11 01:00:00,0,0.4051105533199836,0.5948894466800164,Hold,68.729965,68.929756,68.729965,68.91311,3306
2024-07-11 02:00:00,0,0.36391813379061366,0.6360818662093863,Hold,68.92143,68.98803,68.88813,68.91311,1594
2024-07-11 03:00:00,0,0.38567404185106574,0.6143259581489342,Hold,68.91311,68.94641,68.82986,68.87148,2067
2024-07-11 04:00:00,1,0.3784386815259458,0.6215613184740543,Hold,68.87148,68.92143,68.804886,68.89646,950
2024-07-11 05:00:00,1,0.37388506314912084,0.6261149368508792,Hold,68.89646,68.93808,68.87981,68.91311,659
2024-07-11 06:00:00,1,0.3995527796736964,0.6004472203263036,Hold,68.91311,68.91311,68.79656,68.82153,1881
2024-07-11 07:00:00,0,0.4051843949331017,0.5948156050668982,Hold,68.82986,68.82986,68.55514,68.57179,4928
2024-07-11 08:00:00,0,0.43491527537427616,0.5650847246257238,Hold,68.58012,68.77991,68.45524,68.47189,7492
2024-07-11 09:00:00,0,0.48545069803731655,0.5145493019626834,Hold,68.46357,68.57179,68.371994,68.46357,5097
2024-07-11 10:00:00,0,0.5068676394486723,0.4931323605513277,Sell,68.46357,68.66336,68.446915,68.53849,5147
2024-07-11 11:00:00,0,0.515309379745266,0.484690620254734,Sell,68.53849,68.63839,68.28042,68.33037,6305
2024-07-11 12:00:00,0,0.48365478849508003,0.51634521150492,Hold,68.33037,68.73829,68.26377,68.55514,17451
2024-07-11 13:00:00,0,0.46718167243618847,0.5328183275638115,Hold,68.55514,68.65504,67.95575,68.23047,33423
2024-07-11 14:00:00,0,0.4549401609259034,0.5450598390740966,Hold,68.23047,68.77991,68.03068,68.73829,25684
2024-07-11 15:00:00,0,0.426038930464445,0.573961069535555,Hold,68.74661,68.89646,68.56346,68.70499,22477
2024-07-11 16:00:00,0,0.42895781741718325,0.5710421825828167,Hold,68.70499,68.78824,68.26377,68.322044,13355
2024-07-11 17:00:00,0,0.3623817518144484,0.6376182481855516,Hold,68.31372,68.78824,68.3054,68.77991,14814
2024-07-11 18:00:00,0,0.3942545899087345,0.6057454100912655,Hold,68.77158,69.079605,68.65504,69.07128,26896
2024-07-11 19:00:00,0,0.3593241666855868,0.6406758333144131,Hold,69.079605,69.204475,68.954735,69.16286,7436
2024-07-11 20:00:00,0,0.3614378154729207,0.6385621845270792,Hold,69.16286,69.179504,68.96306,68.96306,2676
2024-07-11 22:00:00,0,0.3843152547433698,0.6156847452566302,Hold,68.979706,69.07128,68.979706,69.054634,543
2024-07-11 23:00:00,0,0.3716112371018246,0.6283887628981755,Hold,69.0463,69.104576,69.03798,69.104576,311
2024-07-12 00:00:00,0,0.4481964499605477,0.5518035500394523,Hold,69.11291,69.23778,69.104576,69.16286,1553
2024-07-12 01:00:00,0,0.4038429167627452,0.5961570832372548,Hold,69.17118,69.21281,68.91311,69.029655,2527
2024-07-12 02:00:00,0,0.45526216528377145,0.5447378347162286,Hold,69.029655,69.229454,69.01301,69.17118,2131
2024-07-12 03:00:00,0,0.4132196653372685,0.5867803346627315,Hold,69.179504,69.179504,68.99635,69.029655,1932
2024-07-12 04:00:00,0,0.45203905991766735,0.5479609400823326,Hold,69.029655,69.07128,68.97138,69.054634,1042
2024-07-12 05:00:00,0,0.4512780692098736,0.5487219307901263,Hold,69.054634,69.104576,68.97138,69.08793,1232
2024-07-12 06:00:00,0,0.5261844169315145,0.4738155830684855,Sell,69.079605,69.29605,69.079605,69.2794,3923
2024-07-12 07:00:00,0,0.5370329081174176,0.46296709188258245,Sell,69.27108,69.49585,69.23778,69.43758,8293
2024-07-12 08:00:00,1,0.5590533841954812,0.44094661580451877,Sell,69.43758,69.63737,69.346,69.62904,9584
2024-07-12 09:00:00,1,0.49103450349225997,0.50896549650774,Hold,69.63737,69.712296,69.4459,69.57077,7899
2024-07-12 10:00:00,0,0.4336398115624325,0.5663601884375675,Hold,69.579094,69.579094,69.32103,69.354324,6251
2024-07-12 11:00:00,1,0.43855290645815154,0.5614470935418485,Hold,69.354324,69.487526,69.304375,69.479195,5219
2024-07-12 12:00:00,1,0.40686107904813756,0.5931389209518625,Hold,69.47087,69.59575,69.304375,69.43758,10826
2024-07-12 13:00:00,0,0.43612869135439186,0.5638713086456082,Hold,69.4459,69.67899,68.979706,69.09625,30878
2024-07-12 14:00:00,1,0.4307865469578104,0.5692134530421896,Hold,69.09625,69.479195,68.97138,69.18783,23994
2024-07-12 15:00:00,0,0.39471499773729435,0.6052850022627057,Hold,69.18783,69.33768,68.721634,68.82986,27678
2024-07-12 16:00:00,0,0.4192568121039573,0.5807431878960427,Hold,68.83819,69.02133,68.56346,68.98803,18531
2024-07-12 17:00:00,0,0.3566862068823061,0.6433137931176939,Hold,68.99635,69.02133,68.53017,68.729965,14145
2024-07-12 18:00:00,0,0.33671663676938557,0.6632833632306144,Hold,68.721634,68.73829,68.347015,68.43027,22900
2024-07-12 19:00:00,0,0.31193259922271965,0.6880674007772803,Hold,68.42194,68.48854,68.396965,68.46357,3244
2024-07-12 20:00:00,0,0.3044553048696253,0.6955446951303748,Hold,68.46357,68.53017,68.41362,68.41362,1560
2024-07-14 22:00:00,0,0.33648362712502794,0.663516372874972,Hold,68.396965,68.74661,68.33037,68.58844,1959
2024-07-14 23:00:00,1,0.3171307943360724,0.6828692056639276,Hold,68.58012,68.61341,68.46357,68.46357,718
2024-07-15 00:00:00,0,0.31332752420176585,0.6866724757982341,Hold,68.47189,68.47189,68.05565,68.06397,2611
2024-07-15 01:00:00,1,0.35319188347424235,0.6468081165257576,Hold,68.05565,68.61341,67.9391,68.56346,5374
2024-07-15 02:00:00,1,0.358769273965565,0.641230726034435,Hold,68.55514,68.61341,68.47189,68.58844,1952
2024-07-15 03:00:00,1,0.3880606091349373,0.6119393908650628,Hold,68.57179,68.63839,68.546814,68.61341,759
2024-07-15 04:00:00,1,0.39692571655099995,0.603074283449,Hold,68.60509,68.62174,68.56346,68.59676,530
2024-07-15 05:00:00,1,0.4011349895346684,0.5988650104653316,Hold,68.59676,68.63839,68.496864,68.53017,1147
2024-07-15 06:00:00,0,0.378765916499126,0.6212340835008741,Hold,68.52184,68.52184,68.33037,68.371994,2162
2024-07-15 07:00:00,0,0.3823409084328237,0.6176590915671762,Hold,68.36367,68.446915,68.18052,68.25545,5540
2024-07-15 08:00:00,1,0.4148101113372567,0.5851898886627434,Hold,68.26377,68.64671,68.24712,68.59676,7948
2024-07-15 09:00:00,1,0.3516481545300444,0.6483518454699556,Hold,68.59676,68.680016,68.48022,68.496864,4731
2024-07-15 10:00:00,1,0.3294732077610646,0.6705267922389354,Hold,68.50519,68.53017,68.35535,68.371994,4414
2024-07-15 11:00:00,0,0.3106900219094138,0.6893099780905863,Hold,68.371994,68.45524,68.25545,68.3054,4149
2024-07-15 12:00:00,1,0.38387133923856165,0.6161286607614384,Hold,68.31372,68.52184,68.222145,68.48854,9008
2024-07-15 13:00:00,0,0.3429995224134915,0.6570004775865085,Hold,68.48854,68.58844,67.822556,68.13057,31221
2024-07-15 14:00:00,1,0.2827910360992365,0.7172089639007635,Hold,68.13057,68.26377,67.88915,68.15555,21516
2024-07-15 15:00:00,1,0.2639939254218709,0.7360060745781292,Hold,68.147224,68.43859,68.1056,68.18052,19776
2024-07-15 16:00:00,1,0.2736999237547124,0.7263000762452876,Hold,68.18052,68.43859,68.1389,68.26377,11957
2024-07-15 17:00:00,1,0.2791588943803053,0.7208411056196947,Hold,68.26377,68.33869,68.06397,68.122246,10719
2024-07-15 18:00:00,1,0.28523346603719296,0.7147665339628071,Hold,68.13057,68.297066,68.01402,68.2055,15125
2024-07-15 19:00:00,1,0.2878684524798662,0.7121315475201337,Hold,68.2055,68.31372,68.15555,68.23879,2649
2024-07-15 20:00:00,1,0.2897509044865976,0.7102490955134024,Hold,68.23879,68.28874,68.1389,68.23047,1221
2024-07-15 22:00:00,1,0.303634917458433,0.696365082541567,Hold,68.197174,68.2055,68.11392,68.122246,535
2024-07-15 23:00:00,1,0.36872335841221304,0.631276641587787,Hold,68.122246,68.13057,68.097275,68.1056,220
2024-07-16 00:00:00,1,0.34118912513827554,0.6588108748617245,Hold,68.1056,68.147224,68.072296,68.122246,940
2024-07-16 01:00:00,1,0.36606689198585907,0.6339331080141409,Hold,68.13057,68.16387,67.9724,68.02235,1139
2024-07-16 02:00:00,1,0.35646462498713943,0.6435353750128605,Hold,68.01402,68.05565,67.95575,68.0057,714
2024-07-16 03:00:00,1,0.36100061103553927,0.6389993889644607,Hold,68.0057,68.047325,67.922455,67.9724,1539
2024-07-16 04:00:00,1,0.3638601089904294,0.6361398910095706,Hold,67.9724,68.0057,67.9391,67.947426,745
2024-07-16 05:00:00,1,0.3514645727337655,0.6485354272662345,Hold,67.9391,67.9391,67.79758,67.84753,1868
2024-07-16 06:00:00,1,0.3313101146679624,0.6686898853320375,Hold,67.8392,67.8392,67.62276,67.71433,4507
2024-07-16 07:00:00,1,0.32452153775261733,0.6754784622473826,Hold,67.72266,67.73098,67.58113,67.68103,4468
2024-07-16 08:00:00,0,0.2726103156204626,0.7273896843795373,Hold,67.68103,67.68103,67.48123,67.56448,5954
2024-07-16 09:00:00,1,0.3150152397891877,0.6849847602108123,Hold,67.57281,67.7393,67.52286,67.62276,3893
2024-07-16 10:00:00,0,0.25710773796846026,0.7428922620315397,Hold,67.61443,67.64773,67.44794,67.49789,4155
2024-07-16 11:00:00,0,0.31222911245313706,0.6877708875468629,Hold,67.489555,67.489555,66.89849,66.89849,15119
2024-07-16 12:00:00,0,0.2953316111756075,0.7046683888243925,Hold,66.89017,67.08164,66.781944,66.97342,16969
2024-07-16 13:00:00,0,0.32416352965500994,0.6758364703449901,Hold,66.97342,67.239815,66.89849,67.15656,23281
2024-07-16 14:00:00,0,0.29845645290944145,0.7015435470905586,Hold,67.16489,67.54784,67.03169,67.53118,18289
2024-07-16 15:00:00,0,0.2840733781332935,0.7159266218667065,Hold,67.53118,67.66438,67.22317,67.38966,19092
2024-07-16 16:00:00,0,0.29555768518940523,0.7044423148105947,Hold,67.38966,67.54784,67.264786,67.30641,9944
2024-07-16 17:00:00,0,0.397584152727172,0.602415847272828,Hold,67.30641,67.63108,67.239815,67.48123,12208
2024-07-16 18:00:00,0,0.3229539968392341,0.6770460031607659,Hold,67.47291,67.539505,67.09829,67.264786,21373
2024-07-16 19:00:00,0,0.34334567528609783,0.6566543247139022,Hold,67.27311,67.35636,67.214836,67.33139,3310
2024-07-16 20:00:00,0,0.27604080584156115,0.7239591941584389,Hold,67.33139,67.35636,67.20651,67.28144,1395
2024-07-16 22:00:00,0,0.2791506731974651,0.7208493268025349,Hold,67.30641,67.34804,67.239815,67.27311,501
2024-07-16 23:00:00,0,0.3403745641649777,0.6596254358350223,Hold,67.289764,67.30641,67.18154,67.19819,260
2024-07-17 00:00:00,0,0.30054020813018445,0.6994597918698156,Hold,67.19819,67.19819,67.09829,67.139915,713
2024-07-17 01:00:00,0,0.30522473255459437,0.6947752674454056,Hold,67.14824,67.20651,66.97342,67.20651,1273
2024-07-17 02:00:00,0,0.3028448591334414,0.6971551408665586,Hold,67.20651,67.33139,67.20651,67.264786,777
2024-07-17 03:00:00,0,0.29192963880094247,0.7080703611990575,Hold,67.264786,67.264786,67.16489,67.24814,677
2024-07-17 04:00:00,0,0.3106136645225221,0.6893863354774779,Hold,67.24814,67.24814,67.12327,67.139915,533
2024-07-17 05:00:00,0,0.3066809548311145,0.6933190451688855,Hold,67.139915,67.18154,67.089966,67.13159,572
2024-07-17 06:00:00,0,0.2920382115231153,0.7079617884768847,Hold,67.12327,67.22317,66.99839,67.214836,1378
2024-07-17 07:00:00,0,0.3266474111166773,0.6733525888833227,Hold,67.22317,67.59778,67.18154,67.54784,4412
2024-07-17 08:00:00,0,0.3256215081774877,0.6743784918225123,Hold,67.54784,67.58113,67.264786,67.264786,6031
2024-07-17 09:00:00,0,0.3111847830816754,0.6888152169183246,Hold,67.27311,67.29809,67.189865,67.264786,2635
2024-07-17 10:00:00,0,0.3674530672376934,0.6325469327623066,Hold,67.24814,67.60611,67.18154,67.54784,3803
2024-07-17 11:00:00,0,0.3452329710535991,0.6547670289464009,Hold,67.54784,67.65606,67.45626,67.639404,3568
2024-07-17 12:00:00,0,0.40469654603213473,0.5953034539678652,Hold,67.63108,67.95575,67.589455,67.93078,8230
2024-07-17 13:00:00,0,0.4176505131966077,0.5823494868033923,Hold,67.93078,68.51352,67.864174,68.48022,19708
2024-07-17 14:00:00,0,0.3821439992779704,0.6178560007220296,Hold,68.47189,68.76326,68.24712,68.671684,18147
2024-07-17 15:00:00,0,0.4186352145956491,0.5813647854043509,Hold,68.671684,68.93808,68.446915,68.91311,17436
2024-07-17 16:00:00,0,0.36978683761365433,0.6302131623863456,Hold,68.91311,68.97138,68.65504,68.92143,10482
2024-07-17 17:00:00,0,0.3734347570576624,0.6265652429423376,Hold,68.92143,69.01301,68.78824,68.96306,7395
2024-07-17 18:00:00,0,0.3288024306773584,0.6711975693226415,Hold,68.96306,69.0463,68.721634,68.954735,16597
2024-07-17 19:00:00,0,0.3275352214051022,0.6724647785948978,Hold,68.94641,69.03798,68.92143,69.01301,2688
2024-07-17 20:00:00,0,0.37975508013453196,0.620244919865468,Hold,69.004684,69.179504,68.99635,69.179504,1585
2024-07-17 22:00:00,0,0.4007116615545302,0.5992883384454698,Hold,69.18783,69.26275,69.13788,69.254425,430
2024-07-17 23:00:00,0,0.43384252401489193,0.566157475985108,Hold,69.2461,69.304375,69.22113,69.29605,246
2024-07-18 00:00:00,0,0.46126879573422763,0.5387312042657724,Hold,69.29605,69.29605,69.179504,69.26275,219
2024-07-18 01:00:00,0,0.571423594701355,0.42857640529864505,Sell,69.2794,69.537476,69.2794,69.42092,550
2024-07-18 02:00:00,0,0.5361094433051368,0.46389055669486323,Sell,69.4126,69.4126,69.2461,69.32935,148
2024-07-18 03:00:00,0,0.5693011274155864,0.43069887258441364,Sell,69.33768,69.404274,69.32103,69.39595,155
2024-07-18 04:00:00,0,0.580616850835979,0.419383149164021,Sell,69.39595,69.50417,69.3793,69.43758,229
2024-07-18 05:00:00,0,0.5733310256828246,0.42666897431717543,Sell,69.4459,69.479195,69.38763,69.4459,119
2024-07-18 06:00:00,1,0.648424574264043,0.351575425735957,Sell,69.45422,69.77889,69.43758,69.77057,806
2024-07-18 07:00:00,1,0.6083532590283847,0.39164674097161534,Sell,69.74559,69.77057,69.60407,69.62072,1352
2024-07-18 08:00:00,1,0.5608304289023872,0.4391695710976128,Sell,69.6457,69.67067,69.22113,69.3127,1377
2024-07-18 09:00:00,0,0.48189719389854807,0.5181028061014519,Hold,69.304375,69.346,68.929756,69.07128,842
2024-07-18 10:00:00,0,0.44856319701682656,0.5514368029831734,Hold,69.07128,69.11291,68.729965,68.979706,1109
2024-07-18 11:00:00,0,0.38796151752904634,0.6120384824709537,Hold,68.979706,68.979706,68.82153,68.88813,569
2024-07-18 12:00:00,0,0.40045242543412174,0.5995475745658783,Hold,68.88813,69.029655,68.68834,68.70499,1333
2024-07-18 13:00:00,0,0.38780293486081496,0.612197065139185,Hold,68.68834,69.13788,68.59676,68.61341,2070
2024-07-18 14:00:00,0,0.36708361410591356,0.6329163858940865,Hold,68.61341,68.84651,68.297066,68.55514,2456
2024-07-18 15:00:00,0,0.4497030227459375,0.5502969772540625,Hold,68.56346,69.18783,68.48854,69.104576,2095
2024-07-18 16:00:00,1,0.44500428328465885,0.5549957167153412,Hold,69.11291,69.36265,69.07128,69.36265,1650
2024-07-18 17:00:00,1,0.43299081542748097,0.567009184572519,Hold,69.3793,69.529144,69.27108,69.45422,1820
2024-07-18 18:00:00,1,0.3768204797148692,0.6231795202851308,Hold,69.4459,69.45422,68.77991,68.79656,3209
2024-07-18 19:00:00,0,0.38143047945856595,0.6185695205414341,Hold,68.79656,68.79656,68.371994,68.42194,939
2024-07-18 20:00:00,0,0.43878063042236803,0.561219369577632,Hold,68.42194,68.63839,68.42194,68.59676,819
2024-07-18 22:00:00,0,0.3939787411583117,0.6060212588416882,Hold,68.65504,68.65504,68.496864,68.546814,105
2024-07-18 23:00:00,0,0.36590165743473124,0.6340983425652688,Hold,68.53849,68.58012,68.53017,68.53849,28
2024-07-19 00:00:00,0,0.3965410802601134,0.6034589197398865,Hold,68.53849,68.53849,68.31795,68.44518,3965
2024-07-19 01:00:00,0,0.41688174431068026,0.5831182556893197,Hold,68.4367,68.47063,68.292496,68.36036,3121
2024-07-19 02:00:00,0,0.45312708262953005,0.54687291737047,Hold,68.351875,68.45367,68.32643,68.428215,1845
2024-07-19 03:00:00,0,0.4558815200137681,0.544118479986232,Hold,68.4367,68.623314,68.428215,68.52152,2159
2024-07-19 04:00:00,0,0.4583346010087592,0.5416653989912408,Hold,68.52152,68.55546,68.49608,68.53001,810
2024-07-19 05:00:00,0,0.461419822995933,0.538580177004067,Hold,68.52152,68.53001,68.37732,68.41974,2990
2024-07-19 06:00:00,0,0.4820269916038908,0.5179730083961092,Hold,68.411255,68.546974,68.3858,68.46215,2681
2024-07-19 07:00:00,0,0.47069144586563655,0.5293085541343634,Hold,68.46215,68.53001,68.26705,68.52152,6310
2024-07-19 08:00:00,1,0.5591075425343567,0.4408924574656433,Sell,68.53001,68.996544,68.46215,68.979576,9453
2024-07-19 09:00:00,1,0.5657787790339539,0.4342212209660461,Sell,68.979576,68.98806,68.71662,68.85234,5607
2024-07-19 10:00:00,1,0.5162733626498294,0.48372663735017063,Sell,68.84386,68.87779,68.64028,68.648766,4559
2024-07-19 11:00:00,1,0.5822644918455276,0.41773550815447236,Sell,68.64028,68.776,68.53001,68.776,6698
2024-07-19 12:00:00,1,0.6152628584789525,0.38473714152104754,Sell,68.776,68.87779,68.65724,68.8269,10272
2024-07-19 13:00:00,1,0.5027317417118938,0.49726825828810617,Sell,68.8269,68.83538,68.02106,68.648766,36426
2024-07-19 14:00:00,1,0.4737836395772867,0.5262163604227132,Hold,68.64028,68.69118,68.26705,68.30946,22619
2024-07-19 15:00:00,1,0.3719878060456204,0.6280121939543797,Hold,68.30098,68.428215,67.69024,67.78355,33260
2024-07-19 16:00:00,0,0.34251496094907663,0.6574850390509234,Hold,67.79203,67.81748,67.06254,67.08798,32770
2024-07-19 17:00:00,0,0.36380495890949255,0.6361950410905075,Hold,67.096466,67.25764,66.740204,66.86744,31738
2024-07-19 18:00:00,0,0.34017026195320016,0.6598297380467999,Hold,66.86744,66.96923,66.663864,66.82503,34534
2024-07-19 19:00:00,0,0.34301216226425785,0.6569878377357421,Hold,66.81654,66.89289,66.73172,66.80806,7654
2024-07-19 20:00:00,0,0.35169712965321637,0.6483028703467837,Hold,66.80806,66.82503,66.663864,66.67234,2564
2024-07-21 22:00:00,0,0.3692272552559323,0.6307727447440676,Hold,66.96923,67.03709,66.80806,67.03709,3669
2024-07-21 23:00:00,0,0.3515624997371241,0.6484375002628759,Hold,67.02861,67.079506,66.94378,67.03709,1269
2024-07-22 00:00:00,1,0.3510623917954026,0.6489376082045974,Hold,67.03709,67.12192,66.994675,67.07102,1876
2024-07-22 01:00:00,1,0.4016333648934294,0.5983666351065706,Hold,67.07102,67.113434,66.85047,66.858955,3424
2024-07-22 02:00:00,1,0.4227706999771516,0.5772293000228483,Hold,66.841995,67.04557,66.81654,67.03709,2410
2024-07-22 03:00:00,1,0.3906368085269878,0.6093631914730122,Hold,67.03709,67.12192,67.01164,67.096466,1870
2024-07-22 04:00:00,1,0.4024773149066755,0.5975226850933245,Hold,67.08798,67.08798,66.96075,67.03709,1106
2024-07-22 05:00:00,1,0.3984398530571847,0.6015601469428153,Hold,67.02861,67.10495,66.9862,67.06254,1310
2024-07-22 06:00:00,1,0.42099005235700065,0.5790099476429993,Hold,67.06254,67.07102,66.841995,66.87592,2856
2024-07-22 07:00:00,1,0.4249756596042552,0.5750243403957448,Hold,66.86744,67.079506,66.82503,66.90137,6185
2024-07-22 08:00:00,1,0.46910389642302963,0.5308961035769704,Hold,66.90985,67.01164,66.723236,66.73172,8105
2024-07-22 09:00:00,1,0.42443932747470303,0.575560672525297,Hold,66.73172,66.83351,66.4518,66.61297,11766
2024-07-22 10:00:00,0,0.42243945965406265,0.5775605403459374,Hold,66.604485,66.65538,66.4009,66.43483,5509
2024-07-22 11:00:00,0,0.3753524345856723,0.6246475654143278,Hold,66.43483,66.51966,66.290634,66.29911,8691
2024-07-22 12:00:00,0,0.3906544461410722,0.6093455538589279,Hold,66.29911,66.38394,66.07008,66.12946,14855
2024-07-22 13:00:00,0,0.3278406834092133,0.6721593165907866,Hold,66.12946,66.24822,65.781685,65.9683,37112
2024-07-22 14:00:00,0,0.3959363701702577,0.6040636298297424,Hold,65.9683,66.44331,65.95133,66.409386,27115
2024-07-22 15:00:00,0,0.3247042782862043,0.6752957217137957,Hold,66.409386,66.56207,66.112495,66.32456,22331
2024-07-22 16:00:00,0,0.37463498422129576,0.6253650157787043,Hold,66.32456,66.545105,66.2567,66.46028,11150
2024-07-22 17:00:00,0,0.385866582305023,0.614133417694977,Hold,66.4518,66.51118,66.34153,66.35849,10285
2024-07-22 18:00:00,1,0.36180510756320255,0.6381948924367975,Hold,66.350006,66.56207,66.19733,66.485725,25521
2024-07-22 19:00:00,0,0.3472626792029831,0.6527373207970169,Hold,66.485725,66.49421,66.4009,66.43483,2974
2024-07-22 20:00:00,0,0.3190065044220581,0.680993495577942,Hold,66.42635,66.51118,66.350006,66.366974,1921
2024-07-22 22:00:00,0,0.3496410087157696,0.6503589912842305,Hold,66.39242,66.409386,66.350006,66.350006,496
2024-07-22 23:00:00,0,0.3608166815308113,0.6391833184691886,Hold,66.34153,66.4009,66.333046,66.366974,293
2024-07-23 00:00:00,0,0.27922173634326936,0.7207782636567306,Hold,66.366974,66.42635,66.34153,66.39242,952
2024-07-23 01:00:00,1,0.31651339713139987,0.6834866028686002,Hold,66.4009,66.663864,66.39242,66.58752,2676
2024-07-23 02:00:00,0,0.2799149585314267,0.7200850414685733,Hold,66.596,66.63841,66.51966,66.53662,1381
2024-07-23 03:00:00,0,0.31353975666588885,0.6864602433341112,Hold,66.53662,66.545105,66.46028,66.50269,893
2024-07-23 04:00:00,0,0.277568917499571,0.722431082500429,Hold,66.51966,66.52814,66.468765,66.468765,529
2024-07-23 05:00:00,0,0.2830513951306229,0.7169486048693772,Hold,66.468765,66.485725,66.39242,66.4009,1497
2024-07-23 06:00:00,0,0.2962757221167711,0.7037242778832289,Hold,66.39242,66.545105,66.37546,66.485725,2634
2024-07-23 07:00:00,0,0.28818453912288533,0.7118154608771147,Hold,66.49421,66.57056,66.42635,66.46028,6134
2024-07-23 08:00:00,0,0.3044609481053109,0.6955390518946891,Hold,66.468765,66.782616,66.409386,66.52814,10073
2024-07-23 09:00:00,1,0.27613010068460875,0.7238698993153913,Hold,66.51966,66.782616,66.50269,66.6469,5048
2024-07-23 10:00:00,1,0.2888108067238577,0.7111891932761423,Hold,66.63841,66.680824,66.24822,66.37546,7440
2024-07-23 11:00:00,1,0.2417330798272908,0.7582669201727092,Hold,66.37546,66.4518,66.095535,66.28215,7675
2024-07-23 12:00:00,1,0.31142573336474644,0.6885742666352536,Hold,66.27367,66.29911,65.84954,65.86651,13634
2024-07-23 13:00:00,0,0.27106510116163557,0.7289348988383644,Hold,65.86651,66.02767,65.4339,65.76472,44610
2024-07-23 14:00:00,0,0.23460345455078618,0.7653965454492138,Hold,65.76472,65.94285,65.41694,65.46783,25422
2024-07-23 15:00:00,0,0.2608542748515746,0.7391457251484255,Hold,65.45935,65.51872,64.8062,64.89102,45343
2024-07-23 16:00:00,0,0.22624840872899257,0.7737515912710075,Hold,64.89102,65.45087,64.840126,65.349075,26854
2024-07-23 17:00:00,0,0.21265187510869407,0.7873481248913059,Hold,65.349075,65.484795,65.187904,65.213356,19367
2024-07-23 18:00:00,0,0.2175658800671764,0.7824341199328236,Hold,65.22184,65.5781,65.20487,65.561134,27823
2024-07-23 19:00:00,0,0.19886794834148294,0.8011320516585171,Hold,65.561134,65.645966,65.52721,65.59507,4835
2024-07-23 20:00:00,0,0.18643896741672397,0.8135610325832761,Hold,65.59507,65.74775,65.52721,65.71382,3091
2024-07-23 22:00:00,0,0.20282569404164616,0.7971743059583538,Hold,65.69685,65.73079,65.603546,65.67141,1002
2024-07-23 23:00:00,0,0.1947453365410381,0.8052546634589619,Hold,65.662926,65.662926,65.61203,65.61203,487
2024-07-24 00:00:00,0,0.2152119928481053,0.7847880071518947,Hold,65.620514,65.645966,65.56962,65.586586,1639
2024-07-24 01:00:00,0,0.21380205154563217,0.7861979484543679,Hold,65.59507,65.603546,65.39997,65.55266,2493
2024-07-24 02:00:00,0,0.24005315735118538,0.7599468426488146,Hold,65.55266,65.61203,65.51024,65.59507,818
2024-07-24 03:00:00,0,0.24010938871956533,0.7598906112804347,Hold,65.603546,65.629,65.53569,65.53569,1470
2024-07-24 04:00:00,0,0.2370193712729045,0.7629806287270955,Hold,65.544174,65.544174,65.383,65.4339,1393
2024-07-24 05:00:00,0,0.23514804172938147,0.7648519582706186,Hold,65.425415,65.53569,65.408455,65.45935,894
2024-07-24 06:00:00,0,0.25263978318854846,0.7473602168114515,Hold,65.46783,65.70534,65.45935,65.59507,3500
2024-07-24 07:00:00,0,0.25008060623352885,0.7499193937664712,Hold,65.603546,65.662926,65.425415,65.620514,7119
2024-07-24 08:00:00,0,0.25002857299690545,0.7499714270030946,Hold,65.61203,65.81561,65.5781,65.70534,7410
2024-07-24 09:00:00,0,0.27993778151275317,0.7200622184872468,Hold,65.71382,65.90044,65.68838,65.858025,5328
2024-07-24 10:00:00,0,0.260579782395112,0.7394202176048881,Hold,65.858025,65.92589,65.67141,65.84954,5950
2024-07-24 11:00:00,0,0.29613791778860443,0.7038620822113956,Hold,65.84954,66.12098,65.8241,66.06161,7457
2024-07-24 12:00:00,0,0.27369200461824855,0.7263079953817515,Hold,66.06161,66.18884,65.88347,65.94285,10777
2024-07-24 13:00:00,0,0.25811219139696007,0.7418878086030399,Hold,65.95133,66.036156,65.61203,65.69685,25785
2024-07-24 14:00:00,0,0.26984150882069247,0.7301584911793075,Hold,65.70534,66.05312,65.44238,65.45935,31255
2024-07-24 15:00:00,1,0.278896227688309,0.721103772311691,Hold,65.45935,66.32456,65.29818,66.01071,40733
2024-07-24 16:00:00,1,0.28307073404147576,0.7169292659585242,Hold,66.01071,66.26518,65.86651,66.02767,16647
2024-07-24 17:00:00,0,0.28218214974926337,0.7178178502507366,Hold,66.01919,66.18884,65.781685,65.81561,14312
2024-07-24 18:00:00,0,0.2502118076338084,0.7497881923661915,Hold,65.81561,65.98526,65.67989,65.83258,22776
2024-07-24 19:00:00,0,0.3267115479461784,0.6732884520538216,Hold,65.84106,65.90892,65.73927,65.7732,6006
2024-07-24 20:00:00,0,0.379335651195166,0.620664348804834,Hold,65.76472,65.80713,65.662926,65.73927,2098
2024-07-24 22:00:00,1,0.3801533628014712,0.6198466371985287,Hold,65.73927,65.7732,65.69685,65.7732,490
2024-07-24 23:00:00,1,0.35681554825945117,0.6431844517405488,Hold,65.7732,65.7732,65.722305,65.722305,193
2024-07-25 00:00:00,1,0.3874289127451449,0.6125710872548551,Hold,65.73079,65.73927,65.59507,65.603546,1568
2024-07-25 01:00:00,0,0.3663545018344606,0.6336454981655394,Hold,65.59507,65.603546,65.45935,65.46783,2444
2024-07-25 02:00:00,0,0.35819652829372833,0.6418034717062717,Hold,65.45935,65.46783,65.213356,65.23032,3548
2024-07-25 03:00:00,0,0.35811346509305797,0.641886534906942,Hold,65.23032,65.349075,65.19639,65.289696,1945
2024-07-25 04:00:00,0,0.3534615432515964,0.6465384567484036,Hold,65.29818,65.33211,65.2388,65.272736,1216
2024-07-25 05:00:00,0,0.35226459974386476,0.6477354002561353,Hold,65.28121,65.32363,65.15398,65.31515,2082
2024-07-25 06:00:00,0,0.3702087589107502,0.6297912410892498,Hold,65.30666,65.39149,65.19639,65.383,4202
2024-07-25 07:00:00,0,0.35653182798554306,0.6434681720144569,Hold,65.383,65.44238,65.187904,65.4339,7322
2024-07-25 08:00:00,0,0.3649487670348656,0.6350512329651343,Hold,65.44238,65.55266,65.0946,65.13702,10512
2024-07-25 09:00:00,0,0.3585885670881205,0.6414114329118795,Hold,65.14549,65.16246,64.56869,64.62807,15464
2024-07-25 10:00:00,0,0.35314858333795185,0.6468514166620482,Hold,64.62807,65.07764,64.56869,65.00977,11392
2024-07-25 11:00:00,0,0.373527480431845,0.626472519568155,Hold,65.01826,65.06067,64.53476,64.55172,9334
2024-07-25 12:00:00,0,0.3005525408485375,0.6994474591514626,Hold,64.543236,65.111565,64.500824,64.874054,18029
2024-07-25 13:00:00,0,0.2672882981152436,0.7327117018847564,Hold,64.88254,65.29818,64.53476,64.721375,38753
2024-07-25 14:00:00,0,0.2978883574975679,0.7021116425024321,Hold,64.72985,65.629,64.64503,65.586586,44300
2024-07-25 15:00:00,0,0.34601110423613374,0.6539888957638662,Hold,65.59507,66.307594,65.586586,66.307594,36989
2024-07-25 16:00:00,1,0.2914432871046968,0.7085567128953032,Hold,66.29911,66.4009,66.18036,66.290634,21208
2024-07-25 17:00:00,1,0.28192212534679323,0.7180778746532068,Hold,66.29911,66.50269,66.14643,66.41787,13617
2024-07-25 18:00:00,1,0.2702267944758091,0.7297732055241909,Hold,66.409386,66.46028,66.18036,66.38394,22184
2024-07-25 19:00:00,1,0.2502748999434765,0.7497251000565235,Hold,66.37546,66.56207,66.29911,66.31608,5252
2024-07-25 20:00:00,1,0.2926548587198431,0.7073451412801569,Hold,66.31608,66.49421,66.24822,66.46028,2745
2024-07-25 22:00:00,1,0.31246167186514495,0.687538328134855,Hold,66.46028,66.46028,66.35849,66.39242,709
2024-07-25 23:00:00,1,0.3072238140779828,0.6927761859220172,Hold,66.39242,66.41787,66.37546,66.39242,240
2024-07-26 00:00:00,1,0.3194055024312719,0.6805944975687281,Hold,66.39242,66.485725,66.350006,66.350006,1787
2024-07-26 01:00:00,1,0.35415072630862127,0.6458492736913788,Hold,66.35849,66.67234,66.31608,66.65538,3357
2024-07-26 02:00:00,1,0.30100383037967887,0.6989961696203211,Hold,66.65538,66.663864,66.53662,66.57056,1281
2024-07-26 03:00:00,1,0.33947181974109986,0.6605281802589001,Hold,66.57056,66.62993,66.52814,66.53662,1175
2024-07-26 04:00:00,1,0.32542154963866693,0.674578450361333,Hold,66.545105,66.55359,66.47725,66.53662,809
2024-07-26 05:00:00,1,0.3307552339216002,0.6692447660783998,Hold,66.53662,66.55359,66.42635,66.46028,1375
2024-07-26 06:00:00,1,0.32011400756039204,0.6798859924396079,Hold,66.4518,66.604485,66.37546,66.51966,3470
2024-07-26 07:00:00,1,0.3484661382659328,0.6515338617340671,Hold,66.51118,66.51966,66.290634,66.32456,4738
2024-07-26 08:00:00,1,0.33562290348434803,0.6643770965156519,Hold,66.32456,66.44331,66.23974,66.31608,5988
2024-07-26 09:00:00,1,0.3164817030097766,0.6835182969902234,Hold,66.31608,66.31608,66.05312,66.06161,6051
2024-07-26 10:00:00,1,0.32469507247463425,0.6753049275253658,Hold,66.06161,66.22277,65.976776,66.02767,5412
2024-07-26 11:00:00,1,0.3083881626101376,0.6916118373898624,Hold,66.036156,66.231255,66.02767,66.095535,5299
2024-07-26 12:00:00,1,0.3172485330102068,0.6827514669897932,Hold,66.10402,66.16339,65.781685,65.90044,12147
2024-07-26 13:00:00,0,0.2679408025389524,0.7320591974610475,Hold,65.89195,66.00223,65.50176,65.51872,28459
2024-07-26 14:00:00,0,0.28643412809366264,0.7135658719063374,Hold,65.51872,65.586586,64.62807,64.68744,51943
2024-07-26 15:00:00,0,0.28926203008941465,0.7107379699105854,Hold,64.69592,65.30666,64.68744,65.28121,31796
2024-07-26 16:00:00,1,0.28813618260572976,0.7118638173942702,Hold,65.28121,65.70534,65.23032,65.67141,21884
2024-07-26 17:00:00,0,0.27263947620596274,0.7273605237940373,Hold,65.67141,65.7732,65.32363,65.51872,18841
2024-07-26 18:00:00,0,0.2969389791658894,0.7030610208341106,Hold,65.51024,65.70534,64.916466,64.916466,32386
2024-07-26 19:00:00,0,0.30504043400349595,0.694959565996504,Hold,64.92495,65.14549,64.899506,65.12005,8077
2024-07-26 20:00:00,0,0.2997598916825381,0.7002401083174619,Hold,65.12853,65.22184,64.82316,64.840126,5559
2024-07-28 22:00:00,1,0.2685783552339877,0.7314216447660122,Hold,65.56962,65.74775,65.45935,65.59507,4001
2024-07-28 23:00:00,1,0.2673109221306227,0.7326890778693773,Hold,65.59507,65.620514,65.51872,65.53569,987
2024-07-29 00:00:00,1,0.27940376239198905,0.720596237608011,Hold,65.53569,65.68838,65.425415,65.629,2319
2024-07-29 01:00:00,0,0.29547162373406266,0.7045283762659373,Hold,65.629,65.67141,65.31515,65.51024,2850
2024-07-29 02:00:00,0,0.2983643347311833,0.7016356652688167,Hold,65.50176,65.51872,65.37452,65.45087,1128
2024-07-29 03:00:00,1,0.33970173307901375,0.6602982669209863,Hold,65.44238,65.629,65.41694,65.620514,1149
2024-07-29 04:00:00,1,0.3536953544901759,0.646304645509824,Hold,65.61203,65.65444,65.59507,65.63748,1083
2024-07-29 05:00:00,1,0.36069449646760554,0.6393055035323945,Hold,65.63748,65.8241,65.63748,65.79016,2357
2024-07-29 06:00:00,1,0.3545860141649329,0.6454139858350671,Hold,65.798645,65.90044,65.561134,65.59507,3377
2024-07-29 07:00:00,1,0.35259280499828394,0.6474071950017161,Hold,65.59507,65.69685,65.383,65.544174,6342
2024-07-29 08:00:00,0,0.3443961246552482,0.6556038753447517,Hold,65.544174,65.561134,65.289696,65.33211,6947
2024-07-29 09:00:00,0,0.3836542207124379,0.6163457792875622,Hold,65.33211,65.51024,65.187904,65.45935,4976
2024-07-29 10:00:00,0,0.3449585742114236,0.6550414257885764,Hold,65.45087,65.544174,65.06067,65.0946,5356
2024-07-29 11:00:00,0,0.3061837669531309,0.6938162330468691,Hold,65.0946,65.13702,64.916466,64.92495,5047
2024-07-29 12:00:00,0,0.39782574111703733,0.6021742588829626,Hold,64.92495,65.39149,64.92495,65.247284,15881
2024-07-29 13:00:00,1,0.4226968765263058,0.5773031234736943,Hold,65.247284,65.86651,65.04371,65.484795,30561
2024-07-29 14:00:00,0,0.35329936196516076,0.6467006380348392,Hold,65.49328,65.629,64.37359,64.39904,35475
2024-07-29 15:00:00,0,0.33992212066527927,0.6600778793347207,Hold,64.39904,64.6111,64.110634,64.229385,37764
2024-07-29 16:00:00,0,0.3373786272740325,0.6626213727259676,Hold,64.2209,64.44993,63.915535,64.08518,24294
2024-07-29 17:00:00,0,0.353408373022033,0.646591626977967,Hold,64.08518,64.26331,64.00884,64.20394,15173
2024-07-29 18:00:00,0,0.3438151345803305,0.6561848654196696,Hold,64.20394,64.43297,64.153046,64.35662,24198
2024-07-29 19:00:00,0,0.340279585151536,0.659720414848464,Hold,64.35662,64.416,64.288765,64.31421,5920
2024-07-29 20:00:00,0,0.34575386757641474,0.6542461324235853,Hold,64.31421,64.416,64.2718,64.416,2090
2024-07-29 22:00:00,0,0.36318776579279743,0.6368122342072026,Hold,64.39056,64.39056,64.25484,64.28028,774
2024-07-29 23:00:00,0,0.3894434207648646,0.6105565792351354,Hold,64.2718,64.2718,64.16153,64.170006,564
2024-07-30 00:00:00,0,0.4058293607617543,0.5941706392382458,Hold,64.17849,64.20394,64.127594,64.14456,1847
2024-07-30 01:00:00,0,0.40055304138301184,0.5994469586169882,Hold,64.14456,64.16153,64.00036,64.00884,2682
2024-07-30 02:00:00,0,0.4368021651161775,0.5631978348838225,Hold,64.00884,64.02581,63.940983,64.00036,2935
2024-07-30 03:00:00,0,0.4091368780602423,0.5908631219397578,Hold,64.00884,64.01733,63.92402,63.96643,1346
2024-07-30 04:00:00,0,0.410549691688647,0.5894503083113529,Hold,63.96643,64.05974,63.96643,64.03429,1057
2024-07-30 05:00:00,0,0.3768201336848516,0.6231798663151484,Hold,64.03429,64.11912,63.99188,64.02581,1370
2024-07-30 06:00:00,0,0.40922948020823874,0.5907705197917612,Hold,64.02581,64.02581,63.89857,63.949467,2356
2024-07-30 07:00:00,0,0.4306467317491141,0.569353268250886,Hold,63.957947,64.33118,63.890087,64.32269,6259
2024-07-30 08:00:00,0,0.4029562520721617,0.5970437479278383,Hold,64.32269,64.44145,64.170006,64.212425,7839
2024-07-30 09:00:00,0,0.46549164981759006,0.5345083501824099,Hold,64.212425,64.29725,64.10215,64.28028,4634
2024-07-30 10:00:00,0,0.4509237338862642,0.5490762661137358,Hold,64.28028,64.32269,64.127594,64.24635,3610
2024-07-30 11:00:00,0,0.4568848418483172,0.5431151581516829,Hold,64.23787,64.29725,63.77133,63.813744,10204
2024-07-30 12:00:00,0,0.4581444253371614,0.5418555746628386,Hold,63.822227,64.08518,63.635612,63.644096,17867
2024-07-30 13:00:00,0,0.4138034845618891,0.5861965154381109,Hold,63.635612,63.97491,63.381138,63.48293,41965
2024-07-30 14:00:00,0,0.476436223986115,0.5235637760138849,Hold,63.474445,63.813744,63.34721,63.584717,29787
2024-07-30 15:00:00,0,0.5041391556507043,0.49586084434929567,Sell,63.584717,63.669544,63.296314,63.330242,31413
2024-07-30 16:00:00,0,0.49397642213713544,0.5060235778628646,Hold,63.330242,63.940983,63.270866,63.89857,26402
2024-07-30 17:00:00,0,0.4700564448172918,0.5299435551827082,Hold,63.89857,63.957947,63.474445,63.55927,20432
2024-07-30 18:00:00,0,0.4752684973283995,0.5247315026716005,Hold,63.567753,63.61865,63.338726,63.567753,26017
2024-07-30 19:00:00,0,0.452739903499611,0.547260096500389,Hold,63.567753,63.745884,63.567753,63.68651,5684
2024-07-30 20:00:00,0,0.45241346172588937,0.5475865382741106,Hold,63.68651,63.940983,63.61865,63.85616,4205
2024-07-30 22:00:00,0,0.47254690880239264,0.5274530911976074,Hold,63.822227,63.89857,63.79678,63.83071,955
2024-07-30 23:00:00,0,0.475163598754984,0.524836401245016,Hold,63.83071,63.881603,63.79678,63.873123,392
2024-07-31 00:00:00,0,0.4985085124330834,0.5014914875669165,Hold,63.873123,63.890087,63.77133,63.890087,1653
2024-07-31 01:00:00,0,0.451736565374861,0.5482634346251389,Hold,63.890087,64.08518,63.83919,64.04277,3403
2024-07-31 02:00:00,0,0.49338857483653775,0.5066114251634622,Hold,64.04277,64.17849,64.01733,64.170006,3096
2024-07-31 03:00:00,0,0.49223848097834366,0.5077615190216563,Hold,64.170006,64.424484,64.11912,64.33118,6437
2024-07-31 04:00:00,0,0.5133298208610123,0.4866701791389877,Sell,64.33118,64.49235,64.33118,64.47538,3645
2024-07-31 05:00:00,0,0.5126374865327585,0.48736251346724146,Sell,64.47538,64.661995,64.44993,64.56869,3043
2024-07-31 06:00:00,0,0.5377795280231645,0.46222047197683547,Sell,64.5602,64.8062,64.51779,64.77226,4662
2024-07-31 07:00:00,0,0.5043285931571516,0.4956714068428484,Sell,64.77226,64.797714,64.47538,64.55172,9111
2024-07-31 08:00:00,0,0.5727654017526802,0.4272345982473198,Sell,64.543236,65.13702,64.424484,65.13702,11484
2024-07-31 09:00:00,0,0.5840341437612874,0.41596585623871263,Sell,65.12853,65.19639,65.00977,65.0946,11415
2024-07-31 10:00:00,0,0.6067336072858577,0.3932663927141423,Sell,65.0946,65.29818,64.916466,65.25577,8442
2024-07-31 11:00:00,0,0.6104199076536394,0.3895800923463606,Sell,65.25577,65.73927,65.247284,65.645966,16826
2024-07-31 12:00:00,0,0.6207271678308361,0.37927283216916385,Sell,65.645966,65.80713,65.32363,65.34059,23995
2024-07-31 13:00:00,0,0.5700508129318512,0.4299491870681488,Sell,65.34059,65.46783,65.0946,65.39149,34638
2024-07-31 14:00:00,0,0.5392405926313952,0.46075940736860477,Sell,65.39149,65.586586,64.90799,65.247284,32155
2024-07-31 15:00:00,0,0.5376702769894678,0.4623297230105322,Sell,65.2388,65.76472,65.19639,65.56962,28632
2024-07-31 16:00:00,0,0.4728354311908329,0.5271645688091671,Hold,65.5781,65.95133,65.55266,65.934364,18891
2024-07-31 17:00:00,0,0.5371160030141287,0.46288399698587135,Sell,65.92589,66.18036,65.87499,66.12098,19187
2024-07-31 18:00:00,0,0.4920294907940656,0.5079705092059343,Hold,66.12098,66.22277,65.959816,66.2058,35603
2024-07-31 19:00:00,0,0.5350431612973185,0.46495683870268145,Sell,66.19733,66.62993,66.16339,66.51118,19331
2024-07-31 20:00:00,1,0.5100175317380785,0.4899824682619215,Sell,66.51118,66.723236,66.46028,66.706276,4313
2024-07-31 22:00:00,1,0.543302007749602,0.456697992250398,Sell,66.663864,66.75717,66.55359,66.56207,1528
2024-07-31 23:00:00,1,0.5724460399183404,0.4275539600816596,Sell,66.57056,66.63841,66.55359,66.621445,763
2024-08-01 00:00:00,1,0.4681723113439491,0.5318276886560509,Hold,66.621445,66.73172,66.58752,66.68931,2306
2024-08-01 01:00:00,0,0.46042147719518545,0.5395785228048146,Hold,66.69779,66.7911,66.50269,66.545105,5015
2024-08-01 02:00:00,0,0.4625462304652391,0.5374537695347609,Hold,66.545105,66.62993,66.42635,66.52814,2995
2024-08-01 03:00:00,0,0.48942018580163665,0.5105798141983633,Hold,66.52814,66.58752,66.4518,66.58752,1156
2024-08-01 04:00:00,1,0.5054646910718528,0.49453530892814723,Sell,66.596,66.7911,66.57903,66.740204,2445
2024-08-01 05:00:00,1,0.5050548094519536,0.4949451905480464,Sell,66.740204,66.74869,66.604485,66.723236,2181
2024-08-01 06:00:00,0,0.5043408532387124,0.49565914676128764,Sell,66.71475,66.76565,66.57903,66.62993,4560
2024-08-01 07:00:00,1,0.5116538253049671,0.48834617469503294,Sell,66.63841,66.90985,66.42635,66.67234,13440
2024-08-01 08:00:00,1,0.459711275119885,0.5402887248801149,Hold,66.680824,66.75717,66.44331,66.51966,8922
2024-08-01 09:00:00,1,0.5187756979631363,0.4812243020368637,Sell,66.51966,66.79958,66.51118,66.596,6557
2024-08-01 10:00:00,1,0.5260865931451663,0.47391340685483374,Sell,66.596,66.723236,66.42635,66.723236,4829
2024-08-01 11:00:00,1,0.510572582557415,0.489427417442585,Sell,66.71475,66.7911,66.42635,66.49421,6720
2024-08-01 12:00:00,1,0.5458882456521981,0.45411175434780193,Sell,66.49421,66.69779,66.28215,66.596,18914
2024-08-01 13:00:00,1,0.5062268255832151,0.4937731744167849,Sell,66.58752,66.723236,66.29911,66.485725,23097
2024-08-01 14:00:00,1,0.4023104467345173,0.5976895532654827,Hold,66.49421,66.53662,65.383,65.45935,42513
2024-08-01 15:00:00,1,0.4030900416652691,0.5969099583347308,Hold,65.45935,65.76472,65.31515,65.408455,28458
2024-08-01 16:00:00,1,0.44194434514139763,0.5580556548586024,Hold,65.408455,65.59507,65.20487,65.52721,17685
2024-08-01 17:00:00,0,0.3935559017590138,0.6064440982409862,Hold,65.51872,65.52721,64.98433,65.12853,18848
2024-08-01 18:00:00,0,0.3563706732164555,0.6436293267835445,Hold,65.12853,65.17943,64.67048,65.01826,32292
2024-08-01 19:00:00,1,0.4076734870969205,0.5923265129030795,Hold,65.01826,65.408455,64.916466,65.272736,10053
2024-08-01 20:00:00,1,0.39252825374119715,0.6074717462588028,Hold,65.28121,65.32363,65.17943,65.25577,2675
2024-08-01 22:00:00,0,0.36388594054288964,0.6361140594571104,Hold,65.20487,65.25577,65.07764,65.13702,1221
2024-08-01 23:00:00,0,0.3538644233609183,0.6461355766390817,Hold,65.13702,65.187904,65.10308,65.15398,330
2024-08-02 00:00:00,0,0.31652732953247475,0.6834726704675252,Hold,65.15398,65.15398,64.95888,64.95888,1672
2024-08-02 01:00:00,0,0.3661005128298265,0.6338994871701735,Hold,64.95888,65.25577,64.899506,65.14549,2332
2024-08-02 02:00:00,0,0.3785365701020291,0.6214634298979709,Hold,65.14549,65.15398,64.975845,65.12853,1192
2024-08-02 03:00:00,1,0.4253069882510062,0.5746930117489938,Hold,65.12005,65.39997,65.10308,65.26425,2226
2024-08-02 04:00:00,0,0.36765268602292434,0.6323473139770757,Hold,65.272736,65.289696,65.07764,65.12853,1397
2024-08-02 05:00:00,1,0.43658470389042664,0.5634152961095733,Hold,65.12853,65.349075,65.12005,65.349075,2012
2024-08-02 06:00:00,0,0.41543668156362995,0.5845633184363701,Hold,65.35756,65.35756,65.16246,65.23032,2541
2024-08-02 07:00:00,1,0.4597825332907764,0.5402174667092237,Hold,65.22184,65.55266,65.10308,65.50176,7042
2024-08-02 08:00:00,1,0.40508919268109234,0.5949108073189077,Hold,65.50176,65.561134,65.10308,65.12853,8029
2024-08-02 09:00:00,1,0.38235508739558405,0.6176449126044159,Hold,65.12853,65.20487,64.899506,64.916466,6350
2024-08-02 10:00:00,1,0.32941288255830564,0.6705871174416944,Hold,64.90799,64.95888,64.70441,64.738335,6662
2024-08-02 11:00:00,1,0.29873914031088544,0.7012608596891146,Hold,64.74682,64.86557,64.06822,64.24635,13084
2024-08-02 12:00:00,1,0.3339095439497663,0.6660904560502336,Hold,64.23787,64.26331,63.17756,63.35569,36603
2024-08-02 13:00:00,1,0.34674289410209935,0.6532571058979006,Hold,63.364174,63.610165,62.66861,62.727985,55731
2024-08-02 14:00:00,0,0.32202814718616435,0.6779718528138357,Hold,62.727985,62.7704,62.074837,62.583786,51763
2024-08-02 15:00:00,0,0.3127136095717897,0.6872863904282103,Hold,62.583786,62.694057,62.193592,62.481995,31898
2024-08-02 16:00:00,0,0.2902169616246469,0.7097830383753532,Hold,62.481995,62.83826,62.05787,62.142696,25418
2024-08-02 17:00:00,0,0.295796251709881,0.704203748290119,Hold,62.151176,62.49896,61.8967,61.92215,22370
2024-08-02 18:00:00,0,0.30807545275812115,0.6919245472418789,Hold,61.92215,62.64316,61.91367,62.456547,33680
2024-08-02 19:00:00,0,0.30664620244066876,0.6933537975593312,Hold,62.456547,62.77888,62.448067,62.727985,8348
2024-08-02 20:00:00,1,0.28312743890350395,0.7168725610964961,Hold,62.727985,62.948532,62.719505,62.889153,4342
2024-08-04 22:00:00,0,0.2782567766151126,0.7217432233848874,Hold,62.948532,63.160595,62.49048,62.66861,6825
2024-08-04 23:00:00,1,0.3436157211834285,0.6563842788165715,Hold,62.677094,62.855225,62.583786,62.753433,2376
2024-08-05 00:00:00,0,0.3727487534283546,0.6272512465716453,Hold,62.753433,62.7704,61.84581,62.100285,10835
2024-08-05 01:00:00,0,0.402766129455571,0.597233870544429,Hold,62.0918,62.609234,61.879738,62.456547,8575
2024-08-05 02:00:00,0,0.4008886727505589,0.599111327249441,Hold,62.46503,62.77888,62.346275,62.685574,3630
2024-08-05 03:00:00,0,0.3651314708539085,0.6348685291460915,Hold,62.685574,62.761917,62.439583,62.47351,3012
2024-08-05 04:00:00,0,0.38164922120839795,0.618350778791602,Hold,62.481995,62.515926,62.142696,62.151176,2971
2024-08-05 05:00:00,0,0.4215097528517765,0.5784902471482235,Hold,62.15966,62.219036,61.659195,61.684643,10169
2024-08-05 06:00:00,0,0.39559232352580387,0.6044076764741961,Hold,61.684643,61.81188,61.294445,61.65071,12687
2024-08-05 07:00:00,0,0.4251941831900754,0.5748058168099246,Hold,61.642227,62.320827,61.531956,61.862774,18401
2024-08-05 08:00:00,0,0.3963585953969037,0.6036414046030962,Hold,61.862774,62.066353,60.92122,61.124798,21473
2024-08-05 09:00:00,0,0.4067425763833689,0.593257423616631,Hold,61.124798,61.328377,60.79398,60.946663,18030
2024-08-05 10:00:00,0,0.38973331037797004,0.6102666896220299,Hold,60.955147,61.455612,60.9297,61.294445,11469
2024-08-05 11:00:00,0,0.4239871702708199,0.5760128297291801,Hold,61.285965,61.464096,60.83639,60.85336,12560
2024-08-05 12:00:00,0,0.4442831094128575,0.5557168905871426,Hold,60.844875,61.65071,60.810944,61.455612,24472
2024-08-05 13:00:00,0,0.37964934830743424,0.6203506516925658,Hold,61.464096,62.02394,61.184174,61.752502,40139
2024-08-05 14:00:00,0,0.3644555015113093,0.6355444984886907,Hold,61.752502,62.168144,61.523476,61.693123,36373
2024-08-05 15:00:00,0,0.3624242559772983,0.6375757440227017,Hold,61.701607,62.380203,61.6083,61.998493,29299
2024-08-05 16:00:00,0,0.3553509395249597,0.6446490604750403,Hold,61.99001,62.448067,61.710087,61.710087,18303
2024-08-05 17:00:00,0,0.3559375123253034,0.6440624876746965,Hold,61.71857,62.04939,61.701607,61.828842,13335
2024-08-05 18:00:00,0,0.39886036789816476,0.6011396321018352,Hold,61.820362,62.22752,61.701607,62.219036,23973
2024-08-05 19:00:00,0,0.35811596922586114,0.6418840307741389,Hold,62.219036,62.592266,62.202072,62.549854,7126
2024-08-05 20:00:00,0,0.36560310906756477,0.6343968909324352,Hold,62.549854,62.83826,62.53289,62.70254,3820
2024-08-05 22:00:00,0,0.3728908277235175,0.6271091722764826,Hold,62.651646,62.90612,62.634678,62.83826,1844
2024-08-05 23:00:00,0,0.3890666386195786,0.6109333613804214,Hold,62.83826,63.04184,62.83826,62.93157,1073
2024-08-06 00:00:00,0,0.4544112768558631,0.545588723144137,Hold,62.93157,63.24542,62.795845,63.126663,3919
2024-08-06 01:00:00,0,0.45519923653697186,0.5448007634630281,Hold,63.135147,63.135147,62.660126,63.04184,6839
2024-08-06 02:00:00,0,0.4414922370369344,0.5585077629630656,Hold,63.04184,63.058804,62.84674,62.87219,2001
2024-08-06 03:00:00,0,0.4628926375981763,0.5371073624018237,Hold,62.86371,62.9146,62.694057,62.821293,2331
2024-08-06 04:00:00,0,0.5112244510635318,0.48877554893646824,Sell,62.821293,62.990944,62.77888,62.889153,1020
2024-08-06 05:00:00,0,0.47482856933908424,0.5251714306609158,Hold,62.897636,62.90612,62.64316,62.677094,2020
2024-08-06 06:00:00,0,0.44039092881891323,0.5596090711810868,Hold,62.677094,62.719505,62.524406,62.53289,4059
2024-08-06 07:00:00,0,0.4343075240992361,0.5656924759007639,Hold,62.54137,62.54137,61.92215,62.02394,8420
2024-08-06 08:00:00,0,0.4134243026793069,0.586575697320693,Hold,62.02394,62.22752,61.879738,61.998493,11652
2024-08-06 09:00:00,0,0.4611626826937982,0.5388373173062018,Hold,61.998493,62.22752,61.862774,62.176624,7735
2024-08-06 10:00:00,0,0.4731093454559517,0.5268906545440484,Hold,62.176624,62.40565,61.794914,62.388687,8134
2024-08-06 11:00:00,0,0.39294085495322945,0.6070591450467706,Hold,62.380203,62.448067,61.735535,61.820362,8552
2024-08-06 12:00:00,0,0.43896947081604903,0.561030529183951,Hold,61.828842,61.91367,61.243553,61.455612,17984
2024-08-06 13:00:00,0,0.4224182425886325,0.5775817574113675,Hold,61.455612,62.244484,61.260517,62.168144,30866
2024-08-06 14:00:00,0,0.44902143078984463,0.5509785692101554,Hold,62.168144,62.73647,62.040905,62.660126,32857
2024-08-06 15:00:00,0,0.4738600584045663,0.5261399415954338,Hold,62.660126,62.694057,61.84581,62.439583,31323
2024-08-06 16:00:00,0,0.3832653778772127,0.6167346221227873,Hold,62.439583,62.651646,62.142696,62.18511,15775
2024-08-06 17:00:00,0,0.42062784476304216,0.5793721552369578,Hold,62.193592,62.481995,62.032425,62.312344,11988
2024-08-06 18:00:00,0,0.38987601324738547,0.6101239867526145,Hold,62.303864,62.54137,62.015457,62.108765,17983
2024-08-06 19:00:00,0,0.4039020901689266,0.5960979098310735,Hold,62.100285,62.100285,61.930634,61.939117,4377
2024-08-06 20:00:00,0,0.38369502193394195,0.6163049780660581,Hold,61.939117,62.066353,61.74402,61.88822,3947
2024-08-06 22:00:00,0,0.403712300028193,0.596287699971807,Hold,61.78643,61.879738,61.667675,61.84581,1377
2024-08-06 23:00:00,0,0.4212200111120369,0.5787799888879631,Hold,61.84581,61.88822,61.77795,61.803394,810
2024-08-07 00:00:00,0,0.4584125290014413,0.5415874709985586,Hold,61.803394,62.02394,61.760983,61.879738,2771
2024-08-07 01:00:00,0,0.44484845172830967,0.5551515482716903,Hold,61.88822,62.015457,61.565887,61.947598,4251
2024-08-07 02:00:00,0,0.45646671293249,0.54353328706751,Hold,61.95608,62.176624,61.871254,62.0918,2443
2024-08-07 03:00:00,0,0.47416375538554795,0.525836244614452,Hold,62.108765,62.219036,62.066353,62.168144,1603
2024-08-07 04:00:00,0,0.5049861183764848,0.49501388162351523,Sell,62.168144,62.42262,62.168144,62.346275,1831
2024-08-07 05:00:00,0,0.48299420580303865,0.5170057941969614,Hold,62.33779,62.54137,62.210556,62.26993,2773
2024-08-07 06:00:00,0,0.4648209343952401,0.5351790656047599,Hold,62.278416,62.278416,62.05787,62.176624,2465
2024-08-07 07:00:00,0,0.4840459915819394,0.5159540084180606,Hold,62.168144,62.49896,61.947598,62.36324,7511
2024-08-07 08:00:00,0,0.48049759633326317,0.5195024036667368,Hold,62.371723,62.524406,62.18511,62.371723,8130
2024-08-07 09:00:00,0,0.5096069950810761,0.4903930049189239,Sell,62.371723,62.821293,62.236004,62.795845,8786
2024-08-07 10:00:00,0,0.5368467679156753,0.4631532320843247,Sell,62.77888,63.101215,62.719505,63.04184,7856
2024-08-07 11:00:00,0,0.558155579069229,0.44184442093077103,Sell,63.033356,63.533825,63.024876,63.508377,10915
2024-08-07 12:00:00,0,0.5554607389763446,0.4445392610236554,Sell,63.516857,63.720436,63.41507,63.474445,19771
2024-08-07 13:00:00,0,0.521360110093279,0.478639889906721,Sell,63.49141,63.601685,63.04184,63.169075,29750
2024-08-07 14:00:00,0,0.5160908637072847,0.48390913629271526,Sell,63.17756,63.890087,62.999428,63.822227,37066
2024-08-07 15:00:00,0,0.5190026386507691,0.4809973613492309,Sell,63.822227,64.32269,63.805264,64.29725,34499
2024-08-07 16:00:00,0,0.46336892264243695,0.5366310773575631,Hold,64.29725,64.33118,63.5932,63.635612,21536
2024-08-07 17:00:00,0,0.43452096694139425,0.5654790330586057,Hold,63.62713,63.90705,63.610165,63.754368,15984
2024-08-07 18:00:00,0,0.3975752488669208,0.6024247511330791,Hold,63.754368,63.940983,63.5932,63.77133,25852
2024-08-07 19:00:00,0,0.42462282860760836,0.5753771713923916,Hold,63.779816,64.05974,63.711956,63.92402,4746
2024-08-07 20:00:00,0,0.40977883892097944,0.5902211610790206,Hold,63.92402,64.10215,63.873123,64.01733,2941
2024-08-07 22:00:00,0,0.3819077565395308,0.6180922434604692,Hold,64.01733,64.05974,63.881603,63.99188,981
2024-08-07 23:00:00,0,0.36030346767520577,0.6396965323247943,Hold,63.99188,64.051254,63.822227,64.02581,1423
2024-08-08 00:00:00,0,0.3539658755864546,0.6460341244135455,Hold,64.02581,64.11912,63.915535,64.00884,2249
2024-08-08 01:00:00,0,0.37861154173044653,0.6213884582695535,Hold,64.00884,64.18697,63.85616,63.89857,3787
2024-08-08 02:00:00,0,0.4116175956330667,0.5883824043669332,Hold,63.90705,64.153046,63.890087,64.093666,1760
2024-08-08 03:00:00,0,0.4609018080409592,0.5390981919590407,Hold,64.076706,64.212425,64.01733,64.13608,1328
2024-08-08 04:00:00,0,0.43331744958033885,0.5666825504196611,Hold,64.13608,64.20394,63.83919,63.96643,3115
2024-08-08 05:00:00,0,0.39011109968524704,0.609888900314753,Hold,63.957947,64.05974,63.77133,63.779816,1814
2024-08-08 06:00:00,0,0.3719981681638344,0.6280018318361655,Hold,63.779816,63.881603,63.62713,63.66106,3637
2024-08-08 07:00:00,0,0.37251293392879525,0.6274870660712047,Hold,63.66106,63.813744,63.432034,63.635612,6180
2024-08-08 08:00:00,0,0.3989210315190083,0.6010789684809916,Hold,63.652576,63.983395,63.55927,63.68651,8555
2024-08-08 09:00:00,0,0.3457703594391719,0.6542296405608281,Hold,63.694992,63.813744,63.27935,63.3981,6682
2024-08-08 10:00:00,0,0.3781856296995852,0.6218143703004149,Hold,63.406586,63.822227,63.406586,63.805264,5816
2024-08-08 11:00:00,0,0.3825054798308335,0.6174945201691665,Hold,63.805264,64.00036,63.745884,63.873123,6403
2024-08-08 12:00:00,0,0.45278076875921697,0.5472192312407831,Hold,63.86464,64.2209,63.644096,64.14456,13524
2024-08-08 13:00:00,0,0.3660641922149181,0.6339358077850819,Hold,64.14456,64.20394,63.68651,63.915535,21409
2024-08-08 14:00:00,0,0.44603403084439436,0.5539659691556056,Hold,63.915535,64.602615,63.711956,64.45841,30441
2024-08-08 15:00:00,0,0.38905096840386655,0.6109490315961335,Hold,64.466896,64.68744,64.26331,64.31421,22872
2024-08-08 16:00:00,0,0.37483571969376706,0.625164280306233,Hold,64.32269,64.67048,64.25484,64.49235,13438
2024-08-08 17:00:00,0,0.47146033104993496,0.528539668950065,Hold,64.500824,64.90799,64.466896,64.82316,12399
2024-08-08 18:00:00,0,0.40271648990189446,0.5972835100981055,Hold,64.82316,64.86557,64.416,64.500824,20320
2024-08-08 19:00:00,0,0.4010464098749591,0.5989535901250409,Hold,64.49235,64.585655,64.40752,64.526276,4927
2024-08-08 20:00:00,0,0.387743973824063,0.612256026175937,Hold,64.53476,64.57717,64.483864,64.543236,1433
2024-08-08 22:00:00,0,0.41873554844791844,0.5812644515520815,Hold,64.483864,64.526276,64.38207,64.51779,640
2024-08-08 23:00:00,0,0.4351635818203729,0.564836418179627,Hold,64.51779,64.5602,64.49235,64.543236,292
2024-08-09 00:00:00,0,0.4314298498908922,0.5685701501091078,Hold,64.5602,64.6111,64.466896,64.500824,1112
2024-08-09 01:00:00,0,0.49940815559520174,0.5005918444047983,Hold,64.50931,64.721375,64.38207,64.69592,2178
2024-08-09 02:00:00,0,0.491440139093846,0.508559860906154,Hold,64.68744,64.76379,64.6111,64.738335,812
2024-08-09 03:00:00,0,0.4591971730750489,0.5408028269249511,Hold,64.74682,64.81468,64.69592,64.7553,940
2024-08-09 04:00:00,0,0.428645043013706,0.571354956986294,Hold,64.7553,64.797714,64.69592,64.69592,766
2024-08-09 05:00:00,0,0.4509671860961721,0.5490328139038279,Hold,64.69592,64.721375,64.57717,64.6111,1478
2024-08-09 06:00:00,0,0.534343713135749,0.465656286864251,Sell,64.602615,64.74682,64.53476,64.68744,1975
2024-08-09 07:00:00,0,0.4935766824365259,0.506423317563474,Hold,64.68744,64.68744,64.50931,64.55172,4308
2024-08-09 08:00:00,0,0.5351125287853886,0.4648874712146114,Sell,64.55172,64.74682,64.33966,64.661995,7476
2024-08-09 09:00:00,0,0.5581750383725685,0.44182496162743146,Sell,64.661995,64.77226,64.526276,64.77226,3690
2024-08-09 10:00:00,0,0.5129423160988912,0.4870576839011088,Sell,64.78075,64.88254,64.67048,64.81468,3480
2024-08-09 11:00:00,0,0.5128895296785291,0.4871104703214709,Sell,64.81468,65.06915,64.78075,65.01826,5908
2024-08-09 12:00:00,0,0.48943593398127594,0.5105640660187241,Hold,65.02674,65.12005,64.840126,64.916466,10145
2024-08-09 13:00:00,0,0.4780915457349907,0.5219084542650093,Hold,64.90799,65.00977,64.424484,64.49235,26092
2024-08-09 14:00:00,0,0.5193436928342424,0.4806563071657576,Sell,64.483864,65.06915,64.39904,65.035225,21558
2024-08-09 15:00:00,0,0.49598596932029176,0.5040140306797083,Hold,65.02674,65.15398,64.74682,65.052185,18648
2024-08-09 16:00:00,0,0.5310010937602502,0.4689989062397498,Sell,65.052185,65.383,64.9504,65.289696,13572
2024-08-09 17:00:00,0,0.4851795879617295,0.5148204120382704,Hold,65.28121,65.32363,64.96736,65.04371,10548
2024-08-09 18:00:00,0,0.4967219245592587,0.5032780754407413,Hold,65.052185,65.31515,64.874054,65.12005,21513
2024-08-09 19:00:00,0,0.5384540929130295,0.4615459070869705,Sell,65.12853,65.39149,65.06915,65.30666,5339
2024-08-09 20:00:00,0,0.53480693592312,0.46519306407688,Sell,65.29818,65.36604,65.247284,65.29818,2132
2024-08-11 22:00:00,0,0.550816970594253,0.44918302940574695,Sell,65.30666,65.383,65.06067,65.29818,2511
2024-08-11 23:00:00,0,0.5197415469437053,0.48025845305629467,Sell,65.289696,65.31515,65.12853,65.13702,688
2024-08-12 00:00:00,0,0.5946294808470644,0.40537051915293565,Sell,65.12853,65.36604,65.06915,65.30666,1373
2024-08-12 01:00:00,0,0.5981796770102857,0.40182032298971426,Sell,65.29818,65.408455,65.111565,65.383,2969
2024-08-12 02:00:00,0,0.5942651086571895,0.4057348913428105,Sell,65.383,65.484795,65.32363,65.4339,1644
2024-08-12 03:00:00,0,0.5990772005496807,0.4009227994503193,Sell,65.4339,65.44238,65.33211,65.37452,1184
2024-08-12 04:00:00,0,0.6371873951760868,0.3628126048239132,Sell,65.383,65.51024,65.36604,65.484795,1108
2024-08-12 05:00:00,0,0.6371381285302651,0.3628618714697349,Sell,65.484795,65.544174,65.45087,65.51872,1492
2024-08-12 06:00:00,0,0.633188630324999,0.36681136967500105,Sell,65.51872,65.645966,65.46783,65.629,2214
2024-08-12 07:00:00,0,0.6235013186998026,0.37649868130019737,Sell,65.620514,65.7732,65.620514,65.73079,4181
2024-08-12 08:00:00,0,0.6267416034552661,0.3732583965447339,Sell,65.73079,65.9683,65.63748,65.84106,8009
2024-08-12 09:00:00,0,0.6346552488078986,0.3653447511921014,Sell,65.84106,65.94285,65.586586,65.917404,4832
2024-08-12 10:00:00,0,0.6381628463285677,0.3618371536714323,Sell,65.917404,65.9683,65.80713,65.90892,3232
2024-08-12 11:00:00,0,0.6522496789388134,0.34775032106118664,Sell,65.90892,66.01071,65.84954,65.95133,3507
2024-08-12 12:00:00,0,0.636431519737348,0.363568480262652,Sell,65.95133,66.154915,65.8241,66.14643,9971
2024-08-12 13:00:00,0,0.5606158133792924,0.43938418662070755,Sell,66.154915,66.333046,65.94285,66.12946,22782
2024-08-12 14:00:00,0,0.566647363962828,0.433352636037172,Sell,66.13795,66.47725,65.87499,66.44331,23522
2024-08-12 15:00:00,0,0.5353825229412842,0.4646174770587158,Sell,66.44331,66.83351,66.290634,66.7911,23972
2024-08-12 16:00:00,0,0.5696823650602879,0.4303176349397121,Sell,66.7911,67.096466,66.68931,67.079506,17235
2024-08-12 17:00:00,0,0.5299912163245389,0.47000878367546106,Sell,67.079506,67.486664,66.9862,67.47818,22989
2024-08-12 18:00:00,1,0.5131650845224356,0.4868349154775644,Sell,67.469696,67.99561,67.41032,67.74962,46116
2024-08-12 19:00:00,0,0.5266833033658809,0.4733166966341191,Sell,67.74962,67.76659,67.529076,67.546036,7175
2024-08-12 20:00:00,0,0.49342459658482507,0.5065754034151749,Hold,67.546036,67.62238,67.503624,67.57149,2755
2024-08-12 22:00:00,0,0.5364613526133531,0.46353864738664685,Sell,67.63934,67.65631,67.44425,67.563,1240
2024-08-12 23:00:00,0,0.5160828681065062,0.48391713189349383,Sell,67.55452,67.59693,67.503624,67.51211,509
2024-08-13 00:00:00,0,0.5031559377595933,0.49684406224040667,Sell,67.503624,67.57997,67.44425,67.503624,2030
2024-08-13 01:00:00,0,0.5026220595099408,0.49737794049005923,Sell,67.503624,67.63087,67.469696,67.486664,2975
2024-08-13 02:00:00,0,0.4787158804099727,0.5212841195900273,Hold,67.486664,67.529076,67.30853,67.37639,2708
2024-08-13 03:00:00,0,0.5380327260588318,0.4619672739411682,Sell,67.38487,67.49515,67.2746,67.43577,3154
2024-08-13 04:00:00,0,0.5771204587532278,0.4228795412467722,Sell,67.427284,67.59693,67.41032,67.546036,1349
2024-08-13 05:00:00,0,0.531539455187484,0.468460544812516,Sell,67.529076,67.59693,67.427284,67.45273,2021
2024-08-13 06:00:00,0,0.5714619242036193,0.4285380757963807,Sell,67.45273,67.70721,67.4188,67.63934,3442
2024-08-13 07:00:00,0,0.5086954232433164,0.4913045767566836,Sell,67.63087,67.70721,67.52059,67.55452,5439
2024-08-13 08:00:00,0,0.5246214961052551,0.4753785038947449,Sell,67.55452,67.76659,67.503624,67.62238,6881
2024-08-13 09:00:00,1,0.5080524092689271,0.49194759073107286,Sell,67.6139,67.85141,67.57997,67.809,4788
2024-08-13 10:00:00,1,0.5081763942959763,0.4918236057040237,Sell,67.81748,67.98713,67.55452,67.55452,5232
2024-08-13 11:00:00,0,0.5240747383031777,0.47592526169682225,Sell,67.546036,67.81748,67.40184,67.51211,10559
2024-08-13 12:00:00,1,0.553928263323428,0.44607173667657196,Sell,67.503624,67.81748,67.41032,67.724174,10403
2024-08-13 13:00:00,1,0.5176723858118608,0.4823276141881392,Sell,67.73265,67.76659,67.06254,67.2237,37433
2024-08-13 14:00:00,1,0.5179585901785464,0.4820414098214536,Sell,67.232185,67.30853,66.723236,67.02013,29370
2024-08-13 15:00:00,0,0.43975177969480334,0.5602482203051966,Hold,67.02013,67.04557,66.50269,66.61297,19272
2024-08-13 16:00:00,0,0.44619794928175266,0.5538020507182473,Hold,66.621445,66.782616,66.37546,66.706276,15391
2024-08-13 17:00:00,0,0.4237215953859265,0.5762784046140734,Hold,66.706276,66.79958,66.42635,66.621445,12665
2024-08-13 18:00:00,0,0.4214339095773079,0.5785660904226921,Hold,66.621445,66.67234,66.39242,66.44331,21347
2024-08-13 19:00:00,0,0.4327086493911997,0.5672913506088003,Hold,66.44331,66.596,66.29911,66.596,4592
2024-08-13 20:00:00,0,0.4336979372402909,0.5663020627597091,Hold,66.58752,66.75717,66.46028,66.723236,2939
2024-08-13 22:00:00,1,0.47155304675776455,0.5284469532422355,Hold,66.782616,66.85047,66.680824,66.83351,1272
2024-08-13 23:00:00,1,0.44205439363441207,0.5579456063655879,Hold,66.82503,66.86744,66.782616,66.81654,480
2024-08-14 00:00:00,1,0.5078926354950511,0.49210736450494885,Sell,66.81654,66.90985,66.74869,66.858955,965
2024-08-14 01:00:00,1,0.5676191646002459,0.43238083539975414,Sell,66.85047,67.096466,66.82503,67.06254,2844
2024-08-14 02:00:00,1,0.5214165047479956,0.4785834952520044,Sell,67.054054,67.054054,66.706276,66.83351,2313
2024-08-14 03:00:00,1,0.5401159479934226,0.45988405200657745,Sell,66.82503,66.96923,66.680824,66.94378,1689
2024-08-14 04:00:00,1,0.5080842624261892,0.4919157375738108,Sell,66.9353,67.00316,66.81654,66.87592,757
2024-08-14 05:00:00,1,0.4959213879600574,0.5040786120399425,Hold,66.86744,66.96923,66.858955,66.90985,730
2024-08-14 06:00:00,1,0.5187150136029067,0.4812849863970933,Sell,66.90985,66.9862,66.80806,66.81654,1704
2024-08-14 07:00:00,1,0.5673835425149053,0.4326164574850947,Sell,66.82503,66.994675,66.69779,66.82503,4351
2024-08-14 08:00:00,1,0.5739547990145463,0.42604520098545373,Sell,66.82503,67.02013,66.723236,66.977715,4868
2024-08-14 09:00:00,1,0.5559795479257293,0.44402045207427066,Sell,66.9862,67.08798,66.57903,66.663864,4987
2024-08-14 10:00:00,0,0.47427599667973325,0.5257240033202668,Hold,66.65538,66.69779,66.07857,66.290634,6682
2024-08-14 11:00:00,0,0.5085410593155955,0.49145894068440454,Sell,66.290634,66.44331,66.12946,66.35849,5657
2024-08-14 12:00:00,1,0.5239797600318367,0.47602023996816334,Sell,66.366974,66.740204,66.31608,66.68931,8861
2024-08-14 13:00:00,0,0.5243848110351774,0.4756151889648226,Sell,66.68931,66.82503,66.35849,66.4009,14153
2024-08-14 14:00:00,0,0.4255395176363687,0.5744604823636312,Hold,66.39242,66.4009,65.75623,65.798645,26351
2024-08-14 15:00:00,0,0.4132112699077873,0.5867887300922128,Hold,65.80713,66.05312,65.50176,65.917404,28300
2024-08-14 16:00:00,0,0.4278337329737318,0.5721662670262682,Hold,65.917404,65.976776,65.620514,65.84954,9937
2024-08-14 17:00:00,0,0.3851220462196164,0.6148779537803837,Hold,65.84106,65.92589,65.34059,65.47631,16173
2024-08-14 18:00:00,0,0.4218080851795407,0.5781919148204593,Hold,65.46783,65.59507,65.170944,65.51872,19360
2024-08-14 19:00:00,0,0.3725172136249461,0.6274827863750538,Hold,65.51024,65.561134,65.39997,65.45935,3904
2024-08-14 20:00:00,0,0.40615739613305163,0.5938426038669484,Hold,65.46783,65.51024,65.36604,65.50176,1732
2024-08-14 22:00:00,0,0.4475928576304489,0.5524071423695511,Hold,65.75623,65.79016,65.5781,65.620514,918
2024-08-14 23:00:00,0,0.42503838246979286,0.5749616175302071,Hold,65.61203,65.629,65.544174,65.544174,251
2024-08-15 00:00:00,0,0.4702843400470079,0.5297156599529921,Hold,65.55266,65.561134,65.39997,65.425415,886
2024-08-15 01:00:00,0,0.5293885112745642,0.4706114887254358,Sell,65.425415,65.55266,65.25577,65.50176,1610
2024-08-15 02:00:00,0,0.503644404699621,0.496355595300379,Sell,65.51024,65.586586,65.29818,65.53569,1344
2024-08-15 03:00:00,0,0.48471746444434377,0.5152825355556563,Hold,65.51872,65.603546,65.45935,65.51872,572
2024-08-15 04:00:00,0,0.45385451801666854,0.5461454819833315,Hold,65.51872,65.61203,65.484795,65.51872,508
2024-08-15 05:00:00,0,0.48283021052316377,0.5171697894768362,Hold,65.50176,65.50176,65.34059,65.44238,725
2024-08-15 06:00:00,0,0.5115174773093145,0.4884825226906855,Sell,65.44238,65.51024,65.39997,65.47631,700
2024-08-15 07:00:00,0,0.5377444398208224,0.46225556017917757,Sell,65.47631,65.781685,65.39997,65.65444,3735
2024-08-15 08:00:00,0,0.5138402334618168,0.48615976653818316,Sell,65.67141,65.70534,65.41694,65.544174,3367
2024-08-15 09:00:00,0,0.5261659940431869,0.47383400595681313,Sell,65.55266,65.79016,65.50176,65.722305,2876
2024-08-15 10:00:00,0,0.49757994035026804,0.5024200596497319,Hold,65.722305,65.86651,65.61203,65.69685,2847
2024-08-15 11:00:00,0,0.542423233771817,0.457576766228183,Sell,65.68838,66.05312,65.662926,65.976776,4088
2024-08-15 12:00:00,0,0.5329497624804427,0.4670502375195573,Sell,65.976776,66.112495,65.67141,65.69685,7213
2024-08-15 13:00:00,0,0.5979057181250398,0.4020942818749602,Sell,65.69685,66.485725,65.662926,66.19733,16440
2024-08-15 14:00:00,1,0.5874544076996381,0.4125455923003619,Sell,66.19733,66.4518,65.84954,66.41787,11522
2024-08-15 15:00:00,1,0.610608263976427,0.389391736023573,Sell,66.43483,66.67234,66.26518,66.52814,11153
2024-08-15 16:00:00,1,0.5564856366853446,0.44351436331465544,Sell,66.51966,66.58752,66.38394,66.468765,4704
2024-08-15 17:00:00,1,0.5179852173374566,0.4820147826625434,Sell,66.468765,66.53662,66.12098,66.171875,6049
2024-08-15 18:00:00,1,0.5539917616902795,0.4460082383097205,Sell,66.16339,66.44331,66.14643,66.21429,12462
2024-08-15 19:00:00,1,0.5156581135107189,0.4843418864892811,Sell,66.2058,66.2058,66.04464,66.12946,2707
2024-08-15 20:00:00,1,0.5208265566585313,0.4791734433414687,Sell,66.12946,66.26518,66.08705,66.23974,1679
2024-08-15 22:00:00,1,0.5051995442620292,0.4948004557379708,Sell,66.29911,66.29911,65.993744,66.036156,461
2024-08-15 23:00:00,1,0.5400825895025712,0.45991741049742885,Sell,66.036156,66.12098,66.01071,66.06161,157
2024-08-16 00:00:00,1,0.4699523314720452,0.5300476685279548,Hold,66.06161,66.18036,65.976776,66.14643,559
2024-08-16 01:00:00,1,0.4720994925386365,0.5279005074613635,Hold,66.154915,66.2058,66.01919,66.12946,158
2024-08-16 02:00:00,1,0.5146057122787934,0.48539428772120663,Sell,66.13795,66.171875,66.036156,66.16339,184
2024-08-16 03:00:00,1,0.4637105086465748,0.5362894913534252,Hold,66.16339,66.16339,66.06161,66.07008,118
2024-08-16 04:00:00,1,0.4576963937693809,0.542303606230619,Hold,66.04464,66.05312,65.959816,65.98526,168
2024-08-16 05:00:00,1,0.4817085778506443,0.5182914221493558,Hold,65.976776,66.01919,65.92589,65.993744,127
2024-08-16 06:00:00,1,0.4566645235956219,0.5433354764043781,Hold,66.00223,66.10402,65.959816,66.00223,296
2024-08-16 07:00:00,1,0.5379034945919359,0.46209650540806413,Sell,66.01919,66.112495,65.87499,66.095535,881
2024-08-16 08:00:00,1,0.4311815062482799,0.5688184937517201,Hold,66.10402,66.171875,65.561134,65.61203,1079
2024-08-16 09:00:00,1,0.3801402324512965,0.6198597675487034,Hold,65.59507,65.603546,65.111565,65.2388,1469
2024-08-16 10:00:00,0,0.33806447854612537,0.6619355214538747,Hold,65.23032,65.23032,64.50931,64.70441,1451
2024-08-16 11:00:00,0,0.3409600798744122,0.6590399201255879,Hold,64.70441,64.7553,64.076706,64.44145,2215
2024-08-16 12:00:00,0,0.32649027908962863,0.6735097209103713,Hold,64.39904,64.95888,64.35662,64.874054,2096
2024-08-16 13:00:00,1,0.3094714577210449,0.6905285422789551,Hold,64.874054,65.44238,64.738335,65.19639,2720
2024-08-16 14:00:00,1,0.2914501563914586,0.7085498436085413,Hold,65.17943,65.349075,64.55172,64.96736,3871
2024-08-16 15:00:00,1,0.35590837840680856,0.6440916215931914,Hold,64.96736,65.32363,64.797714,65.170944,2387
2024-08-16 16:00:00,1,0.3282519878689863,0.6717480121310138,Hold,65.17943,65.33211,64.88254,65.01826,2231
2024-08-16 17:00:00,1,0.33067312055025166,0.6693268794497483,Hold,65.01826,65.170944,64.721375,65.170944,2002
2024-08-16 18:00:00,1,0.3464800701749299,0.6535199298250701,Hold,65.170944,65.35756,64.94192,64.98433,3407
2024-08-16 19:00:00,1,0.2803583996195259,0.7196416003804741,Hold,64.98433,65.170944,64.89102,65.0946,667
2024-08-16 20:00:00,1,0.3330991595889845,0.6669008404110155,Hold,65.0946,65.14549,64.9504,64.975845,383
2024-08-18 22:00:00,0,0.3399173911856915,0.6600826088143086,Hold,64.975845,65.12221,64.657295,64.657295,2284
2024-08-18 23:00:00,0,0.3141876385797004,0.6858123614202996,Hold,64.6659,64.795044,64.6659,64.777824,729
2024-08-19 00:00:00,0,0.3334469391588337,0.6665530608411663,Hold,64.78644,64.94141,64.72617,64.777824,1972
2024-08-19 01:00:00,1,0.36119029014168763,0.6388097098583123,Hold,64.777824,65.06194,64.674515,65.010284,2521
2024-08-19 02:00:00,1,0.34886921146074135,0.6511307885392587,Hold,65.010284,65.07916,64.8467,64.89836,1416
2024-08-19 03:00:00,1,0.35211599296189355,0.6478840070381064,Hold,64.89836,65.00167,64.8381,64.91558,1196
2024-08-19 04:00:00,0,0.34336538913561826,0.6566346108643817,Hold,64.92419,64.993065,64.80366,64.855316,1072
2024-08-19 05:00:00,0,0.3640856956301522,0.6359143043698479,Hold,64.855316,64.88114,64.691734,64.78644,1301
2024-08-19 06:00:00,0,0.38006213483499457,0.6199378651650054,Hold,64.78644,64.80366,64.58842,64.71756,2735
2024-08-19 07:00:00,0,0.38391080364745805,0.6160891963525419,Hold,64.72617,64.9328,64.459274,64.46789,6091
2024-08-19 08:00:00,0,0.3517382738669414,0.6482617261330585,Hold,64.46789,64.8381,64.373184,64.708954,8675
2024-08-19 09:00:00,0,0.40225802942605104,0.597741970573949,Hold,64.708954,64.752,64.36457,64.43345,4941
2024-08-19 10:00:00,0,0.35123696742553784,0.6487630325744622,Hold,64.424835,64.55398,64.2096,64.41623,5347
2024-08-19 11:00:00,0,0.3531124515341836,0.6468875484658164,Hold,64.41623,64.68312,64.373184,64.60564,4215
2024-08-19 12:00:00,0,0.3580232277775088,0.6419767722224912,Hold,64.59703,64.86392,64.442055,64.8467,9585
2024-08-19 13:00:00,1,0.38121363231574407,0.618786367684256,Hold,64.8467,65.19969,64.73478,64.8381,22196
2024-08-19 14:00:00,1,0.3452181003855518,0.6547818996144482,Hold,64.8381,64.88114,64.304306,64.760605,23675
2024-08-19 15:00:00,1,0.3624626265690603,0.6375373734309397,Hold,64.760605,64.958626,64.39901,64.424835,19691
2024-08-19 16:00:00,0,0.3792812407286665,0.6207187592713335,Hold,64.442055,64.49371,63.426136,63.512234,39313
2024-08-19 17:00:00,0,0.36827063540356403,0.6317293645964359,Hold,63.512234,63.56389,63.23673,63.331432,25040
2024-08-19 18:00:00,0,0.34953152432617135,0.6504684756738286,Hold,63.322823,63.649982,63.24534,63.52945,28968
2024-08-19 19:00:00,0,0.3630839683453855,0.6369160316546145,Hold,63.52945,63.5725,63.36587,63.486404,6735
2024-08-19 20:00:00,0,0.3590370417348175,0.6409629582651826,Hold,63.486404,63.598328,63.486404,63.54667,2700
2024-08-19 22:00:00,0,0.3660898121717279,0.633910187828272,Hold,63.486404,63.53806,63.417526,63.451965,850
2024-08-19 23:00:00,0,0.35939163883277103,0.640608361167229,Hold,63.451965,63.486404,63.426136,63.443356,334
2024-08-20 00:00:00,0,0.4551298137435724,0.5448701862564276,Hold,63.451965,63.451965,63.124805,63.288383,3051
2024-08-20 01:00:00,0,0.44145480038093055,0.5585451996190695,Hold,63.288383,63.52945,63.25395,63.262558,2931
2024-08-20 02:00:00,0,0.4382042817496762,0.5617957182503238,Hold,63.25395,63.271168,63.055927,63.098976,2371
2024-08-20 03:00:00,0,0.43689596130924657,0.5631040386907534,Hold,63.098976,63.107586,62.89235,62.90957,2330
2024-08-20 04:00:00,0,0.42842925306981544,0.5715707469301845,Hold,62.91818,62.995663,62.90096,62.969833,1240
2024-08-20 05:00:00,0,0.4139631273797094,0.5860368726202906,Hold,62.969833,62.978443,62.82347,62.86652,2433
2024-08-20 06:00:00,0,0.43793220872950245,0.5620677912704976,Hold,62.85791,63.133415,62.754597,63.090366,4069
2024-08-20 07:00:00,0,0.4333099261683183,0.5666900738316817,Hold,63.090366,63.090366,62.720158,62.82347,8397
2024-08-20 08:00:00,0,0.48141948537722223,0.5185805146227778,Hold,62.83208,63.0301,62.453266,63.021492,11864
2024-08-20 09:00:00,0,0.452513953747533,0.547486046252467,Hold,63.021492,63.331432,62.702938,63.322823,8833
2024-08-20 10:00:00,0,0.404372471003085,0.5956275289969151,Hold,63.322823,63.68442,63.305603,63.667202,9379
2024-08-20 11:00:00,0,0.36600495805247146,0.6339950419475285,Hold,63.658592,63.67581,63.262558,63.606937,8487
2024-08-20 12:00:00,0,0.39838711222765444,0.6016128877723456,Hold,63.606937,63.641373,63.288383,63.296993,9462
2024-08-20 13:00:00,1,0.3865625124317888,0.6134374875682111,Hold,63.305603,63.977146,63.20229,63.908268,31305
2024-08-20 14:00:00,0,0.42698141174641147,0.5730185882535885,Hold,63.908268,64.037415,63.2109,63.296993,29416
2024-08-20 15:00:00,0,0.4103235274381355,0.5896764725618645,Hold,63.296993,63.434746,62.90957,63.064537,30711
2024-08-20 16:00:00,0,0.36128091732188683,0.6387190826781132,Hold,63.064537,63.37448,62.944004,63.150635,13813
2024-08-20 17:00:00,0,0.4125037407026849,0.5874962592973151,Hold,63.150635,63.18507,62.961224,63.081757,10098
2024-08-20 18:00:00,0,0.3529167934291493,0.6470832065708507,Hold,63.073147,63.17646,62.926785,63.098976,19678
2024-08-20 19:00:00,0,0.375480419127053,0.624519580872947,Hold,63.098976,63.150635,62.995663,63.021492,3892
2024-08-20 20:00:00,0,0.41859240339993614,0.5814075966000638,Hold,63.012882,63.081757,62.90096,62.926785,2835
2024-08-20 22:00:00,0,0.407332512875,0.592667487125,Hold,62.952614,63.03871,62.86652,62.987053,1383
2024-08-20 23:00:00,0,0.42602340974116143,0.5739765902588385,Hold,62.987053,63.004272,62.90096,62.935394,579
2024-08-21 00:00:00,0,0.44082353547601505,0.559176464523985,Hold,62.944004,63.047318,62.88374,63.004272,1332
2024-08-21 01:00:00,0,0.4650526017308105,0.5349473982691895,Hold,62.995663,63.098976,62.88374,62.89235,1853
2024-08-21 02:00:00,0,0.4594226468624162,0.5405773531375838,Hold,62.89235,62.944004,62.754597,62.82347,1731
2024-08-21 03:00:00,0,0.46927168042856465,0.5307283195714354,Hold,62.82347,62.90096,62.771816,62.86652,1027
2024-08-21 04:00:00,0,0.4301919295315216,0.5698080704684785,Hold,62.86652,62.91818,62.8493,62.89235,628
2024-08-21 05:00:00,0,0.4292242443169367,0.5707757556830633,Hold,62.89235,62.944004,62.83208,62.85791,1033
2024-08-21 06:00:00,0,0.4385241755616429,0.5614758244383571,Hold,62.8493,63.17646,62.82347,63.142025,3570
2024-08-21 07:00:00,0,0.49161605170614386,0.5083839482938561,Hold,63.133415,63.133415,62.754597,62.85791,5521
2024-08-21 08:00:00,0,0.508711270527501,0.491288729472499,Sell,62.8493,63.098976,62.771816,63.055927,7169
2024-08-21 09:00:00,0,0.49854848206113433,0.5014515179388657,Hold,63.064537,63.288383,62.935394,63.23673,4940
2024-08-21 10:00:00,0,0.4684693791961565,0.5315306208038435,Hold,63.24534,63.408916,63.090366,63.107586,5017
2024-08-21 11:00:00,0,0.49902279021238216,0.5009772097876178,Hold,63.098976,63.20229,62.935394,63.17646,5013
2024-08-21 12:00:00,0,0.4839281910553728,0.5160718089446272,Hold,63.159245,63.288383,63.004272,63.18507,6605
2024-08-21 13:00:00,0,0.482893813260128,0.5171061867398721,Hold,63.17646,63.598328,63.142025,63.434746,26763
2024-08-21 14:00:00,1,0.5123849136759259,0.48761508632407413,Sell,63.434746,63.848003,62.995663,63.107586,37479
2024-08-21 15:00:00,0,0.43525243470311353,0.5647475652968865,Hold,63.107586,63.331432,62.298294,62.332733,39252
2024-08-21 16:00:00,0,0.41851115009964135,0.5814888499003587,Hold,62.332733,62.444656,61.910866,62.01418,29774
2024-08-21 17:00:00,0,0.41799060259406545,0.5820093974059346,Hold,62.01418,62.0314,61.583706,61.600925,23336
2024-08-21 18:00:00,0,0.41586560328652455,0.5841343967134754,Hold,61.592316,62.17776,61.523438,62.00557,29782
2024-08-21 19:00:00,0,0.39690263313887036,0.6030973668611297,Hold,62.01418,62.134712,61.85921,61.945305,7324
2024-08-21 20:00:00,0,0.4427640439242962,0.5572359560757039,Hold,61.936695,61.979744,61.790333,61.936695,3075
2024-08-21 22:00:00,0,0.4212626617231436,0.5787373382768564,Hold,61.928085,62.01418,61.867817,61.936695,1146
2024-08-21 23:00:00,0,0.42017357257250615,0.5798264274274938,Hold,61.936695,61.945305,61.816162,61.816162,640
2024-08-22 00:00:00,0,0.41743199864325875,0.5825680013567412,Hold,61.82477,61.928085,61.781723,61.781723,2166
2024-08-22 01:00:00,0,0.41129259797361467,0.5887074020263854,Hold,61.781723,61.885036,61.71285,61.72146,3215
2024-08-22 02:00:00,0,0.4117821140638384,0.5882178859361615,Hold,61.71285,61.919476,61.626755,61.910866,3560
2024-08-22 03:00:00,0,0.4214882267905301,0.5785117732094699,Hold,61.910866,61.936695,61.83338,61.84199,2136
2024-08-22 04:00:00,0,0.43675241102719314,0.5632475889728068,Hold,61.83338,61.85921,61.738678,61.773113,1430
2024-08-22 05:00:00,0,0.4549890822019722,0.5450109177980278,Hold,61.773113,61.902256,61.764503,61.82477,1969
2024-08-22 06:00:00,0,0.4709685623420834,0.5290314376579166,Hold,61.816162,61.902256,61.71285,61.764503,3778
2024-08-22 07:00:00,0,0.5056617193081157,0.49433828069188435,Sell,61.764503,61.928085,61.6698,61.71285,7616
2024-08-22 08:00:00,0,0.4861532780829859,0.5138467219170141,Hold,61.71285,61.971134,61.64397,61.85921,9761
2024-08-22 09:00:00,0,0.4535258327835578,0.5464741672164422,Hold,61.85921,62.19498,61.790333,62.16054,7536
2024-08-22 10:00:00,0,0.4547895184618918,0.5452104815381082,Hold,62.15193,62.246635,61.928085,62.108883,6300
2024-08-22 11:00:00,0,0.466052449112659,0.533947550887341,Hold,62.108883,62.298294,62.091667,62.263855,7107
2024-08-22 12:00:00,0,0.4811394065996112,0.5188605934003888,Hold,62.255245,62.392998,61.945305,62.263855,11434
2024-08-22 13:00:00,0,0.4867966070810042,0.5132033929189959,Hold,62.263855,62.582405,62.00557,62.4877,28576
2024-08-22 14:00:00,0,0.5023538834647456,0.49764611653525437,Sell,62.4877,62.952614,62.289684,62.90096,35652
2024-08-22 15:00:00,0,0.5091603601954824,0.4908396398045176,Sell,62.89235,63.133415,62.659893,63.064537,26369
2024-08-22 16:00:00,0,0.6086031334431034,0.39139686655689665,Sell,63.055927,63.296993,63.012882,63.133415,15701
2024-08-22 17:00:00,0,0.5499365236507252,0.4500634763492748,Sell,63.124805,63.24534,62.90957,62.961224,13643
2024-08-22 18:00:00,0,0.5217457469135395,0.4782542530864605,Sell,62.952614,63.107586,62.685722,62.711548,21469
2024-08-22 19:00:00,0,0.6259775288513822,0.37402247114861775,Sell,62.711548,62.81486,62.702938,62.763206,3563
2024-08-22 20:00:00,0,0.6363744173519178,0.3636255826480822,Sell,62.771816,62.85791,62.771816,62.83208,2174
2024-08-22 22:00:00,0,0.6542061104738445,0.34579388952615553,Sell,62.81486,62.89235,62.754597,62.86652,882
2024-08-22 23:00:00,0,0.660948320951544,0.339051679048456,Sell,62.87513,62.944004,62.85791,62.944004,464
2024-08-23 00:00:00,0,0.6428355233660793,0.3571644766339207,Sell,62.944004,62.995663,62.85791,62.995663,1389
2024-08-23 01:00:00,0,0.6430528856568423,0.35694711434315773,Sell,62.987053,63.012882,62.84069,62.85791,1496
2024-08-23 02:00:00,0,0.6092396660558513,0.39076033394414866,Sell,62.85791,62.90096,62.702938,62.737377,2066
2024-08-23 03:00:00,0,0.6585718656550893,0.3414281343449107,Sell,62.737377,62.944004,62.737377,62.89235,1390
2024-08-23 04:00:00,0,0.6472756875396798,0.3527243124603202,Sell,62.90096,62.969833,62.88374,62.926785,680
2024-08-23 05:00:00,0,0.6226946110202921,0.3773053889797079,Sell,62.91818,62.944004,62.8493,62.86652,835
2024-08-23 06:00:00,0,0.6562328772030304,0.34376712279696964,Sell,62.85791,62.995663,62.82347,62.91818,2228
2024-08-23 07:00:00,0,0.6878945357907695,0.31210546420923047,Sell,62.90957,63.20229,62.85791,63.159245,5181
2024-08-23 08:00:00,0,0.6748988058182326,0.3251011941817674,Sell,63.159245,63.443356,63.098976,63.434746,9108
2024-08-23 09:00:00,0,0.6301124448235097,0.3698875551764903,Sell,63.434746,63.641373,63.3917,63.56389,7616
2024-08-23 10:00:00,0,0.629859879962788,0.370140120037212,Sell,63.56389,63.624157,63.408916,63.5725,5235
2024-08-23 11:00:00,0,0.6159874725346304,0.3840125274653696,Sell,63.56389,64.08046,63.53806,64.05463,11145
2024-08-23 12:00:00,0,0.5844060743922697,0.41559392560773034,Sell,64.04602,64.15794,63.848003,63.968536,16207
2024-08-23 13:00:00,0,0.5965291147099735,0.4034708852900265,Sell,63.959927,64.08046,63.72747,63.942707,24346
2024-08-23 14:00:00,0,0.5484454280464458,0.4515545719535542,Sell,63.942707,64.373184,63.88244,64.0288,32955
2024-08-23 15:00:00,0,0.5308762422144726,0.4691237577855274,Sell,64.0288,64.43345,63.985756,64.338745,20721
2024-08-23 16:00:00,0,0.5075476586258649,0.49245234137413507,Sell,64.33013,64.46789,64.26987,64.407616,13347
2024-08-23 17:00:00,0,0.5243659831159135,0.47563401688408646,Sell,64.407616,64.63147,64.39901,64.51954,16697
2024-08-23 18:00:00,0,0.5155147353067322,0.4844852646932678,Sell,64.51093,64.56259,64.34735,64.459274,17152
2024-08-23 19:00:00,0,0.49236555188529946,0.5076344481147006,Hold,64.459274,64.54537,64.3904,64.459274,4317
2024-08-23 20:00:00,0,0.5551297545877566,0.4448702454122434,Sell,64.459274,64.5712,64.442055,64.53676,2190
2024-08-25 22:00:00,0,0.5045035258807233,0.49549647411927666,Sell,64.657295,64.91558,64.657295,64.760605,4968
2024-08-25 23:00:00,0,0.4775011469117389,0.522498853088261,Hold,64.752,64.975845,64.60564,64.9328,2754
2024-08-26 00:00:00,0,0.5056025590829376,0.4943974409170624,Sell,64.94141,64.95002,64.82948,64.89836,1700
2024-08-26 01:00:00,0,0.5043637781285435,0.4956362218714565,Sell,64.89836,65.010284,64.855316,64.958626,3348
2024-08-26 02:00:00,0,0.501357284582349,0.49864271541765104,Sell,64.958626,64.958626,64.8467,64.855316,1619
2024-08-26 03:00:00,0,0.511692784935206,0.488307215064794,Sell,64.86392,64.96724,64.8381,64.88114,1984
2024-08-26 04:00:00,0,0.5127073813728914,0.4872926186271086,Sell,64.88975,64.90697,64.82948,64.855316,733
2024-08-26 05:00:00,0,0.5048212156391104,0.4951787843608896,Sell,64.855316,64.89836,64.82088,64.8467,1152
2024-08-26 06:00:00,0,0.5661041989166099,0.4338958010833901,Sell,64.8381,65.13081,64.8381,65.08777,3888
2024-08-26 07:00:00,0,0.5346479206739084,0.46535207932609157,Sell,65.09638,65.16525,64.9328,65.12221,5845
2024-08-26 08:00:00,0,0.4939506651806126,0.5060493348193874,Hold,65.12221,65.28579,65.06194,65.13943,7404
2024-08-26 09:00:00,0,0.5082534069759421,0.4917465930240579,Sell,65.13943,65.25135,65.027504,65.03611,4018
2024-08-26 10:00:00,0,0.5624601277442267,0.4375398722557733,Sell,65.03611,66.03481,65.01889,66.000374,23295
2024-08-26 11:00:00,0,0.5462258775348302,0.4537741224651698,Sell,66.00899,66.396416,65.965935,66.2931,16273
2024-08-26 12:00:00,0,0.5495228418109466,0.45047715818905343,Sell,66.2931,66.49112,66.13813,66.46529,21558
2024-08-26 13:00:00,1,0.557683352887031,0.44231664711296903,Sell,66.4739,66.79245,66.36198,66.76662,40553
2024-08-26 14:00:00,1,0.4913495760405197,0.5086504239594802,Hold,66.75801,66.80967,66.31032,66.44807,28656
2024-08-26 15:00:00,0,0.4795497711143071,0.5204502288856929,Hold,66.44807,66.55999,66.24144,66.35336,21271
2024-08-26 16:00:00,0,0.5103672397277029,0.4896327602722971,Sell,66.35336,66.46529,66.198395,66.3878,12381
2024-08-26 17:00:00,1,0.5591705452201001,0.4408294547798999,Sell,66.3878,66.58582,66.35336,66.516945,13075
2024-08-26 18:00:00,1,0.5402019947655392,0.4597980052344608,Sell,66.50834,66.74079,66.49112,66.62887,21561
2024-08-26 19:00:00,0,0.5156739549549365,0.4843260450450635,Sell,66.62887,66.65469,66.33614,66.35336,6051
2024-08-26 20:00:00,1,0.4907053606556765,0.5092946393443235,Hold,66.36198,66.46529,66.2931,66.43085,3223
2024-08-26 22:00:00,0,0.4332256320376311,0.5667743679623689,Hold,66.46529,66.499725,66.379196,66.3878,1051
2024-08-26 23:00:00,1,0.4783528885491635,0.5216471114508365,Hold,66.3878,66.46529,66.379196,66.45668,393
2024-08-27 00:00:00,0,0.4320090662813192,0.5679909337186808,Hold,66.45668,66.4739,66.36198,66.40502,1273
2024-08-27 01:00:00,0,0.42782690647154065,0.5721730935284594,Hold,66.40502,66.42224,66.163956,66.379196,3776
2024-08-27 02:00:00,0,0.42728988823374264,0.5727101117662574,Hold,66.379196,66.482506,66.31032,66.41363,1446
2024-08-27 03:00:00,0,0.43337805575099364,0.5666219442490064,Hold,66.41363,66.44807,66.36198,66.41363,1676
2024-08-27 04:00:00,0,0.4438218043454001,0.5561781956545999,Hold,66.41363,66.4739,66.37058,66.46529,1038
2024-08-27 05:00:00,1,0.45501944109527515,0.5449805589047249,Hold,66.46529,66.516945,66.44807,66.50834,1224
2024-08-27 06:00:00,1,0.47900372218774667,0.5209962778122533,Hold,66.516945,66.70635,66.50834,66.61165,4358
2024-08-27 07:00:00,1,0.4805345471565373,0.5194654528434627,Hold,66.61165,66.65469,66.34476,66.35336,6797
2024-08-27 08:00:00,1,0.4339531335892891,0.5660468664107109,Hold,66.36198,66.516945,66.207,66.25866,8903
2024-08-27 09:00:00,0,0.4622390710186422,0.5377609289813579,Hold,66.26727,66.2931,65.862625,66.02621,12391
2024-08-27 10:00:00,1,0.4527677494456515,0.5472322505543485,Hold,66.01759,66.32754,65.983154,66.25866,6112
2024-08-27 11:00:00,1,0.4730478268469033,0.5269521731530967,Hold,66.25866,66.37058,66.198395,66.301704,6849
2024-08-27 12:00:00,1,0.4122584728613535,0.5877415271386466,Hold,66.31032,66.35336,65.91428,66.10369,13920
2024-08-27 13:00:00,1,0.45276741984238533,0.5472325801576147,Hold,66.09508,66.28449,65.80236,65.91428,27853
2024-08-27 14:00:00,1,0.42480287789668886,0.5751971221033112,Hold,65.90567,66.000374,65.40632,65.63878,37083
2024-08-27 15:00:00,1,0.40019370571184615,0.5998062942881539,Hold,65.63878,65.75931,65.294395,65.36327,23284
2024-08-27 16:00:00,0,0.35984774105353945,0.6401522589464606,Hold,65.35466,65.35466,64.95002,64.96724,19123
2024-08-27 17:00:00,0,0.3745555234896648,0.6254444765103352,Hold,64.96724,65.14803,64.91558,65.027504,15494
2024-08-27 18:00:00,1,0.3782874966189536,0.6217125033810464,Hold,65.027504,65.25996,64.9328,65.13081,21445
2024-08-27 19:00:00,1,0.377185152051913,0.6228148479480871,Hold,65.13081,65.21691,65.07916,65.21691,5000
2024-08-27 20:00:00,1,0.4008459494503474,0.5991540505496527,Hold,65.21691,65.33745,65.13943,65.225525,3689
2024-08-27 22:00:00,1,0.42366219942497874,0.5763378005750213,Hold,65.21691,65.328835,65.17387,65.25996,1345
2024-08-27 23:00:00,1,0.4333667499742746,0.5666332500257254,Hold,65.25996,65.28579,65.18247,65.26857,514
2024-08-28 00:00:00,1,0.5080777960282877,0.49192220397171227,Sell,65.277176,65.38049,65.25996,65.328835,1425
2024-08-28 01:00:00,1,0.4854992717249925,0.5145007282750075,Hold,65.328835,65.3891,65.18247,65.19969,1914
2024-08-28 02:00:00,1,0.5044094497190675,0.49559055028093246,Sell,65.19969,65.23413,65.010284,65.113594,2145
2024-08-28 03:00:00,1,0.5214047659310499,0.4785952340689501,Sell,65.113594,65.16525,65.027504,65.13943,1108
2024-08-28 04:00:00,1,0.5046926400668538,0.49530735993314623,Sell,65.13943,65.14803,65.010284,65.027504,1622
2024-08-28 05:00:00,1,0.4641504233724999,0.5358495766275001,Hold,65.027504,65.06194,64.9328,65.027504,1885
2024-08-28 06:00:00,1,0.5255987924962001,0.4744012075037999,Sell,65.027504,65.16525,65.010284,65.13081,2582
2024-08-28 07:00:00,1,0.5016641497671367,0.4983358502328633,Sell,65.12221,65.13943,64.8381,64.88975,5787
2024-08-28 08:00:00,0,0.47596709087668826,0.5240329091233118,Hold,64.89836,64.92419,64.140724,64.5712,18110
2024-08-28 09:00:00,0,0.46012229122313697,0.539877708776863,Hold,64.55398,64.64868,64.22682,64.31291,8089
2024-08-28 10:00:00,0,0.510773486622626,0.489226513377374,Sell,64.304306,64.338745,63.770515,63.813564,13011
2024-08-28 11:00:00,0,0.49087148060172864,0.5091285193982713,Hold,63.813564,64.106285,63.55528,64.04602,15376
2024-08-28 12:00:00,0,0.4371641086717274,0.5628358913282726,Hold,64.05463,64.55398,63.951317,64.49371,17894
2024-08-28 13:00:00,0,0.44171782810882176,0.5582821718911782,Hold,64.49371,64.657295,64.06324,64.25265,28477
2024-08-28 14:00:00,0,0.37688083752317286,0.6231191624768271,Hold,64.25265,64.74339,63.74469,64.70034,38346
2024-08-28 15:00:00,0,0.42226833414931714,0.5777316658506828,Hold,64.691734,65.00167,64.26987,64.407616,38430
2024-08-28 16:00:00,0,0.3927014168855779,0.6072985831144221,Hold,64.39901,64.752,64.28709,64.68312,13044
2024-08-28 17:00:00,0,0.40336871213402403,0.596631287865976,Hold,64.68312,64.752,64.20099,64.33013,11752
2024-08-28 18:00:00,0,0.40938106799431734,0.5906189320056827,Hold,64.338745,64.442055,64.06324,64.25265,19001
2024-08-28 19:00:00,0,0.3938047305153434,0.6061952694846566,Hold,64.24404,64.39901,64.21821,64.338745,3619
2024-08-28 20:00:00,0,0.47742286345625456,0.5225771365437455,Hold,64.338745,64.38179,64.020195,64.037415,2799
2024-08-28 22:00:00,0,0.4671735265116732,0.5328264734883268,Hold,64.071846,64.13212,63.89966,64.106285,1386
2024-08-28 23:00:00,0,0.4461628941912858,0.5538371058087141,Hold,64.09768,64.17516,64.089066,64.13212,357
2024-08-29 00:00:00,0,0.47117162249007677,0.5288283775099232,Hold,64.13212,64.26126,64.106285,64.20099,1720
2024-08-29 01:00:00,0,0.5036756755512057,0.49632432444879426,Sell,64.19238,64.3904,64.19238,64.31291,2129
2024-08-29 02:00:00,0,0.4969058326892409,0.5030941673107592,Hold,64.304306,64.424835,64.27848,64.38179,1538
2024-08-29 03:00:00,0,0.5013859191400101,0.4986140808599899,Sell,64.373184,64.38179,64.26987,64.304306,1195
2024-08-29 04:00:00,0,0.4870061288434921,0.5129938711565079,Hold,64.31291,64.33013,64.22682,64.31291,1452
2024-08-29 05:00:00,0,0.5544166826279101,0.4455833173720899,Sell,64.304306,64.424835,64.27848,64.41623,1665
2024-08-29 06:00:00,0,0.5191705745393448,0.4808294254606552,Sell,64.407616,64.43345,64.19238,64.25265,2960
2024-08-29 07:00:00,0,0.5320356075260693,0.46796439247393073,Sell,64.26126,64.43345,64.15794,64.338745,5073
2024-08-29 08:00:00,0,0.5081673834451935,0.4918326165548065,Sell,64.338745,64.3904,63.787735,63.830784,11978
2024-08-29 09:00:00,0,0.5054034990586543,0.49459650094134566,Sell,63.830784,64.13212,63.753296,64.09768,5666
2024-08-29 10:00:00,0,0.4661023024119756,0.5338976975880244,Hold,64.106285,64.41623,64.08046,64.407616,5901
2024-08-29 11:00:00,0,0.5152891549761842,0.4847108450238158,Sell,64.407616,64.622856,64.29569,64.58842,8368
2024-08-29 12:00:00,0,0.502092257560112,0.497907742439888,Sell,64.57981,64.81226,64.407616,64.795044,10170
2024-08-29 13:00:00,1,0.4642720344357483,0.5357279655642517,Hold,64.795044,66.08647,64.657295,66.05203,61020
2024-08-29 14:00:00,1,0.43188184170132105,0.568118158298679,Hold,66.05203,66.215614,65.509636,65.69044,44998
2024-08-29 15:00:00,0,0.45750382590864863,0.5424961740913514,Hold,65.68182,65.845406,64.88114,65.19969,43121
2024-08-29 16:00:00,0,0.4259141951619825,0.5740858048380175,Hold,65.19969,65.46658,65.010284,65.15665,17589
2024-08-29 17:00:00,0,0.43880192697574644,0.5611980730242536,Hold,65.15665,65.38049,65.03611,65.113594,13081
2024-08-29 18:00:00,0,0.5266218698034342,0.4733781301965658,Sell,65.10499,65.44076,65.09638,65.3891,22541
2024-08-29 19:00:00,0,0.4780187586104226,0.5219812413895775,Hold,65.3891,65.509636,65.35466,65.44937,5935
2024-08-29 20:00:00,0,0.47644430277089933,0.5235556972291007,Hold,65.44937,65.4838,65.30301,65.44937,2723
2024-08-29 22:00:00,0,0.46087203762581097,0.539127962374189,Hold,65.32023,65.36327,65.26857,65.294395,1080
2024-08-29 23:00:00,0,0.451846836551549,0.548153163448451,Hold,65.28579,65.294395,65.16525,65.16525,475
2024-08-30 00:00:00,0,0.4617710663086974,0.5382289336913026,Hold,65.17387,65.294395,65.13081,65.277176,1326
2024-08-30 01:00:00,0,0.4728512255696375,0.5271487744303625,Hold,65.277176,65.4752,65.21691,65.35466,2230
2024-08-30 02:00:00,0,0.49913869002602607,0.5008613099739739,Hold,65.35466,65.49242,65.346054,65.49242,1408
2024-08-30 03:00:00,0,0.48688641974700414,0.5131135802529958,Hold,65.4838,65.58712,65.39771,65.544075,1424
2024-08-30 04:00:00,0,0.46244171552317875,0.5375582844768212,Hold,65.544075,65.561295,65.4838,65.53546,1065
2024-08-30 05:00:00,0,0.4795925219351244,0.5204074780648755,Hold,65.526855,65.664604,65.49242,65.60434,1764
2024-08-30 06:00:00,0,0.47830541983364727,0.5216945801663527,Hold,65.595726,65.664604,65.561295,65.595726,2542
2024-08-30 07:00:00,1,0.5038540611327617,0.49614593886723835,Sell,65.595726,65.94011,65.526855,65.69904,8223
2024-08-30 08:00:00,1,0.46074765380501553,0.5392523461949845,Hold,65.69904,65.845406,65.45798,65.50102,9075
2024-08-30 09:00:00,0,0.47686783386330867,0.5231321661366913,Hold,65.50102,65.595726,65.25996,65.277176,7560
2024-08-30 10:00:00,1,0.4868409224731325,0.5131590775268675,Hold,65.277176,65.595726,65.26857,65.578514,4826
2024-08-30 11:00:00,1,0.42789707533141413,0.5721029246685858,Hold,65.578514,65.60434,65.06194,65.328835,9924
2024-08-30 12:00:00,1,0.40872929192845187,0.5912707080715481,Hold,65.32023,65.4752,65.16525,65.17387,8923
2024-08-30 13:00:00,0,0.4756505461149278,0.5243494538850721,Hold,65.17387,65.19969,63.36587,63.589718,86923
2024-08-30 14:00:00,0,0.4417989035253485,0.5582010964746515,Hold,63.589718,63.87383,63.296993,63.606937,36663
2024-08-30 15:00:00,0,0.49245473284902225,0.5075452671509777,Hold,63.615547,63.87383,63.34865,63.72747,24120
2024-08-30 16:00:00,0,0.46300693127753745,0.5369930687224626,Hold,63.72747,63.839394,63.37448,63.460575,16980
2024-08-30 17:00:00,0,0.49057077530725646,0.5094292246927435,Hold,63.460575,63.56389,63.262558,63.477795,15074
2024-08-30 18:00:00,0,0.4647075314972699,0.53529246850273,Hold,63.477795,63.53806,63.18507,63.21951,34440
2024-08-30 19:00:00,0,0.49503870047264326,0.5049612995273567,Hold,63.21951,63.35726,63.159245,63.331432,5978
2024-08-30 20:00:00,0,0.4924013213907208,0.5075986786092792,Hold,63.331432,63.426136,63.314213,63.408916,2675
2024-09-01 22:00:00,0,0.4268085891195352,0.5731914108804648,Hold,63.305603,63.408916,62.978443,63.021492,2204
2024-09-01 23:00:00,0,0.38816133638975886,0.6118386636102411,Hold,63.012882,63.03871,62.806255,62.83208,1176
2024-09-02 00:00:00,0,0.49598188274184296,0.504018117258157,Hold,62.83208,63.116196,62.82347,63.081757,1773
2024-09-02 01:00:00,0,0.4036092358506955,0.5963907641493045,Hold,63.090366,63.17646,62.8493,62.90096,2717
2024-09-02 02:00:00,0,0.39402908316312374,0.6059709168368763,Hold,62.90096,62.90096,62.754597,62.8493,1862
2024-09-02 03:00:00,0,0.41292757799932,0.58707242200068,Hold,62.86652,62.88374,62.771816,62.86652,1161
2024-09-02 04:00:00,0,0.4282916155028913,0.5717083844971087,Hold,62.86652,62.89235,62.789036,62.88374,989
2024-09-02 05:00:00,0,0.4336471269415055,0.5663528730584946,Hold,62.88374,63.004272,62.8493,62.961224,1129
2024-09-02 06:00:00,0,0.36478931285806016,0.6352106871419398,Hold,62.952614,63.03871,62.8493,62.91818,2337
2024-09-02 07:00:00,0,0.47045807734873035,0.5295419226512696,Hold,62.90957,63.331432,62.90096,63.24534,4673
2024-09-02 08:00:00,0,0.4905059940866013,0.5094940059133988,Hold,63.25395,63.58111,63.098976,63.52945,7418
2024-09-02 09:00:00,0,0.4478266503825698,0.5521733496174301,Hold,63.53806,63.632767,63.18507,63.305603,5489
2024-09-02 10:00:00,0,0.45228789266275904,0.547712107337241,Hold,63.296993,63.314213,63.124805,63.22812,3718
2024-09-02 11:00:00,0,0.4239401933131593,0.5760598066868408,Hold,63.23673,63.52945,63.22812,63.23673,3893
2024-09-02 12:00:00,0,0.4542702519464383,0.5457297480535617,Hold,63.23673,63.426136,63.142025,63.36587,4215
2024-09-02 13:00:00,0,0.46095638450792914,0.5390436154920708,Hold,63.37448,63.486404,63.150635,63.262558,7208
2024-09-02 14:00:00,0,0.4859318002516554,0.5140681997483446,Hold,63.262558,63.53806,63.25395,63.477795,5949
2024-09-02 15:00:00,1,0.5103029801657135,0.4896970198342865,Sell,63.477795,63.99436,63.288383,63.985756,11997
2024-09-02 16:00:00,1,0.5067850653093328,0.49321493469066724,Sell,63.985756,64.06324,63.761906,63.87383,6411
2024-09-02 17:00:00,1,0.5054126331852759,0.49458736681472415,Sell,63.88244,63.925488,63.69303,63.70164,1426
2024-09-02 18:00:00,1,0.47013533467157403,0.529864665328426,Hold,63.70164,63.779125,63.70164,63.74469,357
2024-09-02 22:00:00,0,0.4396047646219984,0.5603952353780016,Hold,63.770515,63.787735,63.322823,63.34865,2250
2024-09-02 23:00:00,0,0.49165945353031343,0.5083405464696866,Hold,63.35726,63.52945,63.340042,63.52084,1070
2024-09-03 00:00:00,1,0.5734229399946965,0.4265770600053035,Sell,63.52084,63.71886,63.512234,63.71886,1835
2024-09-03 01:00:00,0,0.5294823210721887,0.47051767892781127,Sell,63.71886,63.74469,63.469185,63.598328,2607
2024-09-03 02:00:00,1,0.521478148455566,0.47852185154443405,Sell,63.615547,63.848003,63.598328,63.67581,1784
2024-09-03 03:00:00,0,0.5189583209486444,0.48104167905135564,Sell,63.67581,63.73608,63.58111,63.632767,1323
2024-09-03 04:00:00,0,0.5278195007291377,0.47218049927086225,Sell,63.632767,63.68442,63.589718,63.667202,795
2024-09-03 05:00:00,1,0.5370946038506528,0.4629053961493472,Sell,63.667202,63.848003,63.55528,63.779125,2104
2024-09-03 06:00:00,1,0.5264450669712916,0.47355493302870844,Sell,63.787735,63.848003,63.71886,63.804955,2786
2024-09-03 07:00:00,1,0.5587726442709242,0.4412273557290758,Sell,63.813564,63.959927,63.495014,63.54667,7196
2024-09-03 08:00:00,1,0.5272412640714579,0.4727587359285421,Sell,63.55528,63.72747,63.03871,63.426136,16132
2024-09-03 09:00:00,1,0.40589909800948415,0.5941009019905159,Hold,63.426136,63.495014,62.55658,62.582405,18795
2024-09-03 10:00:00,0,0.382728364030451,0.6172716359695489,Hold,62.582405,62.582405,62.04001,62.065838,16895
2024-09-03 11:00:00,0,0.33900207946307687,0.6609979205369232,Hold,62.074448,62.47909,62.04001,62.392998,12484
2024-09-03 12:00:00,1,0.32602770478030746,0.6739722952196925,Hold,62.392998,62.8493,61.738678,62.0314,36435
2024-09-03 13:00:00,0,0.3701480534259798,0.6298519465740202,Hold,62.0314,62.0314,60.920776,60.97243,61318
2024-09-03 14:00:00,0,0.29759930297365017,0.7024006970263499,Hold,60.96382,61.118793,60.64527,60.748585,42278
2024-09-03 15:00:00,0,0.3434789987878153,0.6565210012121847,Hold,60.748585,61.144623,60.593613,60.80885,27105
2024-09-03 16:00:00,0,0.3027606452555085,0.6972393547444915,Hold,60.81746,61.049915,60.438644,60.550568,24022
2024-09-03 17:00:00,0,0.28789094949249694,0.7121090505075031,Hold,60.550568,60.739975,60.378376,60.395596,16784
2024-09-03 18:00:00,0,0.33123869542136225,0.6687613045786378,Hold,60.395596,60.619442,60.352547,60.46447,23158
2024-09-03 19:00:00,0,0.3261053894838063,0.6738946105161937,Hold,60.46447,60.63666,60.46447,60.567783,7321
2024-09-03 20:00:00,0,0.3383845351407324,0.6616154648592676,Hold,60.576393,60.62805,60.421425,60.45586,4021
2024-09-03 22:00:00,0,0.38715352974866174,0.6128464702513383,Hold,60.50752,60.619442,60.447254,60.541958,1132
2024-09-03 23:00:00,0,0.3787113426718666,0.6212886573281333,Hold,60.550568,60.585003,60.46447,60.47308,727
2024-09-04 00:00:00,0,0.4542980906241984,0.5457019093758015,Hold,60.47308,60.52474,60.240623,60.266453,3629
2024-09-04 01:00:00,0,0.48150240489142143,0.5184975951085786,Hold,60.257843,60.31811,60.094265,60.19758,4866
2024-09-04 02:00:00,0,0.48331813040256866,0.5166818695974313,Hold,60.19758,60.19758,60.025387,60.13731,2532
2024-09-04 03:00:00,0,0.4726845683029352,0.5273154316970647,Hold,60.14592,60.266453,60.094265,60.16314,2241
2024-09-04 04:00:00,0,0.5071370130164448,0.49286298698355524,Sell,60.16314,60.240623,60.14592,60.18897,1395
2024-09-04 05:00:00,0,0.517981980353907,0.48201801964609303,Sell,60.18036,60.30089,60.16314,60.283672,1864
2024-09-04 06:00:00,0,0.5144871422985439,0.48551285770145614,Sell,60.292282,60.361156,59.973732,60.008167,6283
2024-09-04 07:00:00,0,0.45381769567506014,0.5461823043249399,Hold,60.008167,60.033997,59.612133,59.62935,14789
2024-09-04 08:00:00,0,0.4438784638837802,0.5561215361162197,Hold,59.62935,60.352547,59.569084,60.18897,16473
2024-09-04 09:00:00,0,0.4544522359251664,0.5455477640748336,Hold,60.19758,60.714146,60.16314,60.266453,14302
2024-09-04 10:00:00,1,0.4684743619837008,0.5315256380162992,Hold,60.266453,61.523438,60.15453,61.402905,32022
2024-09-04 11:00:00,1,0.41542269945871874,0.5845773005412813,Hold,61.402905,61.411514,60.903557,61.0327,15073
2024-09-04 12:00:00,0,0.4344890719333218,0.5655109280666781,Hold,61.02409,61.092964,60.068436,60.550568,25051
2024-09-04 13:00:00,0,0.4179531162750552,0.5820468837249448,Hold,60.550568,60.696926,59.81015,60.14592,36788
2024-09-04 14:00:00,0,0.4490569267737176,0.5509430732262823,Hold,60.1287,60.929382,59.672398,59.990948,57803
2024-09-04 15:00:00,0,0.4544497699469858,0.5455502300530142,Hold,59.982338,60.567783,59.982338,60.15453,32846
2024-09-04 16:00:00,0,0.4705157889308041,0.529484211069196,Hold,60.14592,60.20619,59.956512,60.077045,11262
2024-09-04 17:00:00,0,0.4918847019482075,0.5081152980517925,Hold,60.085655,60.085655,59.663788,59.698227,14143
2024-09-04 18:00:00,0,0.5074661393355026,0.49253386066449745,Sell,59.698227,59.870415,59.42272,59.43133,33965
2024-09-04 19:00:00,0,0.47806307424108396,0.521936925758916,Hold,59.43994,59.47438,59.250534,59.3108,10482
2024-09-04 20:00:00,0,0.5110350060097335,0.4889649939902665,Sell,59.30219,59.689617,59.250534,59.620743,5525
2024-09-04 22:00:00,0,0.485684809200718,0.514315190799282,Hold,59.63796,59.698227,59.534645,59.689617,1255
2024-09-04 23:00:00,0,0.48220330692741137,0.5177966930725886,Hold,59.698227,59.732666,59.620743,59.663788,753
2024-09-05 00:00:00,0,0.5691586882703491,0.4308413117296509,Sell,59.663788,59.83598,59.64657,59.78432,2031
2024-09-05 01:00:00,0,0.586802749944656,0.413197250055344,Sell,59.78432,59.999557,59.75849,59.870415,3151
2024-09-05 02:00:00,0,0.5799322298097273,0.42006777019027275,Sell,59.870415,59.930683,59.79293,59.83598,1485
2024-09-05 03:00:00,0,0.5790126045066551,0.42098739549334485,Sell,59.83598,59.83598,59.64657,59.681007,2019
2024-09-05 04:00:00,0,0.5913172734328024,0.4086827265671976,Sell,59.689617,59.82737,59.689617,59.79293,1204
2024-09-05 05:00:00,0,0.580265299795227,0.419734700204773,Sell,59.78432,59.81876,59.698227,59.80154,1533
2024-09-05 06:00:00,0,0.6002377296111445,0.3997622703888555,Sell,59.80154,59.904854,59.715446,59.84459,3658
2024-09-05 07:00:00,0,0.6070056669506342,0.3929943330493658,Sell,59.83598,59.990948,59.689617,59.887634,10014
2024-09-05 08:00:00,0,0.6432004897016428,0.3567995102983572,Sell,59.896244,60.11148,59.83598,59.973732,10645
2024-09-05 09:00:00,0,0.6279304652522182,0.3720695347477818,Sell,59.973732,60.32672,59.939293,59.982338,11121
2024-09-05 10:00:00,0,0.6267054013337633,0.3732945986662367,Sell,59.982338,60.077045,59.672398,59.947903,6391
2024-09-05 11:00:00,0,0.6111174487070702,0.3888825512929298,Sell,59.947903,60.1287,59.689617,59.84459,10576
2024-09-05 12:00:00,0,0.6465748586471209,0.35342514135287906,Sell,59.83598,60.240623,59.77571,60.094265,14401
2024-09-05 13:00:00,0,0.5985271563555341,0.4014728436444659,Sell,60.085655,60.395596,59.672398,60.094265,32184
2024-09-05 14:00:00,1,0.6054087208700413,0.3945912791299587,Sell,60.10287,60.97243,60.094265,60.705536,47160
2024-09-05 15:00:00,0,0.5872649403229453,0.4127350596770547,Sell,60.748585,60.869118,59.741276,59.7671,42760
2024-09-05 16:00:00,0,0.5883720338929244,0.41162796610707564,Sell,59.7671,59.973732,59.336628,59.620743,25434
2024-09-05 17:00:00,0,0.6034711665442993,0.39652883345570067,Sell,59.612133,59.620743,59.190266,59.3108,15223
2024-09-05 18:00:00,0,0.5163212153562539,0.48367878464374614,Sell,59.30219,59.698227,59.27636,59.655178,21334
2024-09-05 19:00:00,0,0.5011576941974529,0.49884230580254707,Sell,59.64657,59.706837,59.517426,59.551865,3649
2024-09-05 20:00:00,0,0.5032847837085842,0.4967152162914158,Sell,59.551865,59.706837,59.50021,59.681007,1656
2024-09-05 22:00:00,0,0.4982010806377564,0.5017989193622436,Hold,59.689617,59.74988,59.63796,59.64657,786
2024-09-05 23:00:00,0,0.4920595114906419,0.5079404885093581,Hold,59.64657,59.706837,59.64657,59.698227,350
2024-09-06 00:00:00,0,0.5073327233341721,0.4926672766658279,Sell,59.706837,59.741276,59.560474,59.64657,2045
2024-09-06 01:00:00,0,0.4991267926367106,0.5008732073632893,Hold,59.63796,59.7671,59.543255,59.681007,2076
2024-09-06 02:00:00,0,0.49113818220779004,0.50886181779221,Hold,59.681007,59.724056,59.543255,59.63796,1245
2024-09-06 03:00:00,0,0.48797958252116064,0.5120204174788394,Hold,59.63796,59.655178,59.47438,59.534645,1500
2024-09-06 04:00:00,0,0.4737819382111406,0.5262180617888594,Hold,59.534645,59.655178,59.48299,59.62935,747
2024-09-06 05:00:00,0,0.50647307757036,0.49352692242964,Sell,59.63796,59.663788,59.44855,59.64657,1919
2024-09-06 06:00:00,0,0.4809183894198367,0.5190816105801632,Hold,59.63796,59.973732,59.63796,59.965122,3457
2024-09-06 07:00:00,0,0.4636242615354264,0.5363757384645735,Hold,59.956512,59.956512,59.655178,59.861805,6717
2024-09-06 08:00:00,0,0.5170442981959242,0.48295570180407577,Sell,59.870415,60.008167,59.32802,59.517426,10738
2024-09-06 09:00:00,0,0.46959446975890284,0.5304055302410972,Hold,59.526035,59.861805,59.405502,59.84459,6650
2024-09-06 10:00:00,0,0.5200849039061429,0.4799150960938571,Sell,59.8532,59.930683,59.4916,59.508816,5625
2024-09-06 11:00:00,0,0.5164493655259276,0.4835506344740724,Sell,59.508816,59.939293,59.46577,59.84459,6505
2024-09-06 12:00:00,0,0.5075073098270518,0.49249269017294817,Sell,59.84459,60.19758,59.741276,59.75849,15561
2024-09-06 13:00:00,1,0.5148085987136531,0.48519140128634686,Sell,59.75849,60.378376,59.63796,60.292282,24034
2024-09-06 14:00:00,0,0.4710118090308442,0.5289881909691558,Hold,60.292282,60.378376,58.398193,58.60482,47129
2024-09-06 15:00:00,0,0.4717237950642665,0.5282762049357335,Hold,58.60482,58.9492,58.139908,58.208782,39651
2024-09-06 16:00:00,0,0.4062753047002434,0.5937246952997566,Hold,58.208782,58.355145,57.829967,58.131298,26333
2024-09-06 17:00:00,0,0.42429766047644096,0.575702339523559,Hold,58.12269,58.518726,58.09686,58.208782,19248
2024-09-06 18:00:00,0,0.39586505650764026,0.6041349434923597,Hold,58.208782,58.60482,58.10547,58.59621,25030
2024-09-06 19:00:00,0,0.4182174505847723,0.5817825494152278,Hold,58.60482,58.733963,58.535946,58.716743,6784
2024-09-06 20:00:00,0,0.4458960957348298,0.5541039042651702,Hold,58.725353,58.733963,58.60482,58.682304,2778
2024-09-08 22:00:00,0,0.41393904532979064,0.5860609546702094,Hold,58.65648,58.77701,58.561775,58.768402,2760
2024-09-08 23:00:00,0,0.4244766607014445,0.5755233392985555,Hold,58.759792,58.854496,58.699524,58.820057,1010
2024-09-09 00:00:00,0,0.45001404845687704,0.5499859515431229,Hold,58.820057,59.009468,58.811447,58.837276,2880
2024-09-09 01:00:00,0,0.45191458749369734,0.5480854125063026,Hold,58.828667,59.164436,58.6737,59.00086,5421
2024-09-09 02:00:00,0,0.4485613641201489,0.5514386358798511,Hold,59.00086,59.164436,58.9492,59.00086,1809
2024-09-09 03:00:00,0,0.4359313309870988,0.5640686690129012,Hold,58.99225,59.216095,58.97503,59.026688,2357
2024-09-09 04:00:00,0,0.4193302720669643,0.5806697279330357,Hold,59.018078,59.086952,58.98364,59.043903,1005
2024-09-09 05:00:00,0,0.4495312324362584,0.5504687675637416,Hold,59.043903,59.086952,58.725353,58.768402,2339
2024-09-09 06:00:00,0,0.44638687778670844,0.5536131222132916,Hold,58.759792,59.00086,58.708134,58.96642,3556
2024-09-09 07:00:00,0,0.47419980600958034,0.5258001939904197,Hold,58.96642,59.241924,58.888935,59.095562,7547
2024-09-09 08:00:00,0,0.452973854446013,0.547026145553987,Hold,59.10417,59.267754,58.79423,58.828667,8604
2024-09-09 09:00:00,0,0.49526670028483677,0.5047332997151632,Hold,58.820057,59.052513,58.811447,58.888935,5931
2024-09-09 10:00:00,0,0.4876492346743507,0.5123507653256494,Hold,58.888935,58.95781,58.544556,58.759792,7631
2024-09-09 11:00:00,0,0.5124782619564612,0.4875217380435388,Sell,58.759792,59.190266,58.64787,59.043903,8098
2024-09-09 12:00:00,0,0.521066070435499,0.478933929564501,Sell,59.035294,59.052513,58.60482,58.63926,10177
2024-09-09 13:00:00,0,0.5272230223193323,0.47277697768066773,Sell,58.63926,58.742573,57.9505,58.26044,31774
2024-09-09 14:00:00,0,0.46354026002183035,0.5364597399781696,Hold,58.26044,59.061123,58.26044,58.95781,27937
2024-09-09 15:00:00,0,0.45862679701155884,0.5413732029884412,Hold,58.9492,59.078342,58.398193,58.820057,22942
2024-09-09 16:00:00,1,0.5561860152785961,0.4438139847214039,Sell,58.811447,59.371067,58.725353,59.27636,14553
2024-09-09 17:00:00,1,0.5505333306309439,0.4494666693690561,Sell,59.27636,59.3108,58.906155,59.14722,10426
2024-09-09 18:00:00,1,0.5609927354509042,0.4390072645490958,Sell,59.13861,59.31941,59.035294,59.233315,18209
2024-09-09 19:00:00,0,0.5381637140764944,0.46183628592350556,Sell,59.233315,59.241924,59.009468,59.026688,3552
2024-09-09 20:00:00,1,0.6117094914044897,0.3882905085955103,Sell,59.035294,59.267754,59.026688,59.233315,2073
2024-09-09 22:00:00,1,0.590232997181674,0.409767002818326,Sell,59.216095,59.250534,59.164436,59.173046,758
2024-09-09 23:00:00,1,0.598796425400852,0.401203574599148,Sell,59.173046,59.241924,59.164436,59.190266,346
2024-09-10 00:00:00,1,0.5774525861644432,0.42254741383555683,Sell,59.198875,59.29358,59.13,59.28497,1532
2024-09-10 01:00:00,1,0.5614428934500478,0.43855710654995217,Sell,59.28497,59.47438,59.164436,59.233315,3758
2024-09-10 02:00:00,1,0.5240832505793568,0.4759167494206432,Sell,59.241924,59.250534,59.078342,59.10417,1532
2024-09-10 03:00:00,1,0.5364531778520488,0.4635468221479512,Sell,59.10417,59.173046,59.009468,59.052513,1862
2024-09-10 04:00:00,1,0.5549644998561444,0.4450355001438556,Sell,59.043903,59.11278,59.035294,59.043903,1034
2024-09-10 05:00:00,1,0.5405924929138853,0.45940750708611466,Sell,59.043903,59.043903,58.93198,58.99225,1796
2024-09-10 06:00:00,0,0.5191997142143897,0.4808002857856103,Sell,58.99225,59.00086,58.759792,58.820057,3829
2024-09-10 07:00:00,1,0.6055377867764887,0.39446221322351127,Sell,58.811447,59.061123,58.708134,59.043903,5574
2024-09-10 08:00:00,0,0.5253813026662538,0.4746186973337462,Sell,59.052513,59.086952,58.510117,58.59621,9295
2024-09-10 09:00:00,0,0.5268162805660729,0.4731837194339271,Sell,58.59621,58.59621,58.157127,58.3121,13377
2024-09-10 10:00:00,0,0.5324476367476431,0.46755236325235694,Sell,58.3121,58.6737,58.30349,58.57899,6236
2024-09-10 11:00:00,0,0.5158946981001844,0.4841053018998156,Sell,58.57899,58.63065,58.30349,58.389584,6975
2024-09-10 12:00:00,0,0.5969753606618954,0.4030246393381046,Sell,58.389584,58.837276,58.26044,58.811447,11611
2024-09-10 13:00:00,1,0.5578111167027388,0.44218888329726125,Sell,58.820057,59.241924,58.329315,58.346535,30916
2024-09-10 14:00:00,0,0.4825917643039961,0.5174082356960039,Hold,58.346535,58.432632,56.667686,57.0465,84458
2024-09-10 15:00:00,0,0.47466220944070764,0.5253377905592924,Hold,57.0465,57.296177,56.194164,56.443836,47772
2024-09-10 16:00:00,0,0.4447018979101877,0.5552981020898122,Hold,56.443836,56.73656,56.366352,56.538544,20032
2024-09-10 17:00:00,0,0.41700616514673516,0.5829938348532648,Hold,56.529934,56.814045,56.495495,56.538544,14326
2024-09-10 18:00:00,0,0.45736709710234014,0.5426329028976599,Hold,56.529934,56.891533,56.40079,56.865704,26291
2024-09-10 19:00:00,0,0.37974470114095216,0.6202552988590478,Hold,56.865704,57.03789,56.814045,56.977627,5920
2024-09-10 20:00:00,0,0.40614932370178847,0.5938506762982115,Hold,56.986237,57.192863,56.960407,57.08955,5564
2024-09-10 22:00:00,0,0.4619939019148751,0.5380060980851249,Hold,57.06372,57.12399,57.012066,57.11538,941
2024-09-10 23:00:00,0,0.4181460840429087,0.5818539159570912,Hold,57.11538,57.14121,57.03789,57.0465,464
2024-09-11 00:00:00,0,0.45784791027158184,0.5421520897284182,Hold,57.0465,57.11538,56.882923,56.908752,1891
2024-09-11 01:00:00,0,0.4716204284892648,0.5283795715107352,Hold,56.908752,57.020676,56.74517,56.951797,3568
2024-09-11 02:00:00,0,0.48737470007943867,0.5126252999205614,Hold,56.951797,57.175644,56.91736,57.06372,2449
2024-09-11 03:00:00,0,0.5064548094476887,0.4935451905523113,Sell,57.06372,57.07233,56.874313,56.969017,2593
2024-09-11 04:00:00,0,0.5132721677935942,0.4867278322064058,Sell,56.960407,57.003456,56.822655,56.943188,1246
2024-09-11 05:00:00,0,0.4587814879329008,0.5412185120670991,Hold,56.934578,57.26174,56.891533,57.175644,3129
2024-09-11 06:00:00,0,0.4485186902756925,0.5514813097243074,Hold,57.175644,57.537243,57.08094,57.47698,6952
2024-09-11 07:00:00,0,0.5006392940880316,0.49936070591196835,Sell,57.46837,57.7697,57.296177,57.5889,9519
2024-09-11 08:00:00,0,0.4983885324444065,0.5016114675555935,Hold,57.5889,57.838577,57.47698,57.829967,10191
2024-09-11 09:00:00,0,0.4682933471491037,0.5317066528508962,Hold,57.829967,58.09686,57.683605,58.002155,8832
2024-09-11 10:00:00,0,0.42729980936490963,0.5727001906350904,Hold,58.010765,58.182957,57.77831,57.821358,8759
2024-09-11 11:00:00,0,0.4696086016302425,0.5303913983697575,Hold,57.812748,58.11408,57.77831,57.92467,8199
2024-09-11 12:00:00,0,0.45297023789926216,0.5470297621007378,Hold,57.92467,57.993546,57.5889,57.692215,16010
2024-09-11 13:00:00,0,0.4870754740073582,0.5129245259926418,Hold,57.692215,57.92467,57.167034,57.365055,33758
2024-09-11 14:00:00,0,0.5064890773050789,0.49351092269492114,Sell,57.365055,57.545853,56.504105,57.020676,44087
2024-09-11 15:00:00,0,0.5465000988019378,0.45349990119806216,Sell,57.020676,58.053814,56.960407,57.94189,38538
2024-09-11 16:00:00,0,0.5606116736437329,0.4393883263562671,Sell,57.94189,58.363754,57.631947,58.3121,24435
2024-09-11 17:00:00,0,0.5631257329445292,0.43687426705547083,Sell,58.3121,58.518726,58.12269,58.174347,19549
2024-09-11 18:00:00,0,0.5152929080694494,0.4847070919305506,Sell,58.165737,58.23461,57.821358,57.821358,18585
2024-09-11 19:00:00,0,0.48356335201965467,0.5164366479803453,Hold,57.821358,57.873013,57.726654,57.79553,4372
2024-09-11 20:00:00,0,0.5084501709140037,0.4915498290859963,Sell,57.77831,58.010765,57.7697,58.010765,2337
2024-09-11 22:00:00,0,0.525907833416205,0.47409216658379505,Sell,58.019375,58.036594,57.92467,57.984936,824
2024-09-11 23:00:00,0,0.5191404360463413,0.4808595639536587,Sell,57.976326,57.976326,57.890232,57.90745,477
2024-09-12 00:00:00,0,0.5610185661367599,0.43898143386324007,Sell,57.90745,58.165737,57.890232,58.148518,2149
2024-09-12 01:00:00,0,0.567145715555727,0.432854284444273,Sell,58.148518,58.30349,57.94189,57.993546,3896
2024-09-12 02:00:00,0,0.5917418542028141,0.4082581457971859,Sell,57.993546,58.148518,57.96772,58.139908,1617
2024-09-12 03:00:00,0,0.6082519695082018,0.3917480304917982,Sell,58.148518,58.30349,58.09686,58.29488,1500
2024-09-12 04:00:00,0,0.5906854955823353,0.4093145044176647,Sell,58.30349,58.329315,58.23461,58.32071,1143
2024-09-12 05:00:00,0,0.5993785065567891,0.40062149344321085,Sell,58.329315,58.561775,58.26044,58.561775,2907
2024-09-12 06:00:00,0,0.6245551868883933,0.3754448131116067,Sell,58.561775,58.820057,58.510117,58.742573,4821
2024-09-12 07:00:00,0,0.5934920539819782,0.40650794601802176,Sell,58.733963,58.97503,58.65648,58.811447,5802
2024-09-12 08:00:00,0,0.6254609136665504,0.37453908633344957,Sell,58.820057,58.845886,58.510117,58.527336,8331
2024-09-12 09:00:00,0,0.6135464237647738,0.38645357623522625,Sell,58.527336,59.078342,58.44985,59.069733,8507
2024-09-12 10:00:00,0,0.6261582427543901,0.37384175724560986,Sell,59.069733,59.11278,58.811447,58.93198,7178
2024-09-12 11:00:00,0,0.6296224580006143,0.37037754199938566,Sell,58.92337,59.043903,58.811447,58.854496,5245
2024-09-12 12:00:00,0,0.6124385632550943,0.38756143674490573,Sell,58.845886,58.880325,58.527336,58.57899,10735
2024-09-12 13:00:00,0,0.6277762032934319,0.37222379670656813,Sell,58.57899,59.009468,58.389584,58.432632,29286
2024-09-12 14:00:00,0,0.6506255731144348,0.3493744268855652,Sell,58.441242,59.48299,58.380974,59.43133,33252
2024-09-12 15:00:00,0,0.6460686912718425,0.3539313087281575,Sell,59.43133,60.10287,59.42272,59.663788,43670
2024-09-12 16:00:00,0,0.6194530494382985,0.3805469505617015,Sell,59.663788,59.887634,59.43994,59.698227,15823
2024-09-12 17:00:00,0,0.6049172323242024,0.39508276767579764,Sell,59.698227,59.724056,59.379677,59.47438,9553
2024-09-12 18:00:00,0,0.6050310199032043,0.3949689800967957,Sell,59.47438,59.569084,59.27636,59.543255,23975
2024-09-12 19:00:00,0,0.5703504851478901,0.4296495148521099,Sell,59.534645,59.63796,59.47438,59.620743,4067
2024-09-12 20:00:00,0,0.5231953406794485,0.4768046593205515,Sell,59.612133,59.620743,59.517426,59.560474,1619
2024-09-12 22:00:00,0,0.5374621975603935,0.4625378024396065,Sell,59.672398,59.83598,59.551865,59.681007,989
2024-09-12 23:00:00,0,0.5412301356592571,0.45876986434074285,Sell,59.672398,59.681007,59.655178,59.663788,348
2024-09-13 00:00:00,0,0.5472118904252915,0.4527881095747085,Sell,59.663788,59.83598,59.612133,59.741276,2492
2024-09-13 01:00:00,0,0.47332572962310066,0.5266742703768994,Hold,59.741276,59.83598,59.586304,59.689617,2158
2024-09-13 02:00:00,0,0.5172411051981342,0.48275889480186585,Sell,59.698227,59.706837,59.569084,59.63796,1138
2024-09-13 03:00:00,0,0.5096389859971543,0.4903610140028457,Sell,59.64657,59.75849,59.612133,59.689617,778
2024-09-13 04:00:00,0,0.5412404532696716,0.45875954673032837,Sell,59.689617,59.81015,59.672398,59.78432,874
2024-09-13 05:00:00,0,0.5210043388139204,0.4789956611860796,Sell,59.77571,59.861805,59.741276,59.75849,1944
2024-09-13 06:00:00,0,0.4847045208889532,0.5152954791110468,Hold,59.75849,59.8532,59.672398,59.80154,2460
2024-09-13 07:00:00,0,0.5026915837117469,0.49730841628825306,Sell,59.81015,59.82737,59.603523,59.62935,3998
2024-09-13 08:00:00,0,0.4909604592181903,0.5090395407818097,Hold,59.63796,59.922073,59.586304,59.904854,7182
2024-09-13 09:00:00,0,0.5080766895128529,0.4919233104871471,Sell,59.913464,60.19758,59.732666,60.10287,6947
2024-09-13 10:00:00,0,0.4804387919176723,0.5195612080823278,Hold,60.10287,60.18036,59.922073,60.025387,4256
2024-09-13 11:00:00,0,0.49638441465250366,0.5036155853474964,Hold,60.025387,60.214794,59.990948,60.14592,5443
2024-09-13 12:00:00,1,0.5081904323512517,0.4918095676487483,Sell,60.13731,60.421425,59.973732,60.283672,11676
2024-09-13 13:00:00,1,0.4605447855155918,0.5394552144844083,Hold,60.283672,60.343937,59.741276,60.283672,24011
2024-09-13 14:00:00,0,0.45236196983863936,0.5476380301613606,Hold,60.275063,60.541958,60.11148,60.223404,24245
2024-09-13 15:00:00,0,0.47315784883205236,0.5268421511679476,Hold,60.232014,60.283672,59.62935,59.681007,22200
2024-09-13 16:00:00,0,0.42287923701565755,0.5771207629843425,Hold,59.672398,59.80154,59.259144,59.371067,17054
2024-09-13 17:00:00,0,0.44754773866037556,0.5524522613396244,Hold,59.379677,59.42272,59.061123,59.173046,13857
2024-09-13 18:00:00,0,0.42106257686812565,0.5789374231318744,Hold,59.173046,59.414112,58.9492,59.371067,21302
2024-09-13 19:00:00,0,0.4460599233722187,0.5539400766277813,Hold,59.371067,59.64657,59.336628,59.612133,3605
2024-09-13 20:00:00,0,0.453196662829082,0.546803337170918,Hold,59.612133,59.655178,59.517426,59.612133,2362
2024-09-15 22:00:00,0,0.42399968485900463,0.5760003151409954,Hold,59.543255,59.741276,59.30219,59.353848,1733
2024-09-15 23:00:00,0,0.3950796112944022,0.6049203887055978,Hold,59.353848,59.362457,59.259144,59.259144,612
2024-09-16 00:00:00,0,0.3958037769214286,0.6041962230785713,Hold,59.267754,59.362457,59.14722,59.32802,1210
2024-09-16 01:00:00,0,0.3621653589775156,0.6378346410224844,Hold,59.3108,59.362457,59.259144,59.31941,1044
2024-09-16 02:00:00,0,0.42641250797565966,0.5735874920243403,Hold,59.31941,59.405502,59.267754,59.371067,975
2024-09-16 03:00:00,0,0.38100733050133545,0.6189926694986645,Hold,59.362457,59.379677,59.207485,59.259144,925
2024-09-16 04:00:00,0,0.33943973081578044,0.6605602691842196,Hold,59.250534,59.250534,59.10417,59.14722,1235
2024-09-16 05:00:00,0,0.40487250839583344,0.5951274916041666,Hold,59.155827,59.353848,59.13861,59.345238,1025
2024-09-16 06:00:00,0,0.41989423651366065,0.5801057634863394,Hold,59.353848,59.534645,59.28497,59.534645,2081
2024-09-16 07:00:00,0,0.4487387310187924,0.5512612689812075,Hold,59.543255,59.887634,59.46577,59.689617,5748
2024-09-16 08:00:00,0,0.4113882674438833,0.5886117325561167,Hold,59.689617,59.82737,59.50021,59.77571,5110
2024-09-16 09:00:00,0,0.39363677772720873,0.6063632222727913,Hold,59.78432,59.896244,59.27636,59.517426,5462
2024-09-16 10:00:00,0,0.3888186471626252,0.6111813528373748,Hold,59.517426,59.577694,59.216095,59.29358,3999
2024-09-16 11:00:00,0,0.4709142450673802,0.5290857549326198,Hold,59.30219,59.7671,59.216095,59.64657,5631
2024-09-16 12:00:00,0,0.4419692356509676,0.5580307643490324,Hold,59.663788,59.990948,59.43133,59.982338,7553
2024-09-16 13:00:00,0,0.5133032001990305,0.48669679980096947,Sell,59.982338,60.62805,59.956512,60.533348,25649
2024-09-16 14:00:00,0,0.466318006644847,0.533681993355153,Hold,60.541958,60.869118,60.016777,60.31811,26943
2024-09-16 15:00:00,0,0.44528435915300113,0.5547156408469989,Hold,60.30089,60.352547,59.870415,60.14592,17557
2024-09-16 16:00:00,0,0.4271464238931794,0.5728535761068205,Hold,60.12009,60.214794,59.965122,60.11148,9769
2024-09-16 17:00:00,0,0.48039652609824635,0.5196034739017537,Hold,60.094265,60.48169,60.059826,60.47308,8091
2024-09-16 18:00:00,0,0.46479079494496633,0.5352092050550337,Hold,60.47308,60.610832,60.232014,60.4903,23560
2024-09-16 19:00:00,0,0.49672916103361275,0.5032708389663872,Hold,60.49891,60.731365,60.49891,60.65388,3724
2024-09-16 20:00:00,0,0.46844204296893427,0.5315579570310658,Hold,60.66249,60.739975,60.619442,60.696926,2305
2024-09-16 22:00:00,0,0.46841908117148423,0.5315809188285158,Hold,60.696926,60.731365,60.63666,60.63666,396
2024-09-16 23:00:00,0,0.47681329181385346,0.5231867081861465,Hold,60.63666,60.66249,60.62805,60.65388,275
2024-09-17 00:00:00,0,0.36814052119006346,0.6318594788099365,Hold,60.64527,60.688316,60.576393,60.593613,1213
2024-09-17 01:00:00,0,0.3935951137586933,0.6064048862413067,Hold,60.593613,60.82607,60.585003,60.731365,1425
2024-09-17 02:00:00,0,0.36124511049719726,0.6387548895028028,Hold,60.739975,60.774414,60.64527,60.748585,932
2024-09-17 03:00:00,0,0.3704417047302775,0.6295582952697225,Hold,60.748585,60.80885,60.739975,60.739975,744
2024-09-17 04:00:00,0,0.349438294193647,0.650561705806353,Hold,60.748585,60.765804,60.696926,60.722755,575
2024-09-17 05:00:00,0,0.3691890570613225,0.6308109429386775,Hold,60.731365,60.82607,60.714146,60.800243,493
2024-09-17 06:00:00,0,0.42505551523571,0.5749444847642899,Hold,60.800243,60.894947,60.748585,60.894947,1651
2024-09-17 07:00:00,0,0.42317820557162295,0.5768217944283771,Hold,60.894947,60.912167,60.31811,60.31811,4245
2024-09-17 08:00:00,0,0.40782676764831904,0.592173232351681,Hold,60.31811,60.602222,60.275063,60.585003,4864
2024-09-17 09:00:00,0,0.3823516500187266,0.6176483499812734,Hold,60.585003,60.63666,60.077045,60.094265,4536
2024-09-17 10:00:00,0,0.3799106751902297,0.6200893248097703,Hold,60.094265,60.378376,59.930683,60.343937,4164
2024-09-17 11:00:00,0,0.33811163043094605,0.661888369569054,Hold,60.361156,60.619442,60.3095,60.541958,4088
2024-09-17 12:00:00,0,0.38538192311228514,0.6146180768877149,Hold,60.533348,60.722755,60.18897,60.52474,8191
2024-09-17 13:00:00,0,0.3899775728261338,0.6100224271738661,Hold,60.52474,61.067135,60.3095,60.97243,16296
2024-09-17 14:00:00,0,0.374782937710919,0.625217062289081,Hold,60.98104,61.32542,60.920776,61.084354,15496
2024-09-17 15:00:00,0,0.3768454642579284,0.6231545357420716,Hold,61.101574,61.50622,60.929382,61.463173,15853
2024-09-17 16:00:00,1,0.3612047483508311,0.6387952516491688,Hold,61.471783,61.919476,61.402905,61.738678,17406
2024-09-17 17:00:00,0,0.327921011165069,0.672078988834931,Hold,61.747284,61.816162,61.38569,61.428734,13666
2024-09-17 18:00:00,0,0.2976541696095267,0.7023458303904733,Hold,61.428734,61.497612,61.179058,61.480392,14968
2024-09-17 19:00:00,0,0.31219965919514575,0.6878003408048543,Hold,61.471783,61.523438,61.38569,61.428734,2402
2024-09-17 20:00:00,0,0.3004249852508564,0.6995750147491435,Hold,61.428734,61.471783,61.187668,61.239326,2166
2024-09-17 22:00:00,0,0.35153713718799107,0.6484628628120089,Hold,61.247936,61.3082,61.213497,61.265156,292
2024-09-17 23:00:00,0,0.32635910145026614,0.6736408985497339,Hold,61.265156,61.29098,61.179058,61.213497,142
2024-09-18 00:00:00,0,0.3794814423961382,0.6205185576038619,Hold,61.213497,61.29098,61.144623,61.222107,358
2024-09-18 01:00:00,0,0.34963069855560897,0.650369301444391,Hold,61.247936,61.29098,60.937992,61.084354,796
2024-09-18 02:00:00,0,0.3947564890421586,0.6052435109578413,Hold,61.084354,61.16184,60.97243,61.0327,391
2024-09-18 03:00:00,0,0.4314750785206838,0.5685249214793162,Hold,61.0327,61.067135,60.9466,61.058525,297
2024-09-18 04:00:00,0,0.3868827309591549,0.6131172690408451,Hold,61.049915,61.084354,60.877728,60.912167,251
2024-09-18 05:00:00,0,0.3892242172764571,0.6107757827235429,Hold,60.912167,60.96382,60.722755,60.886337,495
2024-09-18 06:00:00,0,0.3798120106613702,0.6201879893386297,Hold,60.886337,60.96382,60.774414,60.82607,423
2024-09-18 07:00:00,0,0.38324249306301067,0.6167575069369893,Hold,60.82607,60.98104,60.722755,60.82607,992
2024-09-18 08:00:00,0,0.3399613695688331,0.660038630431167,Hold,60.83468,60.860508,60.386986,60.48169,1820
2024-09-18 09:00:00,0,0.33822762074247736,0.6617723792575226,Hold,60.48169,60.4903,60.051216,60.11148,1644
2024-09-18 10:00:00,0,0.3379875610325266,0.6620124389674734,Hold,60.12009,60.559177,60.033997,60.45586,1044
2024-09-18 11:00:00,0,0.3657672907810156,0.6342327092189843,Hold,60.45586,60.82607,60.404205,60.748585,1175
2024-09-18 12:00:00,0,0.37767545647868433,0.6223245435213156,Hold,60.757195,61.0327,60.610832,60.894947,1827
2024-09-18 13:00:00,0,0.3985393829998686,0.6014606170001314,Hold,60.912167,61.17045,60.62805,61.067135,2595
2024-09-18 14:00:00,0,0.41850904825196245,0.5814909517480376,Hold,61.084354,61.36847,60.860508,61.179058,3051
2024-09-18 15:00:00,0,0.3781512900170806,0.6218487099829194,Hold,61.179058,61.540657,60.46447,60.81746,4721
2024-09-18 16:00:00,0,0.35534158067489546,0.6446584193251046,Hold,60.80885,60.96382,60.576393,60.877728,2588
2024-09-18 17:00:00,0,0.3176804946292036,0.6823195053707964,Hold,60.877728,60.9466,60.550568,60.8519,2198
2024-09-18 18:00:00,0,0.3311679796270219,0.6688320203729781,Hold,60.860508,61.489002,60.593613,60.696926,5663
2024-09-18 19:00:00,0,0.3168752722473047,0.6831247277526953,Hold,60.688316,60.722755,60.19758,60.240623,1243
2024-09-18 20:00:00,0,0.34161286373325167,0.6583871362667484,Hold,60.266453,60.438644,60.223404,60.404205,430
2024-09-18 22:00:00,0,0.3659417291005523,0.6340582708994478,Hold,60.378376,60.550568,60.378376,60.533348,54
2024-09-18 23:00:00,0,0.3456593154601834,0.6543406845398165,Hold,60.52474,60.567783,60.395596,60.533348,116
2024-09-19 00:00:00,0,0.4130818161597072,0.5869181838402928,Hold,60.533348,60.882393,60.52462,60.760227,3201
2024-09-19 01:00:00,0,0.38555646340415184,0.6144435365958482,Hold,60.751503,60.760227,60.341373,60.507168,3691
2024-09-19 02:00:00,0,0.4295598255756592,0.5704401744243408,Hold,60.507168,60.917297,60.498444,60.812584,3295
2024-09-19 03:00:00,0,0.4638400980138345,0.5361599019861655,Hold,60.821312,61.03074,60.812584,61.03074,1939
2024-09-19 04:00:00,0,0.4587410881493393,0.5412589118506608,Hold,61.03074,61.083096,60.9522,61.083096,1574
2024-09-19 05:00:00,0,0.4783035031197619,0.5216964968802381,Hold,61.074368,61.20526,61.039463,61.18781,2498
2024-09-19 06:00:00,0,0.521091387426571,0.478908612573429,Sell,61.18781,61.50195,61.18781,61.50195,5774
2024-09-19 07:00:00,0,0.47098740290252067,0.5290125970974793,Hold,61.50195,61.807365,61.327427,61.79864,9329
2024-09-19 08:00:00,0,0.4761774494688212,0.5238225505311789,Hold,61.79864,61.99934,61.59794,61.676476,10062
2024-09-19 09:00:00,0,0.48206272484908014,0.5179372751509199,Hold,61.676476,61.903355,61.676476,61.75501,5432
2024-09-19 10:00:00,0,0.4640422063530102,0.5359577936469898,Hold,61.763737,61.78119,61.36233,61.510677,6699
2024-09-19 11:00:00,0,0.45253532211670694,0.547464677883293,Hold,61.5194,61.702652,61.5194,61.624115,5104
2024-09-19 12:00:00,0,0.5090323467420257,0.4909676532579743,Sell,61.624115,62.077877,61.554306,62.034245,11180
2024-09-19 13:00:00,0,0.5029969879695053,0.4970030120304947,Sell,62.02552,62.060425,61.20526,61.510677,30949
2024-09-19 14:00:00,0,0.4803831758376384,0.5196168241623615,Hold,61.5194,61.816093,61.37106,61.52813,22287
2024-09-19 15:00:00,0,0.4675513983480311,0.532448601651969,Hold,61.536854,62.34839,61.5194,62.19132,29895
2024-09-19 16:00:00,0,0.4442560226044857,0.5557439773955143,Hold,62.200043,62.418198,62.11278,62.156414,14506
2024-09-19 17:00:00,0,0.475752690961694,0.524247309038306,Hold,62.156414,62.217495,61.981888,62.042973,11381
2024-09-19 18:00:00,0,0.4685172828813048,0.5314827171186952,Hold,62.042973,62.13896,61.920807,61.964436,18694
2024-09-19 19:00:00,0,0.41172224948663977,0.5882777505133603,Hold,61.964436,62.034245,61.93826,62.008068,4378
2024-09-19 20:00:00,0,0.36703462313606394,0.6329653768639361,Hold,62.016792,62.11278,61.990616,62.060425,2668
2024-09-19 22:00:00,0,0.4214263328516741,0.5785736671483259,Hold,62.11278,62.130234,62.060425,62.06915,808
2024-09-19 23:00:00,0,0.4096455479415099,0.59035445205849,Hold,62.06915,62.06915,61.981888,61.981888,579
2024-09-20 00:00:00,0,0.32087070142727936,0.6791292985727206,Hold,61.990616,62.034245,61.877174,61.920807,1735
2024-09-20 01:00:00,0,0.34039273094018396,0.659607269059816,Hold,61.92953,61.946983,61.77246,61.84227,2131
2024-09-20 02:00:00,0,0.36637964630057557,0.6336203536994245,Hold,61.84227,61.93826,61.75501,61.903355,1450
2024-09-20 03:00:00,0,0.38284165413672544,0.6171583458632746,Hold,61.91208,62.016792,61.903355,61.973164,1383
2024-09-20 04:00:00,0,0.37885212209484864,0.6211478779051514,Hold,61.981888,61.990616,61.92953,61.964436,694
2024-09-20 05:00:00,0,0.3748739640472787,0.6251260359527213,Hold,61.973164,61.973164,61.850998,61.894627,1248
2024-09-20 06:00:00,0,0.3894010574366628,0.6105989425633371,Hold,61.903355,62.104057,61.894627,62.016792,3098
2024-09-20 07:00:00,0,0.413026236388038,0.5869737636119621,Hold,62.034245,62.06915,61.763737,61.807365,4449
2024-09-20 08:00:00,0,0.4142841313599794,0.5857158686400206,Hold,61.816093,62.008068,61.71138,62.008068,6531
2024-09-20 09:00:00,0,0.401194173659131,0.598805826340869,Hold,62.008068,62.09533,61.807365,61.807365,4121
2024-09-20 10:00:00,0,0.4274798265327224,0.5725201734672776,Hold,61.807365,61.850998,61.563034,61.824818,6334
2024-09-20 11:00:00,0,0.42292917229837274,0.5770708277016272,Hold,61.824818,61.973164,61.693928,61.833546,4862
2024-09-20 12:00:00,0,0.38709163817867315,0.6129083618213269,Hold,61.833546,61.859722,61.667747,61.763737,6200
2024-09-20 13:00:00,0,0.42064395336878124,0.5793560466312188,Hold,61.77246,61.91208,61.423416,61.5194,21160
2024-09-20 14:00:00,0,0.42476844493161087,0.5752315550683891,Hold,61.52813,61.946983,61.405964,61.903355,19796
2024-09-20 15:00:00,0,0.40020312478480013,0.5997968752151999,Hold,61.903355,62.313484,61.728832,61.91208,25275
2024-09-20 16:00:00,0,0.4248474341425029,0.5751525658574971,Hold,61.920807,62.330936,61.850998,62.243675,12969
2024-09-20 17:00:00,0,0.39584724057344445,0.6041527594265556,Hold,62.243675,62.34839,62.034245,62.32221,11941
2024-09-20 18:00:00,0,0.3306453669596623,0.6693546330403377,Hold,62.32221,62.330936,61.833546,62.130234,29415
2024-09-20 19:00:00,0,0.34337524286419885,0.6566247571358012,Hold,62.13896,62.296032,62.09533,62.16514,5201
2024-09-20 20:00:00,0,0.39725077394345754,0.6027492260565425,Hold,62.16514,62.19132,62.034245,62.173866,2078
2024-09-22 22:00:00,0,0.3332898112495245,0.6667101887504755,Hold,62.226223,62.27858,61.920807,61.964436,2090
2024-09-22 23:00:00,0,0.33261801852960743,0.6673819814703925,Hold,61.964436,61.99934,61.859722,61.973164,1069
2024-09-23 00:00:00,0,0.331123276274993,0.6688767237250071,Hold,61.981888,62.200043,61.946983,62.147686,1576
2024-09-23 01:00:00,1,0.382614805534267,0.6173851944657329,Hold,62.156414,62.52291,62.13896,62.453102,3459
2024-09-23 02:00:00,0,0.32107736954567473,0.6789226304543252,Hold,62.453102,62.461826,62.313484,62.33966,1574
2024-09-23 03:00:00,1,0.3668915279958328,0.6331084720041672,Hold,62.33966,62.49673,62.313484,62.43565,1048
2024-09-23 04:00:00,1,0.3761464542047073,0.6238535457952927,Hold,62.444374,62.531635,62.444374,62.50546,662
2024-09-23 05:00:00,1,0.3829954093451078,0.6170045906548922,Hold,62.49673,62.549088,62.42692,62.461826,1188
2024-09-23 06:00:00,0,0.34903221755323804,0.6509677824467619,Hold,62.470554,62.50546,62.200043,62.200043,2774
2024-09-23 07:00:00,0,0.35873754847073686,0.6412624515292631,Hold,62.20877,62.26985,61.702652,62.008068,8652
2024-09-23 08:00:00,0,0.3473879692226764,0.6526120307773235,Hold,61.99934,62.234947,61.763737,61.877174,10084
2024-09-23 09:00:00,0,0.30940024891293355,0.6905997510870665,Hold,61.885902,62.200043,61.824818,62.09533,7316
2024-09-23 10:00:00,0,0.3452749895187962,0.6547250104812038,Hold,62.0866,62.26985,62.034245,62.077877,5396
2024-09-23 11:00:00,0,0.34010027955901073,0.6598997204409893,Hold,62.077877,62.34839,62.06915,62.287304,4541
2024-09-23 12:00:00,0,0.33401761815953923,0.6659823818404608,Hold,62.287304,62.34839,61.824818,62.06915,10916
2024-09-23 13:00:00,1,0.3886786248934212,0.6113213751065788,Hold,62.06915,62.627625,61.946983,62.540363,27786
2024-09-23 14:00:00,0,0.3969430056614553,0.6030569943385446,Hold,62.540363,62.66253,61.990616,62.06915,28283
2024-09-23 15:00:00,0,0.4343745299094316,0.5656254700905684,Hold,62.06915,62.06915,60.96093,61.100548,39971
2024-09-23 16:00:00,0,0.3892427724412377,0.6107572275587623,Hold,61.100548,61.21399,60.63806,61.083096,29839
2024-09-23 17:00:00,0,0.4331947188213077,0.5668052811786923,Hold,61.074368,61.5194,61.03074,61.405964,15752
2024-09-23 18:00:00,0,0.4450979529698796,0.5549020470301205,Hold,61.41469,61.50195,61.336155,61.405964,15271
2024-09-23 19:00:00,0,0.4219737952560212,0.5780262047439788,Hold,61.397236,61.58921,61.397236,61.554306,4757
2024-09-23 20:00:00,0,0.4401133468984515,0.5598866531015485,Hold,61.554306,61.737556,61.52813,61.720104,2345
2024-09-23 22:00:00,0,0.43288244615854865,0.5671175538414513,Hold,61.746284,61.807365,61.61539,61.632843,1247
2024-09-23 23:00:00,0,0.48126853474144526,0.5187314652585547,Hold,61.632843,61.641567,61.554306,61.624115,749
2024-09-24 00:00:00,0,0.46898370578987253,0.5310162942101275,Hold,61.61539,61.676476,61.475773,61.493225,1534
2024-09-24 01:00:00,0,0.48751538523126764,0.5124846147687323,Hold,61.50195,61.903355,61.467045,61.763737,4377
2024-09-24 02:00:00,0,0.4992414461494933,0.5007585538505067,Hold,61.75501,61.946983,61.659023,61.946983,2263
2024-09-24 03:00:00,0,0.5125127387851316,0.4874872612148684,Sell,61.93826,62.130234,61.903355,62.06915,3020
2024-09-24 04:00:00,0,0.4715170968509327,0.5284829031490673,Hold,62.06915,62.130234,62.008068,62.12151,1918
2024-09-24 05:00:00,0,0.5057552560749516,0.49424474392504836,Sell,62.11278,62.226223,62.077877,62.12151,2595
2024-09-24 06:00:00,0,0.4905208296750556,0.5094791703249444,Hold,62.12151,62.27858,62.11278,62.26985,4352
2024-09-24 07:00:00,0,0.496845179636499,0.503154820363501,Hold,62.26985,62.444374,62.226223,62.287304,5683
2024-09-24 08:00:00,0,0.4962995796986851,0.5037004203013149,Hold,62.27858,62.793423,62.2524,62.741066,10620
2024-09-24 09:00:00,1,0.49906090986478924,0.5009390901352108,Hold,62.741066,63.046482,62.741066,62.985397,10565
2024-09-24 10:00:00,0,0.4762784548020045,0.5237215451979955,Hold,62.985397,63.142467,62.714886,62.828327,11206
2024-09-24 11:00:00,0,0.47836578300114346,0.5216342169988566,Hold,62.8196,63.02903,62.793423,62.8196,9121
2024-09-24 12:00:00,0,0.5297496487298529,0.47025035127014714,Sell,62.828327,62.898136,62.627625,62.828327,12100
2024-09-24 13:00:00,1,0.5256325526023995,0.4743674473976005,Sell,62.83705,63.177372,62.549088,62.67998,25192
2024-09-24 14:00:00,1,0.5280734166594697,0.4719265833405303,Sell,62.67998,62.68871,62.104057,62.531635,27131
2024-09-24 15:00:00,1,0.4664393683183105,0.5335606316816894,Hold,62.52291,62.601448,62.034245,62.383293,24143
2024-09-24 16:00:00,1,0.5104946004189358,0.4895053995810642,Sell,62.383293,62.488007,62.156414,62.2524,16210
2024-09-24 17:00:00,1,0.5223803846344843,0.47761961536551567,Sell,62.2524,62.392017,62.173866,62.243675,9500
2024-09-24 18:00:00,1,0.542185507036204,0.45781449296379595,Sell,62.243675,62.531635,62.173866,62.488007,16283
2024-09-24 19:00:00,1,0.48866948157042556,0.5113305184295744,Hold,62.488007,62.549088,62.400745,62.418198,4314
2024-09-24 20:00:00,1,0.47055244885329345,0.5294475511467065,Hold,62.42692,62.453102,62.287304,62.42692,4086
2024-09-24 22:00:00,1,0.5058340022679748,0.4941659977320252,Sell,62.42692,62.47928,62.383293,62.470554,573
2024-09-24 23:00:00,1,0.42080224365529334,0.5791977563447066,Hold,62.470554,62.50546,62.400745,62.461826,915
2024-09-25 00:00:00,1,0.4463387453551864,0.5536612546448136,Hold,62.461826,62.461826,62.287304,62.304756,1617
2024-09-25 01:00:00,1,0.457966415597235,0.5420335844027651,Hold,62.313484,62.583996,62.20877,62.296032,3049
2024-09-25 02:00:00,0,0.4418010759928581,0.5581989240071419,Hold,62.296032,62.33966,62.16514,62.200043,1504
2024-09-25 03:00:00,0,0.4939902305842432,0.5060097694157568,Hold,62.20877,62.226223,62.0866,62.20877,1206
2024-09-25 04:00:00,1,0.4414983100445248,0.5585016899554752,Hold,62.217495,62.296032,62.20877,62.243675,781
2024-09-25 05:00:00,0,0.4916364893550851,0.5083635106449149,Hold,62.243675,62.27858,62.051697,62.13896,1458
2024-09-25 06:00:00,0,0.522752507611774,0.47724749238822595,Sell,62.130234,62.2524,62.104057,62.200043,2719
2024-09-25 07:00:00,0,0.5048231870118667,0.4951768129881333,Sell,62.20877,62.243675,61.981888,62.12151,6930
2024-09-25 08:00:00,1,0.561199840607477,0.43880015939252304,Sell,62.130234,62.488007,62.016792,62.47928,8775
2024-09-25 09:00:00,1,0.5623740088942515,0.4376259911057485,Sell,62.47928,62.488007,61.903355,62.077877,12037
2024-09-25 10:00:00,1,0.5347595599235079,0.4652404400764921,Sell,62.077877,62.0866,61.885902,61.990616,7021
2024-09-25 11:00:00,0,0.554676018083871,0.445323981916129,Sell,61.990616,62.077877,61.423416,61.449593,15731
2024-09-25 12:00:00,0,0.46249860198668014,0.5375013980133199,Hold,61.44087,61.467045,60.96093,61.336155,26910
2024-09-25 13:00:00,1,0.4907058023722848,0.5092941976277152,Hold,61.34488,61.920807,61.17908,61.763737,26884
2024-09-25 14:00:00,1,0.43466597081979175,0.5653340291802083,Hold,61.763737,61.964436,61.405964,61.659023,38547
2024-09-25 15:00:00,1,0.470334542073606,0.529665457926394,Hold,61.659023,62.02552,61.152905,61.222713,37981
2024-09-25 16:00:00,1,0.4323659384403541,0.5676340615596459,Hold,61.222713,61.266346,60.411182,60.9522,46247
2024-09-25 17:00:00,1,0.44259441826310386,0.5574055817368961,Hold,60.96093,60.969654,60.576977,60.760227,23937
2024-09-25 18:00:00,1,0.46231802709948117,0.5376819729005189,Hold,60.751503,60.943478,60.725323,60.830036,30767
2024-09-25 19:00:00,1,0.4623723751080506,0.5376276248919494,Hold,60.838764,60.908573,60.786407,60.882393,5544
2024-09-25 20:00:00,1,0.46548947129538454,0.5345105287046155,Hold,60.87367,60.96093,60.86494,60.943478,2709
2024-09-25 22:00:00,0,0.5050912150531499,0.4949087849468501,Sell,60.987106,60.987106,60.585705,60.672966,2231
2024-09-25 23:00:00,0,0.5254331109385588,0.4745668890614412,Sell,60.69042,60.760227,60.664238,60.716595,604
2024-09-26 00:00:00,1,0.5415065579974613,0.4584934420025387,Sell,60.716595,60.882393,60.699142,60.86494,2572
2024-09-26 01:00:00,1,0.49766325595377964,0.5023367440462203,Hold,60.87367,61.09182,60.716595,61.013287,2354
2024-09-26 02:00:00,1,0.4830872427897246,0.5169127572102754,Hold,61.00456,61.013287,60.812584,60.87367,1634
2024-09-26 03:00:00,1,0.49929460752808946,0.5007053924719105,Hold,60.882393,60.926025,60.786407,60.86494,1115
2024-09-26 04:00:00,1,0.4875012912102531,0.5124987087897469,Hold,60.87367,60.899845,60.32392,60.36755,4750
2024-09-26 05:00:00,0,0.4191963513787278,0.5808036486212722,Hold,60.376278,60.385002,59.268055,59.48621,15498
2024-09-26 06:00:00,0,0.4512248939880111,0.548775106011989,Hold,59.47748,59.64328,58.604866,59.4164,27112
2024-09-26 07:00:00,0,0.45085810948593935,0.5491418905140606,Hold,59.407673,59.634552,59.014996,59.521114,15714
2024-09-26 08:00:00,0,0.4406702784907364,0.5593297215092636,Hold,59.512386,59.721813,59.128437,59.599648,19399
2024-09-26 09:00:00,0,0.42302391321107646,0.5769760867889235,Hold,59.590923,59.974873,59.425125,59.89634,14534
2024-09-26 10:00:00,0,0.4330898020428019,0.5669101979571981,Hold,59.905064,60.001053,59.32041,59.355316,11741
2024-09-26 11:00:00,0,0.384935903721886,0.615064096278114,Hold,59.364044,59.381496,58.875378,58.997543,16710
2024-09-26 12:00:00,0,0.3896053640302053,0.6103946359697947,Hold,58.997543,59.48621,58.98009,59.4164,15328
2024-09-26 13:00:00,0,0.38555875570568465,0.6144412442943153,Hold,59.4164,59.73054,58.421616,58.82302,61565
2024-09-26 14:00:00,0,0.3706556400054274,0.6293443599945726,Hold,58.82302,59.6171,58.692127,59.433853,39163
2024-09-26 15:00:00,0,0.38766375270515485,0.6123362472948451,Hold,59.442577,59.747993,59.11971,59.599648,24691
2024-09-26 16:00:00,0,0.3124499278823118,0.6875500721176881,Hold,59.599648,59.608376,58.901554,59.032448,17512
2024-09-26 17:00:00,0,0.29974878121588894,0.700251218784111,Hold,59.023724,59.224422,58.718307,58.875378,14569
2024-09-26 18:00:00,0,0.2963872029660338,0.7036127970339662,Hold,58.875378,59.11971,58.857925,58.971367,22006
2024-09-26 19:00:00,0,0.29274910959782285,0.7072508904021771,Hold,58.98009,59.00627,58.692127,58.761936,6176
2024-09-26 20:00:00,0,0.29502459903993994,0.7049754009600601,Hold,58.770664,58.936462,58.761936,58.86665,2392
2024-09-26 22:00:00,0,0.33486527221529105,0.665134727784709,Hold,58.857925,58.971367,58.82302,58.96264,773
2024-09-26 23:00:00,0,0.3281865395888446,0.6718134604111554,Hold,58.96264,58.96264,58.73576,58.761936,1037
2024-09-27 00:00:00,0,0.3201650072948773,0.6798349927051227,Hold,58.770664,58.788116,58.517605,58.604866,2531
2024-09-27 01:00:00,0,0.3406733431109083,0.6593266568890916,Hold,58.604866,58.840473,58.55251,58.80557,2858
2024-09-27 02:00:00,0,0.3671424726491874,0.6328575273508126,Hold,58.80557,58.857925,58.683403,58.849197,1548
2024-09-27 03:00:00,0,0.3694293748336192,0.6305706251663807,Hold,58.857925,58.96264,58.788116,58.91901,1594
2024-09-27 04:00:00,0,0.3167589289782936,0.6832410710217064,Hold,58.927734,58.98009,58.875378,58.953915,1318
2024-09-27 05:00:00,0,0.3253540680605565,0.6746459319394436,Hold,58.953915,59.032448,58.80557,58.857925,4076
2024-09-27 06:00:00,0,0.3589664252149636,0.6410335747850364,Hold,58.86665,59.27678,58.86665,59.198246,7920
2024-09-27 07:00:00,0,0.3315756165068724,0.6684243834931276,Hold,59.198246,59.329136,58.80557,59.250603,8316
2024-09-27 08:00:00,0,0.33090314322924314,0.6690968567707569,Hold,59.241875,59.451305,59.041176,59.29423,9408
2024-09-27 09:00:00,0,0.35425031227031417,0.6457496877296858,Hold,59.29423,59.39895,58.91901,59.102257,10951
2024-09-27 10:00:00,0,0.37819598453197645,0.6218040154680236,Hold,59.093533,59.32041,59.0499,59.13716,9260
2024-09-27 11:00:00,0,0.38771779966767406,0.6122822003323259,Hold,59.13716,59.355316,59.102257,59.172066,8522
2024-09-27 12:00:00,0,0.3815599181175377,0.6184400818824622,Hold,59.172066,59.27678,58.82302,58.901554,10736
2024-09-27 13:00:00,0,0.4072731250772992,0.5927268749227008,Hold,58.89283,59.180794,58.56996,58.831745,23518
2024-09-27 14:00:00,0,0.40383722124421506,0.5961627787557849,Hold,58.82302,59.4164,58.674675,59.32041,22804
2024-09-27 15:00:00,0,0.3399644224489592,0.6600355775510408,Hold,59.32041,59.73054,58.91901,59.433853,30145
2024-09-27 16:00:00,0,0.3585294672090354,0.6414705327909647,Hold,59.425125,59.89634,59.30296,59.599648,31569
2024-09-27 17:00:00,0,0.34922918980692147,0.6507708101930785,Hold,59.608376,59.765446,58.945187,59.128437,19783
2024-09-27 18:00:00,0,0.4112727574008887,0.5887272425991112,Hold,59.13716,59.73054,59.0499,59.55602,25673
2024-09-27 19:00:00,0,0.4319309272840183,0.5680690727159817,Hold,59.55602,59.87016,59.494934,59.817802,9932
2024-09-27 20:00:00,0,0.44503145723676163,0.5549685427632384,Hold,59.809074,59.905064,59.756718,59.89634,3421
2024-09-29 22:00:00,0,0.36113425495097085,0.6388657450490292,Hold,59.88761,59.88761,59.224422,59.32041,4650
2024-09-29 23:00:00,0,0.37209930148506953,0.6279006985149305,Hold,59.32041,59.634552,59.285507,59.590923,1655
2024-09-30 00:00:00,0,0.3925550591287328,0.6074449408712672,Hold,59.590923,59.70436,59.48621,59.68691,2288
2024-09-30 01:00:00,0,0.4113682489627112,0.5886317510372888,Hold,59.68691,60.193027,59.4164,59.54729,9107
2024-09-30 02:00:00,0,0.4487478791638914,0.5512521208361085,Hold,59.55602,59.974873,59.451305,59.861435,3199
2024-09-30 03:00:00,0,0.3805799124742008,0.6194200875257991,Hold,59.87016,59.922516,59.68691,59.721813,2207
2024-09-30 04:00:00,0,0.3922307022936608,0.6077692977063391,Hold,59.721813,59.82653,59.71309,59.791622,934
2024-09-30 05:00:00,1,0.45873291312498055,0.5412670868750195,Hold,59.791622,60.489716,59.695637,60.29774,4646
2024-09-30 06:00:00,1,0.4791475657916013,0.5208524342083987,Hold,60.315193,60.428635,60.105766,60.376278,6366
2024-09-30 07:00:00,0,0.45173669727685134,0.5482633027231487,Hold,60.385002,60.39373,59.669456,59.82653,9056
2024-09-30 08:00:00,0,0.4663221450651994,0.5336778549348006,Hold,59.835255,60.11449,59.599648,59.77417,9973
2024-09-30 09:00:00,0,0.4825056057606989,0.5174943942393011,Hold,59.765446,59.791622,59.29423,59.433853,8000
2024-09-30 10:00:00,0,0.4176945497213941,0.5823054502786059,Hold,59.433853,59.599648,59.180794,59.329136,6439
2024-09-30 11:00:00,0,0.41330740969295127,0.5866925903070488,Hold,59.329136,59.34659,58.96264,59.27678,8454
2024-09-30 12:00:00,0,0.4908268985034694,0.5091731014965306,Hold,59.285507,59.73054,59.224422,59.669456,11082
2024-09-30 13:00:00,0,0.411900746796016,0.5880992532039839,Hold,59.669456,59.80035,59.154613,59.27678,28883
2024-09-30 14:00:00,1,0.46352188021324053,0.5364781197867594,Hold,59.285507,60.079586,59.084805,60.035957,29378
2024-09-30 15:00:00,1,0.4604867193474057,0.5395132806525943,Hold,60.04468,60.358826,59.861435,60.1843,24522
2024-09-30 16:00:00,0,0.4219472477695687,0.5780527522304313,Hold,60.20175,60.236656,59.582195,59.71309,17624
2024-09-30 17:00:00,0,0.4137914824529749,0.5862085175470251,Hold,59.721813,59.82653,59.46003,59.6171,15164
2024-09-30 18:00:00,0,0.48102950815759027,0.5189704918424097,Hold,59.608376,59.695637,59.34659,59.6171,29914
2024-09-30 19:00:00,0,0.4886403291197157,0.5113596708802843,Hold,59.608376,59.695637,59.47748,59.538567,5835
2024-09-30 20:00:00,0,0.4602011571288278,0.5397988428711722,Hold,59.52984,59.660732,59.48621,59.590923,2182
2024-09-30 22:00:00,0,0.4675177073977202,0.5324822926022799,Hold,59.695637,59.721813,59.590923,59.608376,723
2024-09-30 23:00:00,1,0.4591356404752767,0.5408643595247233,Hold,59.599648,59.608376,59.512386,59.608376,511
2024-10-01 00:00:00,1,0.3406606762708188,0.6593393237291811,Hold,59.608376,59.652004,59.47748,59.55602,1495
2024-10-01 01:00:00,1,0.3535859484574554,0.6464140515425446,Hold,59.564743,59.590923,59.512386,59.564743,647
2024-10-01 02:00:00,1,0.35748420688677485,0.6425157931132252,Hold,59.57347,59.70436,59.503662,59.634552,1318
2024-10-01 03:00:00,1,0.40172588937012593,0.5982741106298741,Hold,59.634552,59.64328,59.521114,59.634552,785
2024-10-01 04:00:00,1,0.4123328656574116,0.5876671343425883,Hold,59.64328,59.64328,59.57347,59.625828,613
2024-10-01 05:00:00,1,0.3915261729213172,0.6084738270786828,Hold,59.6171,59.6171,59.512386,59.54729,1248
2024-10-01 06:00:00,1,0.3706685907989238,0.6293314092010762,Hold,59.55602,59.6171,59.34659,59.355316,2335
2024-10-01 07:00:00,0,0.3505668879481268,0.6494331120518733,Hold,59.355316,59.355316,58.77939,58.79684,11290
2024-10-01 08:00:00,0,0.28578985224795994,0.7142101477520401,Hold,58.79684,58.814293,58.090023,58.16856,22623
2024-10-01 09:00:00,0,0.2964450863309371,0.7035549136690629,Hold,58.16856,58.55251,57.880596,58.517605,14774
2024-10-01 10:00:00,0,0.30891560093273296,0.691084399067267,Hold,58.50888,59.250603,58.50888,59.224422,14105
2024-10-01 11:00:00,0,0.2627107618482554,0.7372892381517446,Hold,59.224422,59.329136,58.936462,58.997543,7734
2024-10-01 12:00:00,0,0.28647763579495916,0.7135223642050408,Hold,58.997543,59.180794,58.587414,58.613594,14927
2024-10-01 13:00:00,0,0.3726399910626615,0.6273600089373386,Hold,58.613594,61.493225,58.50888,61.17908,102784
2024-10-01 14:00:00,0,0.348347727101988,0.651652272898012,Hold,61.18781,61.606663,60.87367,61.58921,72953
2024-10-01 15:00:00,0,0.35298125368921734,0.6470187463107826,Hold,61.59794,62.26985,61.467045,61.833546,56343
2024-10-01 16:00:00,0,0.40041302943956003,0.59958697056044,Hold,61.833546,62.418198,61.58921,62.313484,53537
2024-10-01 17:00:00,0,0.3216816304479002,0.6783183695520998,Hold,62.313484,62.77597,61.100548,61.152905,65454
2024-10-01 18:00:00,0,0.2793446317170794,0.7206553682829206,Hold,61.16163,61.44087,60.830036,61.21399,49117
2024-10-01 19:00:00,0,0.28174178407908385,0.7182582159209161,Hold,61.21399,61.467045,61.126724,61.397236,12908
2024-10-01 20:00:00,0,0.28836278116722197,0.711637218832778,Hold,61.397236,61.77246,61.397236,61.746284,8779
2024-10-01 22:00:00,0,0.2942942891358528,0.7057057108641471,Hold,61.78119,61.990616,61.6852,61.824818,2171
2024-10-01 23:00:00,0,0.2996124788338884,0.7003875211661116,Hold,61.833546,61.981888,61.77246,61.789913,1629
2024-10-02 00:00:00,0,0.3305613620277514,0.6694386379722486,Hold,61.789913,61.973164,61.580486,61.833546,3938
2024-10-02 01:00:00,0,0.35712784563140104,0.6428721543685989,Hold,61.850998,62.02552,61.77246,61.964436,2019
2024-10-02 02:00:00,0,0.3382136295700071,0.6617863704299929,Hold,61.964436,62.042973,61.6852,61.833546,2084
2024-10-02 03:00:00,0,0.3527089967564571,0.6472910032435428,Hold,61.824818,61.964436,61.789913,61.859722,1194
2024-10-02 04:00:00,0,0.3371339072627297,0.6628660927372703,Hold,61.859722,61.990616,61.816093,61.946983,1720
2024-10-02 05:00:00,0,0.37061866962174866,0.6293813303782514,Hold,61.93826,62.243675,61.92953,62.06915,4740
2024-10-02 06:00:00,0,0.3273565665488804,0.6726434334511195,Hold,62.060425,62.130234,61.807365,61.95571,4128
2024-10-02 07:00:00,0,0.40516270154380474,0.5948372984561953,Hold,61.95571,62.697433,61.894627,62.42692,15917
2024-10-02 08:00:00,0,0.3843719011147123,0.6156280988852877,Hold,62.444374,62.566544,62.173866,62.418198,13245
2024-10-02 09:00:00,0,0.4052971490327589,0.5947028509672412,Hold,62.418198,62.810875,62.32221,62.714886,10903
2024-10-02 10:00:00,1,0.4062048319569057,0.5937951680430943,Hold,62.714886,63.25591,62.636353,63.02903,14744
2024-10-02 11:00:00,0,0.35343778796651454,0.6465622120334855,Hold,63.02903,63.203552,62.714886,62.784695,12380
2024-10-02 12:00:00,0,0.32059352177087835,0.6794064782291216,Hold,62.793423,62.924313,62.52291,62.732338,16479
2024-10-02 13:00:00,1,0.37454707844888363,0.6254529215511164,Hold,62.732338,63.125015,62.59272,62.985397,30388
2024-10-02 14:00:00,0,0.3824943063038853,0.6175056936961147,Hold,62.985397,63.194824,61.833546,61.859722,43357
2024-10-02 15:00:00,0,0.35487997866756293,0.6451200213324371,Hold,61.850998,62.016792,61.039463,61.039463,48474
2024-10-02 16:00:00,0,0.33029207241623776,0.6697079275837623,Hold,61.039463,61.405964,60.969654,61.152905,22310
2024-10-02 17:00:00,0,0.36181398694598127,0.6381860130540187,Hold,61.16163,61.43214,61.04819,61.379784,18664
2024-10-02 18:00:00,0,0.31010734320059424,0.6898926567994057,Hold,61.379784,61.484497,60.995834,61.43214,30381
2024-10-02 19:00:00,0,0.314025918356901,0.685974081643099,Hold,61.43214,61.973164,61.43214,61.93826,7836
2024-10-02 20:00:00,0,0.2995389534867559,0.7004610465132441,Hold,61.93826,61.99934,61.859722,61.964436,3377
2024-10-02 22:00:00,0,0.3219851031671631,0.6780148968328369,Hold,61.93826,61.946983,61.763737,61.763737,1214
2024-10-02 23:00:00,0,0.34908456987347974,0.6509154301265203,Hold,61.763737,61.885902,61.763737,61.850998,513
2024-10-03 00:00:00,0,0.33808346847592785,0.6619165315240721,Hold,61.84227,61.894627,61.702652,61.77246,1523
2024-10-03 01:00:00,0,0.3498655549747215,0.6501344450252785,Hold,61.77246,61.95571,61.763737,61.903355,1559
2024-10-03 02:00:00,0,0.3698169444743504,0.6301830555256496,Hold,61.903355,61.91208,61.746284,61.79864,1219
2024-10-03 03:00:00,0,0.39263619642278136,0.6073638035772186,Hold,61.789913,62.034245,61.789913,61.990616,2296
2024-10-03 04:00:00,0,0.34653338471889206,0.6534666152811079,Hold,61.99934,62.008068,61.894627,61.93826,1344
2024-10-03 05:00:00,0,0.38951316889411897,0.6104868311058811,Hold,61.946983,62.104057,61.93826,61.99934,1623
2024-10-03 06:00:00,0,0.4001357435781466,0.5998642564218535,Hold,61.990616,62.16514,61.885902,62.130234,3567
2024-10-03 07:00:00,0,0.37904763587301643,0.6209523641269836,Hold,62.13896,62.27858,61.75501,61.877174,6833
2024-10-03 08:00:00,0,0.38871134712353467,0.6112886528764654,Hold,61.877174,62.330936,61.59794,61.807365,12793
2024-10-03 09:00:00,0,0.40577282231858547,0.5942271776814145,Hold,61.807365,62.68871,61.536854,62.234947,13947
2024-10-03 10:00:00,0,0.4418774009856196,0.5581225990143803,Hold,62.234947,62.610172,62.234947,62.40947,9590
2024-10-03 11:00:00,0,0.3664406953864462,0.6335593046135538,Hold,62.418198,62.70616,61.659023,62.2524,19281
2024-10-03 12:00:00,0,0.3964422035591778,0.6035577964408222,Hold,62.2524,62.723614,62.19132,62.610172,13437
2024-10-03 13:00:00,0,0.39668395008283547,0.6033160499171646,Hold,62.6189,63.00285,62.357113,62.810875,34283
2024-10-03 14:00:00,0,0.45617834130723733,0.5438216586927627,Hold,62.802147,64.52993,62.767242,63.59623,82188
2024-10-03 15:00:00,0,0.3791187974268283,0.6208812025731717,Hold,63.59623,63.93655,63.439156,63.79693,31860
2024-10-03 16:00:00,0,0.4260197065233278,0.5739802934766722,Hold,63.79693,64.39031,63.72712,64.26814,22467
2024-10-03 17:00:00,0,0.381571080421757,0.618428919578243,Hold,64.27687,64.34668,63.66604,64.02381,27761
2024-10-03 18:00:00,0,0.39389920059081696,0.606100799409183,Hold,64.03254,64.54738,63.858013,64.39903,31620
2024-10-03 19:00:00,0,0.3769386423242243,0.6230613576757758,Hold,64.39903,64.65209,64.3554,64.45139,14302
2024-10-03 20:00:00,0,0.362738433963278,0.637261566036722,Hold,64.46012,64.503746,64.1547,64.320496,3854
2024-10-03 22:00:00,0,0.38367958795664403,0.616320412043356,Hold,64.52993,64.573555,64.39903,64.43394,1719
2024-10-03 23:00:00,0,0.37892370179456586,0.6210762982054341,Hold,64.43394,64.512474,64.39903,64.46884,711
2024-10-04 00:00:00,0,0.47212710316489437,0.5278728968351056,Hold,64.46012,64.53865,64.32922,64.4863,2517
2024-10-04 01:00:00,0,0.4425654362087531,0.5574345637912469,Hold,64.4863,64.495026,64.23324,64.32922,2954
2024-10-04 02:00:00,0,0.44458293000013815,0.5554170699998618,Hold,64.33795,64.46012,64.320496,64.372856,1263
2024-10-04 03:00:00,0,0.4480337830437754,0.5519662169562246,Hold,64.372856,64.42522,64.21578,64.259415,2207
2024-10-04 04:00:00,0,0.42318118941604504,0.5768188105839549,Hold,64.259415,64.32922,64.20706,64.23324,1376
2024-10-04 05:00:00,0,0.42107524896301474,0.5789247510369853,Hold,64.24197,64.320496,64.17216,64.259415,1493
2024-10-04 06:00:00,0,0.4262227654113805,0.5737772345886195,Hold,64.259415,64.33795,64.10235,64.26814,3864
2024-10-04 07:00:00,0,0.5291624702025515,0.47083752979744853,Sell,64.26814,64.99242,64.24197,64.80044,16490
2024-10-04 08:00:00,0,0.5425201033910515,0.4574798966089485,Sell,64.809166,65.04477,64.71317,65.02732,12934
2024-10-04 09:00:00,0,0.5463695004311752,0.45363049956882484,Sell,65.01859,65.062225,64.73063,64.89642,9431
2024-10-04 10:00:00,0,0.5441025517610734,0.45589744823892664,Sell,64.90515,65.49853,64.89642,65.16694,11861
2024-10-04 11:00:00,0,0.5487111303445461,0.4512888696554539,Sell,65.16694,65.393814,65.10585,65.324005,9821
2024-10-04 12:00:00,0,0.48182111900226104,0.518178880997739,Hold,65.33273,65.33273,64.372856,64.80044,27807
2024-10-04 13:00:00,0,0.48898425054695865,0.5110157494530414,Hold,64.80044,65.01859,64.512474,64.643364,28075
2024-10-04 14:00:00,0,0.5135981810886187,0.48640181891138135,Sell,64.643364,65.0535,64.495026,64.826614,28694
2024-10-04 15:00:00,0,0.5461016112986374,0.45389838870136257,Sell,64.826614,65.35019,64.66955,65.315285,26693
2024-10-04 16:00:00,0,0.5667988339774763,0.4332011660225237,Sell,65.315285,65.690506,65.254196,65.56834,23464
2024-10-04 17:00:00,0,0.5469643428266067,0.45303565717339334,Sell,65.559616,65.943565,65.507256,65.87376,22290
2024-10-04 18:00:00,0,0.4643255403999665,0.5356744596000336,Hold,65.86503,65.90866,64.66082,64.8877,46462
2024-10-04 19:00:00,0,0.45146840936943033,0.5485315906305697,Hold,64.8877,65.21056,64.878975,65.00114,8670
2024-10-04 20:00:00,0,0.4225706914196059,0.5774293085803941,Hold,65.00114,65.21056,64.93133,64.96623,3814
2024-10-06 22:00:00,0,0.42722068572298416,0.5727793142770159,Hold,64.92261,64.98369,64.24197,64.63464,9137
2024-10-06 23:00:00,0,0.4434041558794244,0.5565958441205756,Hold,64.63464,64.63464,64.46884,64.4863,1226
2024-10-07 00:00:00,0,0.4273242369615917,0.5726757630384083,Hold,64.4863,64.695724,64.3554,64.65209,2233
2024-10-07 01:00:00,0,0.4522311027497293,0.5477688972502708,Hold,64.66082,64.74808,64.52993,64.59974,2416
2024-10-07 02:00:00,0,0.46813824050646274,0.5318617594935373,Hold,64.59101,64.77426,64.573555,64.65209,1503
2024-10-07 03:00:00,0,0.46348567468144936,0.5365143253185507,Hold,64.65209,64.78298,64.643364,64.70445,1442
2024-10-07 04:00:00,0,0.453452515092071,0.546547484907929,Hold,64.695724,64.77426,64.65209,64.70445,677
2024-10-07 05:00:00,0,0.46094481669999776,0.5390551833000022,Hold,64.70445,64.826614,64.625916,64.73936,1207
2024-10-07 06:00:00,0,0.4775335176443805,0.5224664823556195,Hold,64.73936,64.96623,64.67827,64.80044,3922
2024-10-07 07:00:00,0,0.5397092948093902,0.4602907051906098,Sell,64.809166,65.74286,64.809166,65.51598,11622
2024-10-07 08:00:00,0,0.5492091064367726,0.45079089356322743,Sell,65.52471,66.31007,65.52471,66.27516,15003
2024-10-07 09:00:00,0,0.5522145690840521,0.4477854309159479,Sell,66.27516,66.54567,66.10063,66.388596,13385
2024-10-07 10:00:00,0,0.5743356293232654,0.42566437067673457,Sell,66.388596,66.68529,66.36242,66.65038,9371
2024-10-07 11:00:00,0,0.49613237799252974,0.5038676220074703,Hold,66.641655,66.72892,66.15299,66.17917,10629
2024-10-07 12:00:00,0,0.4972871679975313,0.5027128320024687,Hold,66.17917,66.34497,65.42872,65.51598,23176
2024-10-07 13:00:00,0,0.4892300626569213,0.5107699373430787,Hold,65.51598,66.41478,65.48108,65.90866,34231
2024-10-07 14:00:00,0,0.4910936878217836,0.5089063121782165,Hold,65.89993,66.60675,65.80395,66.37115,28757
2024-10-07 15:00:00,0,0.5485033674528065,0.4514966325471935,Sell,66.379875,67.322296,66.37115,67.30485,35024
2024-10-07 16:00:00,0,0.47474980125145805,0.525250198748542,Hold,67.30485,67.38338,66.83363,67.23504,21690
2024-10-07 17:00:00,0,0.5045231669754936,0.4954768330245064,Sell,67.23504,67.37466,67.06924,67.139046,14261
2024-10-07 18:00:00,0,0.556504106414027,0.44349589358597297,Sell,67.139046,67.54045,66.98198,67.50555,25898
2024-10-07 19:00:00,0,0.5355528438405603,0.46444715615943966,Sell,67.49682,67.522995,67.331024,67.444466,5857
2024-10-07 20:00:00,0,0.5529641631911066,0.44703583680889336,Sell,67.453186,67.53172,67.37466,67.444466,2937
2024-10-07 22:00:00,1,0.6053446692512927,0.3946553307487073,Sell,67.47937,68.46542,67.27866,67.776054,8275
2024-10-07 23:00:00,1,0.598219471313899,0.40178052868610103,Sell,67.776054,67.80224,67.25249,67.392105,4938
2024-10-08 00:00:00,1,0.47128069732010275,0.5287193026798973,Hold,67.392105,67.53172,66.824905,66.92089,7648
2024-10-08 01:00:00,1,0.4825101537103312,0.5174898462896689,Hold,66.92089,67.09541,66.763824,66.77255,5828
2024-10-08 02:00:00,1,0.48506890002300995,0.51493109997699,Hold,66.77255,66.84236,65.760315,66.15299,11631
2024-10-08 03:00:00,1,0.502137928161583,0.497862071838417,Sell,66.15299,66.388596,66.10063,66.21407,4039
2024-10-08 04:00:00,1,0.5093512289478804,0.49064877105211957,Sell,66.21407,66.379875,66.144264,66.24898,1627
2024-10-08 05:00:00,1,0.48700073309897446,0.5129992669010255,Hold,66.24898,66.31879,66.126816,66.17044,2497
2024-10-08 06:00:00,1,0.5153811649899435,0.48461883501005654,Sell,66.17044,66.47586,65.943565,66.30134,5124
2024-10-08 07:00:00,1,0.4926825462707919,0.5073174537292081,Hold,66.31007,66.388596,65.891205,66.03082,8341
2024-10-08 08:00:00,1,0.4076739566270711,0.5923260433729289,Hold,66.03082,66.34497,65.73414,65.89993,14224
2024-10-08 09:00:00,1,0.41662947991590893,0.5833705200840911,Hold,65.89993,66.074455,65.577065,65.97847,9202
2024-10-08 10:00:00,1,0.40826493349897486,0.5917350665010251,Hold,65.96974,66.11809,65.76904,65.96101,6672
2024-10-08 11:00:00,1,0.43211545880239055,0.5678845411976094,Hold,65.96974,66.257706,65.699234,65.8563,8579
2024-10-08 12:00:00,1,0.46698965979681717,0.5330103402031828,Hold,65.86503,66.196625,65.812675,65.91739,9894
2024-10-08 13:00:00,1,0.3481595247851433,0.6518404752148568,Hold,65.92611,66.08318,64.74808,64.948784,55831
2024-10-08 14:00:00,0,0.29190839908326577,0.7080916009167342,Hold,64.948784,64.95751,63.79693,64.28559,50970
2024-10-08 15:00:00,0,0.2996251518017789,0.700374848198221,Hold,64.29432,64.43394,63.81438,64.16343,26353
2024-10-08 16:00:00,0,0.3011010561673696,0.6988989438326304,Hold,64.1547,64.46012,63.43043,63.631134,25345
2024-10-08 17:00:00,0,0.2999559407423008,0.7000440592576992,Hold,63.622406,65.14948,63.561325,64.63464,53782
2024-10-08 18:00:00,0,0.3024342224681484,0.6975657775318516,Hold,64.63464,64.84407,64.006355,64.32922,34759
2024-10-08 19:00:00,0,0.3327765271932525,0.6672234728067474,Hold,64.34668,64.625916,64.320496,64.47757,6545
2024-10-08 20:00:00,0,0.34121943280548345,0.6587805671945166,Hold,64.47757,64.54738,64.18088,64.4863,5021
2024-10-08 22:00:00,0,0.33438643477431496,0.665613565225685,Hold,64.43394,64.687,64.36413,64.5212,2351
2024-10-08 23:00:00,0,0.31752955263471894,0.6824704473652811,Hold,64.5212,64.54738,64.311775,64.46884,883
2024-10-09 00:00:00,0,0.32901550258186496,0.670984497418135,Hold,64.4863,64.564835,64.320496,64.503746,1509
2024-10-09 01:00:00,0,0.3643234015716733,0.6356765984283267,Hold,64.512474,64.73936,64.24197,64.32922,4460
2024-10-09 02:00:00,0,0.3636364870704184,0.6363635129295816,Hold,64.320496,64.39031,64.16343,64.29432,2270
2024-10-09 03:00:00,0,0.37433193383075486,0.6256680661692451,Hold,64.30305,64.45139,64.19833,64.372856,1562
2024-10-09 04:00:00,0,0.41671660408087796,0.583283395919122,Hold,64.372856,64.4863,64.32922,64.36413,864
2024-10-09 05:00:00,1,0.41078285597902126,0.5892171440209788,Hold,64.372856,64.80044,64.372856,64.66955,4032
2024-10-09 06:00:00,1,0.4023272066435946,0.5976727933564054,Hold,64.67827,64.73936,64.28559,64.47757,3315
2024-10-09 07:00:00,1,0.4584880767137111,0.5415119232862888,Hold,64.47757,64.809166,64.372856,64.61719,5985
2024-10-09 08:00:00,1,0.42715251208372546,0.5728474879162746,Hold,64.61719,64.79171,64.33795,64.59974,8155
2024-10-09 09:00:00,1,0.4400896021063453,0.5599103978936547,Hold,64.59101,64.96623,64.39031,64.756805,5705
2024-10-09 10:00:00,0,0.5048565928302001,0.4951434071697999,Sell,64.76553,64.8528,63.779476,63.875465,10672
2024-10-09 11:00:00,0,0.44956320944830447,0.5504367905516956,Hold,63.875465,64.02381,63.57005,63.971455,8705
2024-10-09 12:00:00,0,0.46099965795965453,0.5390003420403455,Hold,63.962727,64.39031,63.74457,63.90164,14574
2024-10-09 13:00:00,0,0.37487356828147655,0.6251264317185234,Hold,63.91037,63.971455,62.66253,62.90686,46155
2024-10-09 14:00:00,0,0.3822385680211056,0.6177614319788944,Hold,62.90686,63.465336,62.418198,63.34317,41880
2024-10-09 15:00:00,0,0.3784577841609467,0.6215422158390533,Hold,63.34317,64.04126,63.125015,63.90164,34358
2024-10-09 16:00:00,0,0.331777609299917,0.668222390700083,Hold,63.91037,64.1198,63.282085,63.68349,18984
2024-10-09 17:00:00,0,0.36772580270596905,0.6322741972940309,Hold,63.692215,63.945274,63.081387,63.866737,19533
2024-10-09 18:00:00,0,0.34864176243965805,0.651358237560342,Hold,63.858013,64.10235,63.770752,63.962727,24375
2024-10-09 19:00:00,0,0.34049122547693955,0.6595087745230604,Hold,63.971455,64.20706,63.962727,64.09362,4193
2024-10-09 20:00:00,0,0.3398871964361018,0.6601128035638981,Hold,64.09362,64.11107,63.892918,64.01508,3707
2024-10-09 22:00:00,0,0.34410646264213657,0.6558935373578634,Hold,64.04126,64.11107,63.927822,64.03254,1290
2024-10-09 23:00:00,0,0.3947941897123616,0.6052058102876384,Hold,64.04999,64.10235,64.01508,64.03254,471
2024-10-10 00:00:00,0,0.3714725551567178,0.6285274448432823,Hold,64.03254,64.30305,64.02381,64.30305,1451
2024-10-10 01:00:00,0,0.4041236828831344,0.5958763171168656,Hold,64.30305,64.32922,64.04126,64.16343,2107
2024-10-10 02:00:00,0,0.36505540004936027,0.6349445999506398,Hold,64.1547,64.46012,64.04999,64.41649,1997
2024-10-10 03:00:00,0,0.3594552759107836,0.6405447240892164,Hold,64.41649,64.53865,64.3554,64.39031,1899
2024-10-10 04:00:00,0,0.3332499644991882,0.6667500355008118,Hold,64.39031,64.512474,64.39031,64.442665,714
2024-10-10 05:00:00,0,0.35443373538265976,0.6455662646173402,Hold,64.442665,64.512474,64.36413,64.40776,1135
2024-10-10 06:00:00,0,0.34024554621152286,0.6597544537884772,Hold,64.40776,64.4863,64.11107,64.23324,2657
2024-10-10 07:00:00,0,0.36923572647365466,0.6307642735263453,Hold,64.23324,64.4863,64.14597,64.42522,4631
2024-10-10 08:00:00,0,0.35620407102693125,0.6437959289730688,Hold,64.442665,64.63464,64.29432,64.442665,6409
2024-10-10 09:00:00,0,0.40953796095140244,0.5904620390485975,Hold,64.46012,65.062225,64.442665,64.87025,8420
2024-10-10 10:00:00,0,0.3918703704450794,0.6081296295549206,Hold,64.878975,65.070946,64.80044,64.940056,5117
2024-10-10 11:00:00,0,0.38298540126554137,0.6170145987344586,Hold,64.93133,65.00114,64.42522,64.43394,5790
2024-10-10 12:00:00,0,0.4756909348648891,0.5243090651351109,Hold,64.43394,65.42,64.39031,65.17566,22959
2024-10-10 13:00:00,0,0.4332063509516683,0.5667936490483316,Hold,65.17566,65.21056,64.512474,64.81789,24787
2024-10-10 14:00:00,0,0.5103197630925784,0.4896802369074216,Sell,64.81789,65.58579,64.66082,65.446175,28872
2024-10-10 15:00:00,0,0.5195511842402905,0.48044881575970955,Sell,65.43745,65.90866,65.04477,65.80395,21356
2024-10-10 16:00:00,0,0.4976310232186985,0.5023689767813015,Hold,65.812675,66.26643,65.68178,66.17917,17773
2024-10-10 17:00:00,0,0.40236224388170844,0.5976377561182915,Hold,66.1879,66.510765,66.126816,66.30134,17437
2024-10-10 18:00:00,0,0.37800392865606736,0.6219960713439326,Hold,66.30134,66.388596,65.90866,66.21407,26641
2024-10-10 19:00:00,0,0.3915571522735224,0.6084428477264776,Hold,66.205345,66.52821,66.196625,66.24898,7425
2024-10-10 20:00:00,0,0.3236065306871992,0.6763934693128009,Hold,66.257706,66.27516,65.77777,65.96101,7838
2024-10-10 22:00:00,1,0.3405231187044357,0.6594768812955643,Hold,66.09191,66.10063,65.96101,66.013374,1257
2024-10-10 23:00:00,1,0.3425492967587406,0.6574507032412594,Hold,65.99592,66.21407,65.96974,66.03955,1702
2024-10-11 00:00:00,1,0.3700576687400346,0.6299423312599655,Hold,66.0221,66.196625,65.92611,65.943565,1670
2024-10-11 01:00:00,1,0.3929127739037578,0.6070872260962422,Hold,65.95229,66.11809,65.75159,65.92611,2901
2024-10-11 02:00:00,1,0.3847756045391379,0.615224395460862,Hold,65.91739,66.09191,65.79522,66.074455,2878
2024-10-11 03:00:00,1,0.37276288785866,0.62723711214134,Hold,66.08318,66.10063,65.97847,66.03082,1098
2024-10-11 04:00:00,1,0.3369748046197693,0.6630251953802306,Hold,66.03955,66.10063,65.96974,66.06573,1208
2024-10-11 05:00:00,0,0.3291646294936175,0.6708353705063825,Hold,66.06573,66.196625,65.89993,65.96101,2085
2024-10-11 06:00:00,0,0.38666861421730564,0.6133313857826943,Hold,65.96101,65.97847,65.28037,65.41127,6508
2024-10-11 07:00:00,0,0.3976164417140789,0.6023835582859212,Hold,65.41127,65.60324,65.03604,65.43745,7603
2024-10-11 08:00:00,0,0.3877822609545419,0.6122177390454582,Hold,65.4549,65.84758,65.324005,65.42872,7111
2024-10-11 09:00:00,0,0.36489175623336384,0.6351082437666362,Hold,65.42872,65.830124,65.21056,65.67305,6272
2024-10-11 10:00:00,0,0.3149149961382109,0.685085003861789,Hold,65.67305,65.8563,65.446175,65.638145,5459
2024-10-11 11:00:00,0,0.30691558204950325,0.6930844179504967,Hold,65.6207,65.75159,65.51598,65.629425,4149
2024-10-11 12:00:00,0,0.34632643851553496,0.6536735614844651,Hold,65.6207,65.86503,65.48108,65.60324,6288
2024-10-11 13:00:00,0,0.336016321755261,0.663983678244739,Hold,65.61197,65.92611,65.446175,65.58579,16514
2024-10-11 14:00:00,1,0.3956397692483675,0.6043602307516325,Hold,65.58579,66.33624,65.254196,66.327515,22911
2024-10-11 15:00:00,1,0.3388745293796979,0.661125470620302,Hold,66.33624,66.35369,65.59452,65.80395,18966
2024-10-11 16:00:00,1,0.33133900869575844,0.6686609913042416,Hold,65.80395,65.92611,65.6207,65.74286,9877
2024-10-11 17:00:00,1,0.38798568089449337,0.6120143191055066,Hold,65.73414,66.15299,65.42872,65.99592,13850
2024-10-11 18:00:00,1,0.36473201573581376,0.6352679842641862,Hold,65.99592,66.08318,65.760315,65.89993,19690
2024-10-11 19:00:00,1,0.3911391104174645,0.6088608895825355,Hold,65.89993,66.03082,65.638145,65.96101,5034
2024-10-11 20:00:00,1,0.3863669681115665,0.6136330318884335,Hold,65.95229,66.144264,65.78649,65.87376,3598
2024-10-13 22:00:00,1,0.3172186968166535,0.6827813031833465,Hold,65.48981,65.51598,64.83534,64.878975,5611
2024-10-13 23:00:00,0,0.29680271658730223,0.7031972834126978,Hold,64.878975,64.948784,64.65209,64.756805,2614
2024-10-14 00:00:00,1,0.30860185677258495,0.691398143227415,Hold,64.76553,65.04477,64.643364,65.03604,2624
2024-10-14 01:00:00,1,0.26506108009687596,0.734938919903124,Hold,65.03604,65.12331,64.73063,64.96623,7003
2024-10-14 02:00:00,1,0.2897088143264414,0.7102911856735585,Hold,64.95751,65.14948,64.74808,65.11458,3719
2024-10-14 03:00:00,1,0.34351556420310775,0.6564844357968922,Hold,65.12331,65.30656,65.07967,65.15821,2247
2024-10-14 04:00:00,1,0.3195397037720722,0.6804602962279278,Hold,65.16694,65.20184,65.10585,65.132034,757
2024-10-14 05:00:00,1,0.3253470893541527,0.6746529106458473,Hold,65.140755,65.29783,65.0884,65.12331,1514
2024-10-14 06:00:00,1,0.3353285682135505,0.6646714317864495,Hold,65.132034,65.16694,64.98369,65.00114,2083
2024-10-14 07:00:00,0,0.31175801336843784,0.6882419866315621,Hold,65.00114,65.07967,64.67827,64.756805,6104
2024-10-14 08:00:00,1,0.3547761577835228,0.6452238422164772,Hold,64.76553,65.132034,64.756805,64.87025,6619
2024-10-14 09:00:00,0,0.3200129882838783,0.6799870117161217,Hold,64.878975,64.91388,64.058716,64.16343,11952
2024-10-14 10:00:00,0,0.3687356079510488,0.6312643920489511,Hold,64.1547,64.54738,64.076164,64.29432,7812
2024-10-14 11:00:00,0,0.3557796110015406,0.6442203889984595,Hold,64.29432,64.564835,64.24197,64.46884,4691
2024-10-14 12:00:00,0,0.312699290470269,0.687300709529731,Hold,64.47757,64.73063,64.39903,64.41649,7105
2024-10-14 13:00:00,1,0.4482278358801514,0.5517721641198485,Hold,64.40776,65.254196,64.311775,65.07967,26590
2024-10-14 14:00:00,1,0.39313711112499244,0.6068628888750076,Hold,65.07967,65.18439,64.442665,64.84407,21644
2024-10-14 15:00:00,1,0.41018390156210005,0.5898160984379,Hold,64.84407,64.940056,64.189606,64.41649,17144
2024-10-14 16:00:00,1,0.44205103777495036,0.5579489622250496,Hold,64.42522,64.65209,64.259415,64.58228,10567
2024-10-14 17:00:00,1,0.48929773794551273,0.5107022620544872,Hold,64.58228,64.8528,64.495026,64.695724,9819
2024-10-14 18:00:00,1,0.4492278014779557,0.5507721985220443,Hold,64.70445,64.756805,64.33795,64.47757,14827
2024-10-14 19:00:00,1,0.4371383429964389,0.5628616570035612,Hold,64.47757,64.54738,64.372856,64.53865,3073
2024-10-14 20:00:00,0,0.35441275824522084,0.6455872417547792,Hold,64.54738,64.625916,62.66253,62.70616,20357
2024-10-14 22:00:00,0,0.37744780497759434,0.6225521950224057,Hold,62.400745,62.93304,62.27858,62.793423,4686
2024-10-14 23:00:00,0,0.3791711797984297,0.6208288202015704,Hold,62.77597,62.871956,62.47928,62.52291,2020
2024-10-15 00:00:00,0,0.4102707847541401,0.58972921524586,Hold,62.531635,62.75852,62.40947,62.627625,5488
2024-10-15 01:00:00,0,0.3662368559933141,0.6337631440066859,Hold,62.6189,62.802147,62.383293,62.418198,5683
2024-10-15 02:00:00,0,0.36464240222180894,0.6353575977781911,Hold,62.418198,62.575268,62.374565,62.47928,2317
2024-10-15 03:00:00,0,0.3921802665477923,0.6078197334522077,Hold,62.470554,62.68871,62.36584,62.540363,4059
2024-10-15 04:00:00,0,0.3868081527152099,0.6131918472847901,Hold,62.540363,62.540363,62.374565,62.40947,2085
2024-10-15 05:00:00,0,0.3573357716894597,0.6426642283105404,Hold,62.400745,62.43565,61.737556,61.946983,6872
2024-10-15 06:00:00,0,0.3926044357582291,0.6073955642417709,Hold,61.946983,62.18259,61.93826,62.130234,4603
2024-10-15 07:00:00,0,0.33703396294739363,0.6629660370526064,Hold,62.130234,62.130234,61.728832,61.86845,6613
2024-10-15 08:00:00,0,0.3176261306034425,0.6823738693965575,Hold,61.86845,61.877174,61.44087,61.510677,9549
2024-10-15 09:00:00,0,0.29953602089689246,0.7004639791031075,Hold,61.5194,61.536854,60.96093,61.02201,9910
2024-10-15 10:00:00,0,0.3236801345215851,0.6763198654784148,Hold,61.013287,61.405964,60.830036,61.309975,13892
2024-10-15 11:00:00,0,0.3156323752907915,0.6843676247092085,Hold,61.318703,61.95571,61.30125,61.693928,14993
2024-10-15 12:00:00,0,0.2825474093524749,0.7174525906475251,Hold,61.693928,62.051697,61.536854,61.659023,16311
2024-10-15 13:00:00,0,0.2695958406173936,0.7304041593826064,Hold,61.650295,61.920807,61.013287,61.43214,31446
2024-10-15 14:00:00,0,0.27738028921844493,0.7226197107815551,Hold,61.43214,61.720104,61.039463,61.135452,23102
2024-10-15 15:00:00,0,0.260629252456046,0.7393707475439539,Hold,61.126724,61.41469,60.917297,60.969654,16810
2024-10-15 16:00:00,0,0.35230820380839506,0.6476917961916049,Hold,60.96093,61.720104,60.9522,61.59794,16693
2024-10-15 17:00:00,0,0.34377197079560706,0.6562280292043929,Hold,61.606663,61.624115,61.30125,61.405964,10567
2024-10-15 18:00:00,0,0.3606004006492079,0.6393995993507922,Hold,61.397236,61.964436,61.353607,61.92953,18263
2024-10-15 19:00:00,0,0.35421572673083146,0.6457842732691685,Hold,61.92953,62.034245,61.859722,61.885902,4366
2024-10-15 20:00:00,0,0.337718077802267,0.662281922197733,Hold,61.885902,61.990616,61.807365,61.990616,2411
2024-10-15 22:00:00,0,0.34329020304411234,0.6567097969558877,Hold,61.946983,62.02552,61.86845,61.964436,785
2024-10-15 23:00:00,0,0.3329662496585349,0.6670337503414652,Hold,61.981888,62.077877,61.981888,61.990616,550
2024-10-16 00:00:00,0,0.43993591335856047,0.5600640866414395,Hold,61.990616,62.06915,61.79864,61.84227,1621
2024-10-16 01:00:00,0,0.4478665182995202,0.5521334817004798,Hold,61.850998,61.981888,61.737556,61.93826,2181
2024-10-16 02:00:00,0,0.4820005040041825,0.5179994959958175,Hold,61.93826,61.95571,61.720104,61.833546,1792
2024-10-16 03:00:00,0,0.5062909796636879,0.49370902033631214,Sell,61.824818,61.903355,61.728832,61.789913,1210
2024-10-16 04:00:00,0,0.5405452672882598,0.4594547327117402,Sell,61.79864,61.86845,61.763737,61.86845,502
2024-10-16 05:00:00,0,0.5337866665916376,0.46621333340836235,Sell,61.859722,61.885902,61.71138,61.84227,1283
2024-10-16 06:00:00,0,0.5263046227809066,0.4736953772190934,Sell,61.84227,61.86845,61.6852,61.79864,2125
2024-10-16 07:00:00,0,0.48717318477878285,0.5128268152212172,Hold,61.789913,62.226223,61.693928,61.702652,6816
2024-10-16 08:00:00,0,0.520413188623847,0.479586811376153,Sell,61.702652,61.91208,61.43214,61.580486,6935
2024-10-16 09:00:00,0,0.5552614267283563,0.4447385732716437,Sell,61.58921,61.78119,61.36233,61.667747,4523
2024-10-16 10:00:00,0,0.5818553992063923,0.4181446007936077,Sell,61.659023,61.667747,61.135452,61.257618,5424
2024-10-16 11:00:00,0,0.5763025115786394,0.42369748842136057,Sell,61.257618,61.475773,61.170357,61.327427,4677
2024-10-16 12:00:00,0,0.5493209412371527,0.4506790587628473,Sell,61.327427,61.95571,61.27507,61.824818,11945
2024-10-16 13:00:00,0,0.564333951036775,0.435666048963225,Sell,61.833546,61.95571,61.309975,61.336155,18091
2024-10-16 14:00:00,0,0.5556698653424086,0.4443301346575914,Sell,61.327427,61.676476,61.266346,61.327427,14239
2024-10-16 15:00:00,0,0.5080487761587333,0.49195122384126666,Sell,61.327427,61.475773,60.768955,61.43214,28157
2024-10-16 16:00:00,0,0.4903043712909626,0.5096956287090374,Hold,61.43214,61.563034,61.30125,61.336155,10770
2024-10-16 17:00:00,0,0.5307184974567509,0.4692815025432491,Sell,61.336155,61.693928,61.327427,61.45832,8574
2024-10-16 18:00:00,0,0.5286552008629639,0.4713447991370361,Sell,61.45832,61.59794,61.30125,61.449593,12474
2024-10-16 19:00:00,0,0.5394584053659781,0.4605415946340219,Sell,61.449593,61.61539,61.36233,61.536854,3774
2024-10-16 20:00:00,0,0.5447729493610854,0.45522705063891455,Sell,61.536854,61.720104,61.50195,61.702652,2713
2024-10-16 22:00:00,0,0.5441845100025213,0.4558154899974787,Sell,61.676476,61.720104,61.61539,61.6852,439
2024-10-16 23:00:00,0,0.5121466979602727,0.4878533020397273,Sell,61.6852,61.763737,61.6852,61.71138,291
2024-10-17 00:00:00,0,0.48719253744000096,0.512807462559999,Hold,61.720104,61.859722,61.720104,61.850998,1036
2024-10-17 01:00:00,1,0.5108690392927122,0.4891309607072878,Sell,61.850998,61.93826,61.737556,61.92953,1576
2024-10-17 02:00:00,0,0.5063550681364566,0.4936449318635434,Sell,61.92953,62.051697,61.536854,61.6852,2902
2024-10-17 03:00:00,0,0.5001771087224399,0.4998228912775601,Sell,61.6852,61.77246,61.59794,61.61539,1301
2024-10-17 04:00:00,0,0.49400509471589926,0.5059949052841007,Hold,61.606663,61.676476,61.536854,61.667747,900
2024-10-17 05:00:00,0,0.5148051241414499,0.48519487585855015,Sell,61.667747,61.728832,61.57176,61.580486,864
2024-10-17 06:00:00,0,0.5223436790320115,0.4776563209679885,Sell,61.58921,61.59794,61.152905,61.196537,2185
2024-10-17 07:00:00,0,0.4900809058985583,0.5099190941014418,Hold,61.18781,61.423416,61.152905,61.240166,3139
2024-10-17 08:00:00,0,0.5018870501426268,0.4981129498573732,Sell,61.240166,61.720104,61.222713,61.510677,4715
2024-10-17 09:00:00,0,0.5137373926061098,0.48626260739389016,Sell,61.50195,61.77246,61.44087,61.641567,2914
2024-10-17 10:00:00,0,0.5287554781386758,0.47124452186132415,Sell,61.641567,61.789913,61.292522,61.449593,4395
2024-10-17 11:00:00,0,0.5431325991222916,0.4568674008777084,Sell,61.449593,61.676476,61.38851,61.467045,2873
2024-10-17 12:00:00,0,0.5598152029794018,0.4401847970205982,Sell,61.484497,61.84227,61.353607,61.57176,8755
2024-10-17 13:00:00,0,0.532144060810996,0.46785593918900403,Sell,61.57176,61.850998,61.17908,61.720104,14657
2024-10-17 14:00:00,0,0.5311341788642852,0.46886582113571484,Sell,61.728832,61.920807,61.57176,61.667747,8686
2024-10-17 15:00:00,0,0.5017878819578563,0.4982121180421437,Sell,61.624115,61.946983,61.27507,61.52813,15947
2024-10-17 16:00:00,0,0.5440032634445352,0.4559967365554648,Sell,61.52813,61.659023,61.23144,61.353607,6917
2024-10-17 17:00:00,0,0.46787649409824145,0.5321235059017586,Hold,61.353607,61.37106,60.59443,61.353607,17943
2024-10-17 18:00:00,0,0.45932232295771414,0.5406776770422859,Hold,61.353607,61.77246,61.34488,61.624115,12358
2024-10-17 19:00:00,0,0.4730502171369551,0.526949782863045,Hold,61.632843,61.807365,61.58921,61.737556,2821
2024-10-17 20:00:00,0,0.4610018639252604,0.5389981360747396,Hold,61.737556,61.807365,61.676476,61.746284,1059
2024-10-17 22:00:00,1,0.481577900755491,0.518422099244509,Hold,61.737556,61.84227,61.667747,61.79864,607
2024-10-17 23:00:00,1,0.4735683283682636,0.5264316716317363,Hold,61.79864,61.850998,61.79864,61.816093,129
2024-10-18 00:00:00,1,0.48322943816796365,0.5167705618320364,Hold,61.816093,61.92953,61.75501,61.86845,309
2024-10-18 01:00:00,0,0.4404787795886957,0.5595212204113043,Hold,61.877174,62.016792,61.75501,61.77246,456
2024-10-18 02:00:00,1,0.5155761205948008,0.48442387940519915,Sell,61.763737,62.104057,61.75501,61.964436,545
2024-10-18 03:00:00,1,0.46718791051101877,0.5328120894889812,Hold,61.964436,62.008068,61.728832,61.833546,324
2024-10-18 04:00:00,1,0.5421053296804927,0.45789467031950726,Sell,61.807365,61.946983,61.807365,61.920807,253
2024-10-18 05:00:00,1,0.5611475288509601,0.4388524711490399,Sell,61.93826,62.060425,61.885902,62.008068,324
2024-10-18 06:00:00,1,0.5210414457760884,0.47895855422391165,Sell,61.99934,62.156414,61.885902,62.02552,861
2024-10-18 07:00:00,1,0.573733500016423,0.426266499983577,Sell,62.008068,62.016792,61.650295,61.71138,618
2024-10-18 08:00:00,0,0.5631335475573614,0.43686645244263855,Sell,61.71138,61.981888,61.580486,61.650295,941
2024-10-18 09:00:00,1,0.5848637489742299,0.4151362510257701,Sell,61.650295,61.973164,61.624115,61.641567,511
2024-10-18 10:00:00,0,0.5146072506339111,0.4853927493660889,Sell,61.659023,61.676476,61.222713,61.36233,1252
2024-10-18 11:00:00,1,0.5904234881788218,0.40957651182117816,Sell,61.336155,61.667747,61.336155,61.606663,1512
2024-10-18 12:00:00,1,0.4915501994096987,0.5084498005903013,Hold,61.61539,61.807365,61.2838,61.38851,1661
2024-10-18 13:00:00,0,0.4224337747782898,0.5775662252217102,Hold,61.36233,61.43214,60.533348,60.768955,5765
2024-10-18 14:00:00,0,0.40582798969133216,0.5941720103086678,Hold,60.760227,60.830036,60.062134,60.315193,5489
2024-10-18 15:00:00,0,0.3505652914088174,0.6494347085911826,Hold,60.29774,60.411182,59.93997,60.332645,3757
2024-10-18 16:00:00,0,0.42098339279221925,0.5790166072077807,Hold,60.350098,61.109272,60.32392,60.760227,3627
2024-10-18 17:00:00,0,0.42241557342166003,0.57758442657834,Hold,60.768955,61.02201,60.716595,60.821312,2314
2024-10-18 18:00:00,0,0.40756750600498887,0.5924324939950112,Hold,60.830036,60.838764,60.32392,60.402454,3372
2024-10-18 19:00:00,0,0.40591754189858154,0.5940824581014185,Hold,60.411182,60.629333,60.376278,60.585705,890
2024-10-18 20:00:00,0,0.41515875677694425,0.5848412432230558,Hold,60.576977,60.59443,60.46354,60.507168,485
2024-10-20 22:00:00,0,0.3734100887699588,0.6265899112300413,Hold,60.507168,60.577385,60.085884,60.3053,3864
2024-10-20 23:00:00,0,0.39583075943760476,0.6041692405623953,Hold,60.31408,60.45451,60.28775,60.410625,919
2024-10-21 00:00:00,0,0.42396119823548806,0.5760388017645119,Hold,60.401848,60.5335,60.322857,60.524723,1839
2024-10-21 01:00:00,0,0.40589650617893847,0.5941034938210615,Hold,60.524723,60.603714,60.164875,60.173653,3738
2024-10-21 02:00:00,0,0.42670858089761293,0.573291419102387,Hold,60.173653,60.58616,60.156097,60.463284,3319
2024-10-21 03:00:00,0,0.4506324030407282,0.5493675969592717,Hold,60.445732,60.6476,60.428177,60.6476,2169
2024-10-21 04:00:00,0,0.44649394426779987,0.5535060557322001,Hold,60.63882,60.74414,60.603714,60.709034,1655
2024-10-21 05:00:00,0,0.4430852624937705,0.5569147375062296,Hold,60.709034,60.735367,60.489616,60.524723,2192
2024-10-21 06:00:00,0,0.451009158142706,0.548990841857294,Hold,60.542274,60.735367,60.524723,60.673927,2656
2024-10-21 07:00:00,0,0.44057084219959175,0.5594291578004082,Hold,60.673927,60.88457,60.577385,60.867016,6296
2024-10-21 08:00:00,0,0.47386708792137483,0.5261329120786251,Hold,60.867016,61.086437,60.761696,60.963562,8634
2024-10-21 09:00:00,0,0.5115306323456349,0.4884693676543651,Sell,60.97234,61.340965,60.97234,61.29708,6975
2024-10-21 10:00:00,0,0.5243624700384653,0.47563752996153474,Sell,61.29708,61.613045,61.209312,61.577938,7262
2024-10-21 11:00:00,0,0.5485183031067978,0.45148169689320217,Sell,61.56916,61.744698,61.54283,61.613045,6799
2024-10-21 12:00:00,0,0.5144655496556287,0.48553445034437126,Sell,61.613045,61.65693,61.24442,61.472614,12715
2024-10-21 13:00:00,0,0.4821881620596882,0.5178118379403118,Hold,61.463837,61.700813,61.226864,61.4024,20827
2024-10-21 14:00:00,0,0.4926278112514398,0.5073721887485603,Hold,61.41118,61.41118,60.867016,60.928455,20060
2024-10-21 15:00:00,0,0.5292734143444852,0.47072658565551484,Sell,60.937233,61.376072,60.77925,61.34974,18379
2024-10-21 16:00:00,0,0.5272927111631708,0.4727072888368292,Sell,61.34974,61.5165,61.29708,61.455063,11097
2024-10-21 17:00:00,0,0.546432943308305,0.45356705669169495,Sell,61.455063,61.779804,61.42873,61.64815,14562
2024-10-21 18:00:00,0,0.521622093415794,0.478377906584206,Sell,61.64815,61.67448,61.29708,61.48139,20193
2024-10-21 19:00:00,0,0.5028687535094648,0.4971312464905352,Sell,61.49017,61.5165,61.261974,61.27075,5283
2024-10-21 20:00:00,0,0.4877503986357829,0.512249601364217,Hold,61.279526,61.376072,61.21809,61.24442,2567
2024-10-21 22:00:00,0,0.5507699392472202,0.4492300607527798,Sell,61.4024,61.42873,61.279526,61.376072,1000
2024-10-21 23:00:00,0,0.5818763279910658,0.4181236720089342,Sell,61.376072,61.463837,61.34974,61.446285,544
2024-10-22 00:00:00,0,0.5049612926172743,0.4950387073827257,Sell,61.437508,61.455063,61.23564,61.253197,1481
2024-10-22 01:00:00,0,0.5011594026427085,0.49884059735729147,Sell,61.253197,61.332188,61.112766,61.23564,2936
2024-10-22 02:00:00,0,0.4801732850564543,0.5198267149435457,Hold,61.24442,61.332188,61.16543,61.209312,1640
2024-10-22 03:00:00,0,0.4627289141032172,0.5372710858967829,Hold,61.21809,61.376072,61.200535,61.32341,1461
2024-10-22 04:00:00,0,0.4592353423059722,0.5407646576940278,Hold,61.32341,61.340965,61.209312,61.226864,835
2024-10-22 05:00:00,0,0.47017250666122934,0.5298274933387707,Hold,61.21809,61.253197,61.13032,61.174206,1111
2024-10-22 06:00:00,0,0.5097568149319112,0.49024318506808884,Sell,61.174206,61.419956,61.174206,61.279526,2274
2024-10-22 07:00:00,0,0.4618187286760869,0.5381812713239131,Hold,61.27075,61.29708,60.867016,61.112766,9951
2024-10-22 08:00:00,0,0.5379197258564488,0.46208027414355124,Sell,61.121544,61.393623,61.024998,61.32341,7837
2024-10-22 09:00:00,0,0.6071809805054614,0.39281901949453857,Sell,61.314632,62.183537,61.24442,61.946564,15702
2024-10-22 10:00:00,0,0.5440060614255403,0.4559939385744597,Sell,61.955338,62.22742,61.92023,62.078213,6595
2024-10-22 11:00:00,0,0.5184620977666562,0.4815379022333438,Sell,62.069435,62.2713,61.90268,62.025555,6902
2024-10-22 12:00:00,0,0.5284495301729143,0.4715504698270857,Sell,62.03433,62.209866,61.858795,62.008,9079
2024-10-22 13:00:00,0,0.5551648347335822,0.44483516526641775,Sell,61.99922,63.01733,61.771027,62.4995,39942
2024-10-22 14:00:00,0,0.5339477051986083,0.46605229480139165,Sell,62.508278,62.85935,62.130875,62.596043,33976
2024-10-22 15:00:00,0,0.5421385606296224,0.4578614393703776,Sell,62.60482,63.069992,62.508278,63.01733,23359
2024-10-22 16:00:00,0,0.539054804427714,0.46094519557228597,Sell,63.01733,63.27186,62.95589,62.973446,17553
2024-10-22 17:00:00,0,0.5511419897344542,0.44885801026554584,Sell,62.991,63.052437,62.79791,62.82424,10618
2024-10-22 18:00:00,0,0.5202959576972428,0.4797040423027572,Sell,62.815464,63.01733,62.736473,62.903233,25902
2024-10-22 19:00:00,0,0.4875126597350505,0.5124873402649495,Hold,62.894455,62.91201,62.710144,62.74525,5534
2024-10-22 20:00:00,0,0.48887267525795947,0.5111273247420405,Hold,62.74525,62.74525,62.560936,62.58727,2566
2024-10-22 22:00:00,0,0.5160530059490732,0.4839469940509268,Sell,62.622375,62.69259,62.57849,62.639927,782
2024-10-22 23:00:00,0,0.47092395998063385,0.5290760400193661,Hold,62.639927,62.701366,62.639927,62.69259,327
2024-10-23 00:00:00,0,0.5082969207669589,0.49170307923304113,Sell,62.701366,62.74525,62.675034,62.710144,1191
2024-10-23 01:00:00,0,0.49460516522905673,0.5053948347709433,Hold,62.718918,62.780357,62.622375,62.718918,2441
2024-10-23 02:00:00,1,0.48849266324092555,0.5115073367590744,Hold,62.727695,62.894455,62.69259,62.789135,2438
2024-10-23 03:00:00,1,0.47653133924798086,0.5234686607520191,Hold,62.79791,62.868126,62.77158,62.85057,923
2024-10-23 04:00:00,1,0.4391366788468513,0.5608633211531486,Hold,62.841793,62.894455,62.815464,62.85057,672
2024-10-23 05:00:00,1,0.4737734220061555,0.5262265779938444,Hold,62.841793,62.947117,62.82424,62.85935,1363
2024-10-23 06:00:00,0,0.5127082046768368,0.48729179532316325,Sell,62.85057,62.85935,62.490723,62.58727,4624
2024-10-23 07:00:00,0,0.4931403824646351,0.5068596175353649,Hold,62.57849,62.675034,62.481945,62.4995,4940
2024-10-23 08:00:00,0,0.4827115400134274,0.5172884599865726,Hold,62.490723,62.60482,62.30641,62.35907,6304
2024-10-23 09:00:00,0,0.41477955961107577,0.5852204403889243,Hold,62.350292,62.455616,62.139652,62.236195,5189
2024-10-23 10:00:00,0,0.39517309886231927,0.6048269011376808,Hold,62.22742,62.244972,61.639374,61.700813,15716
2024-10-23 11:00:00,0,0.40020962104295565,0.5997903789570443,Hold,61.709587,61.885124,61.551605,61.81491,9348
2024-10-23 12:00:00,0,0.359852678532703,0.640147321467297,Hold,61.82369,62.043106,61.718365,61.937786,11157
2024-10-23 13:00:00,0,0.5071241872339,0.49287581276610004,Sell,61.92901,62.613598,61.797356,62.508278,26398
2024-10-23 14:00:00,0,0.49351210446335386,0.5064878955366461,Hold,62.51705,62.74525,61.972893,62.104546,29182
2024-10-23 15:00:00,0,0.44949521412918336,0.5505047858708166,Hold,62.104546,62.297634,61.806133,62.03433,20223
2024-10-23 16:00:00,0,0.48713241653746664,0.5128675834625334,Hold,62.03433,62.148426,61.779804,61.99922,14353
2024-10-23 17:00:00,0,0.5319657872558212,0.4680342127441788,Sell,62.008,62.297634,61.84124,62.16598,14961
2024-10-23 18:00:00,0,0.5607734776610304,0.43922652233896964,Sell,62.17476,62.209866,61.98167,62.130875,13984
2024-10-23 19:00:00,0,0.527972925490352,0.472027074509648,Sell,62.11332,62.34152,62.095768,62.33274,3061
2024-10-23 20:00:00,0,0.5231646027347855,0.4768353972652145,Sell,62.33274,62.367847,62.288857,62.35907,2318
2024-10-23 22:00:00,0,0.509825424595528,0.49017457540447196,Sell,62.33274,62.429287,62.2713,62.42051,800
2024-10-23 23:00:00,0,0.5313631060657457,0.46863689393425434,Sell,62.42051,62.508278,62.402954,62.490723,356
2024-10-24 00:00:00,0,0.525799980472405,0.47420001952759505,Sell,62.490723,62.894455,62.43806,62.85935,3205
2024-10-24 01:00:00,0,0.4903655112118105,0.5096344887881895,Hold,62.85935,62.903233,62.754025,62.806686,3326
2024-10-24 02:00:00,0,0.48165591733194124,0.5183440826680588,Hold,62.79791,63.01733,62.754025,62.999775,3143
2024-10-24 03:00:00,0,0.4185902590263983,0.5814097409736017,Hold,62.991,63.01733,62.91201,62.91201,2126
2024-10-24 04:00:00,0,0.3984187967919391,0.601581203208061,Hold,62.91201,62.973446,62.885677,62.947117,1328
2024-10-24 05:00:00,0,0.3694440636640548,0.6305559363359452,Hold,62.947117,62.96467,62.815464,62.82424,1651
2024-10-24 06:00:00,0,0.3839426581296803,0.6160573418703197,Hold,62.82424,62.868126,62.754025,62.815464,2497
2024-10-24 07:00:00,0,0.4350491206963493,0.5649508793036506,Hold,62.815464,63.227974,62.815464,63.192867,7800
2024-10-24 08:00:00,0,0.44337226557176074,0.5566277344282393,Hold,63.192867,63.359623,62.991,63.157757,8785
2024-10-24 09:00:00,1,0.5233401382670685,0.4766598617329315,Sell,63.157757,63.45617,63.148983,63.359623,7243
2024-10-24 10:00:00,1,0.47784225138867625,0.5221577486113238,Hold,63.3684,63.491276,62.710144,62.762802,10507
2024-10-24 11:00:00,0,0.43517532503633954,0.5648246749636605,Hold,62.754025,62.833015,62.34152,62.367847,11171
2024-10-24 12:00:00,0,0.431243335066592,0.5687566649334079,Hold,62.367847,62.68381,62.25375,62.473167,13067
2024-10-24 13:00:00,0,0.42865175985559045,0.5713482401444095,Hold,62.473167,62.79791,62.315186,62.490723,23103
2024-10-24 14:00:00,0,0.32541125260525994,0.6745887473947401,Hold,62.4995,62.55216,61.4024,61.621822,35811
2024-10-24 15:00:00,0,0.3359779620054383,0.6640220379945617,Hold,61.630596,61.858795,61.393623,61.437508,26020
2024-10-24 16:00:00,0,0.3195220143677869,0.6804779856322132,Hold,61.437508,61.639374,61.23564,61.332188,16099
2024-10-24 17:00:00,0,0.376938082682606,0.623061917317394,Hold,61.332188,61.577938,61.332188,61.5165,8602
2024-10-24 18:00:00,0,0.3706115556038805,0.6293884443961195,Hold,61.5165,61.76225,61.376072,61.709587,15274
2024-10-24 19:00:00,0,0.3794538923742526,0.6205461076257475,Hold,61.709587,61.92023,61.700813,61.8939,5668
2024-10-24 20:00:00,0,0.3490593332363135,0.6509406667636866,Hold,61.90268,61.90268,61.727142,61.727142,2207
2024-10-24 22:00:00,0,0.4388215130568445,0.5611784869431555,Hold,61.727142,61.86757,61.718365,61.797356,1011
2024-10-24 23:00:00,0,0.49795979510686655,0.5020402048931334,Hold,61.797356,61.832462,61.771027,61.82369,326
2024-10-25 00:00:00,0,0.4600844182167157,0.5399155817832844,Hold,61.82369,62.043106,61.82369,61.964115,2081
2024-10-25 01:00:00,0,0.4228093540305278,0.5771906459694722,Hold,61.955338,61.955338,61.75347,61.771027,2389
2024-10-25 02:00:00,0,0.43264370623287635,0.5673562937671237,Hold,61.771027,61.885124,61.718365,61.84124,1660
2024-10-25 03:00:00,0,0.3775713856915968,0.6224286143084032,Hold,61.84124,61.876347,61.683258,61.700813,1753
2024-10-25 04:00:00,0,0.39581676593556936,0.6041832340644306,Hold,61.692036,61.744698,61.65693,61.709587,875
2024-10-25 05:00:00,0,0.39637605080616367,0.6036239491938363,Hold,61.718365,61.806133,61.709587,61.76225,1166
2024-10-25 06:00:00,0,0.434764660580393,0.565235339419607,Hold,61.76225,61.955338,61.692036,61.876347,2468
2024-10-25 07:00:00,0,0.3246171548618479,0.675382845138152,Hold,61.885124,61.972893,61.525276,61.56916,4856
2024-10-25 08:00:00,0,0.40537208635168587,0.5946279136483141,Hold,61.56916,61.86757,61.4024,61.692036,9445
2024-10-25 09:00:00,0,0.4854316177850242,0.5145683822149758,Hold,61.692036,61.98167,61.621822,61.90268,5361
2024-10-25 10:00:00,0,0.47248414462275606,0.5275158553772439,Hold,61.911453,62.11332,61.82369,62.03433,4280
2024-10-25 11:00:00,0,0.5290650161206976,0.47093498387930244,Sell,62.03433,62.201088,61.946564,62.08699,4760
2024-10-25 12:00:00,0,0.531837904435598,0.468162095564402,Sell,62.078213,62.481945,62.06066,62.42051,11654
2024-10-25 13:00:00,0,0.5293205224341236,0.47067947756587636,Sell,62.41173,62.66626,62.25375,62.4995,21981
2024-10-25 14:00:00,0,0.500787211009996,0.499212788990004,Sell,62.4995,62.58727,62.183537,62.2713,17272
2024-10-25 15:00:00,1,0.5975794259947904,0.4024205740052096,Sell,62.2713,63.12265,62.148426,62.85935,35488
2024-10-25 16:00:00,1,0.5644969503668849,0.43550304963311515,Sell,62.85935,62.982224,62.42051,62.92956,21356
2024-10-25 17:00:00,1,0.5462285304784961,0.45377146952150393,Sell,62.92956,62.973446,62.727695,62.885677,10401
2024-10-25 18:00:00,1,0.5428416900008476,0.4571583099991524,Sell,62.8769,63.113876,62.727695,62.999775,24594
2024-10-25 19:00:00,1,0.5035910401761404,0.4964089598238596,Sell,63.008553,63.061214,62.868126,62.894455,5943
2024-10-25 20:00:00,1,0.5448216449534298,0.4551783550465702,Sell,62.894455,62.92956,62.815464,62.920784,2509
2024-10-27 22:00:00,0,0.3574638823049212,0.6425361176950788,Hold,60.542274,60.55983,59.497837,60.182426,24591
2024-10-27 23:00:00,0,0.3186232861979123,0.6813767138020876,Hold,60.182426,60.39307,60.156097,60.34041,4061
2024-10-28 00:00:00,0,0.3132947735768742,0.6867052264231258,Hold,60.349186,60.45451,60.243866,60.428177,4233
2024-10-28 01:00:00,0,0.2908726594421119,0.7091273405578882,Hold,60.428177,60.428177,59.98056,60.191204,10177
2024-10-28 02:00:00,0,0.30726075613179893,0.6927392438682011,Hold,60.182426,60.23509,60.042,60.103436,2950
2024-10-28 03:00:00,0,0.3270711305358655,0.6729288694641344,Hold,60.103436,60.296524,60.085884,60.112213,2823
2024-10-28 04:00:00,0,0.3151932459729746,0.6848067540270254,Hold,60.112213,60.12977,59.998116,60.12977,2923
2024-10-28 05:00:00,0,0.30199597873952355,0.6980040212604764,Hold,60.12099,60.12977,60.015667,60.05955,1952
2024-10-28 06:00:00,1,0.3403540143964939,0.6596459856035062,Hold,60.05955,60.36674,60.042,60.261417,6479
2024-10-28 07:00:00,1,0.3246169413449366,0.6753830586550633,Hold,60.270195,60.37552,60.138542,60.173653,6613
2024-10-28 08:00:00,0,0.31446642395565305,0.685533576044347,Hold,60.173653,60.19998,59.805027,59.919125,12193
2024-10-28 09:00:00,0,0.29944268492924603,0.700557315070754,Hold,59.910347,59.927902,58.927345,58.997562,23837
2024-10-28 10:00:00,0,0.3085027443891728,0.6914972556108272,Hold,58.997562,59.322304,58.927345,59.225758,14766
2024-10-28 11:00:00,0,0.24774101539182763,0.7522589846081724,Hold,59.21698,59.4364,59.094105,59.11166,11110
2024-10-28 12:00:00,0,0.2710764757980686,0.7289235242019314,Hold,59.120438,59.260864,58.95368,58.962456,15140
2024-10-28 13:00:00,0,0.31166209905157355,0.6883379009484265,Hold,58.962456,59.585606,58.734257,59.532944,37625
2024-10-28 14:00:00,0,0.3278208246465035,0.6721791753534965,Hold,59.52417,59.857685,59.287197,59.79625,24990
2024-10-28 15:00:00,0,0.27431852806625345,0.7256814719337465,Hold,59.79625,59.8138,59.322304,59.638268,16258
2024-10-28 16:00:00,0,0.2734695446990426,0.7265304553009574,Hold,59.638268,59.78747,59.29597,59.366188,16171
2024-10-28 17:00:00,0,0.2934437858932717,0.7065562141067283,Hold,59.35741,59.506615,59.287197,59.46273,10874
2024-10-28 18:00:00,0,0.2839576649025967,0.7160423350974032,Hold,59.453953,59.585606,59.094105,59.30475,29094
2024-10-28 19:00:00,0,0.2731540700702363,0.7268459299297637,Hold,59.30475,59.664597,59.19943,59.638268,14013
2024-10-28 20:00:00,0,0.27207104969090423,0.7279289503090958,Hold,59.647045,59.726036,59.594383,59.69093,3941
2024-10-28 22:00:00,0,0.2595190833569437,0.7404809166430564,Hold,59.699703,59.761143,59.638268,59.65582,897
2024-10-28 23:00:00,0,0.2913336334133864,0.7086663665866135,Hold,59.65582,59.68215,59.594383,59.638268,428
2024-10-29 00:00:00,0,0.32074114541796434,0.6792588545820357,Hold,59.647045,59.65582,59.46273,59.480286,1678
2024-10-29 01:00:00,0,0.3248726023088466,0.6751273976911534,Hold,59.489063,59.52417,59.348633,59.37496,2561
2024-10-29 02:00:00,0,0.3656640306637087,0.6343359693362913,Hold,59.366188,59.489063,59.348633,59.37496,2246
2024-10-29 03:00:00,0,0.3682403090816894,0.6317596909183105,Hold,59.37496,59.38374,59.13799,59.16432,2703
2024-10-29 04:00:00,0,0.3649540831547696,0.6350459168452304,Hold,59.16432,59.225758,59.13799,59.16432,1076
2024-10-29 05:00:00,0,0.35742122602401916,0.6425787739759808,Hold,59.16432,59.19943,59.041447,59.12921,1759
2024-10-29 06:00:00,0,0.35590351835560696,0.644096481644393,Hold,59.120438,59.146767,58.97123,59.02389,2386
2024-10-29 07:00:00,0,0.4324858933641403,0.5675141066358598,Hold,59.02389,59.453953,59.00634,59.418846,4521
2024-10-29 08:00:00,0,0.38899905829143816,0.6110009417085618,Hold,59.410072,59.673374,59.19943,59.497837,9220
2024-10-29 09:00:00,0,0.38755896834153014,0.6124410316584699,Hold,59.506615,59.726036,59.35741,59.611935,6504
2024-10-29 10:00:00,0,0.4575568344289538,0.5424431655710462,Hold,59.611935,59.831356,59.611935,59.743587,6799
2024-10-29 11:00:00,1,0.4545876689247126,0.5454123310752874,Hold,59.743587,60.138542,59.71726,59.87524,19216
2024-10-29 12:00:00,0,0.40307847284055315,0.5969215271594468,Hold,59.884018,60.050777,59.71726,59.76992,12820
2024-10-29 13:00:00,0,0.34537619554950727,0.6546238044504927,Hold,59.76992,59.76992,59.094105,59.339855,28797
2024-10-29 14:00:00,0,0.3540090030262382,0.6459909969737618,Hold,59.348633,59.568054,59.181873,59.27842,16534
2024-10-29 15:00:00,0,0.37641281363950324,0.6235871863604967,Hold,59.27842,59.366188,58.558723,58.91857,31427
2024-10-29 16:00:00,0,0.36047776831835826,0.6395222316816418,Hold,58.909794,59.120438,58.769363,59.00634,14298
2024-10-29 17:00:00,0,0.34443991946384234,0.6555600805361577,Hold,59.00634,59.094105,58.77814,59.02389,10844
2024-10-29 18:00:00,0,0.33166702369994017,0.6683329763000598,Hold,59.02389,59.16432,58.91857,58.962456,22186
2024-10-29 19:00:00,0,0.3901802753631568,0.6098197246368432,Hold,58.962456,59.05022,58.901016,59.02389,4157
2024-10-29 20:00:00,0,0.4050294338180981,0.5949705661819019,Hold,59.015114,59.287197,58.980007,59.234535,4323
2024-10-29 22:00:00,0,0.3751221926822012,0.6248778073177987,Hold,59.21698,59.243313,59.102882,59.21698,1040
2024-10-29 23:00:00,0,0.3687198562851267,0.6312801437148733,Hold,59.225758,59.26964,59.19065,59.208206,440
2024-10-30 00:00:00,0,0.41800888572113165,0.5819911142788683,Hold,59.19065,59.21698,59.067776,59.11166,1591
2024-10-30 01:00:00,0,0.432248125013906,0.5677518749860939,Hold,59.102882,59.313526,59.05022,59.234535,3122
2024-10-30 02:00:00,0,0.3664664698329588,0.6335335301670413,Hold,59.243313,59.313526,59.155544,59.208206,1669
2024-10-30 03:00:00,0,0.40322484047227275,0.5967751595277273,Hold,59.21698,59.366188,59.19943,59.366188,3109
2024-10-30 04:00:00,0,0.42943716685590677,0.5705628331440933,Hold,59.366188,59.38374,59.331078,59.37496,799
2024-10-30 05:00:00,0,0.4252990110750934,0.5747009889249066,Hold,59.366188,59.453953,59.331078,59.418846,1574
2024-10-30 06:00:00,0,0.45988646370410136,0.5401135362958986,Hold,59.418846,59.576828,59.410072,59.559277,3048
2024-10-30 07:00:00,0,0.4466849958307269,0.5533150041692732,Hold,59.5505,59.559277,59.331078,59.515392,3979
2024-10-30 08:00:00,0,0.401956766735723,0.598043233264277,Hold,59.515392,59.857685,59.44518,59.506615,8892
2024-10-30 09:00:00,0,0.42288777271558775,0.5771122272844122,Hold,59.506615,59.647045,59.29597,59.348633,6179
2024-10-30 10:00:00,0,0.4668573907564218,0.5331426092435783,Hold,59.348633,59.647045,59.287197,59.46273,5182
2024-10-30 11:00:00,0,0.45897690745435193,0.5410230925456481,Hold,59.453953,59.79625,59.410072,59.638268,5149
2024-10-30 12:00:00,0,0.4674791158814445,0.5325208841185556,Hold,59.647045,60.45451,59.611935,59.989338,32022
2024-10-30 13:00:00,0,0.4146772965954015,0.5853227034045985,Hold,59.98056,60.033222,59.585606,59.79625,23331
2024-10-30 14:00:00,0,0.4776691611038468,0.5223308388961532,Hold,59.805027,60.12099,59.68215,60.085884,21094
2024-10-30 15:00:00,0,0.48943714289973866,0.5105628571002614,Hold,60.085884,60.682705,60.006893,60.47206,33729
2024-10-30 16:00:00,0,0.41981154271566234,0.5801884572843377,Hold,60.48084,60.603714,60.103436,60.19998,16901
2024-10-30 17:00:00,0,0.4683043596985584,0.5316956403014417,Hold,60.19998,60.270195,59.90157,59.989338,11758
2024-10-30 18:00:00,0,0.49895091710013123,0.5010490828998688,Hold,59.989338,60.36674,59.98056,60.349186,19111
2024-10-30 19:00:00,0,0.4540390333986589,0.5459609666013411,Hold,60.357964,60.542274,60.296524,60.463284,5213
2024-10-30 20:00:00,0,0.4282532180713382,0.5717467819286618,Hold,60.47206,60.709034,60.39307,60.621265,4158
2024-10-30 22:00:00,0,0.40476244406536854,0.5952375559346315,Hold,60.6476,60.6476,60.515945,60.542274,1019
2024-10-30 23:00:00,0,0.47971197485957057,0.5202880251404294,Hold,60.542274,60.58616,60.49839,60.507168,453
2024-10-31 00:00:00,0,0.5025342512867664,0.49746574871323357,Sell,60.515945,60.551052,60.463284,60.489616,1489
2024-10-31 01:00:00,0,0.4960598264558856,0.5039401735441145,Hold,60.49839,60.5335,60.357964,60.39307,2230
2024-10-31 02:00:00,0,0.5725186492673046,0.42748135073269544,Sell,60.401848,60.5335,60.39307,60.507168,1107
2024-10-31 03:00:00,0,0.5059906572920355,0.4940093427079645,Sell,60.507168,60.594936,60.489616,60.568607,1305
2024-10-31 04:00:00,0,0.5052559215147413,0.4947440784852587,Sell,60.568607,60.621265,60.55983,60.594936,727
2024-10-31 05:00:00,0,0.49596171274098344,0.5040382872590166,Hold,60.594936,60.66515,60.58616,60.63882,1141
2024-10-31 06:00:00,0,0.5390457904360639,0.46095420956393607,Sell,60.63882,60.6476,60.49839,60.55983,1277
2024-10-31 07:00:00,0,0.5332702405060693,0.4667297594939307,Sell,60.568607,60.568607,60.270195,60.36674,3825
2024-10-31 08:00:00,0,0.5396336097255766,0.4603663902744234,Sell,60.36674,60.410625,59.945454,60.349186,7459
2024-10-31 09:00:00,0,0.566326530623223,0.433673469376777,Sell,60.349186,60.6476,60.12977,60.47206,6985
2024-10-31 10:00:00,0,0.517914666785816,0.482085333214184,Sell,60.48084,60.761696,60.261417,60.37552,8645
2024-10-31 11:00:00,0,0.5626047433914314,0.4373952566085686,Sell,60.384293,60.71781,60.34041,60.6476,5703
2024-10-31 12:00:00,0,0.576526697097832,0.423473302902168,Sell,60.6476,60.875793,60.542274,60.80558,10274
2024-10-31 13:00:00,0,0.6013761094698231,0.3986238905301769,Sell,60.814358,61.112766,60.700256,60.88457,20902
2024-10-31 14:00:00,0,0.6172332971354578,0.3827667028645422,Sell,60.88457,61.121544,60.74414,61.016224,20799
2024-10-31 15:00:00,0,0.5531500064012876,0.44684999359871236,Sell,61.016224,61.226864,60.867016,60.937233,19829
2024-10-31 16:00:00,0,0.5920910756641674,0.4079089243358326,Sell,60.937233,60.98989,60.551052,60.74414,16924
2024-10-31 17:00:00,0,0.5487182074816499,0.4512817925183501,Sell,60.735367,60.849464,60.489616,60.75292,12322
2024-10-31 18:00:00,0,0.5133658708722362,0.4866341291277638,Sell,60.761696,62.016777,60.673927,61.86757,57386
2024-10-31 19:00:00,0,0.45474568094915685,0.5452543190508432,Hold,61.86757,62.148426,61.81491,61.90268,16995
2024-10-31 20:00:00,0,0.5047416115042862,0.4952583884957138,Sell,61.911453,62.016777,61.744698,61.90268,6071
2024-10-31 22:00:00,0,0.5442290785114007,0.4557709214885993,Sell,61.82369,62.008,61.81491,61.946564,1027
2024-10-31 23:00:00,0,0.5711414476614798,0.4288585523385202,Sell,61.946564,62.016777,61.876347,61.955338,968
2024-11-01 00:00:00,0,0.5293559239841663,0.4706440760158337,Sell,61.964115,62.043106,61.806133,61.850018,2632
2024-11-01 01:00:00,0,0.5178775497710536,0.4821224502289464,Sell,61.84124,62.008,61.797356,61.8939,3116
2024-11-01 02:00:00,0,0.5178551048918049,0.48214489510819514,Sell,61.885124,61.990444,61.744698,61.779804,1945
2024-11-01 03:00:00,0,0.5080635503535649,0.4919364496464351,Sell,61.788578,61.99922,61.718365,61.964115,2037
2024-11-01 04:00:00,0,0.48811878741284576,0.5118812125871542,Hold,61.972893,62.095768,61.964115,62.06066,1095
2024-11-01 05:00:00,0,0.44976195813737996,0.55023804186262,Hold,62.069435,62.069435,61.964115,62.016777,1062
2024-11-01 06:00:00,0,0.44260955111033223,0.5573904488896677,Hold,62.016777,62.122097,61.858795,61.911453,2111
2024-11-01 07:00:00,0,0.5099596779615757,0.4900403220384243,Sell,61.911453,62.22742,61.858795,62.209866,4196
2024-11-01 08:00:00,1,0.49339932828169153,0.5066006717183085,Hold,62.209866,62.710144,62.19231,62.376625,11341
2024-11-01 09:00:00,1,0.463036021457852,0.5369639785421481,Hold,62.385403,62.631153,62.385403,62.58727,7167
2024-11-01 10:00:00,0,0.5050963555572108,0.4949036444427892,Sell,62.57849,62.596043,61.972893,62.008,9945
2024-11-01 11:00:00,0,0.47022893317534414,0.5297710668246558,Hold,62.008,62.157204,61.885124,62.104546,6913
2024-11-01 12:00:00,1,0.5152601336296018,0.48473986637039823,Sell,62.104546,62.481945,62.069435,62.2713,19924
2024-11-01 13:00:00,1,0.5163443394023797,0.48365566059762033,Sell,62.262527,62.58727,62.157204,62.394176,21608
2024-11-01 14:00:00,0,0.49210209444862735,0.5078979055513726,Hold,62.402954,62.44684,61.340965,61.744698,42561
2024-11-01 15:00:00,0,0.4594401208681243,0.5405598791318758,Hold,61.75347,61.8939,61.472614,61.613045,17775
2024-11-01 16:00:00,0,0.45248386365167176,0.5475161363483283,Hold,61.613045,61.75347,61.1391,61.455063,21552
2024-11-01 17:00:00,0,0.3820071067127952,0.6179928932872047,Hold,61.455063,61.49017,61.068882,61.15665,12707
2024-11-01 18:00:00,0,0.3836281606831258,0.6163718393168742,Hold,61.15665,61.27075,60.902122,60.981113,28155
2024-11-01 19:00:00,0,0.4091846018950275,0.5908153981049725,Hold,60.97234,61.033775,60.9109,60.954784,5375
2024-11-01 20:00:00,0,0.4454348842147544,0.5545651157852456,Hold,60.954784,61.06011,60.840687,60.849464,2350
2024-11-03 23:00:00,0,0.4101764363379734,0.5898235636620266,Hold,61.692036,62.315186,61.65693,61.90268,6975
2024-11-04 00:00:00,0,0.39823913021552176,0.6017608697844783,Hold,61.90268,62.16598,61.86757,62.078213,2289
2024-11-04 01:00:00,0,0.4116132103052412,0.5883867896947588,Hold,62.069435,62.122097,61.82369,61.86757,2836
2024-11-04 02:00:00,0,0.4191424168241093,0.5808575831758906,Hold,61.86757,61.98167,61.75347,61.81491,2155
2024-11-04 03:00:00,0,0.4073385644153218,0.5926614355846782,Hold,61.81491,62.06066,61.771027,62.06066,1619
2024-11-04 04:00:00,0,0.40988001139887464,0.5901199886011254,Hold,62.051884,62.104546,62.008,62.016777,883
2024-11-04 05:00:00,0,0.41425614820179646,0.5857438517982035,Hold,62.016777,62.130875,61.99922,62.130875,1144
2024-11-04 06:00:00,0,0.447979892855851,0.5520201071441491,Hold,62.122097,62.209866,62.078213,62.139652,1585
2024-11-04 07:00:00,0,0.4313894480347975,0.5686105519652025,Hold,62.130875,62.2713,62.025555,62.051884,2735
2024-11-04 08:00:00,0,0.4710944801343542,0.5289055198656458,Hold,62.043106,62.57849,62.043106,62.569714,9086
2024-11-04 09:00:00,0,0.4925139354065545,0.5074860645934455,Hold,62.569714,62.77158,62.4995,62.718918,7213
2024-11-04 10:00:00,0,0.45952744389463546,0.5404725561053645,Hold,62.727695,62.77158,62.35907,62.569714,6033
2024-11-04 11:00:00,0,0.49026130230209836,0.5097386976979017,Hold,62.560936,63.026108,62.560936,62.95589,7591
2024-11-04 12:00:00,0,0.40489222738363057,0.5951077726163694,Hold,62.95589,62.95589,62.639927,62.701366,6349
2024-11-04 13:00:00,0,0.4272252294229311,0.5727747705770689,Hold,62.701366,62.894455,62.490723,62.789135,11551
2024-11-04 14:00:00,0,0.43045362163067047,0.5695463783693295,Hold,62.780357,62.85057,62.44684,62.4995,25584
2024-11-04 15:00:00,0,0.5482558026661898,0.4517441973338102,Sell,62.4995,62.51705,62.016777,62.157204,22995
2024-11-04 16:00:00,0,0.435919653409915,0.564080346590085,Hold,62.148426,62.648705,62.095768,62.569714,21947
2024-11-04 17:00:00,0,0.42280871954832666,0.5771912804516733,Hold,62.57849,62.8769,62.42051,62.754025,14607
2024-11-04 18:00:00,0,0.42105666987285884,0.5789433301271412,Hold,62.762802,62.833015,62.613598,62.780357,11166
2024-11-04 19:00:00,0,0.4138851487487589,0.5861148512512411,Hold,62.780357,62.868126,62.622375,62.79791,20215
2024-11-04 20:00:00,0,0.39049954557759753,0.6095004544224025,Hold,62.79791,63.01733,62.675034,62.903233,9473
2024-11-04 21:00:00,0,0.4142695219865132,0.5857304780134869,Hold,62.903233,62.982224,62.85057,62.920784,2382
2024-11-04 23:00:00,0,0.4759591921010754,0.5240408078989246,Hold,62.85935,62.91201,62.718918,62.718918,801
2024-11-05 00:00:00,0,0.5168549531499873,0.4831450468500127,Sell,62.718918,62.736473,62.622375,62.675034,701
2024-11-05 01:00:00,0,0.5067726080223697,0.4932273919776303,Sell,62.675034,62.74525,62.569714,62.68381,2012
2024-11-05 02:00:00,0,0.5091823419087911,0.4908176580912089,Sell,62.69259,62.85935,62.639927,62.79791,1635
2024-11-05 03:00:00,0,0.508164254056338,0.491835745943662,Sell,62.79791,62.8769,62.754025,62.833015,795
2024-11-05 04:00:00,0,0.4485758195150795,0.5514241804849205,Hold,62.841793,62.8769,62.74525,62.754025,764
2024-11-05 05:00:00,0,0.5139166179489243,0.4860833820510757,Sell,62.762802,62.82424,62.69259,62.701366,806
2024-11-05 06:00:00,0,0.5070404919878473,0.4929595080121527,Sell,62.710144,62.718918,62.631153,62.66626,1019
2024-11-05 07:00:00,0,0.5490048911401515,0.4509951088598485,Sell,62.657482,62.903233,62.657482,62.8769,2112
2024-11-05 08:00:00,0,0.467214586644556,0.5327854133554439,Hold,62.8769,62.973446,62.718918,62.841793,5036
2024-11-05 09:00:00,0,0.5235355368972316,0.47646446310276835,Sell,62.85057,63.227974,62.806686,63.061214,8446
2024-11-05 10:00:00,0,0.4657766069590196,0.5342233930409803,Hold,63.069992,63.166534,62.903233,62.95589,3113
2024-11-05 11:00:00,0,0.4610264082949631,0.5389735917050369,Hold,62.95589,63.069992,62.85057,62.95589,2416
2024-11-05 12:00:00,0,0.5641743852293065,0.4358256147706935,Sell,62.947117,63.26308,62.92956,63.175312,5696
2024-11-05 13:00:00,0,0.5171406231516388,0.4828593768483612,Sell,63.166534,63.219196,62.92956,62.999775,9269
2024-11-05 14:00:00,0,0.5896013038315918,0.4103986961684082,Sell,62.999775,63.50883,62.999775,63.315742,23740
2024-11-05 15:00:00,1,0.5661894395431426,0.4338105604568574,Sell,63.333294,63.605373,63.227974,63.56149,16953
2024-11-05 16:00:00,1,0.49524869594698906,0.5047513040530109,Hold,63.570267,63.78091,63.491276,63.649258,17580
2024-11-05 17:00:00,1,0.5531967092594899,0.44680329074051006,Sell,63.658035,63.745804,63.026108,63.131428,15621
2024-11-05 18:00:00,0,0.47718972657380343,0.5228102734261966,Hold,63.12265,63.157757,62.66626,62.8769,18067
2024-11-05 19:00:00,1,0.5283451636852033,0.47165483631479665,Sell,62.8769,63.37718,62.82424,63.298187,23533
2024-11-05 20:00:00,1,0.43063062971052424,0.5693693702894758,Hold,63.28941,63.412285,63.192867,63.280632,5044
2024-11-05 21:00:00,1,0.440699284247647,0.5593007157523531,Hold,63.27186,63.3684,63.140205,63.192867,2348
2024-11-05 23:00:00,1,0.49820631371599744,0.5017936862840026,Hold,63.21042,63.324516,63.148983,63.254303,1008
2024-11-06 00:00:00,1,0.3516032348825444,0.6483967651174556,Hold,63.254303,63.298187,62.92956,62.973446,1483
2024-11-06 01:00:00,1,0.36170949343939185,0.6382905065606082,Hold,62.95589,62.999775,62.780357,62.8769,3003
2024-11-06 02:00:00,1,0.3848451146574372,0.6151548853425628,Hold,62.868126,63.03488,62.85057,62.96467,2662
2024-11-06 03:00:00,1,0.413298829215349,0.586701170784651,Hold,62.96467,62.96467,62.490723,62.58727,6762
2024-11-06 04:00:00,0,0.41241208206273444,0.5875879179372656,Hold,62.58727,62.657482,62.385403,62.385403,2884
2024-11-06 05:00:00,0,0.3886214527347652,0.6113785472652348,Hold,62.385403,62.534607,62.069435,62.08699,3933
2024-11-06 06:00:00,0,0.4049861030319966,0.5950138969680034,Hold,62.08699,62.297634,61.639374,62.17476,9769
2024-11-06 07:00:00,0,0.38289381818984775,0.6171061818101522,Hold,62.19231,62.596043,62.148426,62.57849,6548
2024-11-06 08:00:00,0,0.4170328429774089,0.5829671570225912,Hold,62.569714,62.60482,62.025555,62.130875,8543
2024-11-06 09:00:00,0,0.4400270728125518,0.5599729271874482,Hold,62.139652,62.51705,61.700813,62.508278,11855
2024-11-06 10:00:00,0,0.4108568809265864,0.5891431190734135,Hold,62.4995,62.648705,62.104546,62.315186,8771
2024-11-06 11:00:00,0,0.41225732034954915,0.5877426796504508,Hold,62.323963,62.473167,62.201088,62.473167,4490
2024-11-06 12:00:00,0,0.4177948672187089,0.5822051327812912,Hold,62.455616,62.490723,61.76225,61.8939,10232
2024-11-06 13:00:00,0,0.4454851665252774,0.5545148334747225,Hold,61.885124,61.8939,61.209312,61.534054,24388
2024-11-06 14:00:00,0,0.4526742628450767,0.5473257371549233,Hold,61.54283,62.736473,61.463837,62.648705,35918
2024-11-06 15:00:00,0,0.42113026093568495,0.578869739064315,Hold,62.648705,63.71947,62.481945,63.649258,51632
2024-11-06 16:00:00,0,0.4011134626968135,0.5988865373031864,Hold,63.649258,63.745804,62.868126,63.113876,32938
2024-11-06 17:00:00,0,0.4169986860638489,0.5830013139361512,Hold,63.113876,63.34207,63.052437,63.227974,10743
2024-11-06 18:00:00,0,0.4110062526812389,0.5889937473187611,Hold,63.227974,63.280632,62.85057,62.92956,10524
2024-11-06 19:00:00,0,0.447159496827227,0.552840503172773,Hold,62.92956,63.298187,62.79791,62.95589,24392
2024-11-06 20:00:00,0,0.4773031860069993,0.5226968139930007,Hold,62.95589,63.219196,62.947117,63.1051,4193
2024-11-06 21:00:00,0,0.48663919721154814,0.5133608027884519,Hold,63.1051,63.131428,63.01733,63.1051,2266
2024-11-06 23:00:00,0,0.46661458297442193,0.5333854170255781,Hold,63.078766,63.09632,62.947117,62.95589,815
2024-11-07 00:00:00,0,0.45652229438367353,0.5434777056163265,Hold,62.947117,62.991,62.91201,62.93834,613
2024-11-07 01:00:00,0,0.442710660595546,0.557289339404454,Hold,62.947117,63.280632,62.885677,63.254303,3903
2024-11-07 02:00:00,0,0.4509853609217619,0.5490146390782381,Hold,63.254303,63.44739,63.236748,63.385956,2522
2024-11-07 03:00:00,0,0.4562627572475465,0.5437372427524535,Hold,63.37718,63.421062,63.280632,63.394733,1036
2024-11-07 04:00:00,0,0.44419692358196494,0.5558030764180351,Hold,63.385956,63.421062,63.21042,63.219196,1288
2024-11-07 05:00:00,0,0.47343521752536516,0.5265647824746349,Hold,63.21042,63.298187,63.18409,63.28941,907
2024-11-07 06:00:00,0,0.47348669076487093,0.5265133092351291,Hold,63.280632,63.306965,63.008553,63.087543,2266
2024-11-07 07:00:00,0,0.5047598143983406,0.4952401856016594,Sell,63.087543,63.09632,62.780357,62.85935,3050
2024-11-07 08:00:00,0,0.4380852694606288,0.5619147305393712,Hold,62.85935,62.92956,62.560936,62.675034,6055
2024-11-07 09:00:00,0,0.44244507911706926,0.5575549208829307,Hold,62.675034,62.91201,62.455616,62.52583,6545
2024-11-07 10:00:00,0,0.38042271155773055,0.6195772884422694,Hold,62.52583,62.58727,62.262527,62.367847,7441
2024-11-07 11:00:00,0,0.34612930250024193,0.6538706974997581,Hold,62.367847,62.44684,62.016777,62.19231,8396
2024-11-07 12:00:00,0,0.3816303132590192,0.6183696867409808,Hold,62.19231,62.41173,62.104546,62.323963,7365
2024-11-07 13:00:00,0,0.37944286403218985,0.6205571359678101,Hold,62.323963,62.762802,62.315186,62.57849,12654
2024-11-07 14:00:00,0,0.37220454606363385,0.6277954539363662,Hold,62.596043,62.8769,62.08699,62.543385,29010
2024-11-07 15:00:00,0,0.3674656062722933,0.6325343937277067,Hold,62.543385,62.868126,62.19231,62.833015,18876
2024-11-07 16:00:00,0,0.3797909291392995,0.6202090708607004,Hold,62.833015,63.333294,62.701366,63.061214,33184
2024-11-07 17:00:00,1,0.34765113377623247,0.6523488662237675,Hold,63.069992,63.710697,63.04366,63.684364,18494
2024-11-07 18:00:00,1,0.4049133041142227,0.5950866958857772,Hold,63.693142,63.96522,63.64048,63.71947,18909
2024-11-07 19:00:00,1,0.36349363105312216,0.6365063689468778,Hold,63.71947,63.851124,63.34207,63.394733,22533
2024-11-07 20:00:00,1,0.3561843448535173,0.6438156551464826,Hold,63.394733,63.473724,63.148983,63.192867,4993
2024-11-07 21:00:00,1,0.3860022177522838,0.6139977822477162,Hold,63.192867,63.3684,63.18409,63.359623,2269
2024-11-07 23:00:00,1,0.40786596020802784,0.5921340397919721,Hold,63.37718,63.412285,63.315742,63.35085,794
2024-11-08 00:00:00,1,0.4425798878008558,0.5574201121991442,Hold,63.35085,63.37718,63.324516,63.3684,510
2024-11-08 01:00:00,1,0.3988273122779476,0.6011726877220525,Hold,63.3684,63.412285,63.20164,63.245525,2089
2024-11-08 02:00:00,1,0.426033230223342,0.573966769776658,Hold,63.245525,63.26308,63.09632,63.113876,1303
2024-11-08 03:00:00,1,0.45710798940970737,0.5428920105902926,Hold,63.12265,63.140205,62.95589,62.982224,1934
2024-11-08 04:00:00,1,0.4961276054632737,0.5038723945367263,Hold,62.982224,63.052437,62.973446,63.026108,849
2024-11-08 05:00:00,1,0.4902165773964188,0.5097834226035812,Hold,63.03488,63.18409,63.03488,63.12265,1162
2024-11-08 06:00:00,1,0.47601275370070006,0.5239872462992999,Hold,63.113876,63.12265,62.920784,62.95589,1270
2024-11-08 07:00:00,1,0.5305520032590894,0.46944799674091064,Sell,62.947117,63.061214,62.885677,62.93834,2007
2024-11-08 08:00:00,0,0.45175509118646834,0.5482449088135317,Hold,62.93834,62.95589,62.35907,62.44684,13521
2024-11-08 09:00:00,0,0.45837589777456844,0.5416241022254316,Hold,62.455616,62.648705,62.35907,62.490723,6618
2024-11-08 10:00:00,0,0.4201050582353605,0.5798949417646395,Hold,62.481945,62.52583,62.262527,62.402954,7380
2024-11-08 11:00:00,1,0.505029405748069,0.494970594251931,Sell,62.402954,62.8769,62.394176,62.69259,6450
2024-11-08 12:00:00,0,0.39472299621800444,0.6052770037819956,Hold,62.69259,62.815464,62.288857,62.376625,6700
2024-11-08 13:00:00,1,0.5039959538592972,0.4960040461407028,Sell,62.367847,62.727695,62.2713,62.66626,12238
2024-11-08 14:00:00,1,0.38877638520389374,0.6112236147961063,Hold,62.657482,62.79791,62.095768,62.16598,22597
2024-11-08 15:00:00,1,0.39634735236842494,0.6036526476315751,Hold,62.148426,62.157204,61.525276,61.709587,34307
2024-11-08 16:00:00,0,0.3925733614994802,0.6074266385005198,Hold,61.700813,61.832462,61.42873,61.49017,21194
2024-11-08 17:00:00,1,0.41727414112059763,0.5827258588794024,Hold,61.498947,61.964115,61.48139,61.92023,14277
2024-11-08 18:00:00,1,0.3640398374075658,0.6359601625924343,Hold,61.92023,61.955338,61.58671,61.613045,11326
2024-11-08 19:00:00,1,0.4001468364215888,0.5998531635784112,Hold,61.613045,61.911453,61.59549,61.850018,19232
2024-11-08 20:00:00,1,0.3531446027515948,0.6468553972484052,Hold,61.858795,61.937786,61.788578,61.788578,3089
2024-11-08 21:00:00,1,0.3702998096351576,0.6297001903648425,Hold,61.797356,61.876347,61.771027,61.81491,2187
2024-11-10 23:00:00,1,0.362605238419262,0.637394761580738,Hold,61.65693,61.806133,61.5165,61.64815,2398
2024-11-11 00:00:00,1,0.4171096307278443,0.5828903692721557,Hold,61.64815,61.727142,61.639374,61.67448,766
2024-11-11 01:00:00,0,0.3781975030961517,0.6218024969038483,Hold,61.67448,61.683258,61.4024,61.54283,3045
2024-11-11 02:00:00,0,0.44714922291193876,0.5528507770880613,Hold,61.54283,61.58671,61.4024,61.58671,1454
2024-11-11 03:00:00,0,0.40148310618635746,0.5985168938136425,Hold,61.577938,61.58671,61.419956,61.498947,1098
2024-11-11 04:00:00,0,0.3825869162509336,0.6174130837490663,Hold,61.498947,61.498947,61.367294,61.41118,821
2024-11-11 05:00:00,0,0.4145433889423971,0.5854566110576029,Hold,61.41118,61.65693,61.41118,61.498947,1727
2024-11-11 06:00:00,1,0.41282722813592193,0.587172771864078,Hold,61.48139,61.771027,61.472614,61.75347,1797
2024-11-11 07:00:00,1,0.4246525703714284,0.5753474296285717,Hold,61.75347,61.771027,61.59549,61.709587,2939
2024-11-11 08:00:00,1,0.4453813328210104,0.5546186671789897,Hold,61.718365,61.92901,61.639374,61.82369,6551
2024-11-11 09:00:00,1,0.34257525330514527,0.6574247466948547,Hold,61.82369,61.92901,60.946007,61.024998,12883
2024-11-11 10:00:00,0,0.29794482095972946,0.7020551790402705,Hold,61.024998,61.033775,60.700256,60.72659,9152
2024-11-11 11:00:00,0,0.33193008496015874,0.6680699150398413,Hold,60.71781,60.89335,60.5335,60.761696,8379
2024-11-11 12:00:00,0,0.30305347089136814,0.6969465291086319,Hold,60.770473,60.840687,60.34041,60.37552,9778
2024-11-11 13:00:00,0,0.27967282902590657,0.7203271709740935,Hold,60.37552,60.5335,60.077106,60.252644,20483
2024-11-11 14:00:00,0,0.2578163124335564,0.7421836875664436,Hold,60.252644,60.36674,60.006893,60.270195,23673
2024-11-11 15:00:00,0,0.2639554462673812,0.7360445537326188,Hold,60.278973,60.357964,59.778694,59.805027,22219
2024-11-11 16:00:00,0,0.2642759060006091,0.735724093999391,Hold,59.805027,59.98056,59.65582,59.73481,18882
2024-11-11 17:00:00,0,0.28786493198118135,0.7121350680188187,Hold,59.726036,59.998116,59.71726,59.831356,11426
2024-11-11 18:00:00,0,0.26363843730175907,0.7363615626982409,Hold,59.840134,59.892796,59.70848,59.84891,10211
2024-11-11 19:00:00,0,0.2653487582449618,0.7346512417550382,Hold,59.840134,59.971786,59.611935,59.8138,26519
2024-11-11 20:00:00,0,0.317558750407761,0.682441249592239,Hold,59.8138,59.90157,59.79625,59.884018,3313
2024-11-11 21:00:00,0,0.3022233893681444,0.6977766106318556,Hold,59.884018,59.910347,59.761143,59.8138,1552
2024-11-11 23:00:00,0,0.3201200757406537,0.6798799242593463,Hold,59.8138,59.87524,59.73481,59.840134,1066
2024-11-12 00:00:00,0,0.3153541715273731,0.6846458284726269,Hold,59.84891,59.90157,59.840134,59.87524,596
2024-11-12 01:00:00,0,0.28305328682505093,0.7169467131749491,Hold,59.884018,59.96301,59.70848,59.743587,3310
2024-11-12 02:00:00,0,0.30359131001797907,0.696408689982021,Hold,59.743587,59.752365,59.52417,59.611935,2949
2024-11-12 03:00:00,0,0.3001937559452516,0.6998062440547483,Hold,59.60316,59.673374,59.515392,59.60316,1541
2024-11-12 04:00:00,0,0.3099159109153817,0.6900840890846183,Hold,59.60316,59.673374,59.585606,59.62949,897
2024-11-12 05:00:00,0,0.2617873041225897,0.7382126958774102,Hold,59.638268,59.65582,59.46273,59.506615,2072
2024-11-12 06:00:00,0,0.31497049451717507,0.6850295054828249,Hold,59.497837,59.638268,59.471508,59.594383,1424
2024-11-12 07:00:00,0,0.3661304202553593,0.6338695797446408,Hold,59.594383,59.82258,59.515392,59.76992,2982
2024-11-12 08:00:00,0,0.353891502993286,0.646108497006714,Hold,59.76992,59.910347,59.71726,59.84891,5029
2024-11-12 09:00:00,0,0.3755331466817497,0.6244668533182502,Hold,59.840134,60.173653,59.69093,60.138542,8000
2024-11-12 10:00:00,0,0.33016966319251456,0.6698303368074854,Hold,60.14732,60.20876,60.033222,60.077106,4596
2024-11-12 11:00:00,0,0.35139652514423797,0.6486034748557621,Hold,60.085884,60.384293,59.96301,60.164875,6005
2024-11-12 12:00:00,0,0.3675403068025265,0.6324596931974735,Hold,60.173653,60.31408,59.73481,60.19998,8594
2024-11-12 13:00:00,1,0.4091422667101271,0.5908577332898729,Hold,60.182426,60.428177,60.033222,60.410625,9240
2024-11-12 14:00:00,1,0.3758547777189126,0.6241452222810874,Hold,60.401848,60.673927,60.22631,60.410625,22934
2024-11-12 15:00:00,0,0.3503379136093725,0.6496620863906275,Hold,60.401848,60.515945,59.68215,59.73481,19450
2024-11-12 16:00:00,0,0.36515148157885496,0.634848518421145,Hold,59.726036,60.23509,59.489063,59.998116,23849
2024-11-12 17:00:00,0,0.3160982056649584,0.6839017943350416,Hold,60.006893,60.138542,59.778694,60.05955,8605
2024-11-12 18:00:00,0,0.30694805630114824,0.6930519436988518,Hold,60.06833,60.077106,59.69093,59.73481,8133
2024-11-12 19:00:00,0,0.33883898481653646,0.6611610151834635,Hold,59.726036,59.971786,59.699703,59.936676,13145
2024-11-12 20:00:00,0,0.30194394312966905,0.6980560568703309,Hold,59.936676,59.971786,59.647045,59.68215,3266
2024-11-12 21:00:00,0,0.34013835514445234,0.6598616448555477,Hold,59.69093,59.743587,59.620712,59.65582,1752
2024-11-12 23:00:00,0,0.38473046138322003,0.6152695386167799,Hold,59.664597,59.73481,59.647045,59.726036,712
2024-11-13 00:00:00,0,0.37971401244104414,0.6202859875589559,Hold,59.73481,59.743587,59.69093,59.699703,263
2024-11-13 01:00:00,0,0.4067971818172981,0.5932028181827018,Hold,59.699703,59.936676,59.68215,59.892796,2220
2024-11-13 02:00:00,0,0.4021749738523572,0.5978250261476428,Hold,59.884018,60.050777,59.857685,60.033222,1458
2024-11-13 03:00:00,0,0.38661415996294646,0.6133858400370535,Hold,60.042,60.077106,59.919125,59.927902,987
2024-11-13 04:00:00,0,0.3817172015847903,0.6182827984152097,Hold,59.927902,59.96301,59.884018,59.927902,808
2024-11-13 05:00:00,0,0.38788773796227793,0.6121122620377221,Hold,59.927902,59.98056,59.87524,59.884018,706
2024-11-13 06:00:00,0,0.39126591312744624,0.6087340868725537,Hold,59.87524,59.971786,59.82258,59.90157,1177
2024-11-13 07:00:00,0,0.4155602142864748,0.5844397857135252,Hold,59.892796,60.006893,59.761143,59.884018,2014
2024-11-13 08:00:00,0,0.40792362414599476,0.5920763758540053,Hold,59.884018,59.98056,59.68215,59.95423,4354
2024-11-13 09:00:00,1,0.4231337265249842,0.5768662734750158,Hold,59.96301,60.436954,59.945454,60.23509,6453
2024-11-13 10:00:00,1,0.44854569212824197,0.551454307871758,Hold,60.22631,60.410625,60.138542,60.3053,3191
2024-11-13 11:00:00,1,0.42134941767978734,0.5786505823202126,Hold,60.296524,60.384293,59.82258,60.042,6241
2024-11-13 12:00:00,1,0.439959008674152,0.560040991325848,Hold,60.050777,60.173653,59.778694,59.998116,6973
2024-11-13 13:00:00,0,0.42728811423815566,0.5727118857618443,Hold,59.989338,60.138542,59.480286,59.647045,12523
2024-11-13 14:00:00,0,0.401060174722556,0.598939825277444,Hold,59.647045,59.699703,58.813248,58.813248,39977
2024-11-13 15:00:00,0,0.4138813245984863,0.5861186754015137,Hold,58.813248,59.831356,58.751812,59.664597,31958
2024-11-13 16:00:00,0,0.37868739176506105,0.621312608234939,Hold,59.673374,60.19998,59.664597,59.87524,25664
2024-11-13 17:00:00,0,0.42461499447041856,0.5753850055295815,Hold,59.884018,60.37552,59.857685,60.182426,14081
2024-11-13 18:00:00,0,0.46558022629787915,0.5344197737021208,Hold,60.191204,60.34041,60.077106,60.23509,8992
2024-11-13 19:00:00,0,0.4402289928297041,0.5597710071702959,Hold,60.252644,60.34041,59.82258,59.831356,30554
2024-11-13 20:00:00,0,0.45628265138997376,0.5437173486100262,Hold,59.831356,59.884018,59.559277,59.71726,6755
2024-11-13 21:00:00,0,0.43091818426301437,0.5690818157369857,Hold,59.726036,59.76992,59.638268,59.71726,2550
2024-11-13 23:00:00,0,0.41101775225139786,0.5889822477486022,Hold,59.79625,59.79625,59.68215,59.70848,744
2024-11-14 00:00:00,0,0.44804520355358674,0.5519547964464133,Hold,59.70848,59.936676,59.699703,59.910347,876
2024-11-14 01:00:00,0,0.48109500586159304,0.518904994138407,Hold,59.919125,59.989338,59.866463,59.919125,1697
2024-11-14 02:00:00,0,0.5354727554891976,0.4645272445108024,Sell,59.919125,59.98056,59.840134,59.884018,1107
2024-11-14 03:00:00,0,0.5155475411324784,0.48445245886752164,Sell,59.884018,59.96301,59.664597,59.68215,1759
2024-11-14 04:00:00,0,0.5457302556313681,0.4542697443686319,Sell,59.69093,59.82258,59.68215,59.805027,770
2024-11-14 05:00:00,0,0.49197148119202955,0.5080285188079705,Hold,59.8138,59.82258,59.611935,59.65582,1506
2024-11-14 06:00:00,0,0.5072334636415461,0.4927665363584539,Sell,59.65582,59.73481,59.62949,59.664597,825
2024-11-14 07:00:00,0,0.5455235942952629,0.45447640570473713,Sell,59.65582,59.892796,59.620712,59.82258,1976
2024-11-14 08:00:00,0,0.5475862835696947,0.45241371643030526,Sell,59.82258,60.182426,59.82258,60.112213,5146
2024-11-14 09:00:00,0,0.5415883613131799,0.4584116386868201,Sell,60.112213,60.20876,59.726036,60.077106,5514
2024-11-14 10:00:00,0,0.5815583407399911,0.41844165926000887,Sell,60.06833,60.34041,59.90157,60.3053,4879
2024-11-14 11:00:00,0,0.5737740956326061,0.42622590436739394,Sell,60.296524,60.49839,60.156097,60.270195,6362
2024-11-14 12:00:00,0,0.5754083352725247,0.42459166472747534,Sell,60.278973,60.45451,60.12099,60.436954,6310
2024-11-14 13:00:00,1,0.5505290790510315,0.44947092094896846,Sell,60.428177,60.814358,60.410625,60.700256,13725
2024-11-14 14:00:00,1,0.5474711732789624,0.45252882672103756,Sell,60.700256,60.902122,60.551052,60.74414,16917
2024-11-14 15:00:00,0,0.5259285033684916,0.4740714966315084,Sell,60.75292,60.849464,60.3053,60.384293,15381
2024-11-14 16:00:00,1,0.5316591466473295,0.4683408533526705,Sell,60.401848,60.80558,60.06833,60.28775,19459
2024-11-14 17:00:00,0,0.5550735509370268,0.4449264490629732,Sell,60.278973,60.349186,59.778694,59.919125,10921
2024-11-14 18:00:00,1,0.6147742508785446,0.38522574912145535,Sell,59.927902,60.20876,59.76992,60.182426,8798
2024-11-14 19:00:00,1,0.5426461568221678,0.45735384317783223,Sell,60.182426,60.463284,60.173653,60.296524,16116
2024-11-14 20:00:00,1,0.4839046846617104,0.5160953153382897,Hold,60.296524,60.296524,60.138542,60.173653,3047
2024-11-14 21:00:00,1,0.5551041452322542,0.44489585476774585,Sell,60.173653,60.31408,60.164875,60.22631,1366
2024-11-14 23:00:00,1,0.5733707473790781,0.4266292526209219,Sell,60.22631,60.243866,60.164875,60.22631,322
2024-11-15 00:00:00,1,0.5520699936844989,0.44793000631550106,Sell,60.22631,60.23509,60.085884,60.12099,492
2024-11-15 01:00:00,1,0.5758685307669769,0.42413146923302314,Sell,60.12099,60.164875,59.945454,59.98056,1638
2024-11-15 02:00:00,0,0.5965997257706522,0.40340027422934777,Sell,59.98056,60.006893,59.87524,59.936676,1007
2024-11-15 03:00:00,0,0.6042829203902951,0.3957170796097049,Sell,59.936676,59.998116,59.87524,59.98056,540
2024-11-15 04:00:00,0,0.5329518603902438,0.4670481396097562,Sell,59.989338,59.989338,59.70848,59.78747,1330
2024-11-15 05:00:00,0,0.5163674574276818,0.48363254257231825,Sell,59.778694,59.82258,59.62949,59.664597,1326
2024-11-15 06:00:00,0,0.5226044750161756,0.4773955249838244,Sell,59.65582,59.673374,59.506615,59.515392,2326
2024-11-15 07:00:00,0,0.45397163297153104,0.5460283670284689,Hold,59.52417,59.576828,59.27842,59.287197,3134
2024-11-15 08:00:00,0,0.5533241312890921,0.4466758687109079,Sell,59.27842,59.699703,59.252087,59.585606,5180
2024-11-15 09:00:00,0,0.5458019816221759,0.45419801837782414,Sell,59.585606,59.73481,59.331078,59.62949,3335
2024-11-15 10:00:00,0,0.5406860696700851,0.45931393032991485,Sell,59.62949,59.726036,59.418846,59.65582,2745
2024-11-15 11:00:00,1,0.5957508668356025,0.4042491331643975,Sell,59.647045,60.14732,59.594383,60.14732,4983
2024-11-15 12:00:00,1,0.5793755386967641,0.42062446130323594,Sell,60.138542,60.28775,60.015667,60.112213,4493
2024-11-15 13:00:00,0,0.5831264415540703,0.41687355844592966,Sell,60.112213,60.270195,59.65582,59.68215,6667
2024-11-15 14:00:00,0,0.6080212946592437,0.3919787053407563,Sell,59.68215,59.919125,59.5505,59.84891,10136
2024-11-15 15:00:00,1,0.566726236424977,0.433273763575023,Sell,59.831356,60.138542,59.532944,60.006893,12898
2024-11-15 16:00:00,0,0.49520664914944146,0.5047933508505585,Hold,60.015667,60.22631,59.208206,59.331078,17444
2024-11-15 17:00:00,0,0.47879439709711746,0.5212056029028825,Hold,59.331078,59.410072,58.813248,58.91857,15282
2024-11-15 18:00:00,0,0.4561138027655687,0.5438861972344313,Hold,58.909794,58.9449,58.64649,58.751812,10557
2024-11-15 19:00:00,0,0.5223860085507558,0.4776139914492442,Sell,58.743034,59.041447,58.743034,58.857132,16460
2024-11-15 20:00:00,0,0.5008299365127514,0.49917006348724857,Sell,58.857132,58.874687,58.734257,58.795696,4132
2024-11-15 21:00:00,0,0.5410959493238816,0.4589040506761184,Sell,58.78692,58.848354,58.743034,58.769363,1337
2024-11-15 22:00:00,0,0.5212492872751086,0.47875071272489145,Sell,58.76059,58.76059,58.76059,58.76059,1
2024-11-17 23:00:00,0,0.4864588501258076,0.5135411498741924,Hold,58.6816,58.751812,58.462177,58.602608,1315
2024-11-18 00:00:00,0,0.5622490240830254,0.43775097591697465,Sell,58.602608,58.901016,58.585052,58.883465,527
2024-11-18 01:00:00,0,0.5200103945396385,0.4799896054603615,Sell,58.89224,58.91857,58.6816,58.830803,515
2024-11-18 02:00:00,0,0.5485408186320049,0.4514591813679951,Sell,58.83958,58.9449,58.77814,58.909794,266
2024-11-18 03:00:00,0,0.5612656513293505,0.43873434867064953,Sell,58.927345,59.08533,58.91857,59.05022,494
2024-11-18 04:00:00,0,0.529021013438469,0.47097898656153103,Sell,59.05022,59.067776,58.97123,58.988785,194
2024-11-18 05:00:00,0,0.5356691957294595,0.4643308042705405,Sell,58.988785,58.997562,58.830803,58.86591,233
2024-11-18 06:00:00,0,0.5273229562425749,0.47267704375742514,Sell,58.848354,58.997562,58.76059,58.936123,356
2024-11-18 07:00:00,0,0.5299920017453982,0.4700079982546018,Sell,58.936123,59.015114,58.857132,58.997562,300
2024-11-18 08:00:00,0,0.528626612834005,0.471373387165995,Sell,58.988785,59.13799,58.585052,58.76059,1026
2024-11-18 09:00:00,0,0.5662471894492367,0.4337528105507633,Sell,58.76059,59.26964,58.523617,59.243313,1287
2024-11-18 10:00:00,0,0.5474432442420483,0.45255675575795173,Sell,59.252087,59.38374,59.08533,59.234535,818
2024-11-18 11:00:00,0,0.5275846353412593,0.4724153646587407,Sell,59.243313,59.243313,58.980007,59.076553,523
2024-11-18 12:00:00,0,0.5297078691131011,0.4702921308868989,Sell,59.08533,59.19943,59.015114,59.05022,1100
2024-11-18 13:00:00,0,0.5806565272040165,0.4193434727959835,Sell,59.059,59.29597,58.874687,59.225758,2205
2024-11-18 14:00:00,0,0.5539824099768206,0.4460175900231794,Sell,59.225758,60.243866,59.155544,59.936676,6879
2024-11-18 15:00:00,0,0.5344235774071047,0.46557642259289533,Sell,59.936676,60.524723,59.936676,60.445732,4231
2024-11-18 16:00:00,0,0.6132737889809883,0.3867262110190117,Sell,60.45451,60.71781,60.331635,60.47206,3644
2024-11-18 17:00:00,0,0.538597944347753,0.461402055652247,Sell,60.48084,60.55983,60.20876,60.45451,2632
2024-11-18 18:00:00,0,0.5315548728494979,0.4684451271505021,Sell,60.436954,60.770473,60.428177,60.709034,2135
2024-11-18 19:00:00,0,0.4931147639659751,0.5068852360340249,Hold,60.700256,60.902122,60.61249,60.66515,6231
2024-11-18 20:00:00,0,0.5143277844084683,0.48567221559153173,Sell,60.66515,60.788025,60.594936,60.621265,1357
2024-11-18 21:00:00,0,0.5261220896205712,0.47387791037942883,Sell,60.621265,60.796803,60.603714,60.6476,788
2024-11-18 23:00:00,0,0.5167099970402211,0.48329000295977886,Sell,60.568607,60.630043,60.489616,60.542274,165
2024-11-19 00:00:00,0,0.5827190190244083,0.41728098097559174,Sell,60.5335,60.603714,60.489616,60.594936,274
2024-11-19 01:00:00,0,0.5757124492275938,0.4242875507724062,Sell,60.594936,60.80558,60.58616,60.761696,271
2024-11-19 02:00:00,0,0.5582839585815185,0.44171604141848153,Sell,60.788025,60.82313,60.63882,60.63882,94
2024-11-19 03:00:00,0,0.5809864011570699,0.4190135988429301,Sell,60.656376,60.867016,60.621265,60.858242,75
2024-11-19 04:00:00,0,0.5513821151089132,0.4486178848910868,Sell,60.875793,60.89335,60.80558,60.849464,56
2024-11-19 05:00:00,0,0.5289637580457258,0.4710362419542742,Sell,60.796803,60.814358,60.735367,60.77925,45
2024-11-19 06:00:00,0,0.5507957449445657,0.44920425505543427,Sell,60.788025,60.875793,60.71781,60.735367,138
2024-11-19 07:00:00,0,0.5572054273879452,0.4427945726120548,Sell,60.682705,60.691483,60.524723,60.524723,190
2024-11-19 08:00:00,0,0.583826659602281,0.416173340397719,Sell,60.551052,60.594936,60.182426,60.22631,460
2024-11-19 09:00:00,0,0.5557356919235603,0.4442643080764397,Sell,60.270195,60.48084,60.077106,60.436954,295
2024-11-19 10:00:00,0,0.5437627077274632,0.45623729227253684,Sell,60.410625,60.410625,60.14732,60.36674,377
2024-11-19 11:00:00,0,0.5453662764098062,0.45463372359019383,Sell,60.37552,60.49839,60.112213,60.278973,235
2024-11-19 12:00:00,0,0.5311333341385854,0.46886666586141457,Sell,60.270195,60.48084,60.252644,60.31408,436
2024-11-19 13:00:00,0,0.505794277418987,0.49420572258101303,Sell,60.34041,60.735367,60.296524,60.568607,1384
2024-11-19 14:00:00,0,0.48366827616486807,0.5163317238351319,Hold,60.58616,61.095215,60.445732,60.98989,2077
2024-11-19 15:00:00,0,0.45737953146123544,0.5426204685387646,Hold,61.007446,61.147873,60.077106,60.77925,3617
2024-11-19 16:00:00,0,0.4559048187121036,0.5440951812878965,Hold,60.770473,60.770473,60.278973,60.6476,773
2024-11-19 17:00:00,0,0.47770100823087625,0.5222989917691238,Hold,60.656376,60.981113,60.577385,60.89335,1190
2024-11-19 18:00:00,0,0.47621221703681155,0.5237877829631885,Hold,60.88457,60.88457,60.5335,60.77925,360
2024-11-19 19:00:00,0,0.45500526219594467,0.5449947378040554,Hold,60.761696,60.97234,60.603714,60.9109,2499
2024-11-19 20:00:00,0,0.42079930741491073,0.5792006925850892,Hold,61.05133,61.16543,60.9109,61.05133,522
2024-11-19 21:00:00,0,0.3666890786173818,0.6333109213826182,Hold,61.07766,61.15665,60.954784,60.99867,173
2024-11-20 00:00:00,0,0.3991203854408882,0.6008796145591118,Hold,60.99867,61.095463,60.99867,61.01627,480
2024-11-20 01:00:00,0,0.4126892616963768,0.5873107383036231,Hold,61.01627,61.051468,60.857876,60.901875,2032
2024-11-20 02:00:00,0,0.42050123350734403,0.579498766492656,Hold,60.901875,61.00747,60.857876,60.98987,888
2024-11-20 03:00:00,0,0.4170526723518216,0.5829473276481785,Hold,60.99867,61.025066,60.901875,60.91067,743
2024-11-20 04:00:00,0,0.4548961996682268,0.5451038003317732,Hold,60.91067,60.928272,60.866676,60.901875,603
2024-11-20 05:00:00,0,0.4818591694705568,0.5181408305294433,Hold,60.91067,60.95467,60.866676,60.901875,775
2024-11-20 06:00:00,0,0.4882557737131726,0.5117442262868275,Hold,60.893074,61.01627,60.857876,60.97227,1170
2024-11-20 07:00:00,0,0.4942649138093084,0.5057350861906915,Hold,60.97227,61.201057,60.97227,61.18346,3038
2024-11-20 08:00:00,0,0.5174778870324538,0.4825221129675462,Sell,61.18346,61.421047,61.033867,61.41225,6750
2024-11-20 09:00:00,0,0.5214087021802912,0.47859129781970877,Sell,61.41225,61.52664,61.18346,61.253857,7385
2024-11-20 10:00:00,0,0.5193706297765652,0.48062937022343477,Sell,61.253857,61.289055,60.99867,61.157063,5350
2024-11-20 11:00:00,0,0.5134871605823296,0.48651283941767043,Sell,61.16586,61.289055,61.113064,61.271454,3137
2024-11-20 12:00:00,0,0.5161852762967498,0.4838147237032502,Sell,61.271454,61.465046,61.17466,61.456245,5116
2024-11-20 13:00:00,0,0.4712257147857633,0.5287742852142368,Hold,61.465046,61.482647,61.17466,61.465046,9138
2024-11-20 14:00:00,0,0.5011403340571167,0.49885966594288333,Sell,61.456245,61.56184,61.201057,61.209858,15305
2024-11-20 15:00:00,0,0.5018388625561911,0.49816113744380885,Sell,61.209858,61.36825,60.690685,61.148262,30690
2024-11-20 16:00:00,0,0.4045987827242917,0.5954012172757084,Hold,61.13946,61.19226,60.840275,60.884274,14617
2024-11-20 17:00:00,0,0.45701733271523637,0.5429826672847636,Hold,60.884274,61.086666,60.55869,60.62029,12313
2024-11-20 18:00:00,0,0.42823487685869654,0.5717651231413035,Hold,60.62029,60.74348,60.497093,60.61149,8910
2024-11-20 19:00:00,0,0.4085650563111376,0.5914349436888624,Hold,60.602688,60.74348,60.4003,60.646687,19783
2024-11-20 20:00:00,0,0.4471971077522658,0.5528028922477342,Hold,60.637886,60.805077,60.593887,60.78748,3697
2024-11-20 21:00:00,0,0.4197256400861262,0.5802743599138738,Hold,60.77868,60.875473,60.708282,60.75228,2914
2024-11-20 23:00:00,0,0.497933333129706,0.502066666870294,Hold,60.75228,60.805077,60.699482,60.75228,886
2024-11-21 00:00:00,0,0.534347830545288,0.465652169454712,Sell,60.75228,60.79628,60.681885,60.77868,726
2024-11-21 01:00:00,0,0.5491949004261164,0.4508050995738836,Sell,60.77868,60.83148,60.699482,60.813877,1452
2024-11-21 02:00:00,0,0.5320374399357696,0.4679625600642304,Sell,60.813877,60.884274,60.74348,60.76108,1370
2024-11-21 03:00:00,0,0.5488394641750362,0.45116053582496385,Sell,60.75228,60.78748,60.602688,60.637886,1539
2024-11-21 04:00:00,0,0.5768288057748514,0.4231711942251486,Sell,60.637886,60.699482,60.61149,60.61149,704
2024-11-21 05:00:00,0,0.6067007497416308,0.3932992502583692,Sell,60.62029,60.75228,60.593887,60.655487,1185
2024-11-21 06:00:00,0,0.6185665182992084,0.3814334817007916,Sell,60.646687,60.875473,60.61149,60.857876,1393
2024-11-21 07:00:00,0,0.5868886847477486,0.4131113152522514,Sell,60.857876,61.121864,60.83148,61.077866,4110
2024-11-21 08:00:00,0,0.5569656452573564,0.44303435474264363,Sell,61.077866,61.35065,61.069065,61.297855,8606
2024-11-21 09:00:00,0,0.5497353663666287,0.4502646336333713,Sell,61.297855,61.429848,61.104263,61.377052,6346
2024-11-21 10:00:00,0,0.5764293887563686,0.4235706112436314,Sell,61.377052,61.553043,61.253857,61.535442,7406
2024-11-21 11:00:00,0,0.5753858963024214,0.42461410369757857,Sell,61.52664,61.878628,61.456245,61.83463,11573
2024-11-21 12:00:00,0,0.5343158990111803,0.46568410098881974,Sell,61.83463,61.931423,61.649837,61.693836,9839
2024-11-21 13:00:00,0,0.5419410997392151,0.4580589002607849,Sell,61.685036,61.78183,61.517845,61.711433,10108
2024-11-21 14:00:00,0,0.5408415570764016,0.4591584429235984,Sell,61.711433,61.84343,61.38585,61.553043,22275
2024-11-21 15:00:00,0,0.5242456425961223,0.4757543574038777,Sell,61.544243,61.685036,61.289055,61.57944,16711
2024-11-21 16:00:00,0,0.5513272450509112,0.44867275494908876,Sell,61.57064,61.720234,61.306656,61.341854,12177
2024-11-21 17:00:00,0,0.5829099381277133,0.4170900618722867,Sell,61.35945,61.44745,61.104263,61.18346,12575
2024-11-21 18:00:00,0,0.5787737405033652,0.42122625949663484,Sell,61.18346,61.52664,61.077866,61.456245,13501
2024-11-21 19:00:00,0,0.5550145336162334,0.44498546638376657,Sell,61.44745,61.80823,61.429848,61.755432,16647
2024-11-21 20:00:00,0,0.532246930147564,0.46775306985243603,Sell,61.74663,61.82583,61.702637,61.78183,3548
2024-11-21 21:00:00,0,0.5029258645216883,0.4970741354783117,Sell,61.78183,61.817028,61.641037,61.711433,2459
2024-11-21 23:00:00,0,0.5082846199656005,0.4917153800343995,Sell,61.755432,61.773033,61.676235,61.702637,592
2024-11-22 00:00:00,0,0.5082259777946834,0.49177402220531663,Sell,61.702637,61.78183,61.685036,61.729034,549
2024-11-22 01:00:00,0,0.5532259769930375,0.44677402300696245,Sell,61.720234,61.993023,61.676235,61.95782,3039
2024-11-22 02:00:00,1,0.5000599235397997,0.49994007646020033,Sell,61.95782,62.05462,61.878628,62.02822,2250
2024-11-22 03:00:00,0,0.4691019391282406,0.5308980608717594,Hold,62.02822,62.107414,61.82583,61.852226,1964
2024-11-22 04:00:00,0,0.49399435589391294,0.5060056441060871,Hold,61.852226,61.887424,61.773033,61.80823,925
2024-11-22 05:00:00,0,0.46606451869083626,0.5339354813091637,Hold,61.80823,61.82583,61.66744,61.685036,1616
2024-11-22 06:00:00,0,0.46466202578132576,0.5353379742186742,Hold,61.676235,61.79063,61.66744,61.711433,1393
2024-11-22 07:00:00,1,0.4999226395771071,0.500077360422893,Hold,61.702637,62.142612,61.676235,62.125015,4701
2024-11-22 08:00:00,1,0.47735514419393676,0.5226448558060632,Hold,62.125015,62.26581,61.993023,62.02822,8104
2024-11-22 09:00:00,0,0.49095353790865154,0.5090464620913484,Hold,62.037018,62.098618,61.553043,61.84343,9546
2024-11-22 10:00:00,0,0.4741971190233973,0.5258028809766027,Hold,61.84343,62.04582,61.66744,61.74663,6258
2024-11-22 11:00:00,0,0.5208752147411698,0.4791247852588302,Sell,61.755432,61.764233,61.297855,61.333054,7671
2024-11-22 12:00:00,0,0.5318489588991377,0.46815104110086225,Sell,61.333054,61.40345,60.97227,61.315453,10474
2024-11-22 13:00:00,0,0.5003610061962475,0.49963899380375254,Sell,61.306656,61.456245,61.042667,61.341854,10276
2024-11-22 14:00:00,0,0.46945648643381216,0.5305435135661878,Hold,61.35065,62.19541,61.35065,62.160213,30512
2024-11-22 15:00:00,0,0.4768705527853705,0.5231294472146295,Hold,62.160213,62.66179,62.05462,62.503395,38738
2024-11-22 16:00:00,0,0.4385716349094387,0.5614283650905614,Hold,62.512196,62.547394,62.125015,62.389004,18837
2024-11-22 17:00:00,1,0.41732576592677745,0.5826742340732225,Hold,62.3978,62.65299,62.371403,62.65299,9512
2024-11-22 18:00:00,1,0.45230861532056443,0.5476913846794356,Hold,62.644188,62.83778,62.63539,62.776184,14931
2024-11-22 19:00:00,1,0.4662003538340347,0.5337996461659653,Hold,62.776184,62.925777,62.60899,62.740986,25294
2024-11-22 20:00:00,1,0.4728559879653749,0.5271440120346251,Hold,62.732185,62.864178,62.485798,62.63539,7549
2024-11-22 21:00:00,1,0.5136321326027387,0.48636786739726134,Sell,62.62659,62.740986,62.61779,62.63539,1828
2024-11-24 23:00:00,1,0.45863952686288095,0.5413604731371191,Hold,62.864178,62.899376,62.538593,62.723385,2115
2024-11-25 00:00:00,1,0.5112227069626899,0.4887772930373101,Sell,62.732185,62.79378,62.65299,62.705788,1200
2024-11-25 01:00:00,1,0.4764001382456865,0.5235998617543135,Hold,62.71459,62.85538,62.591393,62.61779,2080
2024-11-25 02:00:00,1,0.4996608633396603,0.5003391366603397,Hold,62.61779,62.65299,62.389004,62.433,2503
2024-11-25 03:00:00,1,0.50212978191545,0.49787021808455,Sell,62.433,62.512196,62.327404,62.4946,2349
2024-11-25 04:00:00,0,0.49615572785980855,0.5038442721401915,Hold,62.503395,62.564995,62.345005,62.353806,1556
2024-11-25 05:00:00,0,0.48714858009350614,0.5128514199064939,Hold,62.353806,62.3978,62.142612,62.19541,2342
2024-11-25 06:00:00,0,0.5030546022227722,0.4969453977772278,Sell,62.204212,62.327404,62.098618,62.292206,1972
2024-11-25 07:00:00,0,0.49137558723083063,0.5086244127691694,Hold,62.301006,62.309807,62.01062,62.072216,3611
2024-11-25 08:00:00,0,0.4637520023762852,0.5362479976237148,Hold,62.072216,62.27461,61.949024,62.19541,7403
2024-11-25 09:00:00,0,0.4707149637386164,0.5292850362613837,Hold,62.19541,62.4506,62.04582,62.142612,6877
2024-11-25 10:00:00,0,0.5004562385724135,0.4995437614275865,Sell,62.142612,62.564995,62.081017,62.362602,5531
2024-11-25 11:00:00,1,0.45443330649819624,0.5455666935018038,Hold,62.353806,62.65299,62.345005,62.63539,5891
2024-11-25 12:00:00,1,0.4335397582831885,0.5664602417168114,Hold,62.644188,62.688187,62.3978,62.63539,6841
2024-11-25 13:00:00,1,0.47400632439863366,0.5259936756013663,Hold,62.63539,62.65299,62.125015,62.283405,10563
2024-11-25 14:00:00,0,0.4346810590559408,0.5653189409440592,Hold,62.27461,62.318607,61.13946,61.429848,62895
2024-11-25 15:00:00,0,0.45728000582374695,0.542719994176253,Hold,61.429848,61.56184,60.813877,60.840275,31982
2024-11-25 16:00:00,0,0.4220783583699436,0.5779216416300563,Hold,60.840275,61.341854,60.699482,60.76988,33875
2024-11-25 17:00:00,0,0.42967438858150403,0.570325611418496,Hold,60.76108,61.069065,60.664284,60.708282,15589
2024-11-25 18:00:00,0,0.4188825681513509,0.5811174318486492,Hold,60.708282,60.73468,60.488293,60.637886,12090
2024-11-25 19:00:00,0,0.4284327748979586,0.5715672251020414,Hold,60.629086,60.76108,60.58509,60.717083,19712
2024-11-25 20:00:00,0,0.43847335861759645,0.5615266413824036,Hold,60.717083,60.805077,60.708282,60.78748,4220
2024-11-25 21:00:00,0,0.42642352083010243,0.5735764791698976,Hold,60.78748,60.822678,60.74348,60.78748,1788
2024-11-25 23:00:00,0,0.4428365955855138,0.5571634044144862,Hold,60.78748,60.78748,60.3915,60.4003,2571
2024-11-26 00:00:00,0,0.43188916341825595,0.568110836581744,Hold,60.4003,60.52349,60.3915,60.417896,1241
2024-11-26 01:00:00,0,0.449677466465672,0.550322533534328,Hold,60.417896,60.602688,60.3387,60.57629,3575
2024-11-26 02:00:00,0,0.4670347639695051,0.5329652360304948,Hold,60.56749,60.83148,60.56749,60.76988,2899
2024-11-26 03:00:00,0,0.45741273758336043,0.5425872624166396,Hold,60.76988,60.91067,60.74348,60.840275,1625
2024-11-26 04:00:00,0,0.4885778961006317,0.5114221038993683,Hold,60.849075,60.91067,60.83148,60.857876,955
2024-11-26 05:00:00,0,0.47375460221349214,0.5262453977865078,Hold,60.857876,60.901875,60.77868,60.849075,1237
2024-11-26 06:00:00,0,0.47928067494062265,0.5207193250593773,Hold,60.849075,60.96347,60.73468,60.76988,2082
2024-11-26 07:00:00,0,0.49091227508885044,0.5090877249111496,Hold,60.76108,60.893074,60.637886,60.717083,2827
2024-11-26 08:00:00,0,0.5067052150061332,0.4932947849938668,Sell,60.717083,61.104263,60.681885,61.01627,6225
2024-11-26 09:00:00,0,0.5588271058941092,0.4411728941058908,Sell,61.01627,61.19226,60.945873,61.148262,5382
2024-11-26 10:00:00,0,0.5664491862466013,0.43355081375339866,Sell,61.13946,61.315453,61.069065,61.18346,4264
2024-11-26 11:00:00,0,0.5862700556098365,0.41372994439016353,Sell,61.17466,61.324253,61.095463,61.209858,3085
2024-11-26 12:00:00,0,0.5338266036423076,0.4661733963576924,Sell,61.21866,61.35065,60.840275,60.945873,6733
2024-11-26 13:00:00,0,0.5514883543985459,0.44851164560145407,Sell,60.95467,61.35065,60.95467,61.209858,9103
2024-11-26 14:00:00,0,0.5443187529268487,0.4556812470731513,Sell,61.21866,61.861027,60.884274,61.253857,37572
2024-11-26 15:00:00,0,0.5511134377431159,0.44888656225688406,Sell,61.253857,61.491444,60.95467,61.280254,17478
2024-11-26 16:00:00,0,0.5572673084206946,0.4427326915793054,Sell,61.271454,61.297855,60.866676,60.884274,14579
2024-11-26 17:00:00,0,0.5528430372983046,0.44715696270169536,Sell,60.884274,60.884274,60.039516,60.065914,27773
2024-11-26 18:00:00,0,0.5111395967710829,0.4888604032289171,Sell,60.065914,60.541092,59.881123,60.215508,25174
2024-11-26 19:00:00,0,0.5021943175608751,0.49780568243912493,Sell,60.224304,60.646687,60.215508,60.426697,18131
2024-11-26 20:00:00,0,0.5681214879356369,0.4318785120643631,Sell,60.426697,60.444294,60.3035,60.417896,3792
2024-11-26 21:00:00,0,0.5443805856367232,0.4556194143632768,Sell,60.409096,60.717083,60.373898,60.681885,2916
2024-11-26 23:00:00,0,0.5291271514960794,0.47087284850392064,Sell,60.637886,60.673084,60.541092,60.593887,935
2024-11-27 00:00:00,0,0.5529618638407203,0.4470381361592797,Sell,60.602688,60.62029,60.505894,60.58509,711
2024-11-27 01:00:00,0,0.5479229985385206,0.45207700146147944,Sell,60.57629,60.58509,60.382698,60.382698,1925
2024-11-27 02:00:00,0,0.5327947639793092,0.46720523602069075,Sell,60.382698,60.57629,60.3475,60.54989,1340
2024-11-27 03:00:00,0,0.5547699620066576,0.4452300379933424,Sell,60.54989,60.61149,60.4003,60.58509,1700
2024-11-27 04:00:00,0,0.529147889517965,0.470852110482035,Sell,60.58509,60.593887,60.497093,60.51469,894
2024-11-27 05:00:00,0,0.5536129418841581,0.4463870581158419,Sell,60.51469,60.655487,60.488293,60.57629,1269
2024-11-27 06:00:00,0,0.4975678204914259,0.5024321795085741,Hold,60.57629,60.73468,60.488293,60.673084,1772
2024-11-27 07:00:00,0,0.48906587662250234,0.5109341233774977,Hold,60.673084,60.893074,60.602688,60.76988,3269
2024-11-27 08:00:00,0,0.5104933212280539,0.4895066787719461,Sell,60.76108,60.945873,60.54989,60.79628,5189
2024-11-27 09:00:00,0,0.5229233287434365,0.4770766712565635,Sell,60.813877,61.00747,60.435497,60.79628,7023
2024-11-27 10:00:00,0,0.5283240887497032,0.47167591125029684,Sell,60.79628,60.937073,60.61149,60.708282,4631
2024-11-27 11:00:00,0,0.5760793658967269,0.4239206341032731,Sell,60.717083,60.893074,60.593887,60.76108,3718
2024-11-27 12:00:00,0,0.5916603535135456,0.4083396464864544,Sell,60.74348,60.96347,60.637886,60.901875,3911
2024-11-27 13:00:00,0,0.6038619963381519,0.39613800366184815,Sell,60.91067,61.042667,60.74348,60.937073,8028
2024-11-27 14:00:00,0,0.5548374204317513,0.4451625795682487,Sell,60.937073,60.97227,60.3563,60.83148,22179
2024-11-27 15:00:00,0,0.5673803138476314,0.43261968615236857,Sell,60.849075,60.893074,60.3387,60.629086,18407
2024-11-27 16:00:00,0,0.6070968572446684,0.39290314275533156,Sell,60.629086,60.805077,60.206707,60.215508,14606
2024-11-27 17:00:00,0,0.563790016180496,0.43620998381950404,Sell,60.215508,60.268303,60.039516,60.065914,14151
2024-11-27 18:00:00,0,0.5071822119761284,0.49281778802387155,Sell,60.074715,60.18031,59.995518,60.13631,7941
2024-11-27 19:00:00,0,0.3858420893395319,0.6141579106604681,Hold,60.13631,60.541092,60.101112,60.52349,17833
2024-11-27 20:00:00,0,0.4247991544433624,0.5752008455566375,Hold,60.52349,60.54989,60.409096,60.505894,2425
2024-11-27 21:00:00,0,0.4002448706698255,0.5997551293301745,Hold,60.505894,60.54989,60.470695,60.51469,1494
2024-11-27 23:00:00,0,0.40847249423842436,0.5915275057615756,Hold,60.51469,60.541092,60.461895,60.52349,458
2024-11-28 00:00:00,0,0.4495621313299747,0.5504378686700253,Hold,60.53229,60.593887,60.51469,60.55869,468
2024-11-28 01:00:00,0,0.46599607318016834,0.5340039268198317,Hold,60.54989,60.54989,60.382698,60.444294,1402
2024-11-28 02:00:00,0,0.45742655068781873,0.5425734493121812,Hold,60.444294,60.497093,60.373898,60.461895,800
2024-11-28 03:00:00,0,0.41295540527861435,0.5870445947213856,Hold,60.453094,60.461895,60.3035,60.321102,883
2024-11-28 04:00:00,0,0.41990872922679773,0.5800912707732022,Hold,60.321102,60.3651,60.224304,60.233105,671
2024-11-28 05:00:00,0,0.42342245763392866,0.5765775423660713,Hold,60.233105,60.417896,60.197906,60.373898,1068
2024-11-28 06:00:00,0,0.3715951207058648,0.6284048792941352,Hold,60.382698,60.53229,60.3651,60.417896,1018
2024-11-28 07:00:00,0,0.42099327781572177,0.5790067221842783,Hold,60.417896,60.435497,60.215508,60.241905,2000
2024-11-28 08:00:00,0,0.3995907953311279,0.600409204668872,Hold,60.233105,60.329903,60.074715,60.215508,4855
2024-11-28 09:00:00,0,0.40609371066054645,0.5939062893394536,Hold,60.224304,60.74348,60.14511,60.673084,4923
2024-11-28 10:00:00,0,0.4643504824967693,0.5356495175032308,Hold,60.664284,60.928272,60.655487,60.91947,5125
2024-11-28 11:00:00,0,0.4787029878170675,0.5212970121829326,Hold,60.91947,60.98107,60.805077,60.901875,3367
2024-11-28 12:00:00,0,0.44302046416308627,0.5569795358369137,Hold,60.91067,60.937073,60.690685,60.79628,3158
2024-11-28 13:00:00,0,0.46978088184361844,0.5302191181563816,Hold,60.79628,60.857876,60.681885,60.813877,2765
2024-11-28 14:00:00,0,0.4372066114825478,0.5627933885174522,Hold,60.822678,60.83148,60.56749,60.655487,3960
2024-11-28 15:00:00,0,0.4914878810636558,0.5085121189363442,Hold,60.664284,60.681885,60.54989,60.55869,3233
2024-11-28 16:00:00,0,0.44865725168850035,0.5513427483114997,Hold,60.54989,60.62029,60.329903,60.51469,7811
2024-11-28 17:00:00,0,0.5046105155278459,0.49538948447215414,Sell,60.52349,60.849075,60.505894,60.76988,2692
2024-11-28 18:00:00,0,0.49232510772659055,0.5076748922734095,Hold,60.75228,60.75228,60.629086,60.655487,677
2024-11-28 19:00:00,0,0.5058983438357825,0.49410165616421753,Sell,60.655487,60.655487,60.602688,60.61149,201
2024-11-28 23:00:00,0,0.5476028789984111,0.4523971210015889,Sell,60.629086,60.646687,60.54989,60.57629,730
2024-11-29 00:00:00,0,0.4853139552237682,0.5146860447762318,Hold,60.58509,60.58509,60.470695,60.488293,736
2024-11-29 01:00:00,0,0.509127022200431,0.49087297779956895,Sell,60.497093,60.76108,60.409096,60.699482,3050
2024-11-29 02:00:00,0,0.5034588609883286,0.4965411390116714,Sell,60.699482,60.83148,60.629086,60.76988,1898
2024-11-29 03:00:00,0,0.5476287322990656,0.4523712677009344,Sell,60.76988,60.91947,60.76108,60.884274,1623
2024-11-29 04:00:00,0,0.5212136300261345,0.4787863699738655,Sell,60.875473,60.893074,60.822678,60.849075,647
2024-11-29 05:00:00,0,0.514715025657135,0.485284974342865,Sell,60.849075,60.884274,60.78748,60.813877,795
2024-11-29 06:00:00,1,0.5296037281212992,0.4703962718787008,Sell,60.813877,60.875473,60.76988,60.857876,828
2024-11-29 07:00:00,0,0.6135024827735299,0.3864975172264701,Sell,60.849075,60.849075,60.268303,60.294704,5012
2024-11-29 08:00:00,0,0.5819219284771712,0.41807807152282883,Sell,60.294704,60.74348,60.224304,60.3475,8047
2024-11-29 09:00:00,0,0.596095623440464,0.40390437655953604,Sell,60.3387,60.55869,60.109913,60.18031,7551
2024-11-29 10:00:00,0,0.5882890806799681,0.4117109193200319,Sell,60.16271,60.259506,60.039516,60.048313,6247
2024-11-29 11:00:00,0,0.5549262419549201,0.44507375804507987,Sell,60.057114,60.3475,60.048313,60.17151,3674
2024-11-29 12:00:00,0,0.5608530171515149,0.4391469828484851,Sell,60.18031,61.095463,60.16271,60.97227,12418
2024-11-29 13:00:00,0,0.5602300012297662,0.4397699987702338,Sell,60.98987,61.033867,60.76988,60.945873,9044
2024-11-29 14:00:00,1,0.5379552977178664,0.46204470228213357,Sell,60.937073,61.245056,60.78748,61.13946,17489
2024-11-29 15:00:00,1,0.4884921328211359,0.5115078671788641,Hold,61.13946,61.324253,60.95467,61.157063,14520
2024-11-29 16:00:00,0,0.46186524034374904,0.5381347596562509,Hold,61.157063,61.306656,60.435497,60.55869,19550
2024-11-29 17:00:00,0,0.5008564652439872,0.4991435347560128,Sell,60.55869,60.61149,60.277103,60.3915,13666
2024-11-29 18:00:00,0,0.49950731813220955,0.5004926818677904,Hold,60.4003,60.426697,60.241905,60.250706,7976
2024-11-29 19:00:00,0,0.5357189327557194,0.46428106724428064,Sell,60.250706,60.250706,59.72273,59.96912,17335
2024-12-01 23:00:00,0,0.5343524999517012,0.4656475000482988,Sell,59.837124,60.18031,59.766727,60.09231,3965
2024-12-02 00:00:00,0,0.451444904485081,0.548555095514919,Hold,60.101112,60.12751,59.977917,59.986717,1025
2024-12-02 01:00:00,0,0.5099164947961156,0.49008350520388444,Sell,59.977917,60.08351,59.819527,60.074715,3280
2024-12-02 02:00:00,0,0.5247165175607573,0.4752834824392427,Sell,60.074715,60.268303,60.065914,60.215508,2926
2024-12-02 03:00:00,0,0.5699543648103341,0.4300456351896659,Sell,60.215508,60.224304,60.14511,60.14511,855
2024-12-02 04:00:00,0,0.4763651359358927,0.5236348640641073,Hold,60.14511,60.18031,60.101112,60.12751,977
2024-12-02 05:00:00,0,0.45882118069505456,0.5411788193049454,Hold,60.12751,60.224304,60.09231,60.17151,1008
2024-12-02 06:00:00,0,0.4522043430547506,0.5477956569452493,Hold,60.18031,60.470695,60.18031,60.329903,2919
2024-12-02 07:00:00,0,0.4679853665338658,0.5320146334661342,Hold,60.321102,60.409096,60.250706,60.277103,2160
2024-12-02 08:00:00,0,0.503939812464971,0.496060187535029,Sell,60.277103,60.54989,60.13631,60.3387,6233
2024-12-02 09:00:00,0,0.5200918347469173,0.47990816525308266,Sell,60.3387,60.51469,60.233105,60.453094,7212
2024-12-02 10:00:00,0,0.5226349357573017,0.4773650642426983,Sell,60.461895,60.541092,60.3035,60.435497,5183
2024-12-02 11:00:00,0,0.5007393179716646,0.4992606820283354,Sell,60.426697,60.602688,60.373898,60.54989,3463
2024-12-02 12:00:00,0,0.5069266221327947,0.4930733778672053,Sell,60.55869,60.664284,60.417896,60.52349,4844
2024-12-02 13:00:00,0,0.5094849577339676,0.4905150422660324,Sell,60.52349,60.813877,60.453094,60.664284,9505
2024-12-02 14:00:00,0,0.47172117019124066,0.5282788298087593,Hold,60.664284,60.79628,59.977917,60.074715,23914
2024-12-02 15:00:00,0,0.48368332128123165,0.5163166787187683,Hold,60.09231,60.505894,59.95152,60.250706,24385
2024-12-02 16:00:00,0,0.5299286341436332,0.4700713658563668,Sell,60.250706,60.259506,59.590736,59.634735,24113
2024-12-02 17:00:00,0,0.5116732181831036,0.48832678181689637,Sell,59.634735,59.90752,59.581936,59.845924,12068
2024-12-02 18:00:00,0,0.49987995029094145,0.5001200497090585,Hold,59.845924,59.889923,59.652332,59.775528,9964
2024-12-02 19:00:00,0,0.4709209141663974,0.5290790858336025,Hold,59.775528,59.995518,59.713932,59.91632,14213
2024-12-02 20:00:00,0,0.46063041061114496,0.539369589388855,Hold,59.92512,59.93392,59.793125,59.86352,3923
2024-12-02 21:00:00,0,0.4803959899742075,0.5196040100257925,Hold,59.86352,60.00432,59.86352,59.986717,1913
2024-12-02 23:00:00,0,0.4922702714595332,0.5077297285404667,Hold,59.977917,60.00432,59.90752,59.94272,568
2024-12-03 00:00:00,0,0.500987836239995,0.499012163760005,Sell,59.93392,60.00432,59.93392,59.986717,437
2024-12-03 01:00:00,0,0.47210656038328386,0.5278934396167161,Hold,59.977917,60.048313,59.845924,59.86352,3900
2024-12-03 02:00:00,0,0.5059720369919382,0.49402796300806184,Sell,59.86352,59.898724,59.757927,59.793125,1439
2024-12-03 03:00:00,0,0.5172194685889265,0.48278053141107347,Sell,59.793125,59.986717,59.775528,59.977917,1233
2024-12-03 04:00:00,0,0.5258818074271672,0.47411819257283283,Sell,59.977917,60.030716,59.94272,59.995518,878
2024-12-03 05:00:00,0,0.5273747317012799,0.4726252682987201,Sell,59.986717,60.057114,59.94272,60.030716,864
2024-12-03 06:00:00,0,0.5265652006434534,0.47343479935654664,Sell,60.030716,60.18031,60.030716,60.109913,2076
2024-12-03 07:00:00,0,0.5375251485792402,0.46247485142075984,Sell,60.11871,60.206707,60.065914,60.153908,2306
2024-12-03 08:00:00,0,0.6012565116477426,0.39874348835225737,Sell,60.14511,60.593887,60.109913,60.58509,7326
2024-12-03 09:00:00,0,0.5770890669052541,0.4229109330947459,Sell,60.593887,60.681885,60.453094,60.629086,7511
2024-12-03 10:00:00,0,0.5417610183074602,0.45823898169253985,Sell,60.637886,60.655487,60.409096,60.453094,4729
2024-12-03 11:00:00,0,0.5584605226520841,0.4415394773479159,Sell,60.444294,60.655487,60.417896,60.62029,3799
2024-12-03 12:00:00,0,0.547631392734466,0.45236860726553396,Sell,60.62029,61.00747,60.61149,60.937073,10795
2024-12-03 13:00:00,0,0.5333389682383782,0.46666103176162177,Sell,60.937073,61.13066,60.76988,60.91067,14653
2024-12-03 14:00:00,0,0.535901364233021,0.46409863576697896,Sell,60.91067,61.025066,60.497093,60.690685,19857
2024-12-03 15:00:00,0,0.5417516463208045,0.4582483536791955,Sell,60.690685,61.36825,60.593887,61.333054,28036
2024-12-03 16:00:00,0,0.5283214227137001,0.4716785772862999,Sell,61.333054,61.685036,61.201057,61.649837,27599
2024-12-03 17:00:00,0,0.49169663394043817,0.5083033660595618,Hold,61.649837,61.79943,61.52664,61.553043,16124
2024-12-03 18:00:00,0,0.48070833715214883,0.5192916628478512,Hold,61.553043,61.711433,61.39465,61.693836,13136
2024-12-03 19:00:00,0,0.41298191537676954,0.5870180846232305,Hold,61.693836,61.79063,61.491444,61.641037,19897
2024-12-03 20:00:00,0,0.46427339558640035,0.5357266044135996,Hold,61.641037,61.676235,61.56184,61.58824,3954
2024-12-03 21:00:00,0,0.482785216247279,0.517214783752721,Hold,61.58824,61.59704,61.44745,61.57064,2647
2024-12-03 23:00:00,0,0.46265883947493036,0.5373411605250696,Hold,61.61464,61.66744,61.500244,61.62344,1380
2024-12-04 00:00:00,0,0.4246160510331046,0.5753839489668954,Hold,61.63224,61.66744,61.553043,61.57944,816
2024-12-04 01:00:00,0,0.4126524836429587,0.5873475163570413,Hold,61.57944,61.62344,61.482647,61.509045,1801
2024-12-04 02:00:00,0,0.4481974147200611,0.5518025852799389,Hold,61.509045,61.641037,61.491444,61.60584,1106
2024-12-04 03:00:00,0,0.46604014988741355,0.5339598501125864,Hold,61.59704,61.62344,61.517845,61.59704,690
2024-12-04 04:00:00,0,0.4396194389068886,0.5603805610931114,Hold,61.58824,61.720234,61.57064,61.711433,1453
2024-12-04 05:00:00,0,0.46336182875451243,0.5366381712454875,Hold,61.702637,61.737835,61.641037,61.729034,975
2024-12-04 06:00:00,0,0.4591092726294968,0.5408907273705033,Hold,61.720234,61.755432,61.676235,61.729034,1217
2024-12-04 07:00:00,0,0.46728553261614875,0.5327144673838513,Hold,61.729034,61.79063,61.641037,61.676235,2267
2024-12-04 08:00:00,0,0.43688224067310943,0.5631177593268906,Hold,61.676235,61.78183,61.482647,61.56184,6043
2024-12-04 09:00:00,1,0.5225982011109624,0.47740179888903755,Sell,61.57064,61.913826,61.553043,61.896225,5769
2024-12-04 10:00:00,1,0.5605907750314028,0.43940922496859725,Sell,61.896225,62.04582,61.755432,61.82583,9539
2024-12-04 11:00:00,1,0.48650727870589194,0.5134927212941081,Hold,61.82583,61.84343,61.62344,61.693836,3508
2024-12-04 12:00:00,0,0.4366255847081076,0.5633744152918925,Hold,61.693836,61.711433,61.377052,61.62344,6378
2024-12-04 13:00:00,1,0.4763322358903318,0.5236677641096682,Hold,61.60584,61.861027,61.535442,61.82583,6409
2024-12-04 14:00:00,1,0.47580524083790304,0.524194759162097,Hold,61.83463,61.922623,61.517845,61.649837,16508
2024-12-04 15:00:00,1,0.4717752783264727,0.5282247216735273,Hold,61.641037,61.676235,61.253857,61.517845,24157
2024-12-04 16:00:00,1,0.48852033971335346,0.5114796602866465,Hold,61.517845,61.553043,61.077866,61.121864,18271
2024-12-04 17:00:00,0,0.36568960770078673,0.6343103922992133,Hold,61.121864,61.19226,60.3387,60.505894,22465
2024-12-04 18:00:00,0,0.3296524045089339,0.670347595491066,Hold,60.51469,60.708282,60.3035,60.382698,25523
2024-12-04 19:00:00,0,0.37849251555413493,0.621507484445865,Hold,60.382698,60.646687,60.268303,60.505894,23094
2024-12-04 20:00:00,0,0.3828592989175635,0.6171407010824366,Hold,60.505894,60.673084,60.497093,60.57629,4971
2024-12-04 21:00:00,0,0.38288640713055744,0.6171135928694426,Hold,60.56749,60.593887,60.3915,60.479492,1652
2024-12-04 23:00:00,0,0.4263861462969682,0.5736138537030318,Hold,60.488293,60.52349,60.4003,60.505894,1700
2024-12-05 00:00:00,0,0.4024831934641082,0.5975168065358918,Hold,60.505894,60.54989,60.453094,60.505894,822
2024-12-05 01:00:00,0,0.4207169067501546,0.5792830932498454,Hold,60.505894,60.56749,60.382698,60.417896,1917
2024-12-05 02:00:00,0,0.4460350949329982,0.5539649050670018,Hold,60.417896,60.453094,60.321102,60.3475,1247
2024-12-05 03:00:00,0,0.43155939460075327,0.5684406053992468,Hold,60.3563,60.4003,60.250706,60.373898,1903
2024-12-05 04:00:00,0,0.40520406454773816,0.5947959354522618,Hold,60.3651,60.4003,60.3035,60.321102,869
2024-12-05 05:00:00,0,0.3805731833205308,0.6194268166794692,Hold,60.329903,60.3563,60.277103,60.285904,1193
2024-12-05 06:00:00,0,0.4081751250111578,0.5918248749888422,Hold,60.285904,60.373898,60.233105,60.3475,1454
2024-12-05 07:00:00,0,0.42793313716575937,0.5720668628342407,Hold,60.3387,60.444294,60.189106,60.3475,3168
2024-12-05 08:00:00,0,0.4490341331715113,0.5509658668284887,Hold,60.3387,60.56749,60.259506,60.488293,4534
2024-12-05 09:00:00,0,0.4564734066311353,0.5435265933688647,Hold,60.479492,60.717083,60.373898,60.61149,5652
2024-12-05 10:00:00,0,0.4456274626108718,0.5543725373891282,Hold,60.61149,60.699482,60.444294,60.55869,6946
2024-12-05 11:00:00,0,0.4152321598618969,0.5847678401381031,Hold,60.55869,60.805077,59.837124,59.90752,18187
2024-12-05 12:00:00,0,0.3486297169682741,0.6513702830317258,Hold,59.90752,60.57629,59.819527,60.294704,18824
2024-12-05 13:00:00,1,0.4119143769696636,0.5880856230303364,Hold,60.285904,60.857876,60.233105,60.75228,12531
2024-12-05 14:00:00,1,0.3891562544242166,0.6108437455757834,Hold,60.76108,60.822678,60.461895,60.77868,18134
2024-12-05 15:00:00,1,0.3431468468476571,0.6568531531523429,Hold,60.78748,60.79628,60.277103,60.56749,17432
2024-12-05 16:00:00,0,0.31963388000494986,0.6803661199950501,Hold,60.57629,60.62029,60.030716,60.3123,17862
2024-12-05 17:00:00,0,0.3677539123530347,0.6322460876469653,Hold,60.3035,60.321102,60.039516,60.048313,8422
2024-12-05 18:00:00,0,0.3174667021151087,0.6825332978848913,Hold,60.048313,60.470695,59.995518,60.321102,10046
2024-12-05 19:00:00,0,0.3063188510220867,0.6936811489779133,Hold,60.329903,60.382698,60.065914,60.3387,15412
2024-12-05 20:00:00,0,0.3154789086044353,0.6845210913955647,Hold,60.329903,60.444294,60.215508,60.241905,3518
2024-12-05 21:00:00,0,0.3332838581946886,0.6667161418053114,Hold,60.241905,60.321102,60.14511,60.233105,2050
2024-12-05 23:00:00,0,0.37460182797793784,0.6253981720220622,Hold,60.224304,60.233105,60.153908,60.224304,636
2024-12-06 00:00:00,0,0.3830701180456107,0.6169298819543894,Hold,60.233105,60.268303,60.17151,60.18031,562
2024-12-06 01:00:00,0,0.39383796670768834,0.6061620332923117,Hold,60.17151,60.224304,59.845924,59.854725,2764
2024-12-06 02:00:00,0,0.41630485546372276,0.5836951445362772,Hold,59.86352,60.057114,59.845924,60.030716,1896
2024-12-06 03:00:00,0,0.40323739793614993,0.5967626020638501,Hold,60.039516,60.13631,60.030716,60.11871,1316
2024-12-06 04:00:00,1,0.3986596178918508,0.6013403821081492,Hold,60.109913,60.14511,60.057114,60.14511,734
2024-12-06 05:00:00,1,0.31900543859183605,0.680994561408164,Hold,60.13631,60.16271,60.048313,60.16271,1086
2024-12-06 06:00:00,1,0.291162175177281,0.708837824822719,Hold,60.16271,60.206707,60.065914,60.074715,1009
2024-12-06 07:00:00,0,0.3535548297978704,0.6464451702021297,Hold,60.08351,60.08351,59.872322,59.91632,2499
2024-12-06 08:00:00,0,0.31022010760183066,0.6897798923981693,Hold,59.91632,60.17151,59.854725,59.898724,4804
2024-12-06 09:00:00,0,0.3634151882856628,0.6365848117143371,Hold,59.898724,60.057114,59.78433,59.898724,6918
2024-12-06 10:00:00,0,0.38558410716404173,0.6144158928359582,Hold,59.898724,59.93392,59.590736,59.590736,5933
2024-12-06 11:00:00,0,0.3742593270665313,0.6257406729334687,Hold,59.590736,59.625935,59.441143,59.46754,6449
2024-12-06 12:00:00,0,0.32838380234078274,0.6716161976592172,Hold,59.458744,59.72273,59.379547,59.397144,6358
2024-12-06 13:00:00,0,0.3339042174217777,0.6660957825782223,Hold,59.397144,59.590736,59.29155,59.33555,12388
2024-12-06 14:00:00,0,0.3036129471763037,0.6963870528236963,Hold,59.34435,59.617134,59.141956,59.25635,22868
2024-12-06 15:00:00,0,0.33453116917816766,0.6654688308218324,Hold,59.265152,59.31795,58.939568,59.247555,23491
2024-12-06 16:00:00,0,0.36730990160028687,0.6326900983997131,Hold,59.247555,59.379547,59.150757,59.361946,12856
2024-12-06 17:00:00,0,0.30230624840547865,0.6976937515945214,Hold,59.370747,59.432343,59.194756,59.33555,9287
2024-12-06 18:00:00,0,0.3049019780314599,0.6950980219685401,Hold,59.33555,59.55554,59.31795,59.458744,10050
2024-12-06 19:00:00,0,0.3785009896850935,0.6214990103149065,Hold,59.46754,59.47634,59.009964,59.027565,23626
2024-12-06 20:00:00,0,0.39727072177642336,0.6027292782235767,Hold,59.03636,59.141956,59.009964,59.10676,6360
2024-12-06 21:00:00,0,0.3840416480423604,0.6159583519576396,Hold,59.11556,59.12436,59.045162,59.10676,1896
2024-12-08 23:00:00,0,0.38619413601082236,0.6138058639891777,Hold,59.08916,59.25635,59.027565,59.247555,2396
2024-12-09 00:00:00,0,0.3878513507177206,0.6121486492822794,Hold,59.247555,59.25635,59.08916,59.11556,1252
2024-12-09 01:00:00,0,0.34299305874650554,0.6570069412534945,Hold,59.11556,59.432343,59.09796,59.423546,2117
2024-12-09 02:00:00,0,0.31020772875900526,0.6897922712409947,Hold,59.414745,59.47634,59.30035,59.379547,1604
2024-12-09 03:00:00,0,0.33400000504995275,0.6659999949500472,Hold,59.379547,59.414745,59.282753,59.388348,1033
2024-12-09 04:00:00,0,0.31252927533462543,0.6874707246653746,Hold,59.388348,59.414745,59.35315,59.388348,722
2024-12-09 05:00:00,0,0.34181186314798306,0.6581881368520169,Hold,59.397144,59.52034,59.379547,59.493942,1135
2024-12-09 06:00:00,0,0.36024894747501357,0.6397510525249864,Hold,59.48514,59.52034,59.449944,59.51154,801
2024-12-09 07:00:00,0,0.3876911911890653,0.6123088088109347,Hold,59.50274,59.810726,59.361946,59.801926,5118
2024-12-09 08:00:00,0,0.44494491693920785,0.5550550830607921,Hold,59.793125,60.08351,59.70513,60.00432,9748
2024-12-09 09:00:00,0,0.406387980606004,0.593612019393996,Hold,59.995518,60.00432,59.73153,59.793125,6362
2024-12-09 10:00:00,0,0.3896791807286087,0.6103208192713914,Hold,59.78433,60.013115,59.74033,59.810726,2988
2024-12-09 11:00:00,0,0.40872217386709697,0.591277826132903,Hold,59.819527,60.013115,59.775528,59.92512,3251
2024-12-09 12:00:00,0,0.3754072204044529,0.624592779595547,Hold,59.92512,59.95152,59.775528,59.86352,4935
2024-12-09 13:00:00,0,0.4438578256182156,0.5561421743817845,Hold,59.872322,60.224304,59.854725,60.08351,10478
2024-12-09 14:00:00,0,0.4584846550446659,0.541515344955334,Hold,60.074715,60.250706,59.898724,60.233105,17596
2024-12-09 15:00:00,0,0.463390779199826,0.536609220800174,Hold,60.233105,60.61149,60.16271,60.409096,24868
2024-12-09 16:00:00,0,0.4038183849309917,0.5961816150690082,Hold,60.417896,60.57629,60.206707,60.294704,17623
2024-12-09 17:00:00,0,0.42580080789943986,0.5741991921005601,Hold,60.285904,60.382698,60.197906,60.3475,7025
2024-12-09 18:00:00,0,0.443278471850047,0.556721528149953,Hold,60.3475,60.409096,60.277103,60.285904,7086
2024-12-09 19:00:00,0,0.4346509145641557,0.5653490854358443,Hold,60.277103,60.3387,60.030716,60.109913,18202
2024-12-09 20:00:00,0,0.49987413236758094,0.5001258676324191,Hold,60.101112,60.101112,59.94272,59.94272,3659
2024-12-09 21:00:00,0,0.519795491442486,0.48020450855751395,Sell,59.95152,60.030716,59.92512,59.977917,2301
2024-12-09 23:00:00,0,0.48106223490554306,0.5189377650944569,Hold,60.00432,60.00432,59.93392,59.96912,664
2024-12-10 00:00:00,0,0.511301906218998,0.48869809378100204,Sell,59.977917,59.986717,59.93392,59.94272,584
2024-12-10 01:00:00,0,0.554593819439934,0.445406180560066,Sell,59.94272,60.16271,59.92512,59.995518,3105
2024-12-10 02:00:00,0,0.500324671215998,0.499675328784002,Sell,59.986717,60.074715,59.889923,59.91632,1884
2024-12-10 03:00:00,0,0.5045662531251203,0.49543374687487973,Sell,59.91632,59.96912,59.854725,59.881123,1765
2024-12-10 04:00:00,0,0.5115452652642515,0.4884547347357485,Sell,59.889923,59.92512,59.801926,59.801926,1414
2024-12-10 05:00:00,0,0.5127142614611774,0.4872857385388226,Sell,59.801926,59.837124,59.757927,59.801926,1306
2024-12-10 06:00:00,0,0.5522658041346171,0.4477341958653829,Sell,59.801926,59.91632,59.74913,59.881123,1276
2024-12-10 07:00:00,0,0.548039187417289,0.45196081258271104,Sell,59.881123,59.94272,59.793125,59.889923,1587
2024-12-10 08:00:00,0,0.5465787125064944,0.45342128749350563,Sell,59.881123,60.189106,59.86352,60.14511,6939
2024-12-10 09:00:00,0,0.5317118154213875,0.46828818457861254,Sell,60.153908,60.206707,59.854725,60.030716,5628
2024-12-10 10:00:00,0,0.544880169266169,0.455119830733831,Sell,60.030716,60.057114,59.69633,59.72273,4186
2024-12-10 11:00:00,0,0.5485866178284111,0.4514133821715889,Sell,59.70513,59.881123,59.590736,59.810726,5294
2024-12-10 12:00:00,0,0.5938667187659173,0.40613328123408265,Sell,59.801926,60.00432,59.78433,59.995518,4455
2024-12-10 13:00:00,0,0.5673188786404239,0.43268112135957615,Sell,59.995518,60.14511,59.889923,60.13631,9591
2024-12-10 14:00:00,0,0.5297906213625313,0.4702093786374687,Sell,60.12751,60.373898,60.074715,60.189106,21416
2024-12-10 15:00:00,0,0.5182345903312533,0.4817654096687467,Sell,60.197906,60.673084,60.12751,60.629086,19592
2024-12-10 16:00:00,0,0.4322755488199165,0.5677244511800835,Hold,60.629086,60.76988,60.51469,60.725883,18979
2024-12-10 17:00:00,0,0.4332209694650321,0.5667790305349679,Hold,60.725883,60.73468,60.541092,60.629086,7885
2024-12-10 18:00:00,0,0.4533286114179072,0.5466713885820929,Hold,60.62029,60.62029,60.417896,60.479492,8209
2024-12-10 19:00:00,0,0.45728035973046505,0.5427196402695349,Hold,60.470695,60.62029,60.09231,60.17151,24464
2024-12-10 20:00:00,0,0.4384609128729763,0.5615390871270237,Hold,60.18031,60.259506,60.12751,60.18031,4611
2024-12-10 21:00:00,0,0.47500949053705455,0.5249905094629455,Hold,60.17151,60.285904,60.11871,60.250706,2257
2024-12-10 23:00:00,0,0.4718510449759556,0.5281489550240444,Hold,60.277103,60.3123,60.224304,60.277103,632
2024-12-11 00:00:00,0,0.4045267961689039,0.5954732038310961,Hold,60.268303,60.3651,60.268303,60.3387,628
2024-12-11 01:00:00,0,0.4299866269701045,0.5700133730298955,Hold,60.329903,60.629086,60.329903,60.61149,2510
2024-12-11 02:00:00,0,0.390347970565061,0.609652029434939,Hold,60.602688,60.78748,60.58509,60.717083,2717
2024-12-11 03:00:00,0,0.4234253672579114,0.5765746327420886,Hold,60.717083,60.76988,60.681885,60.725883,1385
2024-12-11 04:00:00,0,0.42789394593249563,0.5721060540675044,Hold,60.717083,60.73468,60.664284,60.690685,685
2024-12-11 05:00:00,0,0.47384030567495405,0.526159694325046,Hold,60.690685,60.805077,60.673084,60.76108,935
2024-12-11 06:00:00,0,0.4810734299376362,0.5189265700623638,Hold,60.76108,60.875473,60.699482,60.840275,1538
2024-12-11 07:00:00,0,0.410566553626584,0.589433446373416,Hold,60.840275,60.840275,60.444294,60.488293,4616
2024-12-11 08:00:00,0,0.4445633996432732,0.5554366003567268,Hold,60.497093,60.664284,60.435497,60.664284,4195
2024-12-11 09:00:00,0,0.4537404293474485,0.5462595706525515,Hold,60.664284,61.042667,60.602688,60.937073,6863
2024-12-11 10:00:00,0,0.4326003505734885,0.5673996494265114,Hold,60.937073,61.042667,60.857876,60.937073,4657
2024-12-11 11:00:00,0,0.45189270279733373,0.5481072972026663,Hold,60.928272,61.209858,60.840275,61.095463,5614
2024-12-11 12:00:00,0,0.41281976567733253,0.5871802343226675,Hold,61.095463,61.262657,61.060265,61.077866,6856
2024-12-11 13:00:00,0,0.43109442959418687,0.5689055704058131,Hold,61.069065,61.21866,60.98107,61.077866,8809
2024-12-11 14:00:00,0,0.4221366508668888,0.5778633491331112,Hold,61.086666,61.18346,60.875473,61.148262,16270
2024-12-11 15:00:00,0,0.37313868481320034,0.6268613151867997,Hold,61.148262,61.315453,60.79628,61.16586,25162
2024-12-11 16:00:00,0,0.4422422208984445,0.5577577791015556,Hold,61.16586,61.658638,61.104263,61.535442,26657
2024-12-11 17:00:00,0,0.4335211773980803,0.5664788226019197,Hold,61.535442,61.649837,61.491444,61.57064,11368
2024-12-11 18:00:00,0,0.46052649440391874,0.5394735055960813,Hold,61.57944,61.79943,61.429848,61.720234,13043
2024-12-11 19:00:00,1,0.4190538893114499,0.5809461106885501,Hold,61.711433,62.01942,61.702637,62.00182,25089
2024-12-11 20:00:00,0,0.3641865872986613,0.6358134127013386,Hold,61.993023,62.06342,61.869827,61.869827,8404
2024-12-11 21:00:00,0,0.36922759028190877,0.6307724097180912,Hold,61.869827,61.940224,61.82583,61.931423,2513
2024-12-11 23:00:00,0,0.329296692546243,0.670703307453757,Hold,61.97542,61.984222,61.887424,61.913826,1092
2024-12-12 00:00:00,0,0.3937825839727205,0.6062174160272795,Hold,61.905025,61.96662,61.878628,61.949024,945
2024-12-12 01:00:00,0,0.3267949014418396,0.6732050985581604,Hold,61.949024,61.97542,61.729034,61.78183,3097
2024-12-12 02:00:00,0,0.37927397555688247,0.6207260244431175,Hold,61.773033,61.852226,61.74663,61.82583,1846
2024-12-12 03:00:00,0,0.36137851984779096,0.638621480152209,Hold,61.82583,61.922623,61.80823,61.84343,1365
2024-12-12 04:00:00,0,0.40269005028531685,0.5973099497146832,Hold,61.84343,61.905025,61.80823,61.905025,622
2024-12-12 05:00:00,0,0.42271501884787244,0.5772849811521276,Hold,61.905025,62.06342,61.861027,61.97542,1836
2024-12-12 06:00:00,0,0.4128595917909386,0.5871404082090614,Hold,61.984222,62.01942,61.887424,61.931423,1191
2024-12-12 07:00:00,1,0.4456989508655623,0.5543010491344377,Hold,61.922623,62.04582,61.878628,62.04582,2354
2024-12-12 08:00:00,1,0.5010264186166145,0.49897358138338554,Sell,62.04582,62.18661,61.97542,62.17781,4946
2024-12-12 09:00:00,1,0.4787543019015494,0.5212456980984506,Hold,62.169014,62.23061,61.984222,62.072216,5357
2024-12-12 10:00:00,0,0.442666931886558,0.5573330681134421,Hold,62.081017,62.107414,61.82583,61.82583,3947
2024-12-12 11:00:00,1,0.4813674819904978,0.5186325180095022,Hold,61.82583,62.00182,61.702637,61.993023,6784
2024-12-12 12:00:00,1,0.4570050331986372,0.5429949668013627,Hold,61.984222,62.089817,61.869827,61.949024,5144
2024-12-12 13:00:00,1,0.4165242150728368,0.5834757849271632,Hold,61.949024,61.97542,61.685036,61.817028,10535
2024-12-12 14:00:00,0,0.43520178827214173,0.5647982117278583,Hold,61.817028,62.00182,61.209858,61.253857,29841
2024-12-12 15:00:00,0,0.37210760212649086,0.6278923978735091,Hold,61.253857,61.289055,60.901875,60.97227,22131
2024-12-12 16:00:00,0,0.3572789797184785,0.6427210202815214,Hold,60.98107,61.38585,60.840275,61.377052,17202
2024-12-12 17:00:00,0,0.35982765076659734,0.6401723492334026,Hold,61.377052,62.06342,61.377052,61.887424,24101
2024-12-12 18:00:00,0,0.33927620828167915,0.6607237917183209,Hold,61.878628,62.037018,61.676235,61.729034,12050
2024-12-12 19:00:00,0,0.3295223998181885,0.6704776001818116,Hold,61.729034,61.83463,61.553043,61.755432,16838
2024-12-12 20:00:00,0,0.3354220366041287,0.6645779633958713,Hold,61.755432,61.83463,61.685036,61.729034,3063
2024-12-12 21:00:00,0,0.32038269847306133,0.6796173015269387,Hold,61.729034,61.74663,61.57944,61.60584,1549
2024-12-12 23:00:00,0,0.25308157949585663,0.7469184205041434,Hold,61.649837,61.649837,61.482647,61.544243,971
2024-12-13 00:00:00,0,0.2919369538917557,0.7080630461082442,Hold,61.544243,61.56184,61.500244,61.553043,395
2024-12-13 01:00:00,0,0.31281510994340056,0.6871848900565994,Hold,61.553043,61.61464,61.52664,61.56184,1477
2024-12-13 02:00:00,0,0.2830940834713927,0.7169059165286074,Hold,61.553043,61.676235,61.553043,61.60584,1139
2024-12-13 03:00:00,0,0.31005221017159346,0.6899477898284065,Hold,61.59704,61.658638,61.56184,61.61464,990
2024-12-13 04:00:00,0,0.26498261492038677,0.7350173850796132,Hold,61.61464,61.720234,61.60584,61.702637,1044
2024-12-13 05:00:00,0,0.29366499078174557,0.7063350092182544,Hold,61.702637,61.711433,61.57944,61.641037,930
2024-12-13 06:00:00,0,0.31406201340654194,0.6859379865934581,Hold,61.641037,61.737835,61.62344,61.720234,1262
2024-12-13 07:00:00,0,0.34275500588993335,0.6572449941100666,Hold,61.720234,61.922623,61.60584,61.896225,2460
2024-12-13 08:00:00,0,0.3011136756150919,0.6988863243849082,Hold,61.887424,61.887424,61.61464,61.63224,3979
2024-12-13 09:00:00,0,0.32232840087322573,0.6776715991267743,Hold,61.63224,62.04582,61.57064,61.96662,4565
2024-12-13 10:00:00,0,0.42017347738160066,0.5798265226183994,Hold,61.97542,62.345005,61.96662,62.318607,6592
2024-12-13 11:00:00,0,0.3435229740490888,0.6564770259509112,Hold,62.318607,62.4154,62.142612,62.22181,4967
2024-12-13 12:00:00,0,0.3839371826176428,0.6160628173823572,Hold,62.22181,62.23061,61.931423,61.97542,4281
2024-12-13 13:00:00,0,0.36570762694034564,0.6342923730596544,Hold,61.97542,62.05462,61.79943,61.887424,7444
2024-12-13 14:00:00,0,0.388038115167714,0.611961884832286,Hold,61.887424,62.345005,61.79943,62.17781,14715
2024-12-13 15:00:00,0,0.443626442617972,0.556373557382028,Hold,62.169014,62.389004,61.984222,62.327404,13364
2024-12-13 16:00:00,0,0.4117261901893038,0.5882738098106962,Hold,62.336205,62.60899,62.204212,62.57379,14993
2024-12-13 17:00:00,0,0.460933228381929,0.539066771618071,Hold,62.57379,62.723385,62.512196,62.600193,11491
2024-12-13 18:00:00,0,0.47440609712137966,0.5255939028786203,Hold,62.60899,62.811382,62.564995,62.688187,8200
2024-12-13 19:00:00,1,0.4299152606040676,0.5700847393959324,Hold,62.67939,62.84658,62.644188,62.67939,14446
2024-12-13 20:00:00,1,0.41225965408411774,0.5877403459158823,Hold,62.67939,62.688187,62.582592,62.60899,3119
2024-12-13 21:00:00,0,0.3980611118694598,0.6019388881305402,Hold,62.600193,62.67059,62.520996,62.556194,2364
2024-12-15 23:00:00,0,0.4249017543589193,0.5750982456410807,Hold,62.864178,62.864178,62.476997,62.57379,1391
2024-12-16 00:00:00,1,0.4135748772643424,0.5864251227356576,Hold,62.591393,62.600193,62.485798,62.503395,543
2024-12-16 01:00:00,1,0.41695910668348457,0.5830408933165154,Hold,62.512196,62.582592,62.424202,62.564995,1316
2024-12-16 02:00:00,1,0.3938635664025916,0.6061364335974084,Hold,62.564995,62.57379,62.3978,62.433,999
2024-12-16 03:00:00,1,0.40273646222324977,0.5972635377767502,Hold,62.433,62.468197,62.389004,62.424202,674
2024-12-16 04:00:00,0,0.41574277463278936,0.5842572253672107,Hold,62.433,62.529797,62.353806,62.371403,1000
2024-12-16 05:00:00,0,0.40981429992067875,0.5901857000793213,Hold,62.371403,62.424202,62.309807,62.318607,644
2024-12-16 06:00:00,0,0.44504867874746856,0.5549513212525314,Hold,62.327404,62.433,62.283405,62.380203,1156
2024-12-16 07:00:00,0,0.47999322948177553,0.5200067705182245,Hold,62.389004,62.512196,62.353806,62.433,2150
2024-12-16 08:00:00,0,0.4235049833724656,0.5764950166275344,Hold,62.424202,62.520996,62.107414,62.133816,4272
2024-12-16 09:00:00,0,0.4597892545306897,0.5402107454693104,Hold,62.133816,62.22181,62.04582,62.05462,3508
2024-12-16 10:00:00,0,0.5083400735598161,0.49165992644018386,Sell,62.06342,62.248207,62.037018,62.06342,3125
2024-12-16 11:00:00,0,0.4868868516146339,0.5131131483853661,Hold,62.06342,62.142612,61.922623,62.01942,4070
2024-12-16 12:00:00,0,0.5302555519257756,0.46974444807422444,Sell,62.02822,62.19541,61.95782,62.18661,3091
2024-12-16 13:00:00,0,0.49740552955915124,0.5025944704408487,Hold,62.17781,62.336205,62.133816,62.301006,5355
2024-12-16 14:00:00,0,0.5213177388181414,0.47868226118185864,Sell,62.301006,62.591393,62.27461,62.336205,12428
2024-12-16 15:00:00,1,0.5213997109122749,0.4786002890877251,Sell,62.353806,62.65299,62.257008,62.4154,10188
2024-12-16 16:00:00,0,0.5288294367733928,0.4711705632266072,Sell,62.424202,62.433,62.01062,62.089817,10616
2024-12-16 17:00:00,1,0.494063266002169,0.505936733997831,Hold,62.081017,62.4946,62.037018,62.433,8277
2024-12-16 18:00:00,1,0.447238331570467,0.552761668429533,Hold,62.4418,62.529797,62.142612,62.204212,7113
2024-12-16 19:00:00,0,0.4433554737819065,0.5566445262180935,Hold,62.21301,62.345005,62.089817,62.116215,12099
2024-12-16 20:00:00,0,0.45425957280583845,0.5457404271941615,Hold,62.107414,62.151413,62.04582,62.107414,2195
2024-12-16 21:00:00,1,0.48131836571165537,0.5186816342883447,Hold,62.107414,62.18661,62.06342,62.169014,1012
2024-12-16 23:00:00,0,0.4719450566128323,0.5280549433871677,Hold,62.133816,62.17781,62.089817,62.107414,362
2024-12-17 00:00:00,1,0.5335326963476238,0.4664673036523762,Sell,62.125015,62.204212,62.098618,62.18661,183
2024-12-17 01:00:00,1,0.5365106495444226,0.4634893504555774,Sell,62.18661,62.23061,62.05462,62.21301,494
2024-12-17 02:00:00,0,0.528345482195173,0.47165451780482703,Sell,62.204212,62.23061,62.089817,62.133816,143
2024-12-17 03:00:00,0,0.5716445451330754,0.4283554548669246,Sell,62.133816,62.142612,62.06342,62.125015,170
2024-12-17 04:00:00,0,0.5799255647582151,0.4200744352417849,Sell,62.142612,62.142612,62.107414,62.133816,106
2024-12-17 05:00:00,1,0.5967393377820364,0.40326066221796364,Sell,62.142612,62.336205,62.089817,62.309807,243
2024-12-17 06:00:00,1,0.6017665370519514,0.3982334629480486,Sell,62.318607,62.389004,62.301006,62.353806,283
2024-12-17 07:00:00,1,0.5980001898647049,0.40199981013529507,Sell,62.318607,62.4066,62.142612,62.160213,358
2024-12-17 08:00:00,0,0.5527695071669957,0.4472304928330043,Sell,62.160213,62.160213,61.517845,61.63224,1997
2024-12-17 09:00:00,0,0.6149254015061679,0.3850745984938321,Sell,61.63224,61.84343,61.52664,61.773033,631
2024-12-17 10:00:00,0,0.5798858893569574,0.4201141106430426,Sell,61.755432,61.817028,61.57944,61.641037,397
2024-12-17 11:00:00,0,0.5480770088685851,0.4519229911314149,Sell,61.61464,61.74663,61.500244,61.509045,778
2024-12-17 12:00:00,0,0.5645407344183593,0.4354592655816407,Sell,61.509045,61.66744,61.36825,61.44745,1301
2024-12-17 13:00:00,0,0.565065636323725,0.434934363676275,Sell,61.456245,61.693836,61.38585,61.421047,1764
2024-12-17 14:00:00,0,0.5415876599703979,0.4584123400296021,Sell,61.43865,61.62344,61.13946,61.262657,4129
2024-12-17 15:00:00,0,0.5310721436784364,0.46892785632156364,Sell,61.253857,61.333054,60.875473,60.95467,3539
2024-12-17 16:00:00,0,0.5372275330838563,0.4627724669161437,Sell,60.928272,61.280254,60.901875,61.236256,2413
2024-12-17 17:00:00,0,0.5301610962465241,0.4698389037534759,Sell,61.245056,61.535442,61.17466,61.500244,1676
2024-12-17 18:00:00,0,0.47009220144890257,0.5299077985510974,Hold,61.491444,61.74663,61.377052,61.702637,2097
2024-12-17 19:00:00,0,0.5254791620861776,0.4745208379138224,Sell,61.702637,61.773033,61.553043,61.764233,2622
2024-12-17 20:00:00,0,0.4744529612535873,0.5255470387464127,Hold,61.755432,61.82583,61.729034,61.773033,421
2024-12-17 21:00:00,0,0.47392426382007324,0.5260757361799268,Hold,61.764233,61.896225,61.729034,61.82583,499
2024-12-17 23:00:00,0,0.45679881558326507,0.5432011844167349,Hold,61.79063,61.84343,61.729034,61.74663,154
2024-12-18 00:00:00,0,0.4212516348514708,0.5787483651485292,Hold,61.74663,61.78204,61.65812,61.693523,723
2024-12-18 01:00:00,0,0.46090326726109093,0.5390967327389091,Hold,61.684673,61.8617,61.622715,61.808594,2349
2024-12-18 02:00:00,0,0.39785873579371517,0.6021412642062849,Hold,61.79974,61.8617,61.702377,61.73778,1150
2024-12-18 03:00:00,0,0.45279265144384606,0.5472073485561539,Hold,61.73778,61.74663,61.64042,61.666973,874
2024-12-18 04:00:00,0,0.45799665787108956,0.5420033421289104,Hold,61.675823,61.755486,61.64042,61.702377,751
2024-12-18 05:00:00,0,0.4572408388062541,0.5427591611937459,Hold,61.702377,61.773186,61.65812,61.684673,931
2024-12-18 06:00:00,0,0.475228662986957,0.524771337013043,Hold,61.684673,61.755486,61.64927,61.73778,774
2024-12-18 07:00:00,0,0.48762794182919866,0.5123720581708013,Hold,61.73778,62.00332,61.73778,62.00332,3459
2024-12-18 08:00:00,0,0.4625897780411359,0.5374102219588641,Hold,61.99447,62.100685,61.93251,62.021023,5711
2024-12-18 09:00:00,0,0.5513534203004556,0.44864657969954436,Sell,62.029873,62.2246,61.98562,62.109535,6362
2024-12-18 10:00:00,0,0.5731114582003723,0.42688854179962765,Sell,62.100685,62.2069,61.98562,61.98562,4501
2024-12-18 11:00:00,0,0.6154463470783993,0.3845536529216007,Sell,61.97677,62.12724,61.950214,62.06528,3253
2024-12-18 12:00:00,0,0.6384624081956335,0.3615375918043665,Sell,62.056427,62.33967,62.038727,62.295414,4574
2024-12-18 13:00:00,0,0.6152928187862158,0.3847071812137842,Sell,62.295414,62.33082,62.11839,62.198048,8080
2024-12-18 14:00:00,0,0.6249572225496037,0.37504277745039627,Sell,62.198048,62.47244,61.99447,62.189198,19781
2024-12-18 15:00:00,1,0.6041599889808041,0.39584001101919586,Sell,62.189198,62.507843,62.11839,62.454735,19385
2024-12-18 16:00:00,1,0.578558840160731,0.421441159839269,Sell,62.454735,62.667168,62.313114,62.507843,22400
2024-12-18 17:00:00,0,0.5827672426085336,0.41723275739146637,Sell,62.507843,62.516697,62.047577,62.11839,13584
2024-12-18 18:00:00,0,0.6083010670776349,0.39169893292236513,Sell,62.12724,62.348522,62.021023,62.08298,12842
2024-12-18 19:00:00,0,0.5409218205444528,0.4590781794555472,Sell,62.08298,62.27771,61.72893,61.74663,18361
2024-12-18 20:00:00,0,0.5136973587909874,0.48630264120901256,Sell,61.755486,61.764336,61.419136,61.472244,9323
2024-12-18 21:00:00,0,0.48768267663880477,0.5123173233611953,Hold,61.46339,61.569607,61.436836,61.472244,3514
2024-12-18 23:00:00,0,0.5145731840218947,0.48542681597810533,Sell,61.60501,61.60501,61.45454,61.45454,1224
2024-12-19 00:00:00,0,0.5342410099523826,0.46575899004761745,Sell,61.46339,61.551903,61.45454,61.481094,727
2024-12-19 01:00:00,0,0.5763828343974845,0.4236171656025155,Sell,61.4988,61.684673,61.472244,61.622715,2515
2024-12-19 02:00:00,0,0.5584161323234748,0.44158386767652524,Sell,61.613865,61.64927,61.46339,61.622715,1328
2024-12-19 03:00:00,0,0.5701458742659313,0.42985412573406867,Sell,61.622715,61.711227,61.578457,61.675823,1201
2024-12-19 04:00:00,0,0.5434355599272953,0.4565644400727047,Sell,61.675823,61.684673,61.569607,61.59616,1036
2024-12-19 05:00:00,0,0.526319497836955,0.473680502163045,Sell,61.59616,61.613865,61.472244,61.543053,1312
2024-12-19 06:00:00,0,0.5835663867974492,0.4164336132025508,Sell,61.551903,61.773186,61.534203,61.72893,1712
2024-12-19 07:00:00,0,0.5244398379370918,0.4755601620629082,Sell,61.73778,61.73778,61.472244,61.569607,1996
2024-12-19 08:00:00,0,0.5069017389321366,0.49309826106786336,Sell,61.58731,61.666973,61.32177,61.631565,7096
2024-12-19 09:00:00,0,0.5524971633453802,0.44750283665461976,Sell,61.64042,61.97677,61.64042,61.94136,6923
2024-12-19 10:00:00,0,0.543623161330305,0.45637683866969503,Sell,61.959064,62.100685,61.852848,61.92366,4777
2024-12-19 11:00:00,0,0.5053043001585333,0.49469569984146666,Sell,61.914806,61.967915,61.72893,61.78204,3958
2024-12-19 12:00:00,0,0.5442419728462267,0.45575802715377334,Sell,61.78204,61.870552,61.675823,61.74663,4573
2024-12-19 13:00:00,1,0.5651661075880918,0.4348338924119082,Sell,61.74663,62.357372,61.74663,62.295414,13589
2024-12-19 14:00:00,1,0.5594771413064881,0.44052285869351193,Sell,62.304264,62.47244,62.171494,62.251156,19356
2024-12-19 15:00:00,0,0.5619253019846172,0.4380746980153828,Sell,62.242306,62.28656,61.64927,61.666973,19910
2024-12-19 16:00:00,0,0.5129741211156452,0.4870258788843548,Sell,61.666973,61.773186,61.295216,61.366028,24703
2024-12-19 17:00:00,0,0.5109007685138609,0.4890992314861391,Sell,61.374878,61.472244,61.242107,61.401432,12866
2024-12-19 18:00:00,0,0.5060760893881273,0.4939239106118727,Sell,61.401432,61.52535,61.374878,61.44569,8677
2024-12-19 19:00:00,0,0.5021811197570489,0.49781888024295107,Sell,61.436836,61.46339,61.242107,61.26866,20693
2024-12-19 20:00:00,0,0.520910697619522,0.479089302380478,Sell,61.26866,61.295216,61.16245,61.189003,4667
2024-12-19 21:00:00,0,0.5473507763790496,0.4526492236209504,Sell,61.1713,61.286366,61.16245,61.277515,1975
2024-12-19 23:00:00,0,0.49416115881652267,0.5058388411834773,Hold,61.277515,61.31292,61.25096,61.25096,1235
2024-12-20 00:00:00,0,0.559375644379611,0.44062435562038904,Sell,61.25096,61.26866,61.135895,61.1713,1238
2024-12-20 01:00:00,0,0.6073175447559368,0.3926824552440632,Sell,61.16245,61.224407,61.082787,61.1713,2497
2024-12-20 02:00:00,0,0.6263414796918683,0.37365852030813174,Sell,61.1713,61.18015,61.03853,61.073933,1270
2024-12-20 03:00:00,0,0.694931473558322,0.30506852644167803,Sell,61.073933,61.12704,60.96772,61.011974,1602
2024-12-20 04:00:00,0,0.6929086540347242,0.30709134596527576,Sell,61.011974,61.082787,61.011974,61.03853,722
2024-12-20 05:00:00,0,0.6967479483587334,0.30325205164126656,Sell,61.02968,61.091637,60.994274,61.091637,1090
2024-12-20 06:00:00,0,0.7035887614586523,0.29641123854134765,Sell,61.082787,61.242107,61.073933,61.144745,2132
2024-12-20 07:00:00,0,0.693280236876952,0.30671976312304805,Sell,61.135895,61.16245,60.994274,61.02083,2285
2024-12-20 08:00:00,0,0.6500149231930962,0.3499850768069038,Sell,61.02968,61.233257,60.96772,60.97657,4927
2024-12-20 09:00:00,0,0.5995081943964623,0.4004918056035377,Sell,60.96772,60.97657,60.755287,60.78184,7520
2024-12-20 10:00:00,0,0.5881111455341095,0.4118888544658905,Sell,60.79069,60.870354,60.70218,60.728733,4513
2024-12-20 11:00:00,0,0.5668759819815307,0.43312401801846934,Sell,60.728733,60.77299,60.56056,60.622517,4213
2024-12-20 12:00:00,0,0.6392678742521182,0.3607321257478818,Sell,60.622517,61.197853,60.622517,61.16245,6522
2024-12-20 13:00:00,0,0.5790926695244245,0.4209073304755755,Sell,61.153595,61.25096,60.799545,60.817245,9689
2024-12-20 14:00:00,0,0.5223439895871942,0.4776560104128058,Sell,60.817245,61.11819,60.595966,60.675625,17987
2024-12-20 15:00:00,0,0.5110262697027781,0.4889737302972219,Sell,60.675625,61.197853,60.666775,61.1713,15065
2024-12-20 16:00:00,0,0.4904652251819269,0.5095347748180731,Hold,61.1713,61.472244,61.02083,61.374878,15954
2024-12-20 17:00:00,0,0.6106839711076064,0.3893160288923936,Sell,61.383728,61.65812,61.32177,61.622715,10023
2024-12-20 18:00:00,0,0.546700107955533,0.45329989204446697,Sell,61.622715,61.826294,61.560757,61.60501,13483
2024-12-20 19:00:00,0,0.4720094295182798,0.5279905704817203,Hold,61.60501,61.613865,61.392582,61.5165,16775
2024-12-20 20:00:00,0,0.5067401028270354,0.4932598971729646,Sell,61.5165,61.64042,61.436836,61.551903,3091
2024-12-20 21:00:00,0,0.4937857830568176,0.5062142169431825,Hold,61.551903,61.58731,61.481094,61.58731,1854
2024-12-22 23:00:00,0,0.4497394458785676,0.5502605541214324,Hold,61.427986,61.64927,61.419136,61.59616,1510
2024-12-23 00:00:00,0,0.4548781474914306,0.5451218525085695,Hold,61.60501,61.693523,61.59616,61.65812,617
2024-12-23 01:00:00,1,0.49533569578360237,0.5046643042163976,Hold,61.64927,61.852848,61.631565,61.817444,1880
2024-12-23 02:00:00,1,0.5000420149270498,0.4999579850729502,Sell,61.817444,61.888252,61.755486,61.852848,1276
2024-12-23 03:00:00,1,0.5207506506644821,0.4792493493355179,Sell,61.852848,61.852848,61.72893,61.817444,817
2024-12-23 04:00:00,1,0.485599648618217,0.514400351381783,Hold,61.817444,61.879402,61.808594,61.817444,724
2024-12-23 05:00:00,1,0.5106348419663705,0.48936515803362945,Sell,61.808594,61.835144,61.73778,61.764336,913
2024-12-23 06:00:00,1,0.5132803147732421,0.4867196852267579,Sell,61.764336,61.817444,61.711227,61.764336,904
2024-12-23 07:00:00,1,0.4803798982252456,0.5196201017747544,Hold,61.773186,61.870552,61.65812,61.711227,1636
2024-12-23 08:00:00,1,0.5400422078232038,0.4599577921767962,Sell,61.702377,61.817444,61.551903,61.773186,3602
2024-12-23 09:00:00,0,0.5707379620192155,0.42926203798078455,Sell,61.773186,61.905956,61.481094,61.4988,4604
2024-12-23 10:00:00,0,0.6051635398010328,0.39483646019896723,Sell,61.489944,61.578457,61.25981,61.26866,5071
2024-12-23 11:00:00,0,0.5935927286568803,0.4064072713431197,Sell,61.277515,61.427986,61.206703,61.215557,3961
2024-12-23 12:00:00,0,0.5812333505093736,0.41876664949062636,Sell,61.224407,61.427986,61.11819,61.12704,4599
2024-12-23 13:00:00,0,0.5598451956917248,0.44015480430827525,Sell,61.135895,61.286366,61.065083,61.10934,8482
2024-12-23 14:00:00,0,0.5875255433289296,0.4124744566710704,Sell,61.10934,61.45454,61.100487,61.11819,14748
2024-12-23 15:00:00,0,0.5534561770801353,0.4465438229198647,Sell,61.12704,61.215557,60.755287,60.78184,16303
2024-12-23 16:00:00,0,0.5823476067304978,0.4176523932695022,Sell,60.78184,61.011974,60.711033,60.78184,11120
2024-12-23 17:00:00,0,0.6061748394187036,0.39382516058129635,Sell,60.77299,61.1713,60.755287,61.144745,8975
2024-12-23 18:00:00,0,0.5255032739701915,0.4744967260298085,Sell,61.153595,61.45454,61.011974,61.44569,9566
2024-12-23 19:00:00,0,0.4794660074305957,0.5205339925694044,Hold,61.436836,61.534203,61.224407,61.481094,17000
2024-12-23 20:00:00,0,0.4787033846125495,0.5212966153874505,Hold,61.481094,61.52535,61.374878,61.4988,2809
2024-12-23 21:00:00,0,0.45215938996054594,0.5478406100394541,Hold,61.50765,61.631565,61.4988,61.560757,2274
2024-12-23 23:00:00,0,0.48036430819671755,0.5196356918032825,Hold,61.569607,61.569607,61.44569,61.489944,897
2024-12-24 00:00:00,0,0.47405980573755196,0.525940194262448,Hold,61.489944,61.534203,61.46339,61.4988,427
2024-12-24 01:00:00,0,0.515469530600334,0.48453046939966604,Sell,61.489944,61.569607,61.46339,61.472244,1367
2024-12-24 02:00:00,0,0.5173825194681856,0.4826174805318144,Sell,61.472244,61.666973,61.472244,61.50765,1532
2024-12-24 03:00:00,0,0.5266184937993758,0.47338150620062425,Sell,61.5165,61.52535,61.392582,61.401432,992
2024-12-24 04:00:00,0,0.5118598220408209,0.4881401779591791,Sell,61.401432,61.560757,61.392582,61.534203,1877
2024-12-24 05:00:00,0,0.46695418219274254,0.5330458178072575,Hold,61.543053,61.60501,61.50765,61.551903,885
2024-12-24 06:00:00,0,0.4593848326743991,0.5406151673256009,Hold,61.543053,61.60501,61.5165,61.534203,1000
2024-12-24 07:00:00,0,0.4896083848921704,0.5103916151078296,Hold,61.534203,61.666973,61.52535,61.64042,1442
2024-12-24 08:00:00,0,0.5030036622604677,0.49699633773953233,Sell,61.64042,61.808594,61.631565,61.74663,4590
2024-12-24 09:00:00,0,0.4980053593764002,0.5019946406235998,Hold,61.73778,61.826294,61.65812,61.684673,2844
2024-12-24 10:00:00,0,0.5983274252482198,0.4016725747517802,Sell,61.693523,61.870552,61.569607,61.8617,3070
2024-12-24 11:00:00,0,0.508046631181695,0.491953368818305,Sell,61.852848,61.93251,61.773186,61.78204,3180
2024-12-24 12:00:00,0,0.5077250361540481,0.49227496384595193,Sell,61.78204,61.8617,61.5165,61.79089,7418
2024-12-24 13:00:00,0,0.5627196043405797,0.43728039565942034,Sell,61.78204,61.93251,61.64927,61.92366,6287
2024-12-24 14:00:00,0,0.5278076883742321,0.4721923116257679,Sell,61.92366,62.21575,61.817444,62.021023,17515
2024-12-24 15:00:00,0,0.5218823969868942,0.4781176030131058,Sell,62.021023,62.33967,61.98562,62.11839,10969
2024-12-24 16:00:00,0,0.47086812934085714,0.5291318706591428,Hold,62.11839,62.304264,62.06528,62.189198,8285
2024-12-24 17:00:00,0,0.44217096870826234,0.5578290312917377,Hold,62.180347,62.180347,61.94136,61.98562,6486
2024-12-24 18:00:00,0,0.44392876757540733,0.5560712324245927,Hold,61.98562,62.162643,61.8617,62.109535,5997
2024-12-25 23:00:00,0,0.518298903648603,0.481701096351397,Sell,62.13609,62.28656,62.11839,62.162643,726
2024-12-26 00:00:00,0,0.5211913198155389,0.4788086801844611,Sell,62.171494,62.2246,62.13609,62.2069,551
2024-12-26 01:00:00,0,0.4766170620663843,0.5233829379336157,Hold,62.21575,62.26886,62.171494,62.21575,1225
2024-12-26 02:00:00,0,0.49556726999262674,0.5044327300073732,Hold,62.2069,62.27771,62.13609,62.2069,914
2024-12-26 03:00:00,0,0.5237780522313343,0.47622194776866567,Sell,62.2069,62.366222,62.2069,62.295414,1345
2024-12-26 04:00:00,0,0.5025468455475264,0.4974531544524736,Sell,62.28656,62.295414,62.180347,62.189198,569
2024-12-26 05:00:00,0,0.5620931507630316,0.43790684923696843,Sell,62.198048,62.198048,62.029873,62.12724,1568
2024-12-26 06:00:00,0,0.5656072100150497,0.43439278998495034,Sell,62.12724,62.153793,62.06528,62.12724,982
2024-12-26 07:00:00,0,0.5223593381087762,0.4776406618912238,Sell,62.12724,62.21575,62.091835,62.198048,1274
2024-12-26 08:00:00,0,0.594061736370471,0.405938263629529,Sell,62.2069,62.366222,62.180347,62.313114,2682
2024-12-26 09:00:00,0,0.5661269962420276,0.43387300375797244,Sell,62.313114,62.437035,62.313114,62.41933,1977
2024-12-26 10:00:00,0,0.5513167990970942,0.4486832009029058,Sell,62.41933,62.454735,62.28656,62.428185,1849
2024-12-26 11:00:00,0,0.5267583348055992,0.4732416651944008,Sell,62.428185,62.454735,62.366222,62.41933,1356
2024-12-26 12:00:00,1,0.5285189320944085,0.4714810679055915,Sell,62.428185,62.46359,62.251156,62.445885,2491
2024-12-26 13:00:00,0,0.5303032605079884,0.46969673949201163,Sell,62.454735,62.60521,62.383926,62.41933,7207
2024-12-26 14:00:00,1,0.5341193211999004,0.46588067880009965,Sell,62.428185,62.62291,62.26886,62.295414,10300
2024-12-26 15:00:00,0,0.5568779807441311,0.4431220192558689,Sell,62.304264,62.366222,61.959064,62.100685,13062
2024-12-26 16:00:00,0,0.5582330411406183,0.44176695885938166,Sell,62.100685,62.171494,61.852848,61.97677,8231
2024-12-26 17:00:00,0,0.5834003081365708,0.41659969186342916,Sell,61.97677,61.99447,61.79089,61.852848,5932
2024-12-26 18:00:00,0,0.5613365697203562,0.43866343027964383,Sell,61.8617,61.905956,61.65812,61.74663,9996
2024-12-26 19:00:00,0,0.5489603751284264,0.45103962487157356,Sell,61.74663,61.79974,61.366028,61.578457,14137
2024-12-26 20:00:00,0,0.566300303797298,0.433699696202702,Sell,61.578457,61.578457,61.4988,61.543053,2116
2024-12-26 21:00:00,0,0.5614096779941865,0.4385903220058135,Sell,61.551903,61.675823,61.543053,61.64042,1339
2024-12-26 23:00:00,0,0.6142451089669463,0.3857548910330537,Sell,61.675823,61.684673,61.60501,61.666973,585
2024-12-27 00:00:00,0,0.5319155159017043,0.46808448409829573,Sell,61.675823,61.675823,61.534203,61.534203,546
2024-12-27 01:00:00,0,0.5723728957871381,0.4276271042128619,Sell,61.534203,61.64042,61.46339,61.613865,2283
2024-12-27 02:00:00,0,0.5911865526329552,0.40881344736704484,Sell,61.622715,61.675823,61.551903,61.60501,830
2024-12-27 03:00:00,0,0.6117659229124243,0.38823407708757574,Sell,61.613865,61.693523,61.578457,61.693523,874
2024-12-27 04:00:00,0,0.6303488249848053,0.36965117501519473,Sell,61.693523,61.693523,61.60501,61.622715,631
2024-12-27 05:00:00,0,0.6276636283563986,0.37233637164360145,Sell,61.622715,61.65812,61.58731,61.613865,745
2024-12-27 06:00:00,0,0.6255690623738942,0.3744309376261058,Sell,61.60501,61.631565,61.5165,61.59616,1494
2024-12-27 07:00:00,0,0.607969281604541,0.392030718395459,Sell,61.59616,61.835144,61.59616,61.808594,2406
2024-12-27 08:00:00,0,0.6220408634056708,0.3779591365943292,Sell,61.79974,61.852848,61.693523,61.808594,4150
2024-12-27 09:00:00,0,0.6286422276117064,0.3713577723882936,Sell,61.79974,61.92366,61.64927,61.843998,3015
2024-12-27 10:00:00,0,0.6007045882374035,0.39929541176259653,Sell,61.843998,62.14494,61.79089,62.13609,4926
2024-12-27 11:00:00,0,0.5521827073176023,0.44781729268239767,Sell,62.12724,62.242306,62.06528,62.091835,4692
2024-12-27 12:00:00,0,0.5401330832637061,0.4598669167362939,Sell,62.091835,62.28656,62.06528,62.21575,3502
2024-12-27 13:00:00,0,0.5455367130055582,0.45446328699444183,Sell,62.21575,62.304264,62.100685,62.28656,6935
2024-12-27 14:00:00,0,0.5273259456545352,0.47267405434546483,Sell,62.28656,62.47244,62.26886,62.313114,14509
2024-12-27 15:00:00,0,0.5079956172278746,0.49200438277212544,Sell,62.321968,62.321968,62.00332,62.2069,12642
2024-12-27 16:00:00,0,0.5328573493260669,0.4671426506739331,Sell,62.21575,62.428185,62.153793,62.251156,10146
2024-12-27 17:00:00,0,0.49030043353790725,0.5096995664620927,Hold,62.251156,62.28656,62.047577,62.198048,8481
2024-12-27 18:00:00,0,0.5458140860938626,0.4541859139061374,Sell,62.2069,62.5521,62.189198,62.534397,10806
2024-12-27 19:00:00,0,0.5777467238579402,0.42225327614205976,Sell,62.534397,62.62291,62.33082,62.33967,16481
2024-12-27 20:00:00,0,0.5511783217494279,0.44882167825057206,Sell,62.33967,62.33967,62.091835,62.162643,4030
2024-12-27 21:00:00,0,0.5626656958919968,0.4373343041080032,Sell,62.153793,62.2246,62.11839,62.189198,1411
2024-12-29 23:00:00,0,0.5875466574309086,0.4124533425690914,Sell,62.33082,62.41048,62.06528,62.348522,2728
2024-12-30 00:00:00,0,0.5279345155879333,0.47206548441206675,Sell,62.357372,62.383926,62.28656,62.375076,682
2024-12-30 01:00:00,0,0.5360174015178726,0.4639825984821274,Sell,62.375076,62.61406,62.33082,62.61406,2193
2024-12-30 02:00:00,0,0.5592148575080748,0.44078514249192524,Sell,62.60521,62.62291,62.507843,62.516697,1174
2024-12-30 03:00:00,0,0.5247616759325974,0.47523832406740263,Sell,62.525547,62.54325,62.48129,62.534397,564
2024-12-30 04:00:00,0,0.5271313065628193,0.47286869343718074,Sell,62.54325,62.578655,62.490143,62.569805,725
2024-12-30 05:00:00,0,0.5081300433162579,0.4918699566837421,Sell,62.569805,62.596355,62.498993,62.516697,678
2024-12-30 06:00:00,0,0.49991703005686566,0.5000829699431344,Hold,62.516697,62.56095,62.41933,62.437035,991
2024-12-30 07:00:00,0,0.48668099816935684,0.5133190018306432,Hold,62.445885,62.48129,62.375076,62.437035,1533
2024-12-30 08:00:00,0,0.49714135589221836,0.5028586441077816,Hold,62.428185,62.5521,62.13609,62.162643,5559
2024-12-30 09:00:00,0,0.5314311912611132,0.46856880873888684,Sell,62.162643,62.578655,62.153793,62.437035,4326
2024-12-30 10:00:00,0,0.5525703042835536,0.4474296957164464,Sell,62.437035,62.490143,62.2069,62.375076,3505
2024-12-30 11:00:00,0,0.5244406859571669,0.47555931404283314,Sell,62.383926,62.640614,62.33082,62.569805,3415
2024-12-30 12:00:00,0,0.5251491713767021,0.47485082862329786,Sell,62.578655,62.861897,62.578655,62.69372,7367
2024-12-30 13:00:00,0,0.5465684787019744,0.45343152129802555,Sell,62.69372,62.90615,62.596355,62.81764,7931
2024-12-30 14:00:00,0,0.5178571922402648,0.48214280775973517,Sell,62.826492,63.127434,62.81764,63.02122,15986
2024-12-30 15:00:00,0,0.5034703536463628,0.49652964635363717,Sell,63.03007,63.251354,62.80879,63.056625,15064
2024-12-30 16:00:00,0,0.499792615316181,0.500207384683819,Hold,63.065475,63.215946,62.75568,63.065475,12627
2024-12-30 17:00:00,0,0.5102939894056824,0.4897060105943176,Sell,63.074326,63.339867,63.065475,63.109734,12934
2024-12-30 18:00:00,0,0.5211383458877651,0.4788616541122349,Sell,63.118584,63.189392,62.8796,62.90615,7449
2024-12-30 19:00:00,0,0.5075690495630993,0.49243095043690066,Sell,62.90615,62.94156,62.649464,62.870747,15938
2024-12-30 20:00:00,0,0.498271311474941,0.5017286885250589,Hold,62.870747,63.09203,62.853046,62.95926,3783
2024-12-30 21:00:00,0,0.46814522147320675,0.5318547785267933,Hold,62.968113,63.003517,62.932705,62.95926,1210
2024-12-30 23:00:00,0,0.4878636793622201,0.5121363206377799,Hold,62.976963,63.03892,62.915005,63.03007,697
2024-12-31 00:00:00,0,0.5735740743778637,0.4264259256221363,Sell,63.03007,63.074326,63.012367,63.04777,536
2024-12-31 01:00:00,0,0.5771679898940756,0.4228320101059244,Sell,63.056625,63.37527,63.056625,63.27791,2119
2024-12-31 02:00:00,0,0.6024984669669494,0.3975015330330506,Sell,63.269054,63.269054,63.17169,63.207096,925
2024-12-31 03:00:00,0,0.5994076610297419,0.40059233897025814,Sell,63.198246,63.23365,63.127434,63.145138,893
2024-12-31 04:00:00,0,0.631002286986671,0.36899771301332895,Sell,63.136288,63.446083,63.127434,63.410675,2018
2024-12-31 05:00:00,0,0.5814090648391727,0.41859093516082735,Sell,63.401825,63.43723,63.339867,63.37527,1082
2024-12-31 06:00:00,0,0.6033050278805011,0.3966949721194989,Sell,63.37527,63.499187,63.36642,63.472637,1543
2024-12-31 07:00:00,0,0.5532996222367663,0.4467003777632337,Sell,63.472637,63.472637,63.331017,63.348717,1224
2024-12-31 08:00:00,0,0.5452149604985265,0.45478503950147353,Sell,63.348717,63.392975,63.198246,63.304462,3157
2024-12-31 09:00:00,0,0.5333565724896864,0.4666434275103136,Sell,63.304462,63.410675,63.153988,63.180542,2792
2024-12-31 10:00:00,0,0.5410077840077007,0.45899221599229933,Sell,63.17169,63.37527,63.153988,63.27791,1791
2024-12-31 11:00:00,0,0.4927877240029517,0.5072122759970483,Hold,63.27791,63.42838,63.2248,63.339867,1916
2024-12-31 12:00:00,0,0.5539294183964307,0.44607058160356927,Sell,63.331017,63.463783,62.80879,62.81764,6708
2024-12-31 13:00:00,0,0.5180207336901059,0.48197926630989407,Sell,62.826492,63.003517,62.729126,62.976963,8260
2024-12-31 14:00:00,0,0.5751474690255061,0.42485253097449394,Sell,62.976963,63.36642,62.976963,63.339867,13096
2024-12-31 15:00:00,0,0.5687853209493375,0.43121467905066246,Sell,63.331017,63.499187,63.136288,63.42838,9427
2024-12-31 16:00:00,0,0.6028522383899562,0.39714776161004384,Sell,63.42838,63.587704,63.357567,63.481487,9855
2024-12-31 17:00:00,0,0.5640405605575435,0.4359594394424565,Sell,63.481487,63.587704,63.36642,63.552296,7614
2024-12-31 18:00:00,0,0.5586921605192019,0.4413078394807981,Sell,63.552296,63.747025,63.51689,63.596554,9728
2024-12-31 19:00:00,0,0.6115217710035477,0.38847822899645235,Sell,63.587704,63.667362,63.43723,63.658512,12708
2024-12-31 20:00:00,0,0.5771304997816269,0.4228695002183731,Sell,63.667362,63.676216,63.52574,63.543446,1536
2024-12-31 21:00:00,0,0.604771310879074,0.395228689120926,Sell,63.534595,63.640812,63.481487,63.614258,1003
2025-01-01 23:00:00,0,0.6210486107458931,0.3789513892541069,Sell,63.596554,63.791283,63.552296,63.782433,1311
2025-01-02 00:00:00,0,0.5738153840146049,0.42618461598539514,Sell,63.782433,63.800133,63.693916,63.791283,990
2025-01-02 01:00:00,0,0.5699381662502504,0.4300618337497496,Sell,63.791283,63.98601,63.747025,63.870945,3150
2025-01-02 02:00:00,0,0.5792227175522918,0.4207772824477082,Sell,63.86209,63.8975,63.75588,63.86209,1432
2025-01-02 03:00:00,0,0.6087151232545128,0.3912848767454872,Sell,63.86209,63.86209,63.729324,63.76473,867
2025-01-02 04:00:00,0,0.5598482925528391,0.4401517074471609,Sell,63.76473,63.76473,63.640812,63.685066,732
2025-01-02 05:00:00,0,0.557344119147433,0.442655880852567,Sell,63.685066,63.70277,63.631958,63.658512,588
2025-01-02 06:00:00,0,0.5705806618408219,0.4294193381591781,Sell,63.658512,63.72047,63.57,63.676216,956
2025-01-02 07:00:00,0,0.583669348649802,0.416330651350198,Sell,63.676216,63.835537,63.667362,63.676216,1934
2025-01-02 08:00:00,0,0.5734460792038617,0.4265539207961383,Sell,63.693916,63.782433,63.543446,63.70277,4107
2025-01-02 09:00:00,0,0.660991112918849,0.33900888708115096,Sell,63.70277,64.10993,63.667362,64.101074,6405
2025-01-02 10:00:00,0,0.6191412400965591,0.38085875990344087,Sell,64.10993,64.43742,64.10993,64.40202,9202
2025-01-02 11:00:00,0,0.59648445434879,0.40351554565120995,Sell,64.39317,64.50824,64.26925,64.44628,5277
2025-01-02 12:00:00,0,0.5754246670914224,0.42457533290857763,Sell,64.43742,64.48168,64.28696,64.41087,4226
2025-01-02 13:00:00,0,0.5943245713402703,0.4056754286597297,Sell,64.41087,64.51709,64.17189,64.46398,10958
2025-01-02 14:00:00,0,0.648904449256633,0.35109555074336696,Sell,64.45513,64.968506,64.45513,64.9508,25427
2025-01-02 15:00:00,0,0.6526384226818744,0.34736157731812556,Sell,64.94195,65.16323,64.81803,65.039314,22187
2025-01-02 16:00:00,0,0.6417887631088234,0.3582112368911766,Sell,65.039314,65.2606,64.79148,65.16323,23826
2025-01-02 17:00:00,0,0.585728509825228,0.41427149017477205,Sell,65.16323,65.21634,64.83573,64.9331,12479
2025-01-02 18:00:00,0,0.5631226254628359,0.43687737453716413,Sell,64.9331,64.9331,64.685265,64.80918,11269
2025-01-02 19:00:00,0,0.5399017151513835,0.4600982848486165,Sell,64.80918,65.00391,64.65871,64.82688,23031
2025-01-02 20:00:00,0,0.551456670013931,0.44854332998606905,Sell,64.82688,64.85344,64.66756,64.702965,6329
2025-01-02 21:00:00,0,0.5390096471202491,0.4609903528797509,Sell,64.711815,64.74722,64.676414,64.720665,1770
2025-01-02 23:00:00,0,0.5387448325334123,0.4612551674665877,Sell,64.72952,64.75607,64.685265,64.72952,595
2025-01-03 00:00:00,0,0.5699947666324275,0.43000523336757246,Sell,64.720665,64.80918,64.720665,64.80033,574
2025-01-03 01:00:00,0,0.6001186392274993,0.3998813607725007,Sell,64.80033,64.92425,64.80033,64.85344,2377
2025-01-03 02:00:00,0,0.6037387331207958,0.39626126687920415,Sell,64.84459,65.039314,64.80918,64.87114,1770
2025-01-03 03:00:00,0,0.6218602972687071,0.37813970273129294,Sell,64.87999,64.977356,64.85344,64.968506,723
2025-01-03 04:00:00,0,0.5676971930693437,0.43230280693065626,Sell,64.968506,64.986206,64.9154,64.9154,434
2025-01-03 05:00:00,0,0.5690418965127146,0.43095810348728536,Sell,64.9154,64.9154,64.81803,64.84459,753
2025-01-03 06:00:00,0,0.5606328483864635,0.43936715161353646,Sell,64.82688,64.84459,64.73837,64.74722,1054
2025-01-03 07:00:00,0,0.5766223428498328,0.4233776571501672,Sell,64.74722,64.79148,64.685265,64.694115,1740
2025-01-03 08:00:00,0,0.5351816902908956,0.4648183097091044,Sell,64.702965,64.83573,64.6056,64.63216,5186
2025-01-03 09:00:00,0,0.507269707538734,0.492730292461266,Sell,64.63216,64.72952,64.384315,64.46398,5629
2025-01-03 10:00:00,0,0.4928346803350077,0.5071653196649923,Hold,64.47283,64.59675,64.39317,64.42857,3655
2025-01-03 11:00:00,0,0.505292272093156,0.49470772790684403,Sell,64.42857,64.676414,64.348915,64.65871,3558
2025-01-03 12:00:00,0,0.5061168756066396,0.49388312439336035,Sell,64.65871,64.75607,64.53479,64.694115,6055
2025-01-03 13:00:00,0,0.6198787420233351,0.38012125797666485,Sell,64.694115,65.13668,64.59675,65.039314,13529
2025-01-03 14:00:00,0,0.5969170871346682,0.4030829128653318,Sell,65.039314,65.18979,64.9331,65.11897,18327
2025-01-03 15:00:00,0,0.6330966508188002,0.3669033491811998,Sell,65.10127,65.36681,65.10127,65.331406,15967
2025-01-03 16:00:00,0,0.6802880049973682,0.3197119950026318,Sell,65.340256,65.54384,65.18979,65.53499,18130
2025-01-03 17:00:00,0,0.7022495627460985,0.2977504372539015,Sell,65.54384,65.78282,65.49073,65.76512,14786
2025-01-03 18:00:00,0,0.6402779982788407,0.3597220017211593,Sell,65.76512,65.80938,65.402214,65.54384,17865
2025-01-03 19:00:00,0,0.6333841920430208,0.36661580795697923,Sell,65.53499,65.61465,65.41107,65.6058,17559
2025-01-03 20:00:00,0,0.6312395377939412,0.36876046220605885,Sell,65.6058,65.632355,65.49073,65.51729,3358
2025-01-03 21:00:00,0,0.6379665545427077,0.3620334454572923,Sell,65.51729,65.57925,65.49073,65.56154,1778
2025-01-05 23:00:00,0,0.6629377181896884,0.3370622818103116,Sell,65.54384,65.74742,65.46418,65.658905,2613
2025-01-06 00:00:00,0,0.6379104913931036,0.36208950860689637,Sell,65.658905,65.70316,65.42877,65.44647,1531
2025-01-06 01:00:00,0,0.6669624167521662,0.33303758324783383,Sell,65.45532,65.84478,65.45532,65.61465,3170
2025-01-06 02:00:00,0,0.6161786030980264,0.3838213969019736,Sell,65.6235,65.6235,65.44647,65.46418,1969
2025-01-06 03:00:00,0,0.5924085120050946,0.4075914879949054,Sell,65.47303,65.49073,65.322556,65.331406,1258
2025-01-06 04:00:00,0,0.5694392172527947,0.43056078274720533,Sell,65.331406,65.393364,65.17208,65.18094,2435
2025-01-06 05:00:00,0,0.5626617443937362,0.4373382556062638,Sell,65.18979,65.25175,65.14553,65.22519,1542
2025-01-06 06:00:00,0,0.5859246500455335,0.4140753499544665,Sell,65.22519,65.2783,65.18094,65.26945,1045
2025-01-06 07:00:00,0,0.5799587394497555,0.4200412605502445,Sell,65.2606,65.37566,65.17208,65.22519,2764
2025-01-06 08:00:00,0,0.5782566446024254,0.42174335539757457,Sell,65.22519,65.2606,65.08357,65.23404,5885
2025-01-06 09:00:00,0,0.6184052648759951,0.3815947351240049,Sell,65.2429,65.402214,65.12783,65.304855,5260
2025-01-06 10:00:00,0,0.630185432592118,0.369814567407882,Sell,65.304855,65.55269,65.25175,65.44647,4033
2025-01-06 11:00:00,0,0.7113378359269389,0.2886621640730611,Sell,65.44647,65.73856,65.37566,65.72086,6346
2025-01-06 12:00:00,0,0.7142416591419256,0.2857583408580744,Sell,65.72086,66.08377,65.69431,65.915596,8885
2025-01-06 13:00:00,0,0.68827585628537,0.31172414371463,Sell,65.915596,65.986404,65.57039,65.71201,11695
2025-01-06 14:00:00,1,0.723572125276816,0.276427874723184,Sell,65.72086,66.322754,65.70316,66.269646,26309
2025-01-06 15:00:00,0,0.5947790812897386,0.40522091871026145,Sell,66.278496,66.37586,65.53499,65.6058,23946
2025-01-06 16:00:00,0,0.5932134571843366,0.4067865428156634,Sell,65.6058,65.82708,65.45532,65.70316,18344
2025-01-06 17:00:00,0,0.4274569539092467,0.5725430460907532,Hold,65.71201,65.71201,65.12783,65.16323,15339
2025-01-06 18:00:00,0,0.3944748691959478,0.6055251308040521,Hold,65.16323,65.18094,64.79148,64.9331,17197
2025-01-06 19:00:00,0,0.3717884899442688,0.6282115100557313,Hold,64.9331,65.23404,64.88884,65.07472,15948
2025-01-06 20:00:00,0,0.4048458296775306,0.5951541703224694,Hold,65.06587,65.09242,64.959656,65.00391,2869
2025-01-06 21:00:00,0,0.39386183925316365,0.6061381607468364,Hold,65.00391,65.06587,64.9331,64.995056,1856
2025-01-06 23:00:00,0,0.4131951220901019,0.5868048779098981,Hold,65.00391,65.039314,64.87999,64.90655,1031
2025-01-07 00:00:00,0,0.41197476589839216,0.5880252341016079,Hold,64.90655,64.959656,64.87999,64.9154,462
2025-01-07 01:00:00,0,0.42907110909571256,0.5709288909042874,Hold,64.92425,64.959656,64.77377,64.959656,1940
2025-01-07 02:00:00,0,0.42032121694264135,0.5796787830573586,Hold,64.959656,65.021614,64.88884,64.977356,1258
2025-01-07 03:00:00,0,0.43204711903208026,0.5679528809679197,Hold,64.977356,65.057014,64.90655,65.039314,1066
2025-01-07 04:00:00,0,0.4692315470092978,0.5307684529907022,Hold,65.039314,65.048164,64.968506,65.00391,459
2025-01-07 05:00:00,0,0.4837418126184696,0.5162581873815304,Hold,65.012764,65.07472,64.986206,65.057014,787
2025-01-07 06:00:00,0,0.48807512282615484,0.5119248771738452,Hold,65.057014,65.09242,64.94195,65.012764,942
2025-01-07 07:00:00,0,0.5004708657637217,0.4995291342362783,Sell,65.012764,65.057014,64.84459,64.85344,2174
2025-01-07 08:00:00,0,0.4121337633069254,0.5878662366930746,Hold,64.86229,65.07472,64.711815,64.720665,4952
2025-01-07 09:00:00,0,0.46655583857363,0.5334441614263701,Hold,64.72952,65.057014,64.720665,65.00391,7512
2025-01-07 10:00:00,0,0.5228125928870075,0.47718740711299246,Sell,65.012764,65.37566,64.968506,65.331406,5913
2025-01-07 11:00:00,0,0.5746414999380475,0.4253585000619525,Sell,65.322556,65.650055,65.322556,65.6235,6798
2025-01-07 12:00:00,0,0.4803827848574667,0.5196172151425333,Hold,65.6235,65.676605,65.49958,65.53499,5309
2025-01-07 13:00:00,0,0.5213874005203242,0.4786125994796758,Sell,65.54384,65.61465,65.34911,65.53499,9631
2025-01-07 14:00:00,0,0.5235185476615904,0.47648145233840955,Sell,65.53499,65.78282,65.304855,65.71201,21565
2025-01-07 15:00:00,0,0.5403415137449311,0.4596584862550689,Sell,65.70316,65.74742,65.53499,65.72971,18775
2025-01-07 16:00:00,0,0.4894245966298216,0.5105754033701784,Hold,65.73856,65.89789,65.331406,65.57039,18348
2025-01-07 17:00:00,0,0.578682434637853,0.42131756536214704,Sell,65.57925,65.82708,65.56154,65.80053,9425
2025-01-07 18:00:00,0,0.5915449058849199,0.4084550941150801,Sell,65.80053,65.968704,65.70316,65.72086,11691
2025-01-07 19:00:00,0,0.6325560990915362,0.3674439009084638,Sell,65.72086,65.89789,65.61465,65.87134,13120
2025-01-07 20:00:00,0,0.5566564175110871,0.4433435824889129,Sell,65.87134,65.88904,65.685455,65.72086,3137
2025-01-07 21:00:00,0,0.623079865735768,0.376920134264232,Sell,65.72086,65.915596,65.69431,65.87134,3066
2025-01-07 23:00:00,0,0.6606562592817747,0.33934374071822526,Sell,65.95985,66.18998,65.95985,66.11032,2357
2025-01-08 00:00:00,0,0.6095090611616225,0.3904909388383775,Sell,66.10147,66.16343,66.06606,66.09262,826
2025-01-08 01:00:00,0,0.6139828446061038,0.38601715539389625,Sell,66.09262,66.18998,66.03951,66.12802,2872
2025-01-08 02:00:00,0,0.6199387817387212,0.3800612182612788,Sell,66.12802,66.14573,65.951,65.995255,2210
2025-01-08 03:00:00,0,0.6272912289262537,0.37270877107374634,Sell,65.995255,66.11917,65.951,65.995255,1136
2025-01-08 04:00:00,0,0.6326525197617314,0.3673474802382686,Sell,66.004105,66.12802,65.977554,66.05721,830
2025-01-08 05:00:00,0,0.6627043189809065,0.33729568101909346,Sell,66.04836,66.287346,66.04836,66.260796,1443
2025-01-08 06:00:00,0,0.6269715277340717,0.3730284722659283,Sell,66.260796,66.3139,66.07491,66.08377,2345
2025-01-08 07:00:00,0,0.6525603309336522,0.3474396690663478,Sell,66.08377,66.22539,66.004105,66.21654,2285
2025-01-08 08:00:00,1,0.7327561961270564,0.26724380387294355,Sell,66.21654,66.632545,66.18998,66.632545,9723
2025-01-08 09:00:00,1,0.6540297028475561,0.3459702971524439,Sell,66.632545,66.641396,66.36701,66.49978,6202
2025-01-08 10:00:00,0,0.63553640115891,0.36446359884109003,Sell,66.49978,66.614845,65.84478,65.90674,9317
2025-01-08 11:00:00,1,0.5977214738698751,0.40227852613012494,Sell,65.90674,66.17228,65.72971,66.11917,10475
2025-01-08 12:00:00,1,0.5868269467233249,0.4131730532766751,Sell,66.12802,66.305046,66.012955,66.18998,5443
2025-01-08 13:00:00,1,0.5811521965396441,0.4188478034603559,Sell,66.18998,66.278496,65.78282,65.95985,9149
2025-01-08 14:00:00,1,0.5406395450554029,0.4593604549445971,Sell,65.968704,66.04836,65.685455,65.88019,16965
2025-01-08 15:00:00,0,0.43181646366481197,0.568183536335188,Hold,65.87134,65.986404,65.50843,65.57925,21763
2025-01-08 16:00:00,0,0.4252887226396298,0.5747112773603702,Hold,65.57039,65.57925,64.83573,64.977356,30036
2025-01-08 17:00:00,0,0.33268699557529247,0.6673130044247075,Hold,64.977356,65.07472,64.81803,64.90655,12512
2025-01-08 18:00:00,0,0.3890959087085303,0.6109040912914697,Hold,64.90655,64.959656,64.75607,64.79148,10762
2025-01-08 19:00:00,0,0.34255554069575433,0.6574444593042457,Hold,64.80033,65.048164,64.76492,64.986206,17073
2025-01-08 20:00:00,0,0.3412853389446943,0.6587146610553056,Hold,64.995056,65.048164,64.8977,64.968506,3580
2025-01-08 21:00:00,0,0.3642301690765593,0.6357698309234407,Hold,64.959656,64.968506,64.87114,64.8977,1957
2025-01-08 23:00:00,0,0.43448936368624286,0.5655106363137572,Hold,64.8977,64.90655,64.81803,64.81803,649
2025-01-09 00:00:00,0,0.47758121666839526,0.5224187833316047,Hold,64.81803,64.85344,64.78262,64.85344,722
2025-01-09 01:00:00,0,0.4685712176535468,0.5314287823464532,Hold,64.85344,64.88884,64.47283,64.54364,4113
2025-01-09 02:00:00,0,0.5084009605406492,0.4915990394593508,Sell,64.53479,64.720665,64.53479,64.711815,1350
2025-01-09 03:00:00,0,0.4898579147252832,0.5101420852747168,Hold,64.702965,64.86229,64.694115,64.81803,1728
2025-01-09 04:00:00,0,0.4887775326006861,0.5112224673993139,Hold,64.80918,64.81803,64.74722,64.79148,508
2025-01-09 05:00:00,0,0.4857114058296324,0.5142885941703677,Hold,64.80033,64.94195,64.72952,64.9331,1092
2025-01-09 06:00:00,0,0.4588961653982144,0.5411038346017856,Hold,64.9331,65.030464,64.87999,64.986206,1703
2025-01-09 07:00:00,0,0.4928051520573065,0.5071948479426935,Hold,64.986206,65.057014,64.711815,64.711815,3012
2025-01-09 08:00:00,0,0.5092155589860275,0.49078444101397245,Sell,64.711815,65.048164,64.685265,64.720665,4937
2025-01-09 09:00:00,0,0.486390946393828,0.5136090536061719,Hold,64.72952,64.87999,64.59675,64.83573,4369
2025-01-09 10:00:00,0,0.520436784326352,0.479563215673648,Sell,64.84459,64.995056,64.720665,64.977356,3729
2025-01-09 11:00:00,0,0.48087890592727234,0.5191210940727277,Hold,64.968506,65.07472,64.8977,65.030464,3403
2025-01-09 12:00:00,0,0.5107333284769497,0.48926667152305026,Sell,65.030464,65.2783,65.00391,65.21634,4994
2025-01-09 13:00:00,0,0.5270138225905151,0.4729861774094849,Sell,65.22519,65.2783,65.021614,65.18094,8391
2025-01-09 14:00:00,0,0.5423592313323139,0.4576407686676861,Sell,65.18094,65.402214,65.10127,65.2429,14322
2025-01-09 15:00:00,0,0.5791129241074563,0.4208870758925437,Sell,65.23404,65.676605,65.22519,65.54384,11460
2025-01-09 16:00:00,0,0.5570452027929464,0.44295479720705355,Sell,65.53499,65.72971,65.44647,65.6235,10674
2025-01-09 17:00:00,0,0.5224026310535166,0.4775973689464834,Sell,65.6235,65.72086,65.44647,65.59695,8551
2025-01-09 18:00:00,0,0.46778077180349836,0.5322192281965017,Hold,65.6058,65.69431,65.44647,65.54384,8076
2025-01-09 19:00:00,0,0.5164361549354773,0.48356384506452266,Sell,65.54384,65.72086,65.384514,65.72086,12237
2025-01-09 20:00:00,0,0.4769974289579701,0.5230025710420299,Hold,65.71201,65.74742,65.632355,65.72086,2449
2025-01-09 21:00:00,0,0.5094247129364041,0.4905752870635959,Sell,65.71201,65.78282,65.61465,65.75627,1778
2025-01-09 23:00:00,0,0.5093252283855018,0.49067477161449824,Sell,65.75627,65.76512,65.667755,65.71201,617
2025-01-10 00:00:00,0,0.5008432319196005,0.49915676808039955,Sell,65.72086,65.73856,65.676605,65.72086,436
2025-01-10 01:00:00,0,0.46480717623570833,0.5351928237642917,Hold,65.72971,65.82708,65.54384,65.57925,2090
2025-01-10 02:00:00,0,0.4607760035554024,0.5392239964445976,Hold,65.57925,65.685455,65.51729,65.57039,1308
2025-01-10 03:00:00,0,0.4810227191730649,0.5189772808269351,Hold,65.57925,65.658905,65.53499,65.56154,828
2025-01-10 04:00:00,0,0.5145392194155356,0.4854607805844644,Sell,65.56154,65.72971,65.56154,65.71201,696
2025-01-10 05:00:00,0,0.5070832123050693,0.49291678769493075,Sell,65.71201,65.83593,65.70316,65.77397,969
2025-01-10 06:00:00,0,0.5166640158626143,0.48333598413738565,Sell,65.77397,65.84478,65.69431,65.80053,1440
2025-01-10 07:00:00,0,0.5957120372992777,0.4042879627007223,Sell,65.80938,66.07491,65.80053,65.986404,3577
2025-01-10 08:00:00,0,0.6373629013096243,0.36263709869037575,Sell,65.986404,66.44667,65.90674,66.322754,8778
2025-01-10 09:00:00,0,0.668203160286697,0.331796839713303,Sell,66.322754,66.99545,66.251945,66.968895,15415
2025-01-10 10:00:00,0,0.6504332532374294,0.3495667467625706,Sell,66.977745,67.13707,66.86268,67.07511,9322
2025-01-10 11:00:00,0,0.6697057814409856,0.3302942185590144,Sell,67.07511,67.889435,67.04856,67.677,14978
2025-01-10 12:00:00,0,0.6285073400580026,0.3714926599419974,Sell,67.677,67.80092,67.35835,67.78322,15670
2025-01-10 13:00:00,0,0.6820214048371663,0.31797859516283367,Sell,67.78322,68.21693,67.659294,68.09301,24366
2025-01-10 14:00:00,0,0.6609058244945686,0.3390941755054314,Sell,68.09301,68.91618,67.907135,68.243484,43093
2025-01-10 15:00:00,0,0.585682939451609,0.414317060548391,Sell,68.225784,68.3497,67.16363,67.16363,37310
2025-01-10 16:00:00,0,0.5791257357516377,0.4208742642483623,Sell,67.16363,67.54423,66.75646,67.38491,39931
2025-01-10 17:00:00,0,0.603698529089997,0.396301470910003,Sell,67.39376,67.70355,67.278694,67.570786,16252
2025-01-10 18:00:00,0,0.56862812803357,0.43137187196643,Sell,67.570786,67.7124,67.35835,67.68585,11450
2025-01-10 19:00:00,0,0.5968173566776073,0.40318264332239273,Sell,67.6947,67.94254,67.570786,67.75666,25253
2025-01-10 20:00:00,0,0.5740625121810571,0.4259374878189429,Sell,67.75666,67.86288,67.7124,67.83633,4343
2025-01-10 21:00:00,0,0.5724871184259961,0.4275128815740039,Sell,67.83633,67.889435,67.6947,67.77437,2867
2025-01-12 23:00:00,0,0.6706423578736167,0.3293576421263833,Sell,67.74781,69.3853,67.74781,69.09321,12395
2025-01-13 00:00:00,0,0.6626007856287114,0.3373992143712886,Sell,69.09321,69.34104,69.01355,69.225975,3426
2025-01-13 01:00:00,0,0.6343716853018685,0.3656283146981315,Sell,69.217125,69.34104,69.01355,69.09321,4352
2025-01-13 02:00:00,0,0.6474780414055449,0.3525219585944551,Sell,69.10206,69.225975,68.898476,68.98699,2834
2025-01-13 03:00:00,0,0.6290469861993652,0.37095301380063483,Sell,68.97814,69.00469,68.81882,68.92503,2515
2025-01-13 04:00:00,0,0.6758338388465366,0.3241661611534634,Sell,68.92503,69.208275,68.880775,69.12862,2566
2025-01-13 05:00:00,0,0.6482008439765433,0.3517991560234567,Sell,69.12862,69.199425,69.01355,69.17287,2291
2025-01-13 06:00:00,0,0.6554077465873734,0.34459225341262656,Sell,69.18172,69.25253,69.0578,69.14632,2449
2025-01-13 07:00:00,0,0.7099288430045855,0.2900711569954145,Sell,69.14632,69.14632,68.74801,68.871925,4491
2025-01-13 08:00:00,0,0.7141708779803035,0.28582912201969646,Sell,68.871925,69.553474,68.80112,69.44726,11465
2025-01-13 09:00:00,0,0.6730635126829758,0.3269364873170242,Sell,69.44726,69.50037,68.553276,68.579834,11133
2025-01-13 10:00:00,0,0.6839248679244794,0.3160751320755206,Sell,68.588684,69.18172,68.509026,69.0578,8105
2025-01-13 11:00:00,0,0.6623863014654252,0.3376136985345748,Sell,69.06665,69.39415,69.03125,69.16402,6125
2025-01-13 12:00:00,0,0.6613768448219274,0.3386231551780726,Sell,69.16402,69.3676,68.880775,69.217125,8150
2025-01-13 13:00:00,0,0.6287625572918418,0.37123744270815817,Sell,69.217125,69.225975,68.79227,68.951584,14029
2025-01-13 14:00:00,0,0.6183652956654373,0.3816347043345627,Sell,68.951584,68.96044,68.48247,68.82767,22150
2025-01-13 15:00:00,0,0.6305017638592179,0.36949823614078214,Sell,68.82767,69.44726,68.62409,69.41186,20753
2025-01-13 16:00:00,0,0.6405502336742184,0.35944976632578163,Sell,69.42071,69.93408,69.41186,69.880974,29734
2025-01-13 17:00:00,0,0.6332535982685193,0.36674640173148065,Sell,69.87212,70.06685,69.59773,69.98719,16939
2025-01-13 18:00:00,0,0.633071600236815,0.36692839976318503,Sell,69.98719,70.164215,69.67739,69.6951,15725
2025-01-13 19:00:00,0,0.6260110960575268,0.3739889039424732,Sell,69.68624,69.94293,69.571175,69.87212,22760
2025-01-13 20:00:00,0,0.5709025357122018,0.42909746428779816,Sell,69.87212,69.880974,69.61543,69.63313,4913
2025-01-13 21:00:00,0,0.5475113445102925,0.4524886554897075,Sell,69.64199,69.76591,69.59773,69.7305,3308
2025-01-13 23:00:00,0,0.5566794626245655,0.44332053737543453,Sell,69.76591,69.810165,69.6951,69.78361,1392
2025-01-14 00:00:00,0,0.46437308265712707,0.5356269173428729,Hold,69.79246,69.80131,69.64199,69.6951,753
2025-01-14 01:00:00,0,0.4996490998612727,0.5003509001387273,Hold,69.6951,69.73935,69.535774,69.64199,2401
2025-01-14 02:00:00,0,0.5054830006280843,0.49451699937191573,Sell,69.63313,69.68624,69.3676,69.473816,2260
2025-01-14 03:00:00,0,0.5427784804544437,0.45722151954555634,Sell,69.473816,69.67739,69.42071,69.62428,1879
2025-01-14 04:00:00,0,0.5071464867525387,0.4928535132474613,Sell,69.62428,69.62428,69.43841,69.43841,750
2025-01-14 05:00:00,0,0.5161510867524152,0.48384891324758483,Sell,69.44726,69.50922,69.34989,69.43841,1450
2025-01-14 06:00:00,0,0.49433203479242915,0.5056679652075708,Hold,69.44726,69.491516,69.27023,69.3676,1393
2025-01-14 07:00:00,0,0.5083027921547227,0.49169720784527726,Sell,69.3676,69.482666,69.16402,69.30564,4725
2025-01-14 08:00:00,0,0.5997636450990982,0.4002363549009018,Sell,69.31449,69.75706,69.31449,69.61543,8530
2025-01-14 09:00:00,1,0.5973591078294161,0.40264089217058385,Sell,69.61543,70.00489,69.61543,69.94293,7796
2025-01-14 10:00:00,0,0.5341177669270077,0.46588223307299226,Sell,69.94293,69.96948,69.11091,69.199425,8815
2025-01-14 11:00:00,0,0.5754907574624231,0.42450924253757694,Sell,69.199425,69.68624,69.15517,69.66854,5701
2025-01-14 12:00:00,0,0.50830459650068,0.49169540349931995,Sell,69.65969,69.67739,69.43841,69.43841,5604
2025-01-14 13:00:00,0,0.49401860688948,0.5059813931105199,Hold,69.44726,69.491516,69.07551,69.34104,11436
2025-01-14 14:00:00,0,0.5126885884249406,0.4873114115750594,Sell,69.34104,69.403,68.7303,68.80997,19656
2025-01-14 15:00:00,0,0.48724045538022315,0.5127595446197768,Hold,68.81882,69.18172,68.570984,69.0224,21586
2025-01-14 16:00:00,0,0.41840234668232273,0.5815976533176772,Hold,69.0224,69.09321,68.517876,68.83652,21741
2025-01-14 17:00:00,0,0.3931569173545369,0.6068430826454632,Hold,68.82767,69.15517,68.72145,68.81882,11672
2025-01-14 18:00:00,0,0.38590966394695697,0.614090336053043,Hold,68.82767,68.92503,68.606384,68.72145,11202
2025-01-14 19:00:00,0,0.38211332943542736,0.6178866705645727,Hold,68.7303,68.90733,68.544426,68.62409,19753
2025-01-14 20:00:00,0,0.40444862267613574,0.5955513773238643,Hold,68.62409,68.90733,68.570984,68.889626,3291
2025-01-14 21:00:00,0,0.45782215846814306,0.542177841531857,Hold,68.889626,69.234825,68.80997,69.11976,3380
2025-01-14 23:00:00,0,0.45937395696435246,0.5406260430356475,Hold,69.06665,69.11091,68.91618,68.98699,433
2025-01-15 00:00:00,0,0.42486783365172504,0.5751321663482749,Hold,68.98699,68.99598,68.95106,68.978004,315
2025-01-15 01:00:00,0,0.4134804389561794,0.5865195610438205,Hold,68.969025,68.98699,68.69951,68.717476,1368
2025-01-15 02:00:00,0,0.3616058138383332,0.6383941861616669,Hold,68.708496,68.708496,68.51983,68.64561,1085
2025-01-15 03:00:00,0,0.3741929159443338,0.6258070840556662,Hold,68.63662,68.77138,68.591705,68.68154,519
2025-01-15 04:00:00,0,0.39341920821872,0.60658079178128,Hold,68.69052,68.9241,68.64561,68.87919,658
2025-01-15 05:00:00,0,0.43736056928725786,0.5626394307127421,Hold,68.8702,68.978004,68.780365,68.96004,830
2025-01-15 06:00:00,0,0.4907744120214672,0.5092255879785328,Hold,68.969025,69.18464,68.9241,69.10378,1019
2025-01-15 07:00:00,0,0.4961618686538913,0.5038381313461087,Hold,69.10378,69.30143,68.93309,69.05886,1979
2025-01-15 08:00:00,0,0.5165195479992777,0.4834804520007223,Sell,69.05886,69.157684,68.68154,68.69951,3834
2025-01-15 09:00:00,0,0.46956481645574105,0.5304351835442589,Hold,68.69951,68.852234,68.42101,68.789345,4561
2025-01-15 10:00:00,0,0.46404140711419756,0.5359585928858024,Hold,68.789345,69.04089,68.69951,68.7624,2906
2025-01-15 11:00:00,0,0.5476564379631488,0.4523435620368512,Sell,68.74443,68.87919,68.672554,68.86122,1625
2025-01-15 12:00:00,0,0.6225389730108574,0.37746102698914263,Sell,68.86122,69.05886,68.8163,69.00496,3804
2025-01-15 13:00:00,0,0.6839847607901968,0.31601523920980323,Sell,69.00496,69.36431,68.94207,69.3194,9944
2025-01-15 14:00:00,0,0.6404083807616632,0.3595916192383368,Sell,69.3194,69.885376,69.211586,69.86741,18172
2025-01-15 15:00:00,0,0.6805573730330637,0.31944262696693626,Sell,69.86741,69.96623,69.526024,69.570946,17257
2025-01-15 16:00:00,0,0.6534711224391143,0.3465288775608857,Sell,69.570946,70.442375,69.54399,70.21778,19753
2025-01-15 17:00:00,0,0.6274236145316108,0.3725763854683892,Sell,70.20879,70.433395,70.074036,70.39745,10289
2025-01-15 18:00:00,0,0.6041841993135654,0.3958158006864346,Sell,70.38847,70.61307,70.20879,70.505264,12422
2025-01-15 19:00:00,1,0.5940986176381238,0.40590138236187623,Sell,70.49628,71.07124,70.47831,71.06226,19247
2025-01-15 20:00:00,1,0.5443593725257466,0.4556406274742534,Sell,71.053276,71.32279,71.01734,71.0982,6546
2025-01-15 21:00:00,1,0.5650468030617428,0.4349531969382572,Sell,71.0982,71.17007,70.90055,71.116165,2698
2025-01-15 23:00:00,1,0.6022777202996271,0.3977222797003729,Sell,71.01734,71.07124,70.90954,71.02633,1411
2025-01-16 00:00:00,1,0.521893017047008,0.47810698295299203,Sell,71.02633,71.1521,70.98141,71.02633,1103
2025-01-16 01:00:00,1,0.5727770469399621,0.4272229530600379,Sell,71.01734,71.16109,70.78376,70.80173,4484
2025-01-16 02:00:00,1,0.5964522736637914,0.4035477263362086,Sell,70.80173,71.00836,70.72986,70.91852,3114
2025-01-16 03:00:00,1,0.5872667430116367,0.4127332569883633,Sell,70.90055,71.116165,70.88258,71.03531,2306
2025-01-16 04:00:00,1,0.5705095339498902,0.42949046605010976,Sell,71.03531,71.053276,70.89157,70.90954,1370
2025-01-16 05:00:00,1,0.5975718031707613,0.4024281968292387,Sell,70.90954,70.90954,70.71189,70.76579,2722
2025-01-16 06:00:00,1,0.6351226621100671,0.36487733788993293,Sell,70.76579,71.0443,70.72088,70.90055,3290
2025-01-16 07:00:00,1,0.6289325111214275,0.37106748887857255,Sell,70.90055,71.00836,70.79275,70.88258,3495
2025-01-16 08:00:00,1,0.6133078404349784,0.38669215956502156,Sell,70.873604,70.88258,70.53221,70.649,11189
2025-01-16 09:00:00,1,0.6082772747880997,0.3917227252119003,Sell,70.65799,70.738846,70.52323,70.65799,5371
2025-01-16 10:00:00,1,0.5985869638929238,0.40141303610707624,Sell,70.65799,70.747826,70.41543,70.46933,7502
2025-01-16 11:00:00,0,0.46285905927972504,0.537140940720275,Hold,70.46933,70.46933,69.86741,69.957245,9408
2025-01-16 12:00:00,0,0.5333089161161901,0.46669108388380987,Sell,69.96623,70.28067,69.85843,70.17286,13524
2025-01-16 13:00:00,1,0.5366734479658866,0.46332655203411344,Sell,70.17286,70.5951,70.092,70.5951,14964
2025-01-16 14:00:00,0,0.5297148411621986,0.4702851588378014,Sell,70.5951,70.65799,70.16388,70.379486,24483
2025-01-16 15:00:00,0,0.44778830603458347,0.5522116939654165,Hold,70.379486,70.41543,69.651794,70.00217,34167
2025-01-16 16:00:00,0,0.3698113849341616,0.6301886150658385,Hold,70.011154,70.04709,69.11276,69.69672,48568
2025-01-16 17:00:00,0,0.37934960517120814,0.6206503948287918,Hold,69.68773,70.10997,69.526024,70.05607,17988
2025-01-16 18:00:00,0,0.3463704959185037,0.6536295040814963,Hold,70.05607,70.14591,69.579926,69.642815,13552
2025-01-16 19:00:00,0,0.36185977051397716,0.6381402294860228,Hold,69.642815,70.05607,69.49009,70.011154,17670
2025-01-16 20:00:00,0,0.3241769686907847,0.6758230313092153,Hold,70.011154,70.011154,69.82249,69.9303,3256
2025-01-16 21:00:00,0,0.3572522829898064,0.6427477170101936,Hold,69.9303,70.011154,69.885376,69.99319,2198
2025-01-16 23:00:00,0,0.3814196440332696,0.6185803559667304,Hold,69.99319,70.074036,69.90334,70.05607,1018
2025-01-17 00:00:00,0,0.468403281234271,0.531596718765729,Hold,70.05607,70.15489,70.011154,70.10997,986
2025-01-17 01:00:00,1,0.5037463910784775,0.4962536089215225,Sell,70.10997,70.27168,70.08302,70.23575,2837
2025-01-17 02:00:00,1,0.5452467564131122,0.45475324358688785,Sell,70.23575,70.325584,70.19083,70.28067,1557
2025-01-17 03:00:00,1,0.5539473855381758,0.4460526144618242,Sell,70.28067,70.38847,70.24473,70.325584,1282
2025-01-17 04:00:00,1,0.5701387767923146,0.4298612232076854,Sell,70.33457,70.47831,70.33457,70.46933,1290
2025-01-17 05:00:00,1,0.5761014105529202,0.4238985894470798,Sell,70.46933,70.5412,70.34355,70.36152,2470
2025-01-17 06:00:00,1,0.6080671598353138,0.3919328401646862,Sell,70.36152,70.41543,70.27168,70.29864,1887
2025-01-17 07:00:00,1,0.6090677745595888,0.3909322254404112,Sell,70.29864,70.4873,70.14591,70.42441,5521
2025-01-17 08:00:00,1,0.6061572276749431,0.39384277232505693,Sell,70.42441,70.56815,70.17286,70.316605,7335
2025-01-17 09:00:00,1,0.602771515381565,0.39722848461843496,Sell,70.325584,70.38847,69.93928,70.22676,6295
2025-01-17 10:00:00,1,0.6126597933416269,0.3873402066583731,Sell,70.22676,70.4873,70.065056,70.24473,7107
2025-01-17 11:00:00,1,0.5541729659943028,0.44582703400569723,Sell,70.24473,70.39745,69.9842,70.02912,4680
2025-01-17 12:00:00,1,0.491903018281451,0.508096981718549,Hold,70.02912,70.136925,69.73265,69.876396,7240
2025-01-17 13:00:00,1,0.4809414462070757,0.5190585537929243,Hold,69.885376,69.91233,69.38228,69.61586,16229
2025-01-17 14:00:00,1,0.46172596167585567,0.5382740383241443,Hold,69.61586,69.96623,69.35533,69.81351,21576
2025-01-17 15:00:00,0,0.4701674733021181,0.5298325266978818,Hold,69.80452,69.948265,69.337364,69.346344,20077
2025-01-17 16:00:00,1,0.4532278161868488,0.5467721838131512,Hold,69.346344,69.84046,69.30143,69.831474,21168
2025-01-17 17:00:00,0,0.4321500562946126,0.5678499437053874,Hold,69.831474,69.85843,69.51704,69.59789,11841
2025-01-17 18:00:00,0,0.4456808369994913,0.5543191630005087,Hold,69.58891,69.71468,69.49009,69.579926,9949
2025-01-17 19:00:00,0,0.41990488849470636,0.5800951115052937,Hold,69.570946,69.84046,69.36431,69.47212,18173
2025-01-17 20:00:00,0,0.3985952318532429,0.6014047681467571,Hold,69.4811,69.63383,69.391266,69.56196,4054
2025-01-17 21:00:00,0,0.42690600909373927,0.5730939909062607,Hold,69.56196,69.642815,69.463135,69.50806,1689
2025-01-19 23:00:00,1,0.4577744272509591,0.5422255727490408,Hold,69.68773,69.84944,69.4272,69.77757,2227
2025-01-20 00:00:00,1,0.4837011968553965,0.5162988031446035,Hold,69.768585,69.948265,69.759605,69.79554,1236
2025-01-20 01:00:00,1,0.4696549154503952,0.5303450845496047,Hold,69.81351,69.876396,69.463135,69.61586,2096
2025-01-20 02:00:00,1,0.45990779817489796,0.540092201825102,Hold,69.61586,69.62485,69.400246,69.49009,1833
2025-01-20 03:00:00,1,0.44755540119425236,0.5524445988057476,Hold,69.49009,69.66078,69.43619,69.570946,1517
2025-01-20 04:00:00,1,0.48106196156047065,0.5189380384395293,Hold,69.56196,69.58891,69.47212,69.49907,764
2025-01-20 05:00:00,1,0.4628556529980604,0.5371443470019396,Hold,69.49009,69.54399,69.41822,69.44517,775
2025-01-20 06:00:00,0,0.44742542235169175,0.5525745776483082,Hold,69.454155,69.51704,69.211586,69.35533,2315
2025-01-20 07:00:00,0,0.44144584074488297,0.5585541592551171,Hold,69.35533,69.50806,69.31041,69.38228,1641
2025-01-20 08:00:00,0,0.4600216556784757,0.5399783443215243,Hold,69.391266,69.535,69.22057,69.28346,5323
2025-01-20 09:00:00,0,0.43857563054077936,0.5614243694592207,Hold,69.28346,69.38228,68.978004,69.11276,5695
2025-01-20 10:00:00,0,0.44812310111639914,0.5518768988836009,Hold,69.11276,69.29244,69.05886,69.157684,3280
2025-01-20 11:00:00,0,0.4732925391685979,0.5267074608314021,Hold,69.16667,69.40923,69.10378,69.35533,2557
2025-01-20 12:00:00,1,0.530358120654081,0.46964187934591906,Sell,69.346344,69.7057,69.337364,69.579926,4536
2025-01-20 13:00:00,0,0.48181308289499303,0.518186917105007,Hold,69.579926,69.72367,68.169464,68.25031,24473
2025-01-20 14:00:00,0,0.43990963303537867,0.5600903669646213,Hold,68.2593,68.7624,68.223366,68.43898,21021
2025-01-20 15:00:00,0,0.4240960851718536,0.5759039148281464,Hold,68.42999,68.672554,68.115555,68.27727,14862
2025-01-20 16:00:00,0,0.45155176476293934,0.5484482352370607,Hold,68.27727,68.717476,68.24133,68.717476,10521
2025-01-20 17:00:00,0,0.4542007816123676,0.5457992183876323,Hold,68.717476,68.906136,68.232346,68.74443,14370
2025-01-20 18:00:00,0,0.45350726580344675,0.5464927341965533,Hold,68.74443,68.780365,68.58272,68.61865,2679
2025-01-20 19:00:00,0,0.44528103414944326,0.5547189658505567,Hold,68.61865,68.672554,68.537796,68.60967,830
2025-01-20 23:00:00,0,0.4700773699568584,0.5299226300431417,Hold,68.57374,68.64561,68.50186,68.62764,1160
2025-01-21 00:00:00,0,0.4498306249345355,0.5501693750654645,Hold,68.61865,68.663574,68.37609,68.474915,1656
2025-01-21 01:00:00,0,0.44741510675593515,0.5525848932440649,Hold,68.46593,69.18464,68.35812,68.906136,10334
2025-01-21 02:00:00,0,0.4795842602105559,0.5204157397894441,Hold,68.897156,69.337364,68.897156,69.04988,5279
2025-01-21 03:00:00,0,0.47348762868073485,0.5265123713192652,Hold,69.04988,69.12175,68.93309,68.96004,1849
2025-01-21 04:00:00,0,0.45966366238924355,0.5403363376107564,Hold,68.969025,69.03191,68.82528,68.843254,1355
2025-01-21 05:00:00,1,0.47608566447920003,0.5239143355208,Hold,68.852234,69.04089,68.852234,68.969025,1477
2025-01-21 06:00:00,0,0.49080012967077574,0.5091998703292242,Hold,68.96004,68.99598,68.717476,68.75341,2403
2025-01-21 07:00:00,0,0.4689853713283878,0.5310146286716122,Hold,68.7624,68.82528,68.62764,68.672554,3342
2025-01-21 08:00:00,0,0.47377461598433346,0.5262253840156665,Hold,68.68154,68.780365,68.295235,68.33117,9690
2025-01-21 09:00:00,0,0.4059021433728251,0.5940978566271748,Hold,68.33117,68.51085,68.19641,68.21438,9366
2025-01-21 10:00:00,0,0.3842666352396699,0.61573336476033,Hold,68.21438,68.27727,67.83706,67.87299,12595
2025-01-21 11:00:00,0,0.3703746918270624,0.6296253081729376,Hold,67.87299,67.89995,67.55856,67.60348,10931
2025-01-21 12:00:00,0,0.35717694275650697,0.642823057243493,Hold,67.60348,68.01674,67.60348,67.93588,8392
2025-01-21 13:00:00,0,0.34564391618892365,0.6543560838110764,Hold,67.94486,67.989784,67.44177,67.46872,13286
2025-01-21 14:00:00,0,0.3260657366017404,0.6739342633982597,Hold,67.47771,68.26829,67.423805,68.07064,27002
2025-01-21 15:00:00,0,0.355471686893306,0.644528313106694,Hold,68.07064,68.40304,67.926895,68.33117,20389
2025-01-21 16:00:00,0,0.3214121960863932,0.6785878039136068,Hold,68.32219,68.51983,68.2054,68.2593,16806
2025-01-21 17:00:00,0,0.3668553235246606,0.6331446764753395,Hold,68.25031,68.56475,67.980804,68.043686,12814
2025-01-21 18:00:00,0,0.3154399234509273,0.6845600765490727,Hold,68.043686,68.1515,67.93588,68.01674,10957
2025-01-21 19:00:00,0,0.34338195047340014,0.6566180495265999,Hold,68.01674,68.3132,67.79214,68.30422,24647
2025-01-21 20:00:00,0,0.3464984937218781,0.653501506278122,Hold,68.30422,68.35812,68.223366,68.33117,4338
2025-01-21 21:00:00,0,0.3190934870415408,0.6809065129584593,Hold,68.33117,68.34016,68.13353,68.178444,2674
2025-01-21 23:00:00,0,0.32669451796538224,0.6733054820346178,Hold,68.169464,68.232346,67.989784,68.034706,1344
2025-01-22 00:00:00,0,0.40471753810325733,0.5952824618967427,Hold,68.043686,68.18743,68.02572,68.169464,821
2025-01-22 01:00:00,0,0.40417728433456546,0.5958227156654345,Hold,68.169464,68.19641,67.97182,68.07064,2902
2025-01-22 02:00:00,0,0.3839031203099014,0.6160968796900985,Hold,68.06165,68.07962,67.93588,68.034706,1577
2025-01-22 03:00:00,0,0.371581818558952,0.628418181441048,Hold,68.02572,68.14251,68.00775,68.08861,1121
2025-01-22 04:00:00,0,0.3817561996253415,0.6182438003746584,Hold,68.07962,68.16048,68.06165,68.07962,707
2025-01-22 05:00:00,0,0.37339667978272995,0.62660332021727,Hold,68.07962,68.115555,67.97182,68.00775,1041
2025-01-22 06:00:00,0,0.4241870360357137,0.5758129639642863,Hold,67.989784,67.989784,67.729256,67.74722,2638
2025-01-22 07:00:00,0,0.40751560938759057,0.5924843906124094,Hold,67.7562,67.82807,67.63043,67.79214,3471
2025-01-22 08:00:00,0,0.460673679280057,0.539326320719943,Hold,67.78316,68.1515,67.738235,68.08861,8107
2025-01-22 09:00:00,1,0.4488567776276932,0.5511432223723067,Hold,68.09759,68.54678,68.07064,68.46593,11162
2025-01-22 10:00:00,1,0.4309139814440165,0.5690860185559835,Hold,68.474915,68.672554,68.37609,68.60967,7061
2025-01-22 11:00:00,1,0.42199365497862656,0.5780063450213735,Hold,68.60967,68.68154,68.25031,68.33117,5500
2025-01-22 12:00:00,1,0.4123541492162093,0.5876458507837907,Hold,68.34016,68.40304,67.99877,68.115555,5995
2025-01-22 13:00:00,1,0.45102771668373026,0.5489722833162698,Hold,68.12454,68.3132,67.84605,68.26829,15240
2025-01-22 14:00:00,0,0.38864855374266805,0.611351446257332,Hold,68.26829,68.32219,67.69332,67.72027,19925
2025-01-22 15:00:00,0,0.3595481627205031,0.640451837279497,Hold,67.729256,68.33117,67.67535,67.95385,32828
2025-01-22 16:00:00,1,0.3516976854949454,0.6483023145050546,Hold,67.95385,68.169464,67.66637,68.13353,18950
2025-01-22 17:00:00,1,0.3837824629454402,0.6162175370545597,Hold,68.14251,68.42999,68.02572,68.1515,12136
2025-01-22 18:00:00,0,0.3523703705138186,0.6476296294861814,Hold,68.1515,68.169464,67.77417,67.88198,11139
2025-01-22 19:00:00,0,0.299380157291852,0.700619842708148,Hold,67.88198,67.917915,67.738235,67.7562,11285
2025-01-22 20:00:00,0,0.309599662364823,0.690400337635177,Hold,67.76519,67.84605,67.738235,67.76519,3433
2025-01-22 21:00:00,0,0.3171398056281335,0.6828601943718665,Hold,67.76519,67.78316,67.69332,67.74722,3795
2025-01-22 23:00:00,0,0.2917170039420755,0.7082829960579244,Hold,67.729256,67.74722,67.549576,67.57653,1492
2025-01-23 00:00:00,0,0.30940147909142574,0.6905985209085743,Hold,67.58551,67.63043,67.55856,67.612465,704
2025-01-23 01:00:00,0,0.3200269918960758,0.6799730081039241,Hold,67.621445,67.67535,67.55856,67.57653,2188
2025-01-23 02:00:00,0,0.3585568748682924,0.6414431251317076,Hold,67.57653,67.63043,67.52262,67.5945,1485
2025-01-23 03:00:00,0,0.3775924624374716,0.6224075375625284,Hold,67.58551,67.63043,67.549576,67.55856,708
2025-01-23 04:00:00,0,0.3936920609966335,0.6063079390033665,Hold,67.55856,67.56754,67.52262,67.53161,626
2025-01-23 05:00:00,0,0.4129865644434755,0.5870134355565245,Hold,67.53161,67.63043,67.52262,67.55856,1072
2025-01-23 06:00:00,0,0.405070563359443,0.594929436640557,Hold,67.55856,67.621445,67.423805,67.45075,2594
2025-01-23 07:00:00,0,0.423492064008857,0.5765079359911429,Hold,67.45974,67.65738,67.39685,67.63941,2359
2025-01-23 08:00:00,0,0.4371553230186953,0.5628446769813047,Hold,67.63941,68.01674,67.5945,67.86401,8423
2025-01-23 09:00:00,0,0.4493918942926437,0.5506081057073563,Hold,67.87299,67.99877,67.6484,67.65738,5074
2025-01-23 10:00:00,0,0.43655519951666766,0.5634448004833323,Hold,67.6484,67.87299,67.54059,67.84605,6480
2025-01-23 11:00:00,1,0.4381227395976482,0.5618772604023519,Hold,67.85503,68.169464,67.85503,68.09759,6298
2025-01-23 12:00:00,1,0.4315857489245777,0.5684142510754223,Hold,68.08861,68.115555,67.86401,68.06165,4693
2025-01-23 13:00:00,0,0.46089422749728015,0.5391057725027198,Hold,68.06165,68.115555,67.7023,67.90893,10388
2025-01-23 14:00:00,1,0.4501833408491587,0.5498166591508413,Hold,67.89995,68.2593,67.7023,68.232346,18362
2025-01-23 15:00:00,1,0.5251314081678858,0.47486859183211416,Sell,68.232346,68.27727,67.90893,67.97182,15643
2025-01-23 16:00:00,0,0.4373199409123725,0.5626800590876275,Hold,67.97182,68.12454,66.83087,67.19022,61976
2025-01-23 17:00:00,0,0.42283538619970273,0.5771646138002973,Hold,67.19022,67.57653,67.064445,67.44177,20818
2025-01-23 18:00:00,0,0.46590482134674466,0.5340951786532553,Hold,67.45075,67.48669,66.96562,67.10038,15464
2025-01-23 19:00:00,0,0.4339191447161928,0.5660808552838072,Hold,67.10038,67.17226,66.8129,66.90274,19132
2025-01-23 20:00:00,0,0.4295024301108262,0.5704975698891738,Hold,66.91172,66.95664,66.67814,66.72306,7979
2025-01-23 21:00:00,0,0.40547470059866647,0.5945252994013335,Hold,66.71408,66.76798,66.60627,66.73205,3515
2025-01-23 23:00:00,0,0.4024975161546608,0.5975024838453392,Hold,66.750015,66.78595,66.65119,66.71408,1583
2025-01-24 00:00:00,0,0.3792597600634724,0.6207402399365276,Hold,66.70509,66.750015,66.687126,66.70509,766
2025-01-24 01:00:00,0,0.44292901077394037,0.5570709892260597,Hold,66.70509,66.83985,66.48948,66.821884,3575
2025-01-24 02:00:00,0,0.4292344372885014,0.5707655627114986,Hold,66.821884,67.02851,66.8129,67.010544,2569
2025-01-24 03:00:00,0,0.407471800618324,0.592528199381676,Hold,67.01953,67.02851,66.83087,66.91172,1721
2025-01-24 04:00:00,0,0.43689148747969475,0.5631085125203052,Hold,66.91172,67.02851,66.89375,66.96562,1171
2025-01-24 05:00:00,0,0.4140777413710097,0.5859222586289903,Hold,66.96562,67.02851,66.938675,67.001564,1017
2025-01-24 06:00:00,0,0.4437722286612895,0.5562277713387105,Hold,67.001564,67.04648,66.92969,66.96562,1847
2025-01-24 07:00:00,0,0.4802280358920302,0.5197719641079698,Hold,66.96562,67.13632,66.90274,67.10038,4335
2025-01-24 08:00:00,0,0.4510355532645677,0.5489644467354323,Hold,67.10937,67.1992,66.866806,67.0375,5872
2025-01-24 09:00:00,0,0.4963688935474223,0.5036311064525777,Hold,67.0375,67.369896,67.001564,67.23514,7487
2025-01-24 10:00:00,1,0.5139217661308964,0.48607823386910365,Sell,67.22616,67.432785,67.16327,67.40584,5127
2025-01-24 11:00:00,1,0.4600909725016697,0.5399090274983303,Hold,67.39685,67.46872,67.22616,67.32498,5712
2025-01-24 12:00:00,1,0.494433718028807,0.505566281971193,Hold,67.315994,67.51364,67.28006,67.37888,8580
2025-01-24 13:00:00,0,0.46439821804270476,0.5356017819572952,Hold,67.38786,67.52262,67.13632,67.1992,11996
2025-01-24 14:00:00,0,0.48078451651902937,0.5192154834809706,Hold,67.1992,67.56754,66.83985,66.866806,25386
2025-01-24 15:00:00,0,0.48412742015153026,0.5158725798484698,Hold,66.866806,67.07343,66.65119,66.750015,24133
2025-01-24 16:00:00,0,0.4324029692608556,0.5675970307391445,Hold,66.74103,67.0914,66.5883,66.60627,20144
2025-01-24 17:00:00,0,0.5109120692837299,0.4890879307162701,Sell,66.61526,66.875786,66.55237,66.8129,13483
2025-01-24 18:00:00,1,0.5336349849610165,0.46636501503898353,Sell,66.80392,67.22616,66.73205,67.18124,14458
2025-01-24 19:00:00,0,0.5313707557057524,0.46862924429424757,Sell,67.19022,67.23514,66.96562,67.07343,17105
2025-01-24 20:00:00,0,0.5464328260854154,0.45356717391458456,Sell,67.07343,67.18124,67.010544,67.02851,3147
2025-01-24 21:00:00,0,0.5474124580668988,0.45258754193310125,Sell,67.01953,67.0375,66.95664,67.01953,1821
2025-01-26 23:00:00,0,0.5222164053739141,0.4777835946260859,Sell,66.96562,67.01953,66.570335,66.62424,2979
2025-01-27 00:00:00,0,0.45223811533790137,0.5477618846620986,Hold,66.62424,66.66916,66.23793,66.31879,3807
2025-01-27 01:00:00,0,0.44083921487120303,0.559160785128797,Hold,66.31879,66.4266,66.18403,66.30082,5514
2025-01-27 02:00:00,0,0.4818899700709347,0.5181100299290653,Hold,66.30981,66.561356,66.22895,66.5344,4121
2025-01-27 03:00:00,0,0.4445429054806118,0.5554570945193882,Hold,66.5344,66.70509,66.49847,66.66916,2526
2025-01-27 04:00:00,0,0.4449188083137751,0.5550811916862248,Hold,66.66916,66.67814,66.55237,66.570335,899
2025-01-27 05:00:00,0,0.4318495229971006,0.5681504770028993,Hold,66.570335,66.57932,66.453545,66.4805,1072
2025-01-27 06:00:00,0,0.46726642535844,0.53273357464156,Hold,66.47151,66.67814,66.4266,66.65119,2500
2025-01-27 07:00:00,0,0.4808545529380084,0.5191454470619916,Hold,66.65119,66.79493,66.57932,66.65119,4080
2025-01-27 08:00:00,0,0.5438463067077596,0.4561536932922404,Sell,66.65119,67.010544,66.65119,66.97461,8430
2025-01-27 09:00:00,0,0.5852581514766866,0.4147418485233134,Sell,66.96562,67.28905,66.77696,67.13632,7829
2025-01-27 10:00:00,1,0.5836354339011535,0.41636456609884653,Sell,67.1453,67.51364,67.10038,67.10937,7901
2025-01-27 11:00:00,1,0.49863042559241905,0.501369574407581,Hold,67.10937,67.1453,66.69611,66.71408,7666
2025-01-27 12:00:00,0,0.4591419020423592,0.5408580979576407,Hold,66.72306,66.78595,66.4805,66.57932,7611
2025-01-27 13:00:00,1,0.5332905369204937,0.46670946307950634,Sell,66.57932,66.85782,66.49847,66.83985,9252
2025-01-27 14:00:00,1,0.5252982465953033,0.47470175340469667,Sell,66.83087,66.947655,66.633224,66.90274,16470
2025-01-27 15:00:00,0,0.3788036716383745,0.6211963283616255,Hold,66.89375,66.99258,65.96842,66.06724,28388
2025-01-27 16:00:00,0,0.28982609075095855,0.7101739092490414,Hold,66.04927,66.085205,65.26768,65.30361,33586
2025-01-27 17:00:00,0,0.26327928922057825,0.7367207107794218,Hold,65.30361,65.49227,65.025116,65.213776,26698
2025-01-27 18:00:00,0,0.29469481153268323,0.7053051884673167,Hold,65.222755,65.60008,65.222755,65.54618,12892
2025-01-27 19:00:00,0,0.2990315478270207,0.7009684521729793,Hold,65.53719,65.82468,65.519226,65.582115,21404
2025-01-27 20:00:00,0,0.3211927218268587,0.6788072781731413,Hold,65.591095,65.75281,65.56415,65.653984,3040
2025-01-27 21:00:00,0,0.32032532741975994,0.6796746725802401,Hold,65.645,65.707886,65.60008,65.67195,1808
2025-01-27 23:00:00,0,0.32504750143390443,0.6749524985660955,Hold,65.71687,65.779755,65.653984,65.68094,1233
2025-01-28 00:00:00,0,0.39148818542861,0.6085118145713899,Hold,65.68094,65.73484,65.662964,65.68094,655
2025-01-28 01:00:00,0,0.46644821800079767,0.5335517819992024,Hold,65.68094,65.90553,65.68094,65.79772,3144
2025-01-28 02:00:00,0,0.4826453181977616,0.5173546818022384,Hold,65.78874,65.84264,65.698906,65.80671,1665
2025-01-28 03:00:00,0,0.46119116158890433,0.5388088384110956,Hold,65.81569,65.82468,65.653984,65.75281,1532
2025-01-28 04:00:00,0,0.4988674714984394,0.5011325285015606,Hold,65.75281,66.06724,65.75281,65.91451,4770
2025-01-28 05:00:00,0,0.46958012892012024,0.5304198710798798,Hold,65.90553,66.085205,65.87858,66.02232,1673
2025-01-28 06:00:00,0,0.4777699531762932,0.5222300468237068,Hold,66.02232,66.085205,65.96842,66.013336,1502
2025-01-28 07:00:00,0,0.5206448581592067,0.4793551418407933,Sell,66.02232,66.35472,65.9774,66.327774,6216
2025-01-28 08:00:00,0,0.48174033489509566,0.5182596651049043,Hold,66.336754,66.36371,65.98639,66.17505,6563
2025-01-28 09:00:00,0,0.48672689903762273,0.5132731009623772,Hold,66.17505,66.264885,65.91451,65.959435,5885
2025-01-28 10:00:00,0,0.4724423145815988,0.5275576854184012,Hold,65.959435,66.21098,65.85163,66.148094,6152
2025-01-28 11:00:00,0,0.47118462463675814,0.5288153753632419,Hold,66.15708,66.255905,66.00436,66.193016,4648
2025-01-28 12:00:00,0,0.46996930317852226,0.5300306968214777,Hold,66.193016,66.30981,66.12115,66.18403,4846
2025-01-28 13:00:00,0,0.4826658625104568,0.5173341374895433,Hold,66.18403,66.66017,66.11216,66.35472,16351
2025-01-28 14:00:00,0,0.4164492695020246,0.5835507304979755,Hold,66.34574,66.758995,65.779755,65.98639,32922
2025-01-28 15:00:00,0,0.38976962367996354,0.6102303763200365,Hold,65.98639,66.16606,65.68094,65.79772,16207
2025-01-28 16:00:00,0,0.34995065380760704,0.650049346192393,Hold,65.79772,65.9235,65.519226,65.63602,15406
2025-01-28 17:00:00,0,0.40031287404130134,0.5996871259586987,Hold,65.63602,65.9774,65.60906,65.68094,11809
2025-01-28 18:00:00,0,0.5047159790107145,0.4952840209892855,Sell,65.68094,66.37269,65.582115,66.35472,19425
2025-01-28 19:00:00,0,0.557850556124783,0.44214944387521704,Sell,66.35472,66.49847,66.148094,66.336754,24565
2025-01-28 20:00:00,1,0.5692100813768406,0.4307899186231594,Sell,66.327774,66.46253,66.30082,66.4266,5497
2025-01-28 21:00:00,1,0.5778824875010132,0.42211751249898677,Sell,66.4266,66.50745,66.29184,66.46253,3097
2025-01-28 23:00:00,1,0.5443439516190495,0.45565604838095053,Sell,66.43558,66.46253,66.327774,66.34574,741
2025-01-29 00:00:00,1,0.595175117791049,0.40482488220895096,Sell,66.34574,66.41761,66.327774,66.39964,465
2025-01-29 01:00:00,1,0.5483263811112147,0.4516736188887853,Sell,66.40863,66.453545,66.24692,66.255905,1381
2025-01-29 02:00:00,0,0.5295167823534834,0.47048321764651657,Sell,66.24692,66.30981,66.18403,66.18403,1355
2025-01-29 03:00:00,0,0.5880613330340259,0.41193866696597414,Sell,66.18403,66.23793,66.085205,66.201996,4028
2025-01-29 04:00:00,0,0.5884635046504831,0.41153649534951686,Sell,66.201996,66.22895,66.148094,66.17505,850
2025-01-29 05:00:00,0,0.5777827221688404,0.4222172778311596,Sell,66.17505,66.17505,66.085205,66.12115,1154
2025-01-29 06:00:00,0,0.5846641787839658,0.4153358212160342,Sell,66.13013,66.327774,66.12115,66.21996,1379
2025-01-29 07:00:00,1,0.5853820266239123,0.41461797337608775,Sell,66.21996,66.4805,66.193016,66.34574,3084
2025-01-29 08:00:00,1,0.5164446232650712,0.48355537673492877,Sell,66.336754,66.55237,66.0313,66.0313,7987
2025-01-29 09:00:00,0,0.5022323021971199,0.4977676978028801,Sell,66.0313,66.04927,65.53719,65.662964,12822
2025-01-29 10:00:00,0,0.43379565295308126,0.5662043470469187,Hold,65.653984,65.770775,65.519226,65.60008,6427
2025-01-29 11:00:00,0,0.5044055356853336,0.49559446431466636,Sell,65.591095,66.04029,65.528206,65.73484,7036
2025-01-29 12:00:00,1,0.5617719283423871,0.4382280716576129,Sell,65.72585,66.076225,65.68992,66.04927,6033
2025-01-29 13:00:00,0,0.45278905038030776,0.5472109496196922,Hold,66.04927,66.16606,65.85163,65.9235,8216
2025-01-29 14:00:00,0,0.4619515362488815,0.5380484637511185,Hold,65.9235,65.99537,65.63602,65.86061,16350
2025-01-29 15:00:00,1,0.5412374555195695,0.4587625444804305,Sell,65.8696,66.23793,65.78874,66.02232,20228
2025-01-29 16:00:00,0,0.48164908816969926,0.5183509118303007,Hold,66.013336,66.085205,65.67195,65.96842,18770
2025-01-29 17:00:00,0,0.37605919769400886,0.6239408023059911,Hold,65.96842,65.98639,65.159874,65.18682,25230
2025-01-29 18:00:00,0,0.38967603327115496,0.610323966728845,Hold,65.19581,65.55516,64.980194,65.49227,19495
2025-01-29 19:00:00,0,0.44533508210768824,0.5546649178923118,Hold,65.49227,65.582115,65.19581,65.50126,20295
2025-01-29 20:00:00,0,0.4215886984305094,0.5784113015694906,Hold,65.48329,65.53719,65.37548,65.51024,2778
2025-01-29 21:00:00,0,0.40243855877385,0.5975614412261501,Hold,65.51024,65.62703,65.465324,65.591095,1844
2025-01-29 23:00:00,0,0.4040474576631903,0.5959525423368097,Hold,65.582115,65.645,65.45634,65.50126,1224
2025-01-30 00:00:00,0,0.45518443133364705,0.544815568666353,Hold,65.51024,65.519226,65.43837,65.465324,677
2025-01-30 01:00:00,0,0.4852588602991951,0.5147411397008048,Hold,65.45634,65.474304,65.35751,65.465324,2383
2025-01-30 02:00:00,0,0.4785126532797668,0.5214873467202332,Hold,65.465324,65.465324,65.222755,65.24971,2386
2025-01-30 03:00:00,0,0.47200307281620096,0.527996927183799,Hold,65.2587,65.3126,65.24072,65.276665,981
2025-01-30 04:00:00,0,0.4848197326470122,0.5151802673529877,Hold,65.276665,65.29463,65.159874,65.159874,1302
2025-01-30 05:00:00,0,0.5090919608039458,0.4909080391960542,Sell,65.159874,65.32158,65.15089,65.285645,1130
2025-01-30 06:00:00,0,0.48688948224577727,0.5131105177542228,Hold,65.285645,65.34853,65.276665,65.285645,988
2025-01-30 07:00:00,0,0.46957692729976114,0.5304230727002388,Hold,65.29463,65.33057,65.159874,65.20479,2623
2025-01-30 08:00:00,0,0.37935986261528176,0.6206401373847182,Hold,65.213776,65.29463,64.89934,65.00715,8585
2025-01-30 09:00:00,0,0.41135698935258236,0.5886430106474176,Hold,65.01613,65.06105,64.7017,64.78255,8386
2025-01-30 10:00:00,0,0.46855178727043506,0.531448212729565,Hold,64.791534,65.12394,64.73763,65.11495,6563
2025-01-30 11:00:00,0,0.42797045425034813,0.5720295457496518,Hold,65.12394,65.3665,65.105965,65.222755,5808
2025-01-30 12:00:00,0,0.3912420719689915,0.6087579280310085,Hold,65.222755,65.33057,65.04308,65.285645,5958
2025-01-30 13:00:00,0,0.4360996707109744,0.5639003292890257,Hold,65.29463,65.33955,64.96223,64.971214,7849
2025-01-30 14:00:00,0,0.4742240554008513,0.5257759445991488,Hold,64.971214,65.68094,64.94426,65.51024,19974
2025-01-30 15:00:00,0,0.5103639611003816,0.4896360388996184,Sell,65.519226,66.076225,65.42939,65.95045,19804
2025-01-30 16:00:00,0,0.4239126421569663,0.5760873578430337,Hold,65.959435,66.00436,65.35751,65.38447,20776
2025-01-30 17:00:00,0,0.41099770884818804,0.589002291151812,Hold,65.38447,65.49227,65.285645,65.33057,12111
2025-01-30 18:00:00,0,0.48318072675878715,0.5168192732412129,Hold,65.33057,65.707886,65.285645,65.3665,10291
2025-01-30 19:00:00,0,0.5171457326337422,0.4828542673662578,Sell,65.3665,65.465324,65.213776,65.42939,16087
2025-01-30 20:00:00,0,0.5317625541789907,0.46823744582100935,Sell,65.4204,66.336754,65.34853,65.44736,30324
2025-01-30 21:00:00,0,0.5453903877454931,0.4546096122545069,Sell,65.45634,65.82468,65.4204,65.80671,6988
2025-01-30 23:00:00,0,0.5210860605067138,0.4789139394932862,Sell,65.76179,65.80671,65.582115,65.71687,1688
2025-01-31 00:00:00,0,0.5983821241339436,0.40161787586605635,Sell,65.71687,65.76179,65.68992,65.698906,618
2025-01-31 01:00:00,0,0.5974745404848008,0.40252545951519925,Sell,65.707886,65.9235,65.591095,65.72585,3588
2025-01-31 02:00:00,0,0.5924186429925996,0.4075813570074004,Sell,65.71687,66.02232,65.71687,65.86061,2306
2025-01-31 03:00:00,0,0.6273364195769637,0.37266358042303627,Sell,65.86061,65.96842,65.833664,65.959435,1003
2025-01-31 04:00:00,1,0.626332434483045,0.373667565516955,Sell,65.96842,65.98639,65.90553,65.93248,780
2025-01-31 05:00:00,1,0.5601224673131006,0.43987753268689944,Sell,65.93248,65.96842,65.86061,65.8696,623
2025-01-31 06:00:00,1,0.5666890628558235,0.43331093714417646,Sell,65.8696,65.90553,65.833664,65.86061,1043
2025-01-31 07:00:00,0,0.6003786814923793,0.3996213185076207,Sell,65.86061,65.87858,65.51024,65.53719,3333
2025-01-31 08:00:00,0,0.583292659390704,0.41670734060929604,Sell,65.528206,65.645,65.393456,65.591095,8163
2025-01-31 09:00:00,0,0.5470341398140146,0.4529658601859854,Sell,65.591095,65.60008,65.14191,65.24971,6808
2025-01-31 10:00:00,0,0.5262341263793591,0.47376587362064093,Sell,65.24971,65.3665,65.06105,65.20479,7312
2025-01-31 11:00:00,0,0.5178330487902563,0.48216695120974373,Sell,65.20479,65.23174,64.98918,65.19581,6582
2025-01-31 12:00:00,0,0.5463182963331176,0.45368170366688243,Sell,65.19581,65.474304,65.14191,65.465324,6056
2025-01-31 13:00:00,0,0.5662324881210395,0.43376751187896045,Sell,65.465324,65.68992,65.393456,65.44736,7975
2025-01-31 14:00:00,0,0.48810717258123587,0.5118928274187642,Hold,65.44736,65.61805,64.65678,64.67474,26483
2025-01-31 15:00:00,0,0.4354751416675615,0.5645248583324385,Hold,64.68373,65.41142,64.62982,65.16885,22072
2025-01-31 16:00:00,0,0.45030442993574554,0.5496955700642545,Hold,65.159874,65.56415,65.14191,65.43837,16170
2025-01-31 17:00:00,0,0.4417376042586009,0.558262395741399,Hold,65.44736,65.528206,64.67474,64.81848,30608
2025-01-31 18:00:00,0,0.43697178678265447,0.5630282132173455,Hold,64.82747,65.85163,64.77357,65.68992,34430
2025-01-31 19:00:00,0,0.43494825723277775,0.5650517427672223,Hold,65.68992,65.698906,64.95324,65.01613,19169
2025-01-31 20:00:00,0,0.4855888241814521,0.5144111758185479,Hold,65.00715,65.8696,64.980194,65.68992,18785
2025-01-31 21:00:00,0,0.49912244193976735,0.5008775580602327,Hold,65.68992,66.336754,65.63602,66.30981,14955
2025-02-02 23:00:00,0,0.4070927025411835,0.5929072974588165,Hold,66.60627,67.54059,66.31879,66.4805,16027
2025-02-03 00:00:00,0,0.4300883544710851,0.5699116455289148,Hold,66.49847,66.57932,66.10317,66.21098,6279
2025-02-03 01:00:00,0,0.4292578021368913,0.5707421978631086,Hold,66.22895,66.41761,66.18403,66.23793,3193
2025-02-03 02:00:00,0,0.43487510043665734,0.5651248995633427,Hold,66.23793,66.264885,66.013336,66.04029,3293
2025-02-03 03:00:00,0,0.41304555909697294,0.5869544409030271,Hold,66.04029,66.39964,66.04029,66.30981,3788
2025-02-03 04:00:00,0,0.4144203831950948,0.5855796168049052,Hold,66.30082,66.43558,66.24692,66.390656,2157
2025-02-03 05:00:00,0,0.4340652511018236,0.5659347488981764,Hold,66.39964,66.453545,66.35472,66.390656,2170
2025-02-03 06:00:00,0,0.44316392762904705,0.5568360723709529,Hold,66.390656,66.49847,66.336754,66.36371,2032
2025-02-03 07:00:00,0,0.5190055835955643,0.48099441640443574,Sell,66.36371,66.70509,66.31879,66.49847,5416
2025-02-03 08:00:00,0,0.49027393940389663,0.5097260605961034,Hold,66.49847,66.85782,66.41761,66.444565,11381
2025-02-03 09:00:00,0,0.5135998147468942,0.4864001852531058,Sell,66.453545,66.55237,66.18403,66.52541,9576
2025-02-03 10:00:00,0,0.5077238100458106,0.4922761899541894,Sell,66.5344,66.866806,66.336754,66.561356,11787
2025-02-03 11:00:00,1,0.4985764653199091,0.5014235346800908,Hold,66.55237,66.99258,66.5344,66.97461,8268
2025-02-03 12:00:00,1,0.49801949060020506,0.5019805093997949,Hold,66.97461,66.97461,66.78595,66.85782,7529
2025-02-03 13:00:00,1,0.4750185736529139,0.5249814263470861,Hold,66.85782,66.97461,66.34574,66.947655,19224
2025-02-03 14:00:00,1,0.4844705939905943,0.5155294060094058,Hold,66.938675,67.18124,65.528206,65.653984,49546
2025-02-03 15:00:00,0,0.4400898289786853,0.5599101710213147,Hold,65.653984,65.84264,64.728645,65.04308,51833
2025-02-03 16:00:00,0,0.4169863672646814,0.5830136327353186,Hold,65.034096,65.57313,64.98918,65.088,25901
2025-02-03 17:00:00,0,0.3891001217943346,0.6108998782056654,Hold,65.096985,65.49227,65.034096,65.12394,18016
2025-02-03 18:00:00,0,0.4064128115999324,0.5935871884000676,Hold,65.12394,65.528206,65.088,65.519226,10069
2025-02-03 19:00:00,1,0.3793793339072508,0.6206206660927491,Hold,65.51024,65.76179,65.44736,65.68992,23619
2025-02-03 20:00:00,0,0.39613675308239776,0.6038632469176022,Hold,65.68992,65.74382,65.402435,65.474304,3899
2025-02-03 21:00:00,0,0.393199637519454,0.606800362480546,Hold,65.474304,65.519226,64.89036,64.980194,12306
2025-02-03 23:00:00,0,0.37492775856253857,0.6250722414374614,Hold,64.99816,65.11495,64.93527,65.07003,1500
2025-02-04 00:00:00,0,0.35383781255307034,0.6461621874469297,Hold,65.07902,65.07902,64.908325,64.93527,1418
2025-02-04 01:00:00,0,0.3613626115220937,0.6386373884779063,Hold,64.93527,65.06105,64.82747,64.93527,2307
2025-02-04 02:00:00,0,0.3349523118068688,0.6650476881931312,Hold,64.94426,64.98918,64.8634,64.96223,1530
2025-02-04 03:00:00,0,0.34747485605431744,0.6525251439456825,Hold,64.971214,65.096985,64.96223,64.980194,1414
2025-02-04 04:00:00,0,0.3403724732433706,0.6596275267566294,Hold,64.98918,65.01613,64.8634,64.8634,1048
2025-02-04 05:00:00,0,0.36328432665895743,0.6367156733410426,Hold,64.87239,64.89934,64.49506,64.531,7783
2025-02-04 06:00:00,0,0.3830045493774954,0.6169954506225046,Hold,64.531,64.728645,64.46812,64.65678,2775
2025-02-04 07:00:00,0,0.38799678881782773,0.6120032111821723,Hold,64.65678,64.77357,64.58491,64.62982,3493
2025-02-04 08:00:00,0,0.3965533946370517,0.6034466053629484,Hold,64.62982,64.76458,64.27047,64.27946,9830
2025-02-04 09:00:00,0,0.38981182774731354,0.6101881722526865,Hold,64.28844,64.67474,64.28844,64.539986,7880
2025-02-04 10:00:00,0,0.38788209177594973,0.6121179082240502,Hold,64.531,64.73763,64.33336,64.69271,7234
2025-02-04 11:00:00,0,0.37015530753230125,0.6298446924676988,Hold,64.69271,64.719666,64.423195,64.539986,5577
2025-02-04 12:00:00,0,0.4063748374941887,0.5936251625058113,Hold,64.539986,64.54897,64.234535,64.306404,9047
2025-02-04 13:00:00,0,0.4119746107111862,0.5880253892888139,Hold,64.31539,64.351326,63.785343,63.911118,25689
2025-02-04 14:00:00,0,0.44607407336930405,0.553925926630696,Hold,63.911118,65.57313,63.488876,65.30361,81071
2025-02-04 15:00:00,0,0.38413245338294627,0.6158675466170538,Hold,65.285645,65.896545,65.16885,65.29463,39268
2025-02-04 16:00:00,0,0.4062495383103114,0.5937504616896886,Hold,65.30361,65.55516,64.908325,65.50126,21362
2025-02-04 17:00:00,0,0.3819963261823659,0.6180036738176341,Hold,65.51024,65.591095,65.088,65.2587,11261
2025-02-04 18:00:00,0,0.37713954806771693,0.6228604519322831,Hold,65.2587,65.71687,65.24971,65.60008,10330
2025-02-04 19:00:00,0,0.37021325991551457,0.6297867400844854,Hold,65.60008,65.61805,64.82747,65.159874,33545
2025-02-04 20:00:00,0,0.36741295914827127,0.6325870408517287,Hold,65.159874,65.276665,65.034096,65.18682,6317
2025-02-04 21:00:00,0,0.39208824880571436,0.6079117511942856,Hold,65.18682,65.37548,65.12394,65.35751,2560
2025-02-04 23:00:00,0,0.37166254129921267,0.6283374587007873,Hold,65.3665,65.393456,65.213776,65.213776,796
2025-02-05 00:00:00,0,0.4167608491681263,0.5832391508318737,Hold,65.222755,65.393456,65.18682,65.3665,1300
2025-02-05 01:00:00,0,0.4088369234539187,0.5911630765460814,Hold,65.3665,65.55516,65.222755,65.29463,5283
2025-02-05 02:00:00,0,0.4334550762810844,0.5665449237189156,Hold,65.29463,65.29463,65.07902,65.07902,2297
2025-02-05 03:00:00,0,0.48356042994325366,0.5164395700567463,Hold,65.088,65.15089,65.00715,65.12394,1225
2025-02-05 04:00:00,1,0.4292329836323298,0.5707670163676701,Hold,65.12394,65.12394,65.034096,65.06105,698
2025-02-05 05:00:00,1,0.4748646569576068,0.5251353430423932,Hold,65.06105,65.30361,65.04308,65.2587,1419
2025-02-05 06:00:00,1,0.4595798116676356,0.5404201883323644,Hold,65.2587,65.35751,65.24072,65.24971,1420
2025-02-05 07:00:00,1,0.46197963545842086,0.5380203645415791,Hold,65.24971,65.2587,65.01613,65.19581,3005
2025-02-05 08:00:00,1,0.40272024623396674,0.5972797537660333,Hold,65.19581,65.24971,64.89036,64.89934,6986
2025-02-05 09:00:00,1,0.4261298832064042,0.5738701167935958,Hold,64.908325,65.05206,64.728645,64.917305,7056
2025-02-05 10:00:00,1,0.4189824861242593,0.5810175138757407,Hold,64.908325,64.917305,64.602875,64.78255,7204
2025-02-05 11:00:00,0,0.41550332148871494,0.5844966785112851,Hold,64.791534,64.88137,64.486084,64.56694,8262
2025-02-05 12:00:00,0,0.4150819599686689,0.5849180400313311,Hold,64.55795,64.71068,64.43218,64.46812,8438
2025-02-05 13:00:00,0,0.4297267398680014,0.5702732601319986,Hold,64.486084,64.791534,64.45015,64.65678,8322
2025-02-05 14:00:00,0,0.46502538632083273,0.5349746136791673,Hold,64.65678,64.78255,64.28844,64.7017,19499
2025-02-05 15:00:00,0,0.4521665870747031,0.5478334129252969,Hold,64.69271,64.71068,64.1447,64.351326,25887
2025-02-05 16:00:00,0,0.4364593490966198,0.5635406509033802,Hold,64.360306,64.37827,63.767376,63.884163,27809
2025-02-05 17:00:00,0,0.4963481304313418,0.5036518695686583,Hold,63.89315,64.09079,63.83026,64.00994,12357
2025-02-05 18:00:00,0,0.4588200846678444,0.5411799153321556,Hold,64.01892,64.02791,63.80331,63.839245,10126
2025-02-05 19:00:00,0,0.4863535452454892,0.5136464547545108,Hold,63.857212,63.956036,63.74941,63.9201,17180
2025-02-05 20:00:00,0,0.49406011016022816,0.5059398898397718,Hold,63.929085,64.03689,63.911118,63.982986,3223
2025-02-05 21:00:00,0,0.47063888905456036,0.5293611109454397,Hold,63.974003,63.99197,63.902134,63.911118,1966
2025-02-05 23:00:00,0,0.5006385583255926,0.49936144167440744,Sell,63.947052,64.01892,63.821278,63.99197,840
2025-02-06 00:00:00,0,0.5194974057402044,0.4805025942597956,Sell,64.00095,64.06384,63.96502,63.96502,617
2025-02-06 01:00:00,0,0.5268210738014181,0.47317892619858193,Sell,63.96502,64.02791,63.929085,63.982986,1621
2025-02-06 02:00:00,0,0.5906099204601396,0.4093900795398604,Sell,63.982986,64.07282,63.929085,64.054855,1595
2025-02-06 03:00:00,0,0.570722691115777,0.429277308884223,Sell,64.054855,64.06384,63.9201,63.956036,1278
2025-02-06 04:00:00,0,0.59945310360232,0.40054689639768004,Sell,63.956036,63.974003,63.911118,63.929085,762
2025-02-06 05:00:00,0,0.593360192515178,0.406639807484822,Sell,63.929085,64.09978,63.929085,64.09079,1603
2025-02-06 06:00:00,0,0.5383807477012015,0.4616192522987985,Sell,64.08181,64.13571,64.02791,64.03689,1534
2025-02-06 07:00:00,0,0.5680734515293703,0.4319265484706297,Sell,64.03689,64.12673,63.857212,63.96502,3174
2025-02-06 08:00:00,0,0.5908859440074384,0.40911405599256156,Sell,63.96502,64.18961,63.87518,64.07282,6548
2025-02-06 09:00:00,0,0.5753962799443753,0.42460372005562474,Sell,64.07282,64.306404,64.01892,64.16267,6044
2025-02-06 10:00:00,1,0.5174255270924566,0.4825744729075434,Sell,64.171646,64.49506,64.1447,64.360306,7826
2025-02-06 11:00:00,0,0.5571153819086707,0.4428846180913293,Sell,64.36929,64.414215,64.09978,64.13571,6216
2025-02-06 12:00:00,0,0.5762769647650985,0.4237230352349015,Sell,64.13571,64.27047,64.045876,64.117744,4966
2025-02-06 13:00:00,1,0.5505488354993231,0.4494511645006769,Sell,64.108765,64.38726,64.045876,64.33336,7619
2025-02-06 14:00:00,0,0.6093997908334287,0.39060020916657134,Sell,64.33336,64.50405,63.479893,63.560745,33956
2025-02-06 15:00:00,0,0.509342887401578,0.49065711259842204,Sell,63.55176,64.54897,63.542778,64.08181,39373
2025-02-06 16:00:00,0,0.5440243465218967,0.4559756534781033,Sell,64.09079,64.243515,63.821278,63.87518,17636
2025-02-06 17:00:00,0,0.6018442133960898,0.39815578660391016,Sell,63.87518,63.89315,63.390053,63.47091,15521
2025-02-06 18:00:00,0,0.5910637933811607,0.40893620661883934,Sell,63.47091,63.650585,63.273262,63.29123,11374
2025-02-06 19:00:00,0,0.6391861240072663,0.36081387599273373,Sell,63.29123,63.506844,63.273262,63.363102,14438
2025-02-06 20:00:00,0,0.6209398846525725,0.37906011534742745,Sell,63.363102,63.452938,63.309196,63.417004,2718
2025-02-06 21:00:00,0,0.5509295366330201,0.44907046336697987,Sell,63.417004,63.425987,63.300213,63.35412,2332
2025-02-06 23:00:00,0,0.570404248159749,0.429595751840251,Sell,63.390053,63.417004,63.309196,63.372086,800
2025-02-07 00:00:00,0,0.552290994107147,0.447709005892853,Sell,63.363102,63.43497,63.345135,63.425987,788
2025-02-07 01:00:00,0,0.566036643948468,0.433963356051532,Sell,63.43497,63.578712,63.390053,63.56973,2045
2025-02-07 02:00:00,0,0.5657093526998461,0.4342906473001539,Sell,63.587696,63.74042,63.560745,63.71347,2777
2025-02-07 03:00:00,0,0.533872011035653,0.46612798896434704,Sell,63.71347,63.77636,63.68652,63.704487,1150
2025-02-07 04:00:00,0,0.5576954319850654,0.44230456801493456,Sell,63.704487,63.71347,63.578712,63.650585,1172
2025-02-07 05:00:00,0,0.5836453055106089,0.4163546944893911,Sell,63.650585,63.785343,63.6416,63.650585,1067
2025-02-07 06:00:00,0,0.5888265068886691,0.4111734931113309,Sell,63.65957,63.821278,63.650585,63.794327,1560
2025-02-07 07:00:00,0,0.5643724534856767,0.43562754651432334,Sell,63.794327,63.956036,63.74042,63.74042,3215
2025-02-07 08:00:00,0,0.5764564790508465,0.4235435209491535,Sell,63.74042,64.08181,63.71347,64.01892,6566
2025-02-07 09:00:00,0,0.5640594946519477,0.4359405053480523,Sell,64.02791,64.02791,63.71347,63.99197,4973
2025-02-07 10:00:00,0,0.5479053478964407,0.45209465210355926,Sell,63.99197,64.07282,63.87518,63.974003,3827
2025-02-07 11:00:00,0,0.5526861209860876,0.4473138790139124,Sell,63.974003,63.982986,63.695503,63.839245,4157
2025-02-07 12:00:00,0,0.5553097526085367,0.44469024739146334,Sell,63.839245,63.982986,63.74941,63.794327,3931
2025-02-07 13:00:00,0,0.5682663284869172,0.43173367151308284,Sell,63.794327,63.93807,63.74042,63.80331,6800
2025-02-07 14:00:00,0,0.5868447929919579,0.4131552070080421,Sell,63.794327,64.15368,63.65957,63.982986,19280
2025-02-07 15:00:00,0,0.5471617081568175,0.45283829184318247,Sell,63.982986,64.07282,63.605667,63.74042,16629
2025-02-07 16:00:00,0,0.5744672801786912,0.4255327198213088,Sell,63.74042,63.812294,63.425987,63.461926,16651
2025-02-07 17:00:00,0,0.4858388663425849,0.5141611336574151,Hold,63.461926,63.731438,63.443954,63.695503,11357
2025-02-07 18:00:00,0,0.5149375276909226,0.4850624723090774,Sell,63.695503,63.84823,63.6416,63.68652,8711
2025-02-07 19:00:00,0,0.4800951444487136,0.5199048555512864,Hold,63.68652,63.982986,63.668552,63.74941,16932
2025-02-07 20:00:00,0,0.48887281831381485,0.5111271816861851,Hold,63.74042,63.84823,63.704487,63.767376,3737
2025-02-07 21:00:00,0,0.5018696366585,0.49813036334149996,Sell,63.767376,63.87518,63.731438,63.839245,2124
2025-02-09 23:00:00,0,0.4774114488928368,0.5225885511071632,Hold,63.785343,63.947052,63.6416,63.9201,2399
2025-02-10 00:00:00,0,0.5610262116599852,0.43897378834001477,Sell,63.9201,64.07282,63.9201,64.054855,1608
2025-02-10 01:00:00,0,0.5670068371529627,0.43299316284703726,Sell,64.054855,64.171646,64.02791,64.13571,2811
2025-02-10 02:00:00,0,0.6085328828152111,0.3914671171847889,Sell,64.12673,64.306404,64.117744,64.171646,2419
2025-02-10 03:00:00,0,0.5831144022085337,0.4168855977914663,Sell,64.171646,64.1986,64.06384,64.13571,1358
2025-02-10 04:00:00,0,0.6089247100386942,0.3910752899613058,Sell,64.13571,64.21657,64.117744,64.20758,641
2025-02-10 05:00:00,0,0.5887117667167964,0.41128823328320363,Sell,64.21657,64.306404,64.18063,64.18961,1642
2025-02-10 06:00:00,0,0.6137808202191828,0.3862191797808172,Sell,64.1986,64.28844,64.117744,64.28844,1236
2025-02-10 07:00:00,0,0.5628349448119774,0.4371650551880226,Sell,64.28844,64.31539,64.12673,64.1447,2456
2025-02-10 08:00:00,0,0.6129458591539688,0.3870541408460312,Sell,64.13571,64.306404,64.045876,64.234535,4860
2025-02-10 09:00:00,0,0.6339415519317817,0.3660584480682183,Sell,64.243515,64.486084,64.171646,64.423195,5399
2025-02-10 10:00:00,0,0.6717118901352973,0.3282881098647027,Sell,64.423195,64.62084,64.306404,64.62084,6052
2025-02-10 11:00:00,0,0.666242098446478,0.33375790155352203,Sell,64.62084,64.76458,64.49506,64.62982,5526
2025-02-10 12:00:00,0,0.610552512799193,0.389447487200807,Sell,64.62084,64.69271,64.55795,64.65678,3464
2025-02-10 13:00:00,0,0.6312534558709116,0.36874654412908836,Sell,64.66576,64.7556,64.50405,64.51303,8191
2025-02-10 14:00:00,0,0.5925032956577515,0.4074967043422485,Sell,64.50405,64.74661,64.4771,64.68373,15386
2025-02-10 15:00:00,0,0.5777215382158514,0.42227846178414863,Sell,64.67474,64.87239,64.36929,64.74661,16059
2025-02-10 16:00:00,0,0.5809137263539741,0.4190862736460259,Sell,64.74661,65.15089,64.63881,64.99816,17663
2025-02-10 17:00:00,0,0.5772502027840035,0.4227497972159965,Sell,64.99816,65.16885,64.971214,65.05206,10881
2025-02-10 18:00:00,0,0.5853841690990109,0.4146158309009891,Sell,65.04308,65.06105,64.81848,64.83646,7759
2025-02-10 19:00:00,0,0.5810428297255348,0.4189571702744652,Sell,64.82747,65.14191,64.800514,65.11495,18960
2025-02-10 20:00:00,0,0.5718544340874228,0.42814556591257724,Sell,65.105965,65.12394,65.04308,65.088,2665
2025-02-10 21:00:00,0,0.607778764318934,0.39222123568106604,Sell,65.07902,65.13292,65.07003,65.105965,1351
2025-02-10 23:00:00,0,0.6140240742758346,0.3859759257241654,Sell,65.12394,65.14191,65.034096,65.06105,1147
2025-02-11 00:00:00,0,0.5438715118471648,0.45612848815283524,Sell,65.06105,65.06105,64.99816,65.01613,449
2025-02-11 01:00:00,0,0.5357876572129115,0.46421234278708845,Sell,65.01613,65.07003,64.971214,64.99816,1467
2025-02-11 02:00:00,0,0.5740495007479699,0.4259504992520301,Sell,64.99816,65.23174,64.96223,65.07902,2255
2025-02-11 03:00:00,0,0.5563451658862392,0.44365483411376083,Sell,65.07902,65.15089,65.025116,65.13292,872
2025-02-11 04:00:00,0,0.5624436579246768,0.43755634207532323,Sell,65.12394,65.222755,65.11495,65.12394,929
2025-02-11 05:00:00,0,0.5794788609887106,0.4205211390112894,Sell,65.13292,65.29463,65.13292,65.24971,1142
2025-02-11 06:00:00,0,0.5793578993687256,0.4206421006312744,Sell,65.24971,65.37548,65.24072,65.29463,1413
2025-02-11 07:00:00,0,0.6038402244544333,0.3961597755455667,Sell,65.29463,65.53719,65.24971,65.49227,3708
2025-02-11 08:00:00,0,0.5969564599941382,0.40304354000586184,Sell,65.48329,65.68094,65.42939,65.591095,6874
2025-02-11 09:00:00,0,0.5902453150026696,0.40975468499733037,Sell,65.60008,65.78874,65.54618,65.770775,5002
2025-02-11 10:00:00,0,0.548114706141801,0.451885293858199,Sell,65.770775,65.887566,65.698906,65.79772,4985
2025-02-11 11:00:00,0,0.5731374241594428,0.4268625758405572,Sell,65.78874,65.78874,65.63602,65.75281,3664
2025-02-11 12:00:00,0,0.539207085306711,0.460792914693289,Sell,65.76179,65.959435,65.75281,65.91451,6777
2025-02-11 13:00:00,1,0.5416103593633461,0.4583896406366539,Sell,65.9235,66.193016,65.887566,65.91451,14149
2025-02-11 14:00:00,1,0.5374036763940093,0.4625963236059907,Sell,65.9235,66.06724,65.67195,65.87858,19116
2025-02-11 15:00:00,0,0.5384441132590202,0.4615558867409798,Sell,65.87858,65.87858,65.43837,65.591095,22212
2025-02-11 16:00:00,1,0.5304542462917051,0.4695457537082949,Sell,65.591095,65.84264,65.55516,65.80671,12326
2025-02-11 17:00:00,1,0.5207716280963558,0.4792283719036442,Sell,65.80671,65.887566,65.707886,65.76179,9073
2025-02-11 18:00:00,1,0.5435384937020064,0.45646150629799365,Sell,65.770775,65.959435,65.71687,65.8696,7014
2025-02-11 19:00:00,1,0.5531221523296174,0.44687784767038263,Sell,65.8696,65.93248,65.78874,65.91451,13042
2025-02-11 20:00:00,1,0.5976673680496485,0.4023326319503515,Sell,65.91451,65.93248,65.779755,65.779755,2455
2025-02-11 21:00:00,1,0.5936519596964284,0.40634804030357163,Sell,65.779755,65.79772,65.68094,65.75281,2286
2025-02-11 23:00:00,1,0.5629412273087928,0.4370587726912072,Sell,65.76179,65.76179,65.698906,65.707886,465
2025-02-12 00:00:00,1,0.5513758080213488,0.4486241919786512,Sell,65.707886,65.779755,65.653984,65.68094,678
2025-02-12 01:00:00,1,0.5210331012437692,0.4789668987562308,Sell,65.68992,65.71687,65.519226,65.60008,1748
2025-02-12 02:00:00,1,0.5595409436589092,0.44045905634109084,Sell,65.60906,65.707886,65.591095,65.645,844
2025-02-12 03:00:00,1,0.541907289874762,0.458092710125238,Sell,65.645,65.698906,65.591095,65.591095,1258
2025-02-12 04:00:00,1,0.5380840491694558,0.46191595083054415,Sell,65.60008,65.662964,65.57313,65.582115,503
2025-02-12 05:00:00,0,0.5596578628053787,0.44034213719462134,Sell,65.582115,65.60008,65.54618,65.56415,696
2025-02-12 06:00:00,1,0.5851925715710393,0.4148074284289607,Sell,65.57313,65.662964,65.55516,65.62703,982
2025-02-12 07:00:00,1,0.5886181715938663,0.4113818284061337,Sell,65.62703,65.76179,65.33955,65.43837,5344
2025-02-12 08:00:00,1,0.545320186122055,0.454679813877945,Sell,65.42939,65.474304,65.096985,65.15089,9585
2025-02-12 09:00:00,1,0.5584281469334985,0.4415718530665015,Sell,65.15089,65.26768,65.04308,65.13292,5351
2025-02-12 10:00:00,0,0.5597023730884728,0.4402976269115272,Sell,65.14191,65.20479,64.917305,64.94426,6171
2025-02-12 11:00:00,1,0.6214730836507353,0.3785269163492647,Sell,64.94426,65.20479,64.917305,65.14191,4514
2025-02-12 12:00:00,1,0.6373162808473475,0.3626837191526525,Sell,65.15089,65.213776,65.00715,65.15089,3605
2025-02-12 13:00:00,1,0.638414549920932,0.36158545007906795,Sell,65.14191,65.26768,65.034096,65.17784,9585
2025-02-12 14:00:00,1,0.5832016493134554,0.4167983506865446,Sell,65.17784,65.17784,64.7017,64.917305,19547
2025-02-12 15:00:00,0,0.5324324620683839,0.4675675379316161,Sell,64.908325,65.00715,64.66576,64.69271,19382
2025-02-12 16:00:00,1,0.5101764887487249,0.4898235112512751,Sell,64.68373,64.94426,64.56694,64.68373,23719
2025-02-12 17:00:00,1,0.4698288314063751,0.5301711685936249,Hold,64.69271,64.76458,64.2525,64.423195,26763
2025-02-12 18:00:00,1,0.4356064114797726,0.5643935885202274,Hold,64.423195,64.43218,64.1447,64.171646,11709
2025-02-12 19:00:00,0,0.43726660562176484,0.5627333943782351,Hold,64.171646,64.26149,64.054855,64.1447,17337
2025-02-12 20:00:00,0,0.4181160196626795,0.5818839803373206,Hold,64.1447,64.1447,64.03689,64.045876,2804
2025-02-12 21:00:00,0,0.44165288313835155,0.5583471168616485,Hold,64.045876,64.32437,63.93807,63.974003,8344
2025-02-12 23:00:00,0,0.43432664574607033,0.5656733542539296,Hold,64.00095,64.07282,63.947052,63.974003,1299
2025-02-13 00:00:00,0,0.4709498415504469,0.529050158449553,Hold,63.96502,64.045876,63.947052,64.03689,881
2025-02-13 01:00:00,0,0.4160648555416178,0.5839351444583822,Hold,64.045876,64.054855,63.578712,63.61465,4432
2025-02-13 02:00:00,0,0.45277109892408834,0.5472289010759117,Hold,63.61465,63.65957,63.49786,63.52481,2124
2025-02-13 03:00:00,0,0.48761635257741726,0.5123836474225827,Hold,63.52481,63.542778,63.443954,63.49786,1705
2025-02-13 04:00:00,0,0.4914095976260077,0.5085904023739922,Hold,63.49786,63.49786,63.40802,63.461926,1126
2025-02-13 05:00:00,0,0.4843607036068741,0.5156392963931259,Hold,63.461926,63.542778,63.452938,63.49786,1150
2025-02-13 06:00:00,0,0.47065085937169937,0.5293491406283006,Hold,63.49786,63.632618,63.461926,63.461926,2350
2025-02-13 07:00:00,0,0.5202710788210595,0.4797289211789405,Sell,63.47091,63.650585,63.363102,63.560745,3803
2025-02-13 08:00:00,0,0.5410478624222127,0.4589521375777873,Sell,63.55176,63.785343,63.452938,63.704487,5597
2025-02-13 09:00:00,0,0.5002713257063085,0.4997286742936915,Sell,63.704487,63.839245,63.237328,63.24631,8164
2025-02-13 10:00:00,0,0.4661222545933299,0.5338777454066701,Hold,63.24631,63.318184,63.093586,63.120537,7998
2025-02-13 11:00:00,0,0.48437530147412966,0.5156246985258703,Hold,63.111553,63.443954,63.084602,63.390053,5922
2025-02-13 12:00:00,0,0.4445229023988385,0.5554770976011615,Hold,63.38107,63.479893,63.15647,63.210377,4688
2025-02-13 13:00:00,0,0.4944555853599746,0.5055444146400254,Hold,63.210377,63.452938,63.15647,63.300213,7317
2025-02-13 14:00:00,0,0.6053210945712462,0.39467890542875383,Sell,63.29123,63.929085,63.21936,63.911118,18389
2025-02-13 15:00:00,0,0.5334638444627444,0.4665361555372556,Sell,63.902134,64.08181,63.722454,63.839245,18074
2025-02-13 16:00:00,0,0.5685985320706077,0.43140146792939227,Sell,63.84823,64.20758,63.77636,64.06384,12507
2025-02-13 17:00:00,0,0.5594541763549429,0.4405458236450571,Sell,64.06384,64.171646,63.96502,63.974003,7425
2025-02-13 18:00:00,0,0.5474978872590338,0.4525021127409662,Sell,63.96502,64.21657,63.929085,64.00994,6646
2025-02-13 19:00:00,0,0.5730153446774529,0.42698465532254715,Sell,64.00095,64.13571,63.947052,64.108765,9982
2025-02-13 20:00:00,0,0.6008101518807373,0.3991898481192627,Sell,64.09978,64.1986,64.09079,64.15368,2000
2025-02-13 21:00:00,0,0.5923592772725361,0.4076407227274639,Sell,64.15368,64.32437,64.108765,64.243515,2138
2025-02-13 23:00:00,0,0.5680150351005094,0.43198496489949056,Sell,64.2525,64.2525,64.117744,64.1447,810
2025-02-14 00:00:00,0,0.45119668260202106,0.5488033173979789,Hold,64.15368,64.15368,64.01892,64.03689,562
2025-02-14 01:00:00,0,0.4829554497621941,0.5170445502378058,Hold,64.03689,64.27946,64.01892,64.16267,1673
2025-02-14 02:00:00,0,0.5133483937927104,0.48665160620728964,Sell,64.15368,64.21657,64.09978,64.13571,746
2025-02-14 03:00:00,0,0.49908788288716194,0.5009121171128381,Hold,64.13571,64.18063,64.08181,64.117744,524
2025-02-14 04:00:00,0,0.5522254063698151,0.4477745936301849,Sell,64.117744,64.1986,64.06384,64.18063,454
2025-02-14 05:00:00,0,0.5534325975164853,0.4465674024835147,Sell,64.18063,64.21657,64.09079,64.1447,603
2025-02-14 06:00:00,0,0.6055056850089476,0.39449431499105236,Sell,64.1447,64.18961,64.07282,64.18063,978
2025-02-14 07:00:00,0,0.6716502931560335,0.32834970684396647,Sell,64.18961,64.423195,64.18961,64.37827,3194
2025-02-14 08:00:00,0,0.6054352210177968,0.3945647789822032,Sell,64.37827,64.45015,64.20758,64.28844,3921
2025-02-14 09:00:00,0,0.5208314172687871,0.4791685827312129,Sell,64.297424,64.39625,64.108765,64.1986,3372
2025-02-14 10:00:00,0,0.5852395946211633,0.41476040537883674,Sell,64.18961,64.351326,64.117744,64.18063,3161
2025-02-14 11:00:00,1,0.6523331975314511,0.34766680246854886,Sell,64.18063,64.54897,63.956036,64.45913,6649
2025-02-14 12:00:00,1,0.6606653870800776,0.3393346129199224,Sell,64.45913,64.65678,64.297424,64.58491,7091
2025-02-14 13:00:00,1,0.5465809623605788,0.45341903763942115,Sell,64.57592,64.7017,64.171646,64.1986,7127
2025-02-14 14:00:00,1,0.5906869931364811,0.4093130068635189,Sell,64.1986,64.38726,64.12673,64.34234,9210
2025-02-14 15:00:00,0,0.5394254186726979,0.4605745813273021,Sell,64.34234,64.360306,63.68652,63.884163,14358
2025-02-14 16:00:00,0,0.503031844378812,0.496968155621188,Sell,63.89315,63.93807,63.479893,63.74941,12191
2025-02-14 17:00:00,0,0.46029937557240436,0.5397006244275957,Hold,63.758392,63.812294,63.56973,63.59668,6822
2025-02-14 18:00:00,0,0.4521134447132086,0.5478865552867914,Hold,63.587696,63.6416,63.363102,63.542778,8979
2025-02-14 19:00:00,0,0.41254551600123684,0.5874544839987632,Hold,63.55176,63.74042,63.479893,63.49786,13621
2025-02-14 20:00:00,0,0.42756199038879017,0.5724380096112098,Hold,63.49786,63.542778,63.417004,63.52481,2793
2025-02-14 21:00:00,0,0.39509451130501344,0.6049054886949865,Hold,63.515827,63.542778,63.35412,63.399036,1654
2025-02-16 23:00:00,0,0.3819981747523623,0.6180018252476377,Hold,63.515827,63.533794,62.994762,63.15647,2694
2025-02-17 00:00:00,0,0.40420232061632816,0.5957976793836719,Hold,63.15647,63.264263,63.12054,63.21935,1518
2025-02-17 01:00:00,0,0.44980016505946513,0.5501998349405348,Hold,63.21935,63.42595,63.17444,63.354088,1746
2025-02-17 02:00:00,0,0.4715253704881832,0.5284746295118168,Hold,63.354088,63.560688,63.31816,63.46188,1195
2025-02-17 03:00:00,0,0.48799333292061764,0.5120066670793824,Hold,63.46188,63.623566,63.452896,63.542725,1099
2025-02-17 04:00:00,0,0.4683608053356387,0.5316391946643613,Hold,63.542725,63.560688,63.49781,63.551704,554
2025-02-17 05:00:00,0,0.4492853429347984,0.5507146570652016,Hold,63.542725,63.650513,63.515778,63.56967,1155
2025-02-17 06:00:00,0,0.487082011810187,0.5129179881898129,Hold,63.560688,63.677464,63.560688,63.605602,1008
2025-02-17 07:00:00,0,0.5026730281045848,0.4973269718954152,Sell,63.59662,63.614586,63.345108,63.49781,1717
2025-02-17 08:00:00,0,0.4912278760574497,0.5087721239425502,Hold,63.506794,63.893044,63.506794,63.74932,5175
2025-02-17 09:00:00,0,0.4359194977920229,0.5640805022079771,Hold,63.74034,63.821182,63.578655,63.66848,3026
2025-02-17 10:00:00,0,0.5165855201865355,0.4834144798134645,Sell,63.66848,63.964905,63.53374,63.731358,6905
2025-02-17 11:00:00,0,0.4806309609560569,0.5193690390439432,Hold,63.722374,63.74034,63.372055,63.46188,4851
2025-02-17 12:00:00,0,0.49646503292541283,0.5035349670745872,Hold,63.443916,63.515778,63.32714,63.506794,2253
2025-02-17 13:00:00,0,0.5470005136179917,0.45299948638200827,Sell,63.49781,63.70441,63.42595,63.63255,3003
2025-02-17 14:00:00,0,0.5175079966997053,0.48249200330029474,Sell,63.614586,63.713394,63.56967,63.66848,3422
2025-02-17 15:00:00,0,0.5075678709180734,0.4924321290819266,Sell,63.66848,63.812202,63.506794,63.551704,3689
2025-02-17 16:00:00,0,0.5996431111947668,0.40035688880523324,Sell,63.542725,63.91101,63.506794,63.893044,5348
2025-02-17 17:00:00,0,0.6774825190357506,0.32251748096424937,Sell,63.902027,64.036766,63.866096,64.036766,2991
2025-02-17 18:00:00,0,0.6187964232100032,0.38120357678999683,Sell,64.02778,64.09066,63.95592,64.036766,1340
2025-02-17 19:00:00,0,0.6382459994670864,0.3617540005329136,Sell,64.02778,64.1715,64.00982,64.10863,1258
2025-02-17 23:00:00,0,0.5857978902322468,0.4142021097677532,Sell,64.07269,64.225395,63.937958,63.99185,1003
2025-02-18 00:00:00,0,0.5895487437215235,0.41045125627847645,Sell,63.98287,64.10863,63.97389,64.036766,541
2025-02-18 01:00:00,0,0.5655129638521267,0.4344870361478733,Sell,64.036766,64.07269,63.902027,63.902027,1522
2025-02-18 02:00:00,0,0.6004260176829607,0.39957398231703933,Sell,63.91101,64.05473,63.866096,64.00083,1354
2025-02-18 03:00:00,0,0.655735697584526,0.344264302415474,Sell,64.00083,64.23438,63.99185,64.135574,1852
2025-02-18 04:00:00,0,0.644266505185852,0.35573349481414795,Sell,64.144554,64.1715,64.05473,64.16252,641
2025-02-18 05:00:00,0,0.6251251251339239,0.37487487486607607,Sell,64.1715,64.216415,64.135574,64.15354,947
2025-02-18 06:00:00,0,0.6433815887236923,0.35661841127630767,Sell,64.16252,64.225395,64.11761,64.19845,1063
2025-02-18 07:00:00,0,0.6581619777615815,0.3418380222384185,Sell,64.19845,64.306244,64.045746,64.16252,2976
2025-02-18 08:00:00,0,0.6830387712556265,0.3169612287443735,Sell,64.15354,64.34217,64.045746,64.33319,5372
2025-02-18 09:00:00,0,0.6582008519571523,0.3417991480428477,Sell,64.33319,64.60267,64.306244,64.33319,7197
2025-02-18 10:00:00,0,0.6497228537736951,0.3502771462263049,Sell,64.33319,64.71046,64.24336,64.53979,8773
2025-02-18 11:00:00,0,0.641832163704183,0.35816783629581705,Sell,64.53081,64.53081,63.99185,64.0188,7412
2025-02-18 12:00:00,0,0.6489118690842761,0.3510881309157239,Sell,64.02778,64.09964,63.83915,63.893044,9971
2025-02-18 13:00:00,0,0.5856163807032561,0.41438361929674394,Sell,63.893044,64.045746,63.686443,63.78525,13018
2025-02-18 14:00:00,0,0.6736873805153142,0.3263126194846858,Sell,63.77627,64.28828,63.74932,64.15354,16857
2025-02-18 15:00:00,0,0.613073822510246,0.386926177489754,Sell,64.144554,64.40505,63.95592,64.16252,13959
2025-02-18 16:00:00,0,0.6295929538514179,0.3704070461485821,Sell,64.16252,64.432,64.16252,64.36014,11577
2025-02-18 17:00:00,0,0.5891986717547347,0.4108013282452653,Sell,64.35116,64.467926,64.1715,64.19845,7834
2025-02-18 18:00:00,0,0.5826646096644811,0.4173353903355189,Sell,64.19845,64.566734,64.06371,64.50386,10436
2025-02-18 19:00:00,0,0.5549813874308741,0.4450186125691259,Sell,64.50386,64.557755,64.396065,64.49487,11549
2025-02-18 20:00:00,0,0.5837960272549653,0.41620397274503473,Sell,64.48589,64.50386,64.44098,64.45895,2746
2025-02-18 21:00:00,0,0.6184168581441997,0.38158314185580033,Sell,64.45895,64.52183,64.42302,64.47691,2500
2025-02-18 23:00:00,0,0.6204853722235192,0.3795146277764808,Sell,64.467926,64.467926,64.41403,64.42302,570
2025-02-19 00:00:00,0,0.5889568421942611,0.41104315780573886,Sell,64.432,64.51284,64.396065,64.49487,550
2025-02-19 01:00:00,0,0.5676029366184823,0.43239706338151773,Sell,64.49487,64.737404,64.467926,64.65656,3171
2025-02-19 02:00:00,0,0.5525022221472139,0.4474977778527861,Sell,64.66554,64.70148,64.548775,64.5847,1404
2025-02-19 03:00:00,0,0.5530802622014186,0.4469197377985814,Sell,64.5847,64.5847,64.52183,64.548775,876
2025-02-19 04:00:00,0,0.5937288431919187,0.40627115680808135,Sell,64.548775,64.66554,64.50386,64.64758,833
2025-02-19 05:00:00,0,0.6487814515784293,0.35121854842157074,Sell,64.638596,64.74639,64.620636,64.737404,1042
2025-02-19 06:00:00,0,0.6347884474004238,0.36521155259957616,Sell,64.728424,64.800285,64.69249,64.7913,1551
2025-02-19 07:00:00,0,0.6402085781538095,0.3597914218461905,Sell,64.800285,64.95299,64.77334,64.91706,4476
2025-02-19 08:00:00,0,0.6366527439351702,0.36334725606482976,Sell,64.90807,65.08772,64.83621,65.060776,6415
2025-02-19 09:00:00,0,0.6315143272358446,0.36848567276415545,Sell,65.060776,65.08772,64.94401,65.042816,3714
2025-02-19 10:00:00,0,0.6226424926075448,0.3773575073924552,Sell,65.042816,65.17755,64.83621,64.93502,5853
2025-02-19 11:00:00,0,0.6314824622795592,0.3685175377204408,Sell,64.92604,65.16857,64.89011,65.11468,3817
2025-02-19 12:00:00,0,0.5504871498769094,0.4495128501230906,Sell,65.10569,65.141624,64.9979,65.00688,4222
2025-02-19 13:00:00,0,0.6009950473697869,0.39900495263021307,Sell,65.00688,65.222466,64.988914,65.10569,9496
2025-02-19 14:00:00,1,0.6302449273723533,0.36975507262764673,Sell,65.09671,65.49194,65.07874,65.42008,22754
2025-02-19 15:00:00,0,0.5906083472277164,0.4093916527722836,Sell,65.4111,65.42906,64.85418,64.89011,21396
2025-02-19 16:00:00,0,0.6255637731099833,0.37443622689001665,Sell,64.89011,65.24043,64.88113,64.970955,13668
2025-02-19 17:00:00,0,0.6380005703842332,0.3619994296157668,Sell,64.96197,65.060776,64.89011,64.93502,7069
2025-02-19 18:00:00,0,0.5982319067799432,0.4017680932200568,Sell,64.93502,64.970955,64.64758,64.69249,10952
2025-02-19 19:00:00,0,0.6127281731381935,0.3872718268618065,Sell,64.70148,64.83621,64.65656,64.75537,14667
2025-02-19 20:00:00,0,0.606886106419335,0.39311389358066495,Sell,64.76435,64.86316,64.74639,64.83621,2482
2025-02-19 21:00:00,0,0.5748380919858356,0.4251619080141644,Sell,64.8452,64.89011,64.71046,64.7913,2129
2025-02-19 23:00:00,0,0.5883362708944819,0.4116637291055181,Sell,64.75537,64.78232,64.66554,64.77334,945
2025-02-20 00:00:00,0,0.6188060883484842,0.38119391165151584,Sell,64.77334,64.800285,64.719444,64.78232,435
2025-02-20 01:00:00,0,0.6284715237518423,0.37152847624815766,Sell,64.78232,64.81825,64.48589,64.53081,2612
2025-02-20 02:00:00,0,0.6125680563791044,0.3874319436208956,Sell,64.52183,64.57572,64.48589,64.53979,1496
2025-02-20 03:00:00,0,0.6088449692117942,0.3911550307882058,Sell,64.548775,64.548775,64.47691,64.50386,1088
2025-02-20 04:00:00,0,0.5570177248803573,0.4429822751196427,Sell,64.51284,64.52183,64.432,64.44098,867
2025-02-20 05:00:00,0,0.6234950099790559,0.37650499002094406,Sell,64.44997,64.57572,64.44098,64.57572,1001
2025-02-20 06:00:00,0,0.5943930501117995,0.40560694988820045,Sell,64.57572,64.74639,64.566734,64.67453,1657
2025-02-20 07:00:00,0,0.5853738975917733,0.4146261024082267,Sell,64.67453,64.979935,64.64758,64.970955,2861
2025-02-20 08:00:00,0,0.5813537060645712,0.41864629393542885,Sell,64.96197,64.979935,64.49487,64.629616,6988
2025-02-20 09:00:00,0,0.5310969951629646,0.4689030048370354,Sell,64.629616,64.86316,64.51284,64.8452,4959
2025-02-20 10:00:00,0,0.5269758539508336,0.4730241460491664,Sell,64.83621,64.970955,64.70148,64.92604,4605
2025-02-20 11:00:00,0,0.5459855225350149,0.45401447746498513,Sell,64.92604,65.01587,64.85418,64.970955,2901
2025-02-20 12:00:00,0,0.5770597388762814,0.42294026112371863,Sell,64.95299,65.13264,64.86316,65.12366,5622
2025-02-20 13:00:00,0,0.5512170397896218,0.4487829602103782,Sell,65.11468,65.17755,64.89011,65.12366,9146
2025-02-20 14:00:00,0,0.5526393151884067,0.4473606848115933,Sell,65.13264,65.28534,65.00688,65.09671,12692
2025-02-20 15:00:00,0,0.5766464788752714,0.42335352112472857,Sell,65.09671,65.28534,64.970955,65.141624,11438
2025-02-20 16:00:00,0,0.5717386910627176,0.4282613089372824,Sell,65.12366,65.50092,65.10569,65.312294,13929
2025-02-20 17:00:00,1,0.5576088758332397,0.4423911241667603,Sell,65.312294,65.69854,65.24941,65.38415,16967
2025-02-20 18:00:00,1,0.5263313335281472,0.4736686664718528,Sell,65.38415,65.635666,65.30331,65.49194,9922
2025-02-20 19:00:00,1,0.5376482124845252,0.4623517875154748,Sell,65.49194,65.50092,64.988914,65.12366,24411
2025-02-20 20:00:00,0,0.5198208434219123,0.48017915657808774,Sell,65.12366,65.141624,65.051796,65.08772,2470
2025-02-20 21:00:00,1,0.562073026034989,0.437926973965011,Sell,65.08772,65.213486,65.07874,65.19552,1627
2025-02-20 23:00:00,1,0.54816123835765,0.45183876164235004,Sell,65.19552,65.36619,65.150604,65.29433,857
2025-02-21 00:00:00,1,0.5909040923945401,0.4090959076054599,Sell,65.29433,65.33924,65.24941,65.27636,418
2025-02-21 01:00:00,1,0.6041468110402107,0.39585318895978927,Sell,65.28534,65.3572,65.03383,65.051796,1959
2025-02-21 02:00:00,1,0.6340015281577521,0.3659984718422479,Sell,65.042816,65.11468,64.988914,65.07874,1275
2025-02-21 03:00:00,1,0.6199566006306158,0.38004339936938425,Sell,65.09671,65.11468,65.02485,65.07874,796
2025-02-21 04:00:00,1,0.5835687459493788,0.4164312540506212,Sell,65.08772,65.13264,65.042816,65.042816,649
2025-02-21 05:00:00,1,0.5929658393092945,0.4070341606907055,Sell,65.051796,65.06976,64.93502,64.95299,1166
2025-02-21 06:00:00,1,0.6057365885526051,0.39426341144739485,Sell,64.95299,65.00688,64.89909,64.91706,1419
2025-02-21 07:00:00,1,0.6234688450487492,0.3765311549512508,Sell,64.91706,64.96197,64.809265,64.85418,1885
2025-02-21 08:00:00,0,0.5825412490457753,0.4174587509542247,Sell,64.86316,64.89011,64.557755,64.60267,7342
2025-02-21 09:00:00,1,0.6259472620934767,0.37405273790652327,Sell,64.61165,64.82723,64.5847,64.74639,4700
2025-02-21 10:00:00,0,0.5629503902282412,0.4370496097717588,Sell,64.74639,64.75537,64.33319,64.396065,7542
2025-02-21 11:00:00,0,0.618041588775186,0.381958411224814,Sell,64.40505,64.57572,64.387085,64.44997,4018
2025-02-21 12:00:00,0,0.6348611214179565,0.3651388785820435,Sell,64.44997,64.67453,64.44997,64.566734,4021
2025-02-21 13:00:00,1,0.6544341023198421,0.3455658976801579,Sell,64.57572,64.89011,64.50386,64.737404,8958
2025-02-21 14:00:00,1,0.561553634565456,0.43844636543454396,Sell,64.737404,64.74639,64.02778,64.08168,35494
2025-02-21 15:00:00,0,0.5393385510430737,0.4606614489569263,Sell,64.07269,64.135574,63.695427,63.758305,26249
2025-02-21 16:00:00,0,0.5471766997986947,0.45282330020130535,Sell,63.758305,63.91101,63.614586,63.74034,18175
2025-02-21 17:00:00,0,0.5011630350128858,0.49883696498711416,Sell,63.74932,63.830166,63.614586,63.695427,10107
2025-02-21 18:00:00,0,0.48332053245025924,0.5166794675497408,Hold,63.686443,63.722374,63.32714,63.32714,16067
2025-02-21 19:00:00,0,0.48266701338298046,0.5173329866170195,Hold,63.336124,63.39002,63.129524,63.1924,24034
2025-02-21 20:00:00,0,0.5186715818664079,0.48132841813359206,Sell,63.183422,63.21037,63.057663,63.066647,6339
2025-02-21 21:00:00,0,0.5402972563591015,0.45970274364089847,Sell,63.07563,63.129524,63.030716,63.102577,3672
2025-02-23 23:00:00,0,0.5188163841395852,0.4811836158604148,Sell,62.69836,63.300194,62.69836,63.21935,4835
2025-02-24 00:00:00,0,0.4871495931681086,0.5128504068318914,Hold,63.21935,63.28223,63.165455,63.21935,1216
2025-02-24 01:00:00,0,0.4741188747435721,0.5258811252564279,Hold,63.21037,63.21935,62.96784,63.14749,3236
2025-02-24 02:00:00,0,0.4978460424519294,0.5021539575480706,Hold,63.138508,63.31816,63.012753,63.17444,2253
2025-02-24 03:00:00,0,0.43918840098939504,0.560811599010605,Hold,63.183422,63.21037,63.093594,63.102577,962
2025-02-24 04:00:00,0,0.41476368151316256,0.5852363184868374,Hold,63.093594,63.11156,63.012753,63.012753,1243
2025-02-24 05:00:00,0,0.42613177894015186,0.5738682210598481,Hold,63.012753,63.129524,63.00377,63.084614,980
2025-02-24 06:00:00,0,0.4398144444699148,0.5601855555300852,Hold,63.084614,63.17444,63.066647,63.15647,944
2025-02-24 07:00:00,0,0.4401528316403231,0.5598471683596769,Hold,63.138508,63.21935,62.931908,63.066647,2838
2025-02-24 08:00:00,0,0.5343724184598552,0.46562758154014483,Sell,63.066647,63.237316,62.886997,63.1924,6177
2025-02-24 09:00:00,0,0.5090456656680532,0.4909543343319468,Sell,63.1924,63.264263,63.07563,63.11156,3635
2025-02-24 10:00:00,0,0.5239844858765306,0.47601551412346943,Sell,63.11156,63.479847,63.102577,63.25528,5447
2025-02-24 11:00:00,0,0.5154287027327422,0.4845712972672578,Sell,63.25528,63.407986,63.21935,63.336124,2454
2025-02-24 12:00:00,0,0.4728070832999958,0.5271929167000042,Hold,63.32714,63.354088,63.129524,63.17444,4275
2025-02-24 13:00:00,0,0.46839201358716076,0.5316079864128392,Hold,63.17444,63.264263,63.0397,63.084614,7206
2025-02-24 14:00:00,0,0.5145791165503634,0.48542088344963663,Sell,63.084614,63.399002,63.048683,63.183422,14948
2025-02-24 15:00:00,0,0.47751553238105376,0.5224844676189462,Hold,63.17444,63.650513,63.138508,63.29121,23872
2025-02-24 16:00:00,0,0.4928640458586832,0.5071359541413167,Hold,63.300194,63.66848,63.228333,63.524757,13837
2025-02-24 17:00:00,0,0.4532783022092971,0.5467216977907029,Hold,63.524757,63.641533,63.434933,63.479847,7468
2025-02-24 18:00:00,0,0.5046919135829354,0.4953080864170646,Sell,63.479847,63.659496,63.470863,63.53374,6313
2025-02-24 19:00:00,0,0.5017093034037492,0.4982906965962508,Sell,63.53374,63.560688,63.372055,63.49781,12237
2025-02-24 20:00:00,0,0.4898530404379871,0.510146959562013,Hold,63.488827,63.713394,63.407986,63.578655,5638
2025-02-24 21:00:00,0,0.46541188211095913,0.5345881178890408,Hold,63.578655,63.722374,63.578655,63.695427,2043
2025-02-24 23:00:00,0,0.45765965919095564,0.5423403408090444,Hold,63.70441,63.76729,63.623566,63.63255,736
2025-02-25 00:00:00,0,0.4809829463430689,0.5190170536569312,Hold,63.641533,63.713394,63.515778,63.53374,962
2025-02-25 01:00:00,1,0.5575802004805943,0.4424197995194057,Sell,63.524757,63.830166,63.515778,63.80322,2431
2025-02-25 02:00:00,1,0.5448918423968665,0.4551081576031335,Sell,63.80322,64.00982,63.80322,63.857113,2808
2025-02-25 03:00:00,1,0.5577569742412177,0.44224302575878227,Sell,63.857113,63.928974,63.83915,63.902027,1194
2025-02-25 04:00:00,1,0.532074249414873,0.467925750585127,Sell,63.91101,63.99185,63.902027,63.91999,1062
2025-02-25 05:00:00,1,0.5401786185260337,0.45982138147396634,Sell,63.91999,63.964905,63.866096,63.91101,1002
2025-02-25 06:00:00,1,0.5865014830662759,0.4134985169337241,Sell,63.91101,63.91999,63.812202,63.866096,1443
2025-02-25 07:00:00,0,0.6017629783256926,0.3982370216743074,Sell,63.857113,63.857113,63.587635,63.59662,3319
2025-02-25 08:00:00,1,0.5977959273788767,0.40220407262112334,Sell,63.605602,63.83915,63.53374,63.542725,5377
2025-02-25 09:00:00,1,0.5825952951556299,0.4174047048443701,Sell,63.551704,63.695427,63.470863,63.470863,3265
2025-02-25 10:00:00,1,0.5820166680900247,0.4179833319099753,Sell,63.470863,63.66848,63.434933,63.46188,3634
2025-02-25 11:00:00,1,0.5435637427007407,0.4564362572992593,Sell,63.452896,63.542725,63.309177,63.31816,3567
2025-02-25 12:00:00,0,0.6066712668132708,0.39332873318672923,Sell,63.32714,63.38104,62.97682,63.00377,8657
2025-02-25 13:00:00,0,0.5847828824156396,0.4152171175843604,Sell,62.994785,63.1924,62.94089,63.00377,10196
2025-02-25 14:00:00,1,0.5672516033297602,0.4327483966702398,Sell,62.994785,63.29121,62.994785,63.012753,13513
2025-02-25 15:00:00,0,0.5675238219654075,0.4324761780345925,Sell,63.012753,63.030716,61.871964,61.871964,43176
2025-02-25 16:00:00,0,0.5320184613991851,0.46798153860081493,Sell,61.871964,62.015686,61.692314,61.880947,20984
2025-02-25 17:00:00,0,0.506473449873658,0.49352655012634195,Sell,61.880947,61.92586,61.692314,61.836033,11716
2025-02-25 18:00:00,0,0.537713386237821,0.46228661376217905,Sell,61.827053,61.95281,61.75519,61.907894,11741
2025-02-25 19:00:00,0,0.5459236561551365,0.4540763438448635,Sell,61.907894,62.0606,61.764175,61.997723,15843
2025-02-25 20:00:00,0,0.503371992795646,0.49662800720435396,Sell,61.997723,62.123478,61.961792,62.0606,4844
2025-02-25 21:00:00,0,0.5426798191472838,0.4573201808527162,Sell,62.051617,62.16839,61.800106,62.087547,4943
2025-02-25 23:00:00,0,0.5350976333580884,0.46490236664191165,Sell,62.078564,62.123478,62.03365,62.0606,964
2025-02-26 00:00:00,0,0.5340203451802116,0.4659796548197884,Sell,62.0606,62.14144,62.042633,62.051617,866
2025-02-26 01:00:00,0,0.5460045065707653,0.45399549342923473,Sell,62.051617,62.19534,62.015686,62.123478,2250
2025-02-26 02:00:00,0,0.5452190216292819,0.45478097837071807,Sell,62.114494,62.132458,61.98874,62.0606,1970
2025-02-26 03:00:00,0,0.5489796113050434,0.45102038869495664,Sell,62.051617,62.09653,61.961792,62.03365,1076
2025-02-26 04:00:00,0,0.5373950471794658,0.46260495282053415,Sell,62.03365,62.123478,62.015686,62.078564,674
2025-02-26 05:00:00,0,0.5005759417556357,0.4994240582443643,Sell,62.087547,62.150425,62.0606,62.0606,1229
2025-02-26 06:00:00,0,0.5512639384655814,0.4487360615344186,Sell,62.051617,62.123478,61.997723,62.10551,1284
2025-02-26 07:00:00,0,0.5350064484240481,0.4649935515759519,Sell,62.09653,62.20432,62.03365,62.16839,2512
2025-02-26 08:00:00,0,0.565540635517748,0.434459364482252,Sell,62.15941,62.19534,61.845016,61.92586,5854
2025-02-26 09:00:00,0,0.5810418398234641,0.41895816017653587,Sell,61.907894,62.231266,61.880947,61.961792,4713
2025-02-26 10:00:00,0,0.6180738709796882,0.38192612902031176,Sell,61.961792,62.015686,61.845016,61.98874,4168
2025-02-26 11:00:00,0,0.6190115997138074,0.38098840028619263,Sell,61.997723,62.0606,61.800106,61.871964,3891
2025-02-26 12:00:00,0,0.6043612614191465,0.3956387385808535,Sell,61.862984,61.898914,61.674347,61.75519,5826
2025-02-26 13:00:00,0,0.5694584621962374,0.4305415378037626,Sell,61.75519,61.979755,61.710278,61.773155,9797
2025-02-26 14:00:00,0,0.6431563718068332,0.35684362819316684,Sell,61.78214,62.150425,61.728245,61.916878,17476
2025-02-26 15:00:00,0,0.5774364752924765,0.42256352470752345,Sell,61.92586,62.114494,61.539608,61.728245,24054
2025-02-26 16:00:00,0,0.5736890492212411,0.4263109507787589,Sell,61.71926,62.150425,61.701298,61.75519,18044
2025-02-26 17:00:00,0,0.5744249893945045,0.4255750106054955,Sell,61.75519,61.916878,61.404873,61.78214,19979
2025-02-26 18:00:00,0,0.5467540508168236,0.4532459491831764,Sell,61.773155,61.791122,61.50368,61.521645,8847
2025-02-26 19:00:00,0,0.5608953237749509,0.4391046762250491,Sell,61.521645,61.907894,61.485714,61.854,20292
2025-02-26 20:00:00,0,0.5529465443112535,0.44705345568874655,Sell,61.862984,61.916878,61.710278,61.78214,3100
2025-02-26 21:00:00,0,0.5565157691113435,0.4434842308886565,Sell,61.78214,61.836033,61.75519,61.81807,1611
2025-02-26 23:00:00,0,0.5809701536399184,0.41902984636008156,Sell,61.81807,61.827053,61.710278,61.800106,850
2025-02-27 00:00:00,0,0.46236729682280964,0.5376327031771904,Hold,61.800106,61.836033,61.71926,61.737225,730
2025-02-27 01:00:00,0,0.4508389767390526,0.5491610232609474,Hold,61.737225,61.862984,61.692314,61.800106,1913
2025-02-27 02:00:00,0,0.43393548496622003,0.56606451503378,Hold,61.800106,61.88993,61.800106,61.827053,997
2025-02-27 03:00:00,0,0.44055044424753725,0.5594495557524628,Hold,61.827053,61.845016,61.75519,61.773155,1330
2025-02-27 04:00:00,0,0.466010970524185,0.533989029475815,Hold,61.773155,61.78214,61.710278,61.764175,864
2025-02-27 05:00:00,0,0.4609788052257309,0.5390211947742691,Hold,61.764175,61.800106,61.701298,61.773155,1148
2025-02-27 06:00:00,0,0.44663399050053226,0.5533660094994677,Hold,61.78214,61.836033,61.74621,61.75519,1351
2025-02-27 07:00:00,0,0.545129395384835,0.45487060461516504,Sell,61.764175,61.92586,61.629436,61.871964,3342
2025-02-27 08:00:00,0,0.5132111237659687,0.48678887623403133,Sell,61.862984,62.015686,61.809086,61.979755,4165
2025-02-27 09:00:00,0,0.570080875161337,0.429919124838663,Sell,61.979755,62.27618,61.93484,62.258217,4860
2025-02-27 10:00:00,0,0.5354761718905657,0.46452382810943427,Sell,62.258217,62.294147,62.150425,62.249233,3158
2025-02-27 11:00:00,0,0.4799679382752663,0.5200320617247337,Hold,62.249233,62.34804,62.20432,62.20432,3015
2025-02-27 12:00:00,0,0.5277558890553533,0.4722441109446467,Sell,62.20432,62.419903,62.150425,62.267197,4670
2025-02-27 13:00:00,0,0.5638744998160371,0.4361255001839629,Sell,62.267197,62.79717,62.20432,62.357025,17877
2025-02-27 14:00:00,0,0.5749408248540896,0.4250591751459104,Sell,62.357025,62.878014,62.294147,62.536674,23995
2025-02-27 15:00:00,0,0.504728253346811,0.49527174665318896,Sell,62.54566,63.07563,62.48278,62.94089,19748
2025-02-27 16:00:00,0,0.5084517765636329,0.49154822343636706,Sell,62.949875,63.00377,62.743275,62.895977,14211
2025-02-27 17:00:00,0,0.527790837125298,0.47220916287470205,Sell,62.886997,63.36307,62.86903,63.012753,20446
2025-02-27 18:00:00,0,0.501672437974755,0.498327562025245,Sell,63.012753,63.309177,62.922924,63.1924,12020
2025-02-27 19:00:00,0,0.47991523577561795,0.520084764224382,Hold,63.1924,63.29121,63.11156,63.17444,18523
2025-02-27 20:00:00,0,0.5098141145856738,0.4901858854143262,Sell,63.17444,63.17444,62.994785,63.012753,4246
2025-02-27 21:00:00,0,0.5329441714691524,0.4670558285308476,Sell,63.00377,63.030716,62.949875,62.994785,2585
2025-02-27 23:00:00,0,0.5088758042542197,0.49112419574578026,Sell,63.030716,63.030716,62.922924,63.030716,714
2025-02-28 00:00:00,0,0.5708474230595091,0.4291525769404909,Sell,63.030716,63.030716,62.94089,62.94089,732
2025-02-28 01:00:00,0,0.5614747698732333,0.4385252301267667,Sell,62.94089,63.012753,62.878014,62.878014,1700
2025-02-28 02:00:00,0,0.5909954220635206,0.4090045779364794,Sell,62.878014,63.012753,62.851067,62.96784,1611
2025-02-28 03:00:00,0,0.582626557913663,0.417373442086337,Sell,62.97682,62.994785,62.86903,62.878014,1034
2025-02-28 04:00:00,0,0.5671388131019576,0.4328611868980424,Sell,62.878014,62.913944,62.815136,62.886997,900
2025-02-28 05:00:00,0,0.5649558585964021,0.43504414140359793,Sell,62.878014,62.922924,62.76124,62.842083,1454
2025-02-28 06:00:00,0,0.5708257360074089,0.42917426399259107,Sell,62.851067,62.86903,62.68938,62.707344,1964
2025-02-28 07:00:00,0,0.578816065143995,0.421183934856005,Sell,62.707344,62.707344,62.54566,62.61752,3245
2025-02-28 08:00:00,0,0.5955731091039823,0.4044268908960177,Sell,62.599552,62.635483,62.383972,62.437866,6505
2025-02-28 09:00:00,0,0.5198869251728351,0.4801130748271649,Sell,62.437866,62.644466,62.419903,62.52769,3543
2025-02-28 10:00:00,0,0.5586605148459038,0.44133948515409616,Sell,62.51871,62.56362,62.27618,62.321095,4019
2025-02-28 11:00:00,0,0.5495272706518906,0.45047272934810945,Sell,62.321095,62.44685,62.222286,62.383972,4827
2025-02-28 12:00:00,0,0.4924480266330265,0.5075519733669736,Hold,62.383972,62.48278,62.222286,62.303127,3778
2025-02-28 13:00:00,0,0.49020380480852893,0.5097961951914711,Hold,62.294147,62.56362,62.285164,62.437866,7237
2025-02-28 14:00:00,0,0.5254923931311399,0.47450760686886007,Sell,62.437866,62.54566,62.16839,62.213303,16904
2025-02-28 15:00:00,0,0.47115138593199857,0.5288486140680014,Hold,62.213303,62.806152,62.10551,62.743275,18061
2025-02-28 16:00:00,0,0.5273279456270779,0.47267205437292215,Sell,62.743275,62.824116,62.437866,62.644466,13996
2025-02-28 17:00:00,0,0.5192156934811281,0.48078430651887194,Sell,62.635483,62.895977,62.58159,62.806152,15036
2025-02-28 18:00:00,0,0.5295204672373245,0.4704795327626755,Sell,62.79717,63.138508,62.56362,62.913944,20506
2025-02-28 19:00:00,0,0.6055306154151668,0.39446938458483316,Sell,62.922924,62.958855,62.52769,62.68938,22638
2025-02-28 20:00:00,0,0.5397164877464924,0.4602835122535076,Sell,62.680397,62.96784,62.66243,62.931908,3633
2025-02-28 21:00:00,0,0.5143757415379464,0.4856242584620536,Sell,62.94089,62.97682,62.79717,62.8331,3426
2025-03-02 23:00:00,0,0.5025363372457632,0.4974636627542368,Sell,62.8331,63.093594,62.75226,63.048683,2121
2025-03-03 00:00:00,1,0.45575511106862826,0.5442448889313718,Hold,63.030716,63.183422,63.030716,63.138508,1610
2025-03-03 01:00:00,1,0.498803609300761,0.5011963906992389,Hold,63.14749,63.345108,63.12054,63.300194,3161
2025-03-03 02:00:00,1,0.5353578422648272,0.4646421577351728,Sell,63.309177,63.41697,63.12054,63.138508,2239
2025-03-03 03:00:00,1,0.5038428216498038,0.49615717835019624,Sell,63.138508,63.15647,62.913944,63.048683,2371
2025-03-03 04:00:00,1,0.49841834307753125,0.5015816569224687,Hold,63.048683,63.057663,62.931908,62.994785,1096
2025-03-03 05:00:00,0,0.48488486240649226,0.5151151375935077,Hold,62.994785,63.00377,62.79717,62.878014,1594
2025-03-03 06:00:00,0,0.4696544264510381,0.530345573548962,Hold,62.878014,62.886997,62.73429,62.78819,1755
2025-03-03 07:00:00,0,0.45418782801203805,0.545812171987962,Hold,62.78819,62.860046,62.68938,62.716328,2513
2025-03-03 08:00:00,0,0.4607927801613313,0.5392072198386687,Hold,62.716328,62.842083,62.27618,62.31211,6748
2025-03-03 09:00:00,0,0.40795493231422175,0.5920450676857782,Hold,62.321095,62.419903,62.213303,62.24025,5321
2025-03-03 10:00:00,0,0.4894594481718299,0.51054055182817,Hold,62.231266,62.671413,62.222286,62.61752,4795
2025-03-03 11:00:00,0,0.522256999874794,0.477743000125206,Sell,62.61752,62.815136,62.572605,62.77022,3025
2025-03-03 12:00:00,1,0.5420567096083471,0.45794329039165294,Sell,62.76124,63.030716,62.671413,63.021732,4830
2025-03-03 13:00:00,1,0.5365336370515617,0.46346636294843835,Sell,63.030716,63.165455,62.860046,62.958855,9126
2025-03-03 14:00:00,1,0.5194277489805853,0.4805722510194147,Sell,62.96784,63.1924,62.599552,62.66243,18444
2025-03-03 15:00:00,1,0.4934416932918534,0.5065583067081466,Hold,62.65345,62.66243,62.114494,62.437866,23462
2025-03-03 16:00:00,1,0.4576825927865015,0.5423174072134985,Hold,62.428883,62.608536,62.19534,62.419903,13674
2025-03-03 17:00:00,1,0.4622428802619573,0.5377571197380426,Hold,62.419903,62.635483,62.34804,62.41092,8835
2025-03-03 18:00:00,0,0.4521641049305279,0.5478358950694722,Hold,62.41092,62.419903,60.98269,61.324028,56506
2025-03-03 19:00:00,0,0.3766836583779471,0.6233163416220528,Hold,61.324028,61.47673,61.063534,61.315044,31573
2025-03-03 20:00:00,0,0.43472000380732784,0.5652799961926722,Hold,61.315044,61.43182,61.15336,61.35996,8452
2025-03-03 21:00:00,0,0.4587466253990295,0.5412533746009704,Hold,61.350975,61.521645,61.324028,61.50368,3625
2025-03-03 23:00:00,0,0.4236981940397951,0.576301805960205,Hold,61.494698,61.494698,61.33301,61.34199,1154
2025-03-04 00:00:00,0,0.5094810367350363,0.4905189632649637,Sell,61.350975,61.377922,61.288097,61.34199,853
2025-03-04 01:00:00,0,0.4271063182190798,0.5728936817809203,Hold,61.34199,61.35996,61.045567,61.081497,3669
2025-03-04 02:00:00,0,0.4722959092190364,0.5277040907809636,Hold,61.072517,61.270134,61.072517,61.12641,1904
2025-03-04 03:00:00,0,0.4508455235647111,0.5491544764352889,Hold,61.117428,61.33301,61.108444,61.207253,2072
2025-03-04 04:00:00,0,0.45554701205712417,0.5444529879428759,Hold,61.207253,61.22522,61.135395,61.18929,957
2025-03-04 05:00:00,0,0.4762858136041005,0.5237141863958995,Hold,61.18929,61.26115,60.865917,61.01862,3396
2025-03-04 06:00:00,0,0.5322034943106004,0.46779650568939957,Sell,61.01862,61.171326,60.98269,61.099464,1843
2025-03-04 07:00:00,0,0.4913947888361042,0.5086052111638958,Hold,61.099464,61.099464,60.8749,60.892864,3679
2025-03-04 08:00:00,0,0.47355341038797943,0.5264465896120205,Hold,60.910828,60.991673,60.6683,60.70423,9117
2025-03-04 09:00:00,0,0.4757809154369405,0.5242190845630594,Hold,60.695248,60.865917,60.569492,60.650333,7153
2025-03-04 10:00:00,0,0.5160180734731696,0.48398192652683036,Sell,60.650333,60.95574,60.59644,60.856934,6713
2025-03-04 11:00:00,0,0.445071281913019,0.5549287180869811,Hold,60.84795,61.027603,60.53356,60.623386,8461
2025-03-04 12:00:00,0,0.4429796640270515,0.5570203359729484,Hold,60.614403,60.63237,60.264084,60.300014,10072
2025-03-04 13:00:00,0,0.40864438781147516,0.5913556121885248,Hold,60.300014,60.794056,60.300014,60.605423,13554
2025-03-04 14:00:00,0,0.39005281334004316,0.6099471866599568,Hold,60.614403,60.97371,59.994606,60.048504,29741
2025-03-04 15:00:00,0,0.3424959305274352,0.6575040694725648,Hold,60.03952,60.722195,59.976643,60.4617,27947
2025-03-04 16:00:00,0,0.34690241575569164,0.6530975842443083,Hold,60.4617,60.991673,60.300014,60.97371,20807
2025-03-04 17:00:00,0,0.34887196349118627,0.6511280365088137,Hold,60.98269,61.18929,60.80304,61.12641,14190
2025-03-04 18:00:00,1,0.3640689398894033,0.6359310601105967,Hold,61.12641,61.34199,61.05455,61.29708,14191
2025-03-04 19:00:00,1,0.3715016305071995,0.6284983694928006,Hold,61.29708,61.458767,61.234203,61.4408,15926
2025-03-04 20:00:00,1,0.32560475529858535,0.6743952447014147,Hold,61.4408,61.584522,61.30606,61.315044,5958
2025-03-04 21:00:00,1,0.3809588238116138,0.6190411761883863,Hold,61.315044,61.377922,60.74016,61.117428,8063
2025-03-04 23:00:00,1,0.4217260119068973,0.5782739880931027,Hold,61.15336,61.162342,60.94676,60.98269,1081
2025-03-05 00:00:00,1,0.47681433870136397,0.5231856612986361,Hold,60.98269,61.000656,60.901848,60.991673,893
2025-03-05 01:00:00,1,0.4878024642772163,0.5121975357227837,Hold,61.000656,61.036587,60.83897,60.910828,3060
2025-03-05 02:00:00,0,0.4833507362460458,0.5166492637539541,Hold,60.91981,60.98269,60.650333,60.659317,2608
2025-03-05 03:00:00,0,0.5136140051890151,0.4863859948109849,Sell,60.650333,60.821003,60.63237,60.794056,1552
2025-03-05 04:00:00,0,0.5170225286500664,0.48297747134993363,Sell,60.785072,60.80304,60.695248,60.785072,1042
2025-03-05 05:00:00,0,0.5012699500100971,0.4987300499899029,Sell,60.794056,60.88388,60.76711,60.794056,1110
2025-03-05 06:00:00,1,0.5067855069654768,0.49321449303452325,Sell,60.794056,60.964725,60.776093,60.964725,1238
2025-03-05 07:00:00,1,0.5027174187564549,0.4972825812435451,Sell,60.95574,61.171326,60.94676,60.964725,3117
2025-03-05 08:00:00,1,0.5418510827629528,0.4581489172370472,Sell,60.95574,61.01862,60.686264,60.785072,6572
2025-03-05 09:00:00,1,0.498625974601452,0.5013740253985479,Hold,60.776093,61.000656,60.53356,60.551525,6839
2025-03-05 10:00:00,1,0.5512524487508091,0.44874755124919086,Sell,60.551525,60.623386,60.183243,60.24612,7605
2025-03-05 11:00:00,1,0.5320713181751128,0.4679286818248872,Sell,60.237137,60.398823,60.093414,60.129345,6703
2025-03-05 12:00:00,1,0.5250827114403799,0.4749172885596201,Sell,60.129345,60.38984,60.102398,60.13833,6495
2025-03-05 13:00:00,0,0.5353154748113227,0.4646845251886773,Sell,60.13833,60.38086,59.877834,59.886818,15991
2025-03-05 14:00:00,0,0.5306102827778761,0.46938971722212386,Sell,59.877834,59.93173,59.222107,59.249054,29650
2025-03-05 15:00:00,0,0.4863498792962832,0.5136501207037167,Hold,59.258038,59.635303,58.970592,59.096348,34022
2025-03-05 16:00:00,0,0.5073372866585617,0.4926627133414383,Sell,59.096348,59.10533,58.584343,58.763996,33131
2025-03-05 17:00:00,0,0.5595117104799668,0.44048828952003316,Sell,58.763996,59.52751,58.638237,59.455654,25321
2025-03-05 18:00:00,0,0.589915102828767,0.410084897171233,Sell,59.464634,59.680218,59.195156,59.66225,19573
2025-03-05 19:00:00,0,0.549671576191198,0.450328423808802,Sell,59.65327,59.71615,59.383793,59.599373,24430
2025-03-05 20:00:00,0,0.527798440858425,0.472201559141575,Sell,59.599373,59.743095,59.54548,59.707165,5307
2025-03-05 21:00:00,0,0.5394855186280917,0.4605144813719083,Sell,59.707165,59.707165,59.554462,59.635303,2416
2025-03-05 23:00:00,0,0.5698936861096457,0.43010631389035425,Sell,59.635303,59.73411,59.563442,59.707165,969
2025-03-06 00:00:00,0,0.5017961220438383,0.4982038779561617,Sell,59.69818,59.779026,59.671234,59.69818,1083
2025-03-06 01:00:00,0,0.47867109088148113,0.5213289091185189,Hold,59.69818,59.96766,59.680218,59.949696,2835
2025-03-06 02:00:00,0,0.49623565948144494,0.503764340518555,Hold,59.949696,60.057484,59.940712,60.012573,2007
2025-03-06 03:00:00,0,0.48134241004505807,0.5186575899549419,Hold,60.012573,60.021553,59.841904,59.877834,1737
2025-03-06 04:00:00,0,0.4706987603504256,0.5293012396495744,Hold,59.886818,60.012573,59.83292,59.940712,1296
2025-03-06 05:00:00,0,0.4641772269098917,0.5358227730901083,Hold,59.949696,59.958675,59.69818,59.71615,1898
2025-03-06 06:00:00,0,0.4856920848687123,0.5143079151312877,Hold,59.72513,59.985626,59.69818,59.940712,1975
2025-03-06 07:00:00,0,0.4953767969018654,0.5046232030981346,Hold,59.93173,60.084435,59.93173,60.012573,3373
2025-03-06 08:00:00,0,0.457523646737404,0.542476353262596,Hold,60.00359,60.030537,59.428703,59.680218,7287
2025-03-06 09:00:00,0,0.4717314052014303,0.5282685947985697,Hold,59.671234,59.976643,59.464634,59.79699,6560
2025-03-06 10:00:00,0,0.5034313852454539,0.49656861475454606,Sell,59.805973,59.922745,59.50955,59.51853,5746
2025-03-06 11:00:00,0,0.4758820656529593,0.5241179343470407,Hold,59.52751,60.00359,59.464634,59.940712,7582
2025-03-06 12:00:00,0,0.44880099990426126,0.5511990000957387,Hold,59.949696,60.102398,59.895798,59.940712,5157
2025-03-06 13:00:00,0,0.45324546007663913,0.5467545399233609,Hold,59.93173,60.093414,59.635303,59.78801,12659
2025-03-06 14:00:00,0,0.4725826380129358,0.5274173619870641,Hold,59.78801,60.093414,59.65327,59.976643,21011
2025-03-06 15:00:00,0,0.42097950086138536,0.5790204991386146,Hold,59.96766,60.264084,59.03347,59.114315,38254
2025-03-06 16:00:00,0,0.41022559782831625,0.5897744021716838,Hold,59.1233,59.37481,58.943645,58.95263,20722
2025-03-06 17:00:00,0,0.3778758346320936,0.6221241653679064,Hold,58.95263,59.66225,58.9167,59.536495,20091
2025-03-06 18:00:00,0,0.3913738201915102,0.6086261798084898,Hold,59.536495,59.73411,59.473618,59.599373,10957
2025-03-06 19:00:00,0,0.3967445985499212,0.6032554014500788,Hold,59.608356,59.823936,59.491585,59.707165,14524
2025-03-06 20:00:00,0,0.4110028851032324,0.5889971148967676,Hold,59.69818,59.73411,59.44667,59.473618,4354
2025-03-06 21:00:00,0,0.44334496451138905,0.556655035488611,Hold,59.473618,59.644287,59.464634,59.52751,2183
2025-03-06 23:00:00,0,0.5244349151762537,0.47556508482374626,Sell,59.590393,59.599373,59.473618,59.58141,584
2025-03-07 00:00:00,0,0.4290046738362541,0.5709953261637459,Hold,59.572426,59.590393,59.401756,59.491585,1079
2025-03-07 01:00:00,0,0.4363116675697465,0.5636883324302535,Hold,59.491585,59.680218,59.392776,59.635303,1929
2025-03-07 02:00:00,0,0.438166379671364,0.561833620328636,Hold,59.62632,59.79699,59.62632,59.78801,1484
2025-03-07 03:00:00,0,0.4514685446679371,0.5485314553320628,Hold,59.779026,59.79699,59.572426,59.61734,1108
2025-03-07 04:00:00,0,0.4327938417834123,0.5672061582165877,Hold,59.61734,59.62632,59.536495,59.563442,764
2025-03-07 05:00:00,0,0.4471744059402881,0.5528255940597119,Hold,59.563442,59.680218,59.54548,59.61734,762
2025-03-07 06:00:00,0,0.4769076072823711,0.523092392717629,Hold,59.62632,59.78801,59.554462,59.66225,1626
2025-03-07 07:00:00,0,0.47611170625953875,0.5238882937404612,Hold,59.66225,60.12036,59.608356,60.07545,4599
2025-03-07 08:00:00,0,0.4946856633303507,0.5053143366696493,Hold,60.066467,60.398823,60.00359,60.32696,8316
2025-03-07 09:00:00,0,0.4992757484828949,0.5007242515171051,Hold,60.32696,60.479668,60.24612,60.434753,6543
2025-03-07 10:00:00,0,0.5281950518242722,0.4718049481757278,Sell,60.443737,60.695248,60.300014,60.6683,6327
2025-03-07 11:00:00,0,0.49862126961406417,0.5013787303859358,Hold,60.677284,60.71321,60.434753,60.470684,5223
2025-03-07 12:00:00,0,0.5216229558896732,0.4783770441103268,Sell,60.4617,60.794056,60.317978,60.59644,9460
2025-03-07 13:00:00,0,0.5399358124410744,0.46006418755892564,Sell,60.59644,60.605423,60.24612,60.2551,10977
2025-03-07 14:00:00,1,0.5347674238080776,0.4652325761919224,Sell,60.24612,61.063534,60.13833,60.964725,32365
2025-03-07 15:00:00,1,0.45779551403585983,0.5422044859641402,Hold,60.964725,61.279114,60.030537,60.73118,46240
2025-03-07 16:00:00,0,0.5391159619092555,0.4608840380907445,Sell,60.73118,60.73118,60.17426,60.24612,17980
2025-03-07 17:00:00,0,0.5177598874450093,0.48224011255499066,Sell,60.2551,60.52458,60.066467,60.165276,14405
2025-03-07 18:00:00,0,0.4980518858063148,0.5019481141936852,Hold,60.165276,60.317978,59.949696,60.183243,10510
2025-03-07 19:00:00,0,0.5184535484219478,0.4815464515780522,Sell,60.192223,60.506615,60.03952,60.17426,18946
2025-03-07 20:00:00,0,0.5296661354587425,0.4703338645412575,Sell,60.17426,60.28205,60.129345,60.192223,2800
2025-03-07 21:00:00,0,0.5310033966654666,0.4689966033345334,Sell,60.201206,60.2551,60.183243,60.228153,1708
2025-03-09 22:00:00,0,0.5474966986416225,0.45250330135837746,Sell,60.28205,60.488647,59.90478,59.90478,2238
2025-03-09 23:00:00,0,0.5298316077497811,0.4701683922502189,Sell,59.922745,59.940712,59.73411,59.770042,1596
2025-03-10 00:00:00,0,0.5464182733467815,0.4535817266532185,Sell,59.770042,60.048504,59.76106,60.021553,1600
2025-03-10 01:00:00,0,0.5027736175157929,0.49722638248420714,Sell,60.030537,60.084435,59.841904,59.922745,2029
2025-03-10 02:00:00,0,0.48439425645686757,0.5156057435431325,Hold,59.922745,60.00359,59.823936,59.850887,1412
2025-03-10 03:00:00,0,0.5164164710214558,0.4835835289785442,Sell,59.859867,59.90478,59.76106,59.841904,1212
2025-03-10 04:00:00,0,0.48086069078153487,0.5191393092184651,Hold,59.841904,59.96766,59.83292,59.877834,520
2025-03-10 05:00:00,0,0.472243764731829,0.5277562352681711,Hold,59.877834,59.940712,59.71615,59.823936,1433
2025-03-10 06:00:00,0,0.5324640072420316,0.4675359927579684,Sell,59.83292,60.07545,59.779026,60.057484,1923
2025-03-10 07:00:00,0,0.469029895406672,0.5309701045933279,Hold,60.057484,60.29103,59.96766,60.24612,3555
2025-03-10 08:00:00,0,0.45310521068070464,0.5468947893192954,Hold,60.2551,60.38086,60.030537,60.12036,5581
2025-03-10 09:00:00,0,0.4612787955002995,0.5387212044997005,Hold,60.12036,60.479668,60.048504,60.35391,4824
2025-03-10 10:00:00,0,0.43864825138456914,0.5613517486154309,Hold,60.34493,60.42577,60.13833,60.34493,3418
2025-03-10 11:00:00,1,0.4742284254270888,0.5257715745729112,Hold,60.34493,60.623386,60.335945,60.56051,5979
2025-03-10 12:00:00,1,0.4763514298831219,0.523648570116878,Hold,60.569492,60.722195,60.479668,60.6683,5654
2025-03-10 13:00:00,0,0.4779454837426307,0.5220545162573693,Hold,60.659317,60.677284,59.805973,59.850887,17483
2025-03-10 14:00:00,0,0.4571444173945571,0.5428555826054429,Hold,59.841904,60.048504,59.61734,59.6892,19104
2025-03-10 15:00:00,0,0.49125619164201223,0.5087438083579878,Hold,59.680218,59.985626,59.671234,59.859867,14051
2025-03-10 16:00:00,0,0.509842977838021,0.490157022161979,Sell,59.859867,59.949696,59.44667,59.62632,15624
2025-03-10 17:00:00,0,0.507634393302432,0.492365606697568,Sell,59.635303,59.66225,59.231087,59.329895,11451
2025-03-10 18:00:00,0,0.4647700722379729,0.5352299277620272,Hold,59.329895,59.37481,59.16821,59.16821,16319
2025-03-10 19:00:00,0,0.5343411359093918,0.4656588640906082,Sell,59.177193,59.347862,59.10533,59.267017,5847
2025-03-10 20:00:00,0,0.4790803936181553,0.5209196063818446,Hold,59.267017,59.293964,59.177193,59.213123,1727
2025-03-10 22:00:00,0,0.4584914643595574,0.5415085356404425,Hold,59.24007,59.267017,59.042454,59.06042,1082
2025-03-10 23:00:00,0,0.46838553737464045,0.5316144626253596,Hold,59.06042,59.087368,58.979576,59.06042,904
2025-03-11 00:00:00,0,0.40802679648372353,0.5919732035162765,Hold,59.0694,59.0694,58.844837,58.862804,2385
2025-03-11 01:00:00,0,0.44377098057941866,0.5562290194205813,Hold,58.862804,59.141262,58.64722,59.06042,5078
2025-03-11 02:00:00,0,0.4332888082480933,0.5667111917519068,Hold,59.06042,59.347862,59.006523,59.213123,2714
2025-03-11 03:00:00,0,0.42959537890744864,0.5704046210925513,Hold,59.20414,59.31193,59.177193,59.222107,1193
2025-03-11 04:00:00,0,0.47666832286092653,0.5233316771390735,Hold,59.213123,59.249054,59.186176,59.213123,623
2025-03-11 05:00:00,0,0.5063279313334652,0.4936720686665348,Sell,59.213123,59.356846,59.141262,59.284985,1133
2025-03-11 06:00:00,0,0.4988521874423773,0.5011478125576228,Hold,59.284985,59.455654,59.249054,59.383793,1626
2025-03-11 07:00:00,0,0.46407750846667445,0.5359224915333256,Hold,59.383793,59.54548,59.276,59.536495,2704
2025-03-11 08:00:00,0,0.47861404132283375,0.5213859586771663,Hold,59.52751,59.61734,59.401756,59.608356,3794
2025-03-11 09:00:00,0,0.4962527691008554,0.5037472308991446,Hold,59.608356,59.779026,59.536495,59.65327,4136
2025-03-11 10:00:00,0,0.5411293587026162,0.45887064129738375,Sell,59.65327,60.030537,59.62632,59.93173,5814
2025-03-11 11:00:00,0,0.569937733447083,0.430062266552917,Sell,59.940712,60.102398,59.823936,60.084435,6201
2025-03-11 12:00:00,0,0.573955770417276,0.42604422958272403,Sell,60.07545,60.147312,59.83292,59.841904,7230
2025-03-11 13:00:00,0,0.5866148755598598,0.4133851244401402,Sell,59.850887,60.335945,59.850887,60.093414,15796
2025-03-11 14:00:00,0,0.5607295660073272,0.43927043399267285,Sell,60.093414,60.183243,59.73411,59.78801,15237
2025-03-11 15:00:00,0,0.5670318624318655,0.43296813756813446,Sell,59.779026,60.192223,59.743095,59.940712,10296
2025-03-11 16:00:00,0,0.5599510824184851,0.4400489175815149,Sell,59.940712,60.03952,59.54548,59.590393,11586
2025-03-11 17:00:00,0,0.5511016779065341,0.4488983220934659,Sell,59.58141,59.61734,59.437687,59.4826,9366
2025-03-11 18:00:00,0,0.6133516287029119,0.38664837129708807,Sell,59.473618,59.805973,59.284985,59.69818,16192
2025-03-11 19:00:00,0,0.5725594457485008,0.4274405542514992,Sell,59.69818,59.83292,59.61734,59.69818,3889
2025-03-11 20:00:00,0,0.5900116311779464,0.4099883688220536,Sell,59.69818,59.922745,59.69818,59.841904,2833
2025-03-11 22:00:00,0,0.6091127077408909,0.3908872922591091,Sell,59.841904,59.859867,59.75208,59.850887,660
2025-03-11 23:00:00,0,0.6331431437527624,0.36685685624723763,Sell,59.850887,59.96766,59.814957,59.86885,840
2025-03-12 00:00:00,0,0.6350073783588883,0.3649926216411117,Sell,59.877834,59.922745,59.72513,59.859867,1338
2025-03-12 01:00:00,0,0.6219271330873575,0.3780728669126425,Sell,59.859867,59.958675,59.76106,59.895798,1277
2025-03-12 02:00:00,0,0.6314852623429776,0.36851473765702236,Sell,59.895798,60.03952,59.841904,59.913765,1138
2025-03-12 03:00:00,0,0.6175109950918093,0.3824890049081907,Sell,59.913765,59.96766,59.850887,59.90478,1093
2025-03-12 04:00:00,0,0.6107170920787512,0.38928290792124876,Sell,59.913765,60.00359,59.895798,59.958675,504
2025-03-12 05:00:00,0,0.5970243636539875,0.4029756363460125,Sell,59.949696,59.994606,59.814957,59.850887,1328
2025-03-12 06:00:00,0,0.5668739106451631,0.4331260893548369,Sell,59.850887,59.859867,59.50955,59.51853,1876
2025-03-12 07:00:00,0,0.5953691518074009,0.4046308481925991,Sell,59.51853,59.814957,59.419724,59.770042,3438
2025-03-12 08:00:00,0,0.6110698127326907,0.3889301872673093,Sell,59.770042,59.96766,59.72513,59.770042,5011
2025-03-12 09:00:00,0,0.6404579936488524,0.35954200635114764,Sell,59.779026,59.958675,59.6892,59.940712,3916
2025-03-12 10:00:00,0,0.673720401363842,0.32627959863615796,Sell,59.940712,60.21917,59.922745,60.12036,5050
2025-03-12 11:00:00,0,0.6580263603972354,0.3419736396027646,Sell,60.12036,60.24612,60.03952,60.228153,3407
2025-03-12 12:00:00,0,0.6732226164264177,0.3267773835735823,Sell,60.21917,60.479668,60.13833,60.300014,10840
2025-03-12 13:00:00,0,0.6936421227873258,0.30635787721267416,Sell,60.300014,60.659317,60.183243,60.452717,20474
2025-03-12 14:00:00,0,0.6741644743636669,0.3258355256363331,Sell,60.4617,60.865917,60.38984,60.785072,17461
2025-03-12 15:00:00,0,0.5562311744506471,0.44376882554935293,Sell,60.785072,60.892864,60.452717,60.76711,14875
2025-03-12 16:00:00,0,0.5483550290091893,0.4516449709908107,Sell,60.758125,60.97371,60.71321,60.794056,12186
2025-03-12 17:00:00,0,0.4919084162782248,0.5080915837217752,Hold,60.80304,60.928795,60.74914,60.76711,8234
2025-03-12 18:00:00,1,0.5212618449638378,0.47873815503616224,Sell,60.758125,60.901848,60.73118,60.829987,17957
2025-03-12 19:00:00,1,0.5417199874007734,0.45828001259922657,Sell,60.821003,60.84795,60.686264,60.794056,5589
2025-03-12 20:00:00,1,0.5781057567242386,0.4218942432757614,Sell,60.794056,60.84795,60.758125,60.80304,1960
2025-03-12 22:00:00,1,0.6164995567682587,0.38350044323174126,Sell,60.80304,60.892864,60.758125,60.821003,991
2025-03-12 23:00:00,1,0.5750248113024052,0.42497518869759476,Sell,60.821003,60.8749,60.758125,60.785072,744
2025-03-13 00:00:00,0,0.560246072776006,0.439753927223994,Sell,60.776093,60.785072,60.641354,60.71321,1314
2025-03-13 01:00:00,0,0.4928443655248362,0.5071556344751638,Hold,60.71321,60.76711,60.614403,60.641354,1233
2025-03-13 02:00:00,1,0.5475628763535563,0.45243712364644373,Sell,60.650333,60.88388,60.614403,60.81202,1114
2025-03-13 03:00:00,0,0.5033798283987881,0.49662017160121186,Sell,60.821003,60.83897,60.695248,60.758125,826
2025-03-13 04:00:00,0,0.5158175487074013,0.48418245129259874,Sell,60.76711,60.785072,60.677284,60.73118,519
2025-03-13 05:00:00,0,0.5119154657705774,0.48808453422942255,Sell,60.722195,60.722195,60.587456,60.59644,819
2025-03-13 06:00:00,0,0.5203486576991025,0.47965134230089745,Sell,60.59644,60.659317,60.542545,60.605423,1859
2025-03-13 07:00:00,1,0.5672262020512953,0.43277379794870474,Sell,60.605423,60.91981,60.578476,60.83897,3264
2025-03-13 08:00:00,1,0.5318373806059842,0.4681626193940158,Sell,60.83897,61.027603,60.70423,60.74914,5434
2025-03-13 09:00:00,0,0.5025437043572187,0.49745629564278127,Sell,60.758125,60.83897,60.38984,60.398823,6174
2025-03-13 10:00:00,0,0.5094748970740038,0.49052510292599616,Sell,60.398823,60.569492,60.28205,60.515594,5867
2025-03-13 11:00:00,0,0.516231126983668,0.483768873016332,Sell,60.515594,60.758125,60.407806,60.443737,5352
2025-03-13 12:00:00,0,0.5330575503444548,0.4669424496555452,Sell,60.443737,60.56051,60.300014,60.362892,5636
2025-03-13 13:00:00,0,0.5352456774991514,0.4647543225008486,Sell,60.362892,60.38086,60.147312,60.24612,11804
2025-03-13 14:00:00,0,0.5762364759324383,0.4237635240675617,Sell,60.24612,60.488647,60.030537,60.317978,17223
2025-03-13 15:00:00,0,0.46387759379314314,0.5361224062068568,Hold,60.317978,60.398823,59.61734,60.021553,23848
2025-03-13 16:00:00,0,0.40050590621818244,0.5994940937818176,Hold,60.021553,60.24612,59.823936,59.913765,12803
2025-03-13 17:00:00,0,0.37353434505087946,0.6264656549491205,Hold,59.913765,59.985626,59.680218,59.69818,9963
2025-03-13 18:00:00,0,0.409531006870928,0.590468993129072,Hold,59.6892,59.850887,59.635303,59.779026,14589
2025-03-13 19:00:00,0,0.388392905098559,0.6116070949014409,Hold,59.770042,59.895798,59.73411,59.78801,3598
2025-03-13 20:00:00,0,0.38220535190213933,0.6177946480978607,Hold,59.78801,60.00359,59.770042,59.96766,3284
2025-03-13 22:00:00,0,0.36640395414633814,0.6335960458536618,Hold,59.985626,60.066467,59.886818,60.030537,858
2025-03-13 23:00:00,0,0.3595344325089406,0.6404655674910593,Hold,60.030537,60.11138,60.012573,60.030537,764
2025-03-14 00:00:00,0,0.37053526569208883,0.6294647343079112,Hold,60.00359,60.07545,59.90478,60.030537,973
2025-03-14 01:00:00,0,0.4235618042942458,0.5764381957057543,Hold,60.048504,60.102398,59.922745,60.084435,1133
2025-03-14 02:00:00,0,0.39219086127919034,0.6078091387208097,Hold,60.084435,60.201206,60.057484,60.183243,1038
2025-03-14 03:00:00,0,0.3979553481495571,0.602044651850443,Hold,60.183243,60.309,60.156292,60.201206,1493
2025-03-14 04:00:00,0,0.38653506782778707,0.613464932172213,Hold,60.201206,60.21917,60.17426,60.201206,291
2025-03-14 05:00:00,0,0.3781087513580897,0.6218912486419104,Hold,60.192223,60.24612,60.147312,60.24612,656
2025-03-14 06:00:00,0,0.39250156802983055,0.6074984319701695,Hold,60.24612,60.443737,60.129345,60.443737,2138
2025-03-14 07:00:00,0,0.4101355715007432,0.5898644284992568,Hold,60.434753,60.551525,60.38086,60.488647,3439
2025-03-14 08:00:00,0,0.41460118566436194,0.5853988143356381,Hold,60.479668,60.614403,60.317978,60.587456,4501
2025-03-14 09:00:00,0,0.41792838936516913,0.5820716106348309,Hold,60.587456,60.587456,60.335945,60.488647,2957
2025-03-14 10:00:00,0,0.4368515765006629,0.5631484234993371,Hold,60.488647,60.49763,60.264084,60.309,2466
2025-03-14 11:00:00,0,0.4146384113310324,0.5853615886689676,Hold,60.317978,60.4617,60.147312,60.201206,4791
2025-03-14 12:00:00,0,0.4240868525224502,0.5759131474775498,Hold,60.192223,60.398823,60.183243,60.32696,5776
2025-03-14 13:00:00,0,0.34450176363208956,0.6554982363679105,Hold,60.32696,60.335945,59.841904,60.156292,14229
2025-03-14 14:00:00,0,0.3416188540361635,0.6583811459638365,Hold,60.147312,60.17426,59.814957,60.147312,9968
2025-03-14 15:00:00,0,0.35117168491572054,0.6488283150842795,Hold,60.147312,60.264084,60.030537,60.192223,7544
2025-03-14 16:00:00,0,0.4102470558332754,0.5897529441667246,Hold,60.192223,60.29103,60.129345,60.264084,6234
2025-03-14 17:00:00,0,0.41351439297543163,0.5864856070245683,Hold,60.264084,60.470684,60.183243,60.24612,7517
2025-03-14 18:00:00,0,0.48190782180594793,0.5180921781940521,Hold,60.237137,60.434753,60.228153,60.371876,9658
2025-03-14 19:00:00,0,0.4820894762857913,0.5179105237142088,Hold,60.38086,60.434753,60.317978,60.335945,2088
2025-03-14 20:00:00,0,0.4989091750140957,0.5010908249859043,Hold,60.335945,60.371876,60.28205,60.35391,1135
2025-03-16 22:00:00,0,0.47693054797149337,0.5230694520285066,Hold,60.49763,60.910828,60.443737,60.71321,2678
2025-03-16 23:00:00,0,0.4343832573301153,0.5656167426698847,Hold,60.71321,60.892864,60.686264,60.794056,1079
2025-03-17 00:00:00,0,0.4682570558328822,0.5317429441671178,Hold,60.794056,61.072517,60.776093,61.05455,2563
2025-03-17 01:00:00,0,0.41394164216148066,0.5860583578385193,Hold,61.045567,61.413853,60.991673,61.063534,4070
2025-03-17 02:00:00,0,0.4593906065648245,0.5406093934351754,Hold,61.05455,61.072517,60.81202,60.821003,1056
2025-03-17 03:00:00,0,0.444598536676366,0.5554014633236339,Hold,60.829987,60.829987,60.650333,60.73118,1530
2025-03-17 04:00:00,0,0.45259271652039085,0.5474072834796091,Hold,60.73118,60.829987,60.73118,60.785072,584
2025-03-17 05:00:00,0,0.41203396148796906,0.5879660385120309,Hold,60.785072,60.892864,60.74914,60.76711,677
2025-03-17 06:00:00,0,0.434205496430164,0.565794503569836,Hold,60.76711,60.856934,60.686264,60.829987,656
2025-03-17 07:00:00,0,0.4151350208419368,0.5848649791580631,Hold,60.829987,60.910828,60.76711,60.84795,1289
2025-03-17 08:00:00,0,0.40984312250281646,0.5901568774971835,Hold,60.84795,60.910828,60.677284,60.84795,3069
2025-03-17 09:00:00,0,0.41660822022448085,0.5833917797755191,Hold,60.84795,61.027603,60.76711,60.964725,2583
2025-03-17 10:00:00,0,0.4908048642413141,0.5091951357586859,Hold,60.964725,61.144375,60.856934,61.12641,2290
2025-03-17 11:00:00,0,0.4712379257710859,0.5287620742289141,Hold,61.117428,61.243183,61.072517,61.162342,3738
2025-03-17 12:00:00,0,0.4197430144201712,0.5802569855798287,Hold,61.162342,61.18929,61.027603,61.144375,3313
2025-03-17 13:00:00,0,0.4688846607983421,0.5311153392016579,Hold,61.144375,61.162342,60.81202,60.964725,6355
2025-03-17 14:00:00,0,0.42631660096348895,0.5736833990365111,Hold,60.95574,60.991673,60.53356,60.551525,6792
2025-03-17 15:00:00,0,0.45505027757038435,0.5449497224296156,Hold,60.56051,60.829987,60.407806,60.74914,9135
2025-03-17 16:00:00,0,0.3807204485450611,0.619279551454939,Hold,60.74016,60.81202,60.515594,60.614403,4503
2025-03-17 17:00:00,0,0.47920334296102085,0.5207966570389791,Hold,60.614403,60.856934,60.587456,60.829987,4474
2025-03-17 18:00:00,0,0.41582144653859,0.58417855346141,Hold,60.829987,60.98269,60.605423,60.650333,11469
2025-03-17 19:00:00,0,0.3976472962645077,0.6023527037354923,Hold,60.650333,60.74016,60.614403,60.63237,1505
2025-03-17 20:00:00,0,0.41060629478996813,0.5893937052100319,Hold,60.63237,60.677284,60.587456,60.614403,1029
2025-03-17 22:00:00,0,0.40840282940870065,0.5915971705912993,Hold,60.542545,60.614403,60.434753,60.506615,413
2025-03-17 23:00:00,0,0.3799189121999171,0.6200810878000829,Hold,60.488647,60.56051,60.479668,60.542545,175
2025-03-18 00:00:00,0,0.43160291613740925,0.5683970838625907,Hold,60.542545,60.641354,60.542545,60.605423,336
2025-03-18 01:00:00,0,0.43629322737175386,0.5637067726282461,Hold,60.59644,60.83897,60.59644,60.81202,585
2025-03-18 02:00:00,0,0.5047438692328811,0.49525613076711894,Sell,60.80304,60.94676,60.785072,60.94676,251
2025-03-18 03:00:00,0,0.45708355248989724,0.5429164475101027,Hold,60.928795,60.928795,60.81202,60.84795,184
2025-03-18 04:00:00,0,0.4717605203169086,0.5282394796830914,Hold,60.829987,60.910828,60.821003,60.856934,235
2025-03-18 05:00:00,0,0.5237118441100111,0.47628815588998885,Sell,60.84795,61.027603,60.821003,61.01862,333
2025-03-18 06:00:00,0,0.5057509055457811,0.49424909445421894,Sell,61.027603,61.045567,60.97371,61.009636,180
2025-03-18 07:00:00,0,0.5812987031440656,0.4187012968559344,Sell,61.000656,61.252167,60.98269,61.234203,1160
2025-03-18 08:00:00,0,0.6108957356283413,0.3891042643716587,Sell,61.22522,61.47673,61.198273,61.386906,1195
2025-03-18 09:00:00,1,0.6079672945146221,0.39203270548537794,Sell,61.39589,61.68333,61.368942,61.6474,2011
2025-03-18 10:00:00,1,0.581417645335912,0.418582354664088,Sell,61.629436,61.728245,61.458767,61.50368,1358
2025-03-18 11:00:00,1,0.5795838698049347,0.4204161301950653,Sell,61.494698,61.539608,61.324028,61.539608,1096
2025-03-18 12:00:00,1,0.5497349930553861,0.4502650069446139,Sell,61.539608,61.593506,61.315044,61.404873,1898
2025-03-18 13:00:00,1,0.5805860208119715,0.4194139791880285,Sell,61.413853,61.413853,60.95574,61.000656,2889
2025-03-18 14:00:00,1,0.5766818158251111,0.42331818417488887,Sell,60.991673,60.991673,60.74914,60.81202,2814
2025-03-18 15:00:00,0,0.49479371796451815,0.5052062820354819,Hold,60.81202,60.865917,60.35391,60.371876,2439
2025-03-18 16:00:00,0,0.5501864994580269,0.4498135005419731,Sell,60.362892,60.416786,59.949696,59.994606,4262
2025-03-18 17:00:00,0,0.5034462663777384,0.49655373362226163,Sell,59.976643,60.63237,59.940712,60.183243,3914
2025-03-18 18:00:00,0,0.4487059318311788,0.5512940681688212,Hold,60.165276,60.264084,60.00359,60.066467,4638
2025-03-18 19:00:00,0,0.46872393909328014,0.5312760609067199,Hold,60.057484,60.129345,60.03952,60.11138,934
2025-03-18 20:00:00,0,0.40792193807441135,0.5920780619255887,Hold,60.102398,60.102398,59.78801,59.913765,618
2025-03-18 22:00:00,0,0.41238230241233065,0.5876176975876694,Hold,59.93173,60.030537,59.922745,59.994606,153
2025-03-18 23:00:00,0,0.40295086513314204,0.597049134866858,Hold,60.012573,60.03952,59.96766,60.012573,51
2025-03-19 00:00:00,0,0.2899320278130514,0.7100679721869486,Hold,60.012573,60.06658,59.94056,60.030575,1448
2025-03-19 01:00:00,0,0.29922521653435874,0.7007747834656413,Hold,60.021572,60.030575,59.79654,59.823544,2140
2025-03-19 02:00:00,0,0.3111640431508112,0.6888359568491889,Hold,59.81454,59.976566,59.81454,59.922558,993
2025-03-19 03:00:00,0,0.3248413972474535,0.6751586027525465,Hold,59.913555,59.967564,59.88655,59.922558,903
2025-03-19 04:00:00,0,0.32795397114701164,0.6720460288529884,Hold,59.922558,59.93156,59.850548,59.86855,969
2025-03-19 05:00:00,0,0.32680890368959337,0.6731910963104066,Hold,59.877552,59.895554,59.75153,59.79654,1544
2025-03-19 06:00:00,0,0.3335528504794415,0.6664471495205585,Hold,59.79654,59.80554,59.598507,59.688522,2572
2025-03-19 07:00:00,0,0.32448746421019475,0.6755125357898053,Hold,59.69752,59.922558,59.688522,59.81454,4092
2025-03-19 08:00:00,0,0.3120429623820207,0.6879570376179793,Hold,59.81454,59.967564,59.517494,59.535496,9257
2025-03-19 09:00:00,0,0.32107612632468596,0.678923873675314,Hold,59.5445,59.760532,59.49049,59.74253,6923
2025-03-19 10:00:00,0,0.2848868044928123,0.7151131955071877,Hold,59.73353,59.958565,59.724525,59.958565,5719
2025-03-19 11:00:00,0,0.30920001012118903,0.690799989878811,Hold,59.958565,60.102585,59.922558,60.093586,6064
2025-03-19 12:00:00,0,0.28098250338836117,0.7190174966116388,Hold,60.084583,60.12959,59.913555,60.093586,8057
2025-03-19 13:00:00,0,0.284729521632765,0.715270478367235,Hold,60.093586,60.24661,59.86855,60.07558,14655
2025-03-19 14:00:00,0,0.31899662853885263,0.6810033714611474,Hold,60.06658,60.345627,59.994568,60.23761,16579
2025-03-19 15:00:00,0,0.3489385311745721,0.6510614688254279,Hold,60.24661,60.588665,60.23761,60.32762,15708
2025-03-19 16:00:00,0,0.3332228791959894,0.6667771208040105,Hold,60.318623,60.696682,60.165596,60.606667,19092
2025-03-19 17:00:00,0,0.33220651891933106,0.6677934810806689,Hold,60.606667,60.669678,60.25561,60.282616,11593
2025-03-19 18:00:00,0,0.32605317476245743,0.6739468252375426,Hold,60.300617,60.32762,60.048576,60.273613,18440
2025-03-19 19:00:00,0,0.34621548291682636,0.6537845170831736,Hold,60.282616,60.408634,60.273613,60.32762,3233
2025-03-19 20:00:00,0,0.3539737600285282,0.6460262399714718,Hold,60.318623,60.36363,60.282616,60.354626,1613
2025-03-19 22:00:00,0,0.3590727846000747,0.6409272153999253,Hold,60.336624,60.399635,60.30962,60.37263,584
2025-03-19 23:00:00,0,0.34378718265199815,0.6562128173480019,Hold,60.390633,60.417637,60.36363,60.399635,392
2025-03-20 00:00:00,0,0.4202307477882479,0.5797692522117521,Hold,60.390633,60.42664,60.318623,60.390633,1103
2025-03-20 01:00:00,0,0.4065175164654395,0.5934824835345605,Hold,60.38163,60.552658,60.38163,60.471645,2362
2025-03-20 02:00:00,0,0.41105375464340155,0.5889462453565985,Hold,60.471645,60.606667,60.453644,60.51665,1423
2025-03-20 03:00:00,0,0.4329433709277535,0.5670566290722465,Hold,60.51665,60.597664,60.489647,60.579662,1003
2025-03-20 04:00:00,0,0.409976278093489,0.590023721906511,Hold,60.588665,60.61567,60.57066,60.579662,708
2025-03-20 05:00:00,0,0.3609981546300893,0.6390018453699107,Hold,60.579662,60.588665,60.51665,60.525654,648
2025-03-20 06:00:00,0,0.46102790536811483,0.5389720946318852,Hold,60.525654,60.660675,60.489647,60.63367,1717
2025-03-20 07:00:00,0,0.4288084071543924,0.5711915928456076,Hold,60.62467,60.651672,60.408634,60.597664,2971
2025-03-20 08:00:00,0,0.4529597758146811,0.547040224185319,Hold,60.606667,60.777695,60.597664,60.660675,4966
2025-03-20 09:00:00,0,0.42210420398418363,0.5778957960158164,Hold,60.660675,60.714684,60.336624,60.37263,5214
2025-03-20 10:00:00,0,0.4019881793701071,0.5980118206298929,Hold,60.36363,60.408634,60.111588,60.25561,6380
2025-03-20 11:00:00,0,0.42967947905175086,0.5703205209482491,Hold,60.25561,60.525654,60.23761,60.525654,4529
2025-03-20 12:00:00,0,0.42749425742619185,0.5725057425738082,Hold,60.51665,60.525654,60.24661,60.264614,7182
2025-03-20 13:00:00,0,0.4161225495431752,0.5838774504568248,Hold,60.273613,60.300617,59.976566,60.1746,14599
2025-03-20 14:00:00,0,0.4932758517693078,0.5067241482306921,Hold,60.1746,61.155754,60.156593,61.119747,34099
2025-03-20 15:00:00,0,0.527558915789682,0.47244108421031805,Sell,61.119747,61.407795,61.083744,61.173756,29039
2025-03-20 16:00:00,0,0.5021414759776186,0.4978585240223814,Sell,61.18276,61.290775,61.083744,61.236767,10555
2025-03-20 17:00:00,0,0.5294467971239142,0.4705532028760858,Sell,61.236767,61.335785,61.155754,61.281776,9132
2025-03-20 18:00:00,0,0.5257691888036496,0.47423081119635035,Sell,61.272774,61.371788,61.20076,61.36279,19382
2025-03-20 19:00:00,0,0.5031279210409407,0.49687207895905927,Sell,61.36279,61.4438,61.353786,61.407795,4285
2025-03-20 20:00:00,0,0.46810911722558707,0.5318908827744129,Hold,61.398792,61.578823,61.398792,61.542816,3323
2025-03-20 22:00:00,0,0.4624803695654783,0.5375196304345218,Hold,61.524815,61.794857,61.479805,61.668835,2022
2025-03-20 23:00:00,0,0.4672112959073427,0.5327887040926573,Hold,61.668835,61.731846,61.650833,61.70484,756
2025-03-21 00:00:00,0,0.46994024121314126,0.5300597587868587,Hold,61.70484,61.749847,61.62383,61.677837,2477
2025-03-21 01:00:00,0,0.4182622402194132,0.5817377597805868,Hold,61.677837,61.75885,61.55182,61.578823,2376
2025-03-21 02:00:00,0,0.43617179380957577,0.5638282061904243,Hold,61.578823,61.587822,61.488808,61.533813,1668
2025-03-21 03:00:00,0,0.4338741162184286,0.5661258837815715,Hold,61.533813,61.62383,61.50681,61.596825,1083
2025-03-21 04:00:00,0,0.39672865143411,0.60327134856589,Hold,61.596825,61.605827,61.4528,61.470806,926
2025-03-21 05:00:00,0,0.4367739573722443,0.5632260426277558,Hold,61.479805,61.533813,61.425797,61.524815,1507
2025-03-21 06:00:00,0,0.4040809225817345,0.5959190774182654,Hold,61.524815,61.596825,61.326782,61.398792,2138
2025-03-21 07:00:00,0,0.38847189877675614,0.6115281012232439,Hold,61.407795,61.479805,61.335785,61.398792,2595
2025-03-21 08:00:00,0,0.3736751706480766,0.6263248293519235,Hold,61.398792,61.578823,61.272774,61.290775,6549
2025-03-21 09:00:00,0,0.3760314751571984,0.6239685248428015,Hold,61.299778,61.407795,61.092743,61.164757,5000
2025-03-21 10:00:00,0,0.4052075004208116,0.5947924995791884,Hold,61.164757,61.173756,60.99373,61.038734,4850
2025-03-21 11:00:00,0,0.4177883765425819,0.5822116234574182,Hold,61.047737,61.092743,60.93972,60.975727,4284
2025-03-21 12:00:00,0,0.46213821812696704,0.5378617818730329,Hold,60.966724,61.290775,60.930717,61.137753,6630
2025-03-21 13:00:00,0,0.4351872421887872,0.5648127578112128,Hold,61.14675,61.19176,60.894714,61.083744,14695
2025-03-21 14:00:00,0,0.4626570903165022,0.5373429096834978,Hold,61.07474,61.50681,61.06574,61.49781,10542
2025-03-21 15:00:00,0,0.47518765022897735,0.5248123497710226,Hold,61.49781,61.50681,61.101746,61.164757,10508
2025-03-21 16:00:00,0,0.43720411490674116,0.5627958850932588,Hold,61.155754,61.560818,61.12875,61.533813,10409
2025-03-21 17:00:00,0,0.41034038372663234,0.5896596162733676,Hold,61.533813,61.578823,61.4348,61.4528,7441
2025-03-21 18:00:00,0,0.4356084324977538,0.5643915675022462,Hold,61.461803,61.533813,61.36279,61.533813,13441
2025-03-21 19:00:00,0,0.444198759413963,0.5558012405860371,Hold,61.524815,61.542816,61.344784,61.407795,3294
2025-03-21 20:00:00,0,0.41610652524842806,0.5838934747515719,Hold,61.398792,61.515812,61.398792,61.470806,1694
2025-03-23 22:00:00,0,0.43775130608754587,0.5622486939124541,Hold,61.524815,61.605827,61.353786,61.50681,1592
2025-03-23 23:00:00,0,0.44316857671289867,0.5568314232871013,Hold,61.515812,61.596825,61.461803,61.578823,564
2025-03-24 00:00:00,0,0.4659331316069202,0.5340668683930798,Hold,61.596825,61.63283,61.36279,61.36279,1148
2025-03-24 01:00:00,0,0.4868677064643194,0.5131322935356806,Hold,61.371788,61.560818,61.18276,61.209763,2148
2025-03-24 02:00:00,0,0.45650784829538305,0.543492151704617,Hold,61.20076,61.353786,61.19176,61.26377,1193
2025-03-24 03:00:00,0,0.4773903312478171,0.5226096687521828,Hold,61.26377,61.281776,61.164757,61.272774,996
2025-03-24 04:00:00,0,0.43877769869546795,0.5612223013045321,Hold,61.26377,61.281776,61.218765,61.218765,440
2025-03-24 05:00:00,0,0.4987937207225834,0.5012062792774166,Hold,61.218765,61.38079,61.218765,61.353786,932
2025-03-24 06:00:00,0,0.47292305847845906,0.5270769415215409,Hold,61.353786,61.515812,61.353786,61.470806,1554
2025-03-24 07:00:00,0,0.4985365643830155,0.5014634356169845,Hold,61.479805,61.70484,61.4528,61.659836,3124
2025-03-24 08:00:00,0,0.4602686623952518,0.5397313376047481,Hold,61.659836,61.659836,61.272774,61.407795,6152
2025-03-24 09:00:00,0,0.43106469570399036,0.5689353042960097,Hold,61.416798,61.749847,61.30878,61.731846,5753
2025-03-24 10:00:00,0,0.4492462091524067,0.5507537908475932,Hold,61.731846,62.01089,61.713844,61.99289,6212
2025-03-24 11:00:00,0,0.37919002778818006,0.6208099722118199,Hold,62.00189,62.037895,61.848866,61.884872,5222
2025-03-24 12:00:00,0,0.4079901098885969,0.592009890111403,Hold,61.87587,61.920876,61.542816,61.56982,7479
2025-03-24 13:00:00,0,0.40297392857489195,0.5970260714251081,Hold,61.56982,61.848866,61.4348,61.80386,16411
2025-03-24 14:00:00,0,0.44908290814838187,0.5509170918516182,Hold,61.80386,62.208923,61.650833,62.109905,27924
2025-03-24 15:00:00,0,0.4752817020857473,0.5247182979142526,Hold,62.109905,62.31694,62.028893,62.27193,12756
2025-03-24 16:00:00,0,0.4170711929221927,0.5829288070778074,Hold,62.26293,62.406956,62.046898,62.208923,12778
2025-03-24 17:00:00,0,0.3851413489188505,0.6148586510811496,Hold,62.208923,62.208923,61.920876,62.073902,9191
2025-03-24 18:00:00,0,0.44118130049310916,0.5588186995068909,Hold,62.0829,62.27193,62.028893,62.26293,14940
2025-03-24 19:00:00,0,0.42700559966892204,0.572994400331078,Hold,62.26293,62.352947,62.244926,62.307938,3710
2025-03-24 20:00:00,0,0.40377596175516406,0.5962240382448359,Hold,62.307938,62.325943,62.235928,62.25393,2545
2025-03-24 22:00:00,0,0.42408774902989976,0.5759122509701002,Hold,62.25393,62.352947,62.235928,62.307938,909
2025-03-24 23:00:00,0,0.4228095157078972,0.5771904842921027,Hold,62.298935,62.31694,62.25393,62.25393,203
2025-03-25 00:00:00,0,0.3946361997111955,0.6053638002888044,Hold,62.25393,62.280933,62.172916,62.244926,1118
2025-03-25 01:00:00,0,0.3514999293117912,0.6485000706882088,Hold,62.244926,62.289936,62.12791,62.145912,1942
2025-03-25 02:00:00,0,0.39652928583474645,0.6034707141652536,Hold,62.154915,62.307938,62.145912,62.163914,1808
2025-03-25 03:00:00,0,0.39571887879723966,0.6042811212027603,Hold,62.163914,62.235928,62.154915,62.208923,727
2025-03-25 04:00:00,0,0.4204837595906137,0.5795162404093863,Hold,62.19992,62.226925,62.163914,62.18192,686
2025-03-25 05:00:00,0,0.43363892639898005,0.56636107360102,Hold,62.172916,62.298935,62.154915,62.217922,971
2025-03-25 06:00:00,0,0.3942603954434491,0.6057396045565508,Hold,62.217922,62.226925,62.00189,62.18192,2561
2025-03-25 07:00:00,0,0.4663182620025256,0.5336817379974744,Hold,62.18192,62.496967,62.172916,62.48797,4452
2025-03-25 08:00:00,0,0.43548084019860317,0.5645191598013968,Hold,62.48797,62.532974,62.352947,62.45196,5622
2025-03-25 09:00:00,1,0.4936766084990727,0.5063233915009273,Hold,62.460964,62.649994,62.43396,62.63199,4434
2025-03-25 10:00:00,1,0.45869891763863696,0.5413010823613631,Hold,62.63199,62.677,62.50597,62.56898,4469
2025-03-25 11:00:00,1,0.4782784728550816,0.5217215271449184,Hold,62.56898,62.685997,62.478966,62.667995,4391
2025-03-25 12:00:00,1,0.48526559279937814,0.5147344072006219,Hold,62.677,62.704002,62.532974,62.685997,8018
2025-03-25 13:00:00,1,0.4703393064896777,0.5296606935103223,Hold,62.685997,62.722004,62.57798,62.649994,13853
2025-03-25 14:00:00,0,0.470956493988301,0.529043506011699,Hold,62.64099,62.667995,62.172916,62.18192,23289
2025-03-25 15:00:00,0,0.4415806145610328,0.5584193854389672,Hold,62.18192,62.298935,62.037895,62.0829,13816
2025-03-25 16:00:00,0,0.5149341452769103,0.4850658547230897,Sell,62.0829,62.13691,61.677837,61.92988,22275
2025-03-25 17:00:00,0,0.4613816262421802,0.5386183737578198,Hold,61.92988,62.046898,61.81286,61.99289,8862
2025-03-25 18:00:00,0,0.4727795472692979,0.5272204527307021,Hold,61.99289,62.145912,61.94788,62.091904,14655
2025-03-25 19:00:00,0,0.5065409375695535,0.49345906243044646,Sell,62.091904,62.280933,62.0829,62.25393,4510
2025-03-25 20:00:00,0,0.4806730947134253,0.5193269052865748,Hold,62.25393,62.343945,62.190918,62.289936,2555
2025-03-25 22:00:00,0,0.47599124872022747,0.5240087512797725,Hold,62.25393,62.514973,62.226925,62.361946,1798
2025-03-25 23:00:00,0,0.4789103932901788,0.5210896067098212,Hold,62.361946,62.397953,62.361946,62.37095,207
2025-03-26 00:00:00,0,0.4558950107611089,0.5441049892388912,Hold,62.37095,62.397953,62.325943,62.37995,976
2025-03-26 01:00:00,0,0.45825017318806466,0.5417498268119354,Hold,62.37995,62.460964,62.289936,62.415955,2105
2025-03-26 02:00:00,0,0.44166709689489375,0.5583329031051063,Hold,62.424957,62.43396,62.307938,62.37995,1102
2025-03-26 03:00:00,0,0.44101398864123187,0.5589860113587681,Hold,62.37995,62.37995,62.26293,62.280933,1074
2025-03-26 04:00:00,0,0.45431841443603643,0.5456815855639636,Hold,62.280933,62.307938,62.217922,62.226925,747
2025-03-26 05:00:00,0,0.49222637909643424,0.5077736209035657,Hold,62.235928,62.37995,62.217922,62.352947,865
2025-03-26 06:00:00,0,0.4823956234464316,0.5176043765535684,Hold,62.352947,62.415955,62.289936,62.38895,1240
2025-03-26 07:00:00,0,0.47214859726923336,0.5278514027307666,Hold,62.38895,62.43396,62.163914,62.217922,3089
2025-03-26 08:00:00,0,0.4552112755034719,0.5447887244965282,Hold,62.226925,62.460964,62.208923,62.397953,4344
2025-03-26 09:00:00,0,0.527465040886185,0.47253495911381505,Sell,62.397953,62.595985,62.289936,62.541977,5776
2025-03-26 10:00:00,0,0.5209839833547825,0.47901601664521753,Sell,62.532974,62.740005,62.44296,62.667995,5324
2025-03-26 11:00:00,0,0.4881120300736418,0.5118879699263582,Hold,62.685997,62.785015,62.604984,62.658993,5202
2025-03-26 12:00:00,0,0.49209184585938376,0.5079081541406163,Hold,62.658993,62.731007,62.550976,62.658993,7887
2025-03-26 13:00:00,0,0.4932051340389795,0.5067948659610205,Hold,62.658993,62.965042,62.57798,62.920036,22503
2025-03-26 14:00:00,0,0.48077640934494054,0.5192235906550595,Hold,62.920036,63.01905,62.82102,62.992046,18164
2025-03-26 15:00:00,0,0.5196418695688267,0.48035813043117326,Sell,62.992046,63.20808,62.776012,63.07306,19993
2025-03-26 16:00:00,0,0.529620754646995,0.470379245353005,Sell,63.07306,63.08206,62.803017,62.848026,14079
2025-03-26 17:00:00,0,0.4797105191937217,0.5202894808062783,Hold,62.839024,62.88403,62.514973,62.63199,13682
2025-03-26 18:00:00,0,0.49385334708421164,0.5061466529157883,Hold,62.63199,62.75801,62.595985,62.677,16631
2025-03-26 19:00:00,0,0.47290750068438947,0.5270924993156105,Hold,62.667995,62.803017,62.658993,62.74901,3427
2025-03-26 20:00:00,0,0.49365721165505694,0.5063427883449431,Hold,62.75801,63.00105,62.75801,62.956043,2115
2025-03-26 22:00:00,0,0.44835228897389495,0.5516477110261051,Hold,62.974045,62.974045,62.685997,62.75801,1394
2025-03-26 23:00:00,0,0.40870198129789836,0.5912980187021016,Hold,62.75801,62.776012,62.667995,62.76701,867
2025-03-27 00:00:00,0,0.4848831175601577,0.5151168824398423,Hold,62.75801,62.866028,62.75801,62.839024,1225
2025-03-27 01:00:00,0,0.4873234367377632,0.5126765632622368,Hold,62.839024,62.88403,62.731007,62.794014,1385
2025-03-27 02:00:00,0,0.5025952942771379,0.4974047057228621,Sell,62.803017,62.893032,62.794014,62.857025,943
2025-03-27 03:00:00,0,0.5161924919395153,0.48380750806048467,Sell,62.857025,62.857025,62.74901,62.794014,790
2025-03-27 04:00:00,0,0.4666567566569421,0.5333432433430578,Hold,62.794014,62.83002,62.776012,62.794014,409
2025-03-27 05:00:00,0,0.451041719494894,0.548958280505106,Hold,62.794014,62.803017,62.64099,62.649994,973
2025-03-27 06:00:00,0,0.46729780039428925,0.5327021996057107,Hold,62.649994,62.685997,62.541977,62.541977,2243
2025-03-27 07:00:00,0,0.5015487998201427,0.49845120017985733,Sell,62.541977,62.595985,62.45196,62.478966,3573
2025-03-27 08:00:00,0,0.48555153842686777,0.5144484615731322,Hold,62.48797,62.56898,62.307938,62.406956,7481
2025-03-27 09:00:00,0,0.5346773393397825,0.46532266066021755,Sell,62.415955,62.595985,62.38895,62.48797,3966
2025-03-27 10:00:00,0,0.5103939509880299,0.48960604901197013,Sell,62.48797,62.713,62.460964,62.496967,3512
2025-03-27 11:00:00,0,0.5266352478122653,0.47336475218773466,Sell,62.496967,62.604984,62.397953,62.595985,4193
2025-03-27 12:00:00,0,0.5246009691832657,0.4753990308167343,Sell,62.595985,62.740005,62.52397,62.740005,7442
2025-03-27 13:00:00,0,0.5177283384838054,0.4822716615161946,Sell,62.74901,62.776012,62.217922,62.62299,17821
2025-03-27 14:00:00,1,0.5984149854052444,0.4015850145947556,Sell,62.63199,62.974045,62.43396,62.92904,17354
2025-03-27 15:00:00,0,0.5544354726313577,0.44556452736864227,Sell,62.920036,62.983047,62.63199,62.685997,12962
2025-03-27 16:00:00,0,0.5957759952964444,0.4042240047035556,Sell,62.677,62.87503,62.63199,62.731007,10676
2025-03-27 17:00:00,0,0.5811512764329715,0.4188487235670285,Sell,62.731007,62.902035,62.649994,62.81202,7500
2025-03-27 18:00:00,1,0.584705416292756,0.41529458370724404,Sell,62.81202,62.974045,62.74901,62.938038,12252
2025-03-27 19:00:00,0,0.5419120684014269,0.4580879315985731,Sell,62.92904,62.956043,62.803017,62.803017,3270
2025-03-27 20:00:00,1,0.5557474562375693,0.44425254376243073,Sell,62.81202,62.965042,62.803017,62.92904,1844
2025-03-27 22:00:00,1,0.5750245988420319,0.42497540115796806,Sell,62.92904,62.938038,62.866028,62.920036,534
2025-03-27 23:00:00,1,0.5702322059364426,0.42976779406355736,Sell,62.920036,62.920036,62.87503,62.902035,218
2025-03-28 00:00:00,1,0.5729741510008911,0.4270258489991089,Sell,62.902035,63.01005,62.839024,62.92904,1571
2025-03-28 01:00:00,1,0.5442204527407972,0.4557795472592028,Sell,62.938038,63.055058,62.87503,62.902035,1688
2025-03-28 02:00:00,1,0.5812298068402418,0.41877019315975816,Sell,62.893032,63.028053,62.839024,62.938038,1791
2025-03-28 03:00:00,1,0.5698808829182327,0.4301191170817673,Sell,62.94704,63.01905,62.920036,62.938038,1348
2025-03-28 04:00:00,0,0.5474021511096357,0.45259784889036425,Sell,62.938038,62.938038,62.75801,62.839024,2258
2025-03-28 05:00:00,0,0.5846791765540019,0.4153208234459981,Sell,62.83002,62.857025,62.685997,62.75801,1835
2025-03-28 06:00:00,0,0.5813358766451421,0.4186641233548579,Sell,62.776012,62.902035,62.75801,62.81202,1168
2025-03-28 07:00:00,0,0.5744076907612036,0.42559230923879643,Sell,62.803017,62.803017,62.586983,62.613987,3419
2025-03-28 08:00:00,1,0.6303026096975544,0.36969739030244564,Sell,62.62299,62.938038,62.604984,62.92904,5451
2025-03-28 09:00:00,1,0.6463986100018279,0.35360138999817214,Sell,62.920036,63.091064,62.857025,63.01905,6025
2025-03-28 10:00:00,0,0.611702441721436,0.38829755827856405,Sell,63.028053,63.055058,62.76701,62.803017,4590
2025-03-28 11:00:00,1,0.6429890450283058,0.3570109549716942,Sell,62.81202,62.974045,62.731007,62.965042,3917
2025-03-28 12:00:00,1,0.6114785654261594,0.3885214345738406,Sell,62.965042,63.08206,62.92904,63.01005,6707
2025-03-28 13:00:00,0,0.6261194584330401,0.37388054156695993,Sell,63.01005,63.028053,62.64099,62.740005,18909
2025-03-28 14:00:00,0,0.5639198525495472,0.43608014745045276,Sell,62.731007,62.803017,62.325943,62.496967,22363
2025-03-28 15:00:00,0,0.49794857149880384,0.5020514285011961,Hold,62.496967,62.62299,62.26293,62.280933,15233
2025-03-28 16:00:00,0,0.5081392071009133,0.4918607928990867,Sell,62.280933,62.460964,61.99289,62.352947,22421
2025-03-28 17:00:00,0,0.4991585793322289,0.5008414206677712,Hold,62.361946,62.496967,62.325943,62.37995,9216
2025-03-28 18:00:00,0,0.5079770937284541,0.4920229062715459,Sell,62.37095,62.496967,62.325943,62.37095,12530
2025-03-28 19:00:00,0,0.4799238450267757,0.5200761549732242,Hold,62.361946,62.406956,62.190918,62.217922,3480
2025-03-28 20:00:00,0,0.48515642592929026,0.5148435740707098,Hold,62.226925,62.289936,62.100906,62.145912,2472
2025-03-30 22:00:00,0,0.5280570704064977,0.47194292959350226,Sell,62.496967,62.75801,62.307938,62.550976,4259
2025-03-30 23:00:00,0,0.5259231591115452,0.4740768408884548,Sell,62.550976,62.56898,62.37995,62.541977,1206
2025-03-31 00:00:00,0,0.4912304431134603,0.5087695568865397,Hold,62.541977,62.56898,61.93888,62.055897,4068
2025-03-31 01:00:00,0,0.5363842031732152,0.4636157968267848,Sell,62.055897,62.352947,62.037895,62.26293,2043
2025-03-31 02:00:00,0,0.49854541881657305,0.501454581183427,Hold,62.244926,62.25393,62.037895,62.145912,1182
2025-03-31 03:00:00,0,0.4949491620375272,0.5050508379624727,Hold,62.163914,62.190918,62.109905,62.13691,822
2025-03-31 04:00:00,0,0.5136041258078156,0.48639587419218444,Sell,62.12791,62.226925,62.118908,62.13691,695
2025-03-31 05:00:00,0,0.5484101145883322,0.4515898854116678,Sell,62.118908,62.343945,62.109905,62.33494,1441
2025-03-31 06:00:00,0,0.5276812093697681,0.47231879063023186,Sell,62.325943,62.469963,62.298935,62.38895,2510
2025-03-31 07:00:00,0,0.5897850302236158,0.41021496977638416,Sell,62.38895,62.87503,62.154915,62.87503,8255
2025-03-31 08:00:00,0,0.6114690618330085,0.38853093816699147,Sell,62.87503,63.13607,62.704002,62.902035,10293
2025-03-31 09:00:00,0,0.6512431143166125,0.3487568856833875,Sell,62.902035,62.92904,62.496967,62.55998,5001
2025-03-31 10:00:00,0,0.6468247895224679,0.3531752104775321,Sell,62.55998,62.81202,62.478966,62.613987,3632
2025-03-31 11:00:00,0,0.660692472504591,0.33930752749540904,Sell,62.604984,62.731007,62.45196,62.677,4665
2025-03-31 12:00:00,0,0.6207874436996428,0.3792125563003572,Sell,62.667995,62.87503,62.48797,62.839024,7362
2025-03-31 13:00:00,0,0.6173195761940663,0.3826804238059337,Sell,62.83002,63.406113,62.613987,63.397114,27814
2025-03-31 14:00:00,0,0.6351106157453561,0.3648893842546439,Sell,63.397114,63.982204,63.3431,63.88319,33450
2025-03-31 15:00:00,0,0.6032646691176972,0.39673533088230284,Sell,63.88319,64.31526,63.83818,64.30626,20420
2025-03-31 16:00:00,0,0.5472158278749901,0.4527841721250099,Sell,64.31526,64.65731,64.27025,64.5583,20478
2025-03-31 17:00:00,0,0.526672908825972,0.47332709117402805,Sell,64.5583,64.5583,64.30626,64.30626,14256
2025-03-31 18:00:00,0,0.49002718421786,0.5099728157821399,Hold,64.31526,64.495285,64.27925,64.39627,21090
2025-03-31 19:00:00,0,0.48284026229416854,0.5171597377058315,Hold,64.38727,64.432274,64.29726,64.31526,3953
2025-03-31 20:00:00,0,0.4658959338263838,0.5341040661736163,Hold,64.31526,64.33326,64.18924,64.27025,3249
2025-03-31 22:00:00,0,0.4769436058817149,0.5230563941182851,Hold,64.26125,64.33326,64.171234,64.27925,947
2025-03-31 23:00:00,0,0.4569069971437348,0.5430930028562653,Hold,64.29726,64.33326,64.25225,64.25225,438
2025-04-01 00:00:00,0,0.48848604864548456,0.5115139513545155,Hold,64.26125,64.34226,64.207245,64.27025,1731
2025-04-01 01:00:00,0,0.5305623936514013,0.46943760634859866,Sell,64.26125,64.47729,64.234245,64.42328,2773
2025-04-01 02:00:00,0,0.47787929783431615,0.5221207021656838,Hold,64.42328,64.5673,64.378265,64.48628,1754
2025-04-01 03:00:00,0,0.4973602335295188,0.5026397664704811,Hold,64.495285,64.54029,64.44128,64.50429,1333
2025-04-01 04:00:00,0,0.5050339554682367,0.4949660445317633,Sell,64.50429,64.51329,64.45928,64.51329,639
2025-04-01 05:00:00,0,0.5150006036554127,0.48499939634458733,Sell,64.50429,64.54029,64.432274,64.45928,1093
2025-04-01 06:00:00,0,0.5369499047658338,0.4630500952341662,Sell,64.45928,64.585304,64.414276,64.5583,2295
2025-04-01 07:00:00,0,0.4456226012284908,0.5543773987715093,Hold,64.5673,64.5673,64.07222,64.08122,6096
2025-04-01 08:00:00,0,0.4104928862303762,0.5895071137696237,Hold,64.090225,64.21624,64.01821,64.15324,6858
2025-04-01 09:00:00,0,0.5181006541518143,0.4818993458481857,Sell,64.16223,64.5673,64.13523,64.531296,5803
2025-04-01 10:00:00,0,0.4470069656630081,0.5529930343369919,Hold,64.54029,64.80134,64.44128,64.51329,7889
2025-04-01 11:00:00,0,0.4381831070195635,0.5618168929804366,Hold,64.51329,64.51329,64.207245,64.24325,6162
2025-04-01 12:00:00,0,0.4508514064413413,0.5491485935586586,Hold,64.25225,64.42328,64.171234,64.36027,6044
2025-04-01 13:00:00,0,0.4773090034945916,0.5226909965054084,Hold,64.36027,64.90035,64.32426,64.52229,19330
2025-04-01 14:00:00,0,0.4192613532113781,0.580738646788622,Hold,64.51329,64.64831,64.27025,64.39627,21504
2025-04-01 15:00:00,0,0.4332196962878418,0.5667803037121582,Hold,64.40527,64.54029,64.18924,64.207245,15695
2025-04-01 16:00:00,0,0.452060643967402,0.547939356032598,Hold,64.207245,64.30626,64.054214,64.117226,10533
2025-04-01 17:00:00,0,0.4602656815221942,0.5397343184778058,Hold,64.117226,64.234245,64.06322,64.13523,9770
2025-04-01 18:00:00,0,0.4636028503722185,0.5363971496277815,Hold,64.14423,64.16223,63.9372,64.03622,17253
2025-04-01 19:00:00,0,0.416171278396481,0.583828721603519,Hold,64.03622,64.14423,64.01821,64.090225,3782
2025-04-01 20:00:00,0,0.41247246437456747,0.5875275356254326,Hold,64.090225,64.15324,63.982204,64.03622,2490
2025-04-01 22:00:00,0,0.4593124006354284,0.5406875993645717,Hold,64.090225,64.14423,64.01821,64.10822,926
2025-04-01 23:00:00,0,0.4400111605009932,0.5599888394990068,Hold,64.117226,64.16223,64.090225,64.14423,375
2025-04-02 00:00:00,0,0.4390494130466863,0.5609505869533137,Hold,64.14423,64.16223,64.01821,64.06322,1353
2025-04-02 01:00:00,0,0.4444442736762087,0.5555557263237914,Hold,64.054214,64.15324,64.000206,64.12623,1529
2025-04-02 02:00:00,0,0.44893472533205564,0.5510652746679443,Hold,64.12623,64.21624,64.08122,64.18924,1281
2025-04-02 03:00:00,0,0.4296470382362019,0.5703529617637981,Hold,64.19824,64.19824,64.07222,64.12623,634
2025-04-02 04:00:00,0,0.41376667313492926,0.5862333268650708,Hold,64.13523,64.14423,64.09922,64.12623,405
2025-04-02 05:00:00,0,0.4201401126054044,0.5798598873945956,Hold,64.12623,64.15324,64.000206,64.00921,931
2025-04-02 06:00:00,0,0.43817815879596955,0.5618218412040304,Hold,64.00921,64.14423,63.910194,63.9462,2900
2025-04-02 07:00:00,0,0.4265878045987989,0.573412195401201,Hold,63.9462,63.982204,63.622147,63.69416,5325
2025-04-02 08:00:00,0,0.4816213520016429,0.5183786479983571,Hold,63.69416,64.06322,63.658154,64.04521,5736
2025-04-02 09:00:00,0,0.47745763755140486,0.5225423624485952,Hold,64.054214,64.15324,63.964203,64.054214,4157
2025-04-02 10:00:00,0,0.4408785957323481,0.5591214042676519,Hold,64.04521,64.054214,63.667156,63.685158,5789
2025-04-02 11:00:00,0,0.4482253009357366,0.5517746990642634,Hold,63.69416,63.982204,63.64915,63.775173,6103
2025-04-02 12:00:00,0,0.4806490106418783,0.5193509893581216,Hold,63.775173,63.811176,63.55914,63.74817,8964
2025-04-02 13:00:00,0,0.4839604335290042,0.5160395664709958,Hold,63.739166,64.090225,63.721165,64.06322,19432
2025-04-02 14:00:00,0,0.47141066321224906,0.528589336787751,Hold,64.06322,64.42328,63.991207,64.26125,21690
2025-04-02 15:00:00,0,0.4696320295984003,0.5303679704015998,Hold,64.25225,64.38727,63.910194,64.29726,15635
2025-04-02 16:00:00,0,0.5048743320086487,0.49512566799135127,Sell,64.29726,64.729324,64.27925,64.5583,12424
2025-04-02 17:00:00,0,0.5039911217488994,0.4960088782511006,Sell,64.5583,64.71132,64.48628,64.68432,8239
2025-04-02 18:00:00,0,0.5181461430765294,0.4818538569234706,Sell,64.68432,64.75633,64.468285,64.6033,15109
2025-04-02 19:00:00,1,0.5072247526883563,0.4927752473116437,Sell,64.612305,64.71132,64.5763,64.66631,4123
2025-04-02 20:00:00,1,0.44058284011079624,0.5594171598892037,Hold,64.65731,65.06238,63.541134,63.667156,24052
2025-04-02 22:00:00,1,0.40476165625029714,0.5952383437497029,Hold,63.352104,63.37911,62.586983,62.848026,9628
2025-04-02 23:00:00,0,0.36994692325290995,0.63005307674709,Hold,62.83002,62.87503,62.352947,62.44296,3681
2025-04-03 00:00:00,1,0.35433184154870007,0.6456681584513,Hold,62.43396,62.839024,62.361946,62.803017,7706
2025-04-03 01:00:00,1,0.364057074881652,0.6359429251183479,Hold,62.803017,63.055058,62.532974,62.803017,6883
2025-04-03 02:00:00,1,0.40249524627144245,0.5975047537285576,Hold,62.803017,63.028053,62.713,62.983047,2744
2025-04-03 03:00:00,1,0.40116668034784847,0.5988333196521516,Hold,62.983047,63.145073,62.920036,63.08206,3059
2025-04-03 04:00:00,1,0.3889251878687641,0.6110748121312359,Hold,63.07306,63.07306,62.956043,63.037056,1298
2025-04-03 05:00:00,1,0.37953433653299634,0.6204656634670036,Hold,63.037056,63.037056,62.794014,62.794014,2112
2025-04-03 06:00:00,1,0.37238056406123626,0.6276194359387637,Hold,62.794014,62.88403,62.550976,62.55998,4340
2025-04-03 07:00:00,1,0.36204743419219093,0.6379525658078091,Hold,62.550976,62.604984,62.091904,62.52397,13838
2025-04-03 08:00:00,1,0.3359326373213524,0.6640673626786475,Hold,62.52397,62.64099,62.12791,62.145912,7611
2025-04-03 09:00:00,1,0.38586015560796066,0.6141398443920394,Hold,62.145912,62.25393,61.70484,61.70484,10548
2025-04-03 10:00:00,1,0.37031254583263884,0.6296874541673612,Hold,61.713844,61.80386,61.398792,61.49781,10725
2025-04-03 11:00:00,1,0.3730755100626505,0.6269244899373495,Hold,61.49781,61.533813,60.471645,60.75069,23747
2025-04-03 12:00:00,1,0.3591633097162469,0.6408366902837531,Hold,60.741688,60.777695,59.832542,60.273613,32211
2025-04-03 13:00:00,0,0.3548220018892536,0.6451779981107464,Hold,60.273613,60.453644,59.75153,59.895554,33453
2025-04-03 14:00:00,0,0.35884233642185653,0.6411576635781435,Hold,59.904556,60.219604,59.481487,59.481487,31701
2025-04-03 15:00:00,1,0.3537866659568143,0.6462133340431857,Hold,59.49049,60.048576,59.39147,59.94056,26608
2025-04-03 16:00:00,1,0.35725494132334396,0.6427450586766561,Hold,59.93156,60.183598,59.877552,60.12059,16821
2025-04-03 17:00:00,1,0.3617058498771683,0.6382941501228316,Hold,60.12959,60.462643,59.841545,60.32762,17753
2025-04-03 18:00:00,1,0.32690794670719797,0.673092053292802,Hold,60.32762,60.354626,60.048576,60.219604,27804
2025-04-03 19:00:00,1,0.3226653929243382,0.6773346070756618,Hold,60.210606,60.210606,60.039577,60.084583,4121
2025-04-03 20:00:00,1,0.32871904872478175,0.6712809512752183,Hold,60.07558,60.093586,59.88655,59.976566,3002
2025-04-03 22:00:00,1,0.32060365141842323,0.6793963485815768,Hold,59.98557,60.102585,59.86855,59.949562,1057
2025-04-03 23:00:00,1,0.35444956229330377,0.6455504377066963,Hold,59.949562,60.12059,59.922558,60.084583,688
2025-04-04 00:00:00,1,0.37998193440718575,0.6200180655928142,Hold,60.093586,60.219604,59.976566,60.00357,1789
2025-04-04 01:00:00,1,0.41336212259854194,0.586637877401458,Hold,60.00357,60.05758,59.841545,59.949562,2838
2025-04-04 02:00:00,1,0.416697437196733,0.583302562803267,Hold,59.958565,60.030575,59.81454,59.877552,1491
2025-04-04 03:00:00,1,0.3837298158337953,0.6162701841662047,Hold,59.877552,59.895554,59.661514,59.75153,2553
2025-04-04 04:00:00,1,0.37071415708939076,0.6292858429106092,Hold,59.75153,59.778534,59.463486,59.50849,2148
2025-04-04 05:00:00,1,0.44052831682519705,0.559471683174803,Hold,59.50849,59.778534,59.49049,59.706524,2342
2025-04-04 06:00:00,1,0.3849393008801988,0.6150606991198012,Hold,59.706524,59.80554,59.25645,59.30146,4294
2025-04-04 07:00:00,1,0.40851071228711866,0.5914892877128813,Hold,59.30146,59.328465,58.770374,58.79738,10745
2025-04-04 08:00:00,1,0.4008743613431089,0.5991256386568911,Hold,58.788376,58.86039,57.915237,57.93324,16388
2025-04-04 09:00:00,1,0.4231058023837277,0.5768941976162723,Hold,57.92424,58.329304,57.816223,58.11327,12322
2025-04-04 10:00:00,1,0.4150157454438937,0.5849842545561064,Hold,58.122272,58.428318,55.889915,56.339985,45874
2025-04-04 11:00:00,0,0.42739202345450356,0.5726079765454964,Hold,56.339985,56.43,54.737732,55.565865,46620
2025-04-04 12:00:00,0,0.4276037255952839,0.5723962744047161,Hold,55.55686,56.35799,55.178802,55.67388,30588
2025-04-04 13:00:00,0,0.44586032464146447,0.5541396753585355,Hold,55.67388,56.16896,55.09779,55.403835,38988
2025-04-04 14:00:00,0,0.4027806559846971,0.5972193440153029,Hold,55.403835,55.502853,54.413677,55.1518,40513
2025-04-04 15:00:00,0,0.4108012848275251,0.5891987151724749,Hold,55.1518,56.889072,55.124794,55.529858,60417
2025-04-04 16:00:00,0,0.36827711575828614,0.6317228842417139,Hold,55.54786,55.97093,55.35883,55.73689,19517
2025-04-04 17:00:00,0,0.40621127414788377,0.5937887258521162,Hold,55.73689,55.952923,55.403835,55.91692,17494
2025-04-04 18:00:00,0,0.3994757471017741,0.600524252898226,Hold,55.91692,56.17796,55.72789,56.096947,25767
2025-04-04 19:00:00,1,0.39047109746839315,0.6095289025316069,Hold,56.10595,56.637035,56.03394,56.448,7816
2025-04-04 20:00:00,1,0.3931572998228356,0.6068427001771644,Hold,56.448,56.466007,56.006935,56.096947,3428
2025-04-06 22:00:00,0,0.40384771258818714,0.5961522874118128,Hold,55.016777,55.070786,53.60355,53.86459,13723
2025-04-06 23:00:00,0,0.3833296099037425,0.6166703900962576,Hold,53.85559,54.017616,53.67556,53.85559,4183
2025-04-07 00:00:00,0,0.4013332270768066,0.5986667729231934,Hold,53.84659,54.143635,53.450527,54.080627,7653
2025-04-07 01:00:00,0,0.41367939765514344,0.5863206023448566,Hold,54.080627,54.665718,53.98161,54.521698,9412
2025-04-07 02:00:00,0,0.38220754769930443,0.6177924523006956,Hold,54.530697,54.65672,54.10763,54.377674,5453
2025-04-07 03:00:00,0,0.38810558401118106,0.6118944159888189,Hold,54.36867,54.5397,54.10763,54.269657,4257
2025-04-07 04:00:00,0,0.3923816241553692,0.6076183758446307,Hold,54.278656,54.899757,54.17964,54.314663,6062
2025-04-07 05:00:00,0,0.3971328427282624,0.6028671572717377,Hold,54.314663,54.818745,54.143635,54.17064,4355
2025-04-07 06:00:00,0,0.3999798583452012,0.6000201416547988,Hold,54.17964,54.42268,53.522537,53.828587,11688
2025-04-07 07:00:00,0,0.37547846123557055,0.6245215387644294,Hold,53.81058,53.97261,53.063465,53.58555,17311
2025-04-07 08:00:00,0,0.3804998203271942,0.6195001796728058,Hold,53.58555,54.089626,53.459526,53.513535,10775
2025-04-07 09:00:00,0,0.38403845754795346,0.6159615424520466,Hold,53.495533,53.9276,53.252495,53.576546,11336
2025-04-07 10:00:00,0,0.3620308996474435,0.6379691003525565,Hold,53.58555,54.35967,53.53154,54.29666,12758
2025-04-07 11:00:00,0,0.31508857058264544,0.6849114294173546,Hold,54.28766,54.683723,54.188644,54.28766,13742
2025-04-07 12:00:00,0,0.3500066909061514,0.6499933090938486,Hold,54.28766,55.124794,54.11663,54.854748,22096
2025-04-07 13:00:00,0,0.305335538657022,0.694664461342978,Hold,54.854748,55.259815,54.035618,55.214806,41825
2025-04-07 14:00:00,1,0.36772143019760023,0.6322785698023998,Hold,55.205807,57.519173,54.782738,54.989773,91666
2025-04-07 15:00:00,0,0.34179828556752617,0.6582017144324739,Hold,55.007774,55.322823,53.9096,54.72873,39956
2025-04-07 16:00:00,0,0.32912842493175337,0.6708715750682466,Hold,54.72873,55.1518,54.47669,54.683723,16360
2025-04-07 17:00:00,1,0.3360971847894556,0.6639028152105444,Hold,54.692722,55.53886,54.692722,55.09779,22195
2025-04-07 18:00:00,0,0.3621259774456979,0.637874022554302,Hold,55.11579,55.28682,54.521698,54.719727,30637
2025-04-07 19:00:00,1,0.40785399104295844,0.5921460089570416,Hold,54.719727,55.1518,54.575706,54.818745,12046
2025-04-07 20:00:00,1,0.3995093664978073,0.6004906335021927,Hold,54.818745,55.007774,54.80074,54.872753,3311
2025-04-07 22:00:00,1,0.478789683525973,0.5212103164740269,Hold,54.93576,55.23281,54.79174,55.22381,1427
2025-04-07 23:00:00,1,0.4774530745323646,0.5225469254676354,Hold,55.23281,55.28682,55.079784,55.133793,1259
2025-04-08 00:00:00,1,0.5384552835862368,0.46154471641376316,Sell,55.124794,55.511856,54.92676,55.142796,4209
2025-04-08 01:00:00,1,0.5730092218083598,0.4269907781916402,Sell,55.124794,55.313824,54.971767,55.313824,4568
2025-04-08 02:00:00,1,0.5853009088450454,0.4146990911549546,Sell,55.322823,55.583866,55.268814,55.47585,3303
2025-04-08 03:00:00,1,0.5865816758708216,0.41341832412917845,Sell,55.48485,55.49385,55.23281,55.403835,3170
2025-04-08 04:00:00,1,0.5777712447223304,0.42222875527766957,Sell,55.385834,55.53886,55.35883,55.529858,1139
2025-04-08 05:00:00,1,0.5634244966014293,0.43657550339857065,Sell,55.53886,55.54786,55.196804,55.24181,1878
2025-04-08 06:00:00,1,0.5899303108589151,0.4100696891410849,Sell,55.24181,55.367832,55.04378,55.29582,3845
2025-04-08 07:00:00,0,0.5077353814371534,0.49226461856284665,Sell,55.28682,55.37683,54.16164,54.35967,11542
2025-04-08 08:00:00,0,0.533048593565685,0.466951406434315,Sell,54.35967,54.93576,54.224648,54.84575,8337
2025-04-08 09:00:00,0,0.49643354239053944,0.5035664576094605,Hold,54.836746,54.92676,54.5577,54.719727,6019
2025-04-08 10:00:00,0,0.4964886011250764,0.5035113988749236,Hold,54.719727,55.061783,54.647717,54.665718,4857
2025-04-08 11:00:00,1,0.5473697385776081,0.45263026142239193,Sell,54.67472,55.133793,54.593708,55.124794,5868
2025-04-08 12:00:00,1,0.5193451758559471,0.4806548241440529,Sell,55.133793,55.205807,54.86375,55.016777,10211
2025-04-08 13:00:00,1,0.5164335274974314,0.48356647250256857,Sell,55.016777,55.520855,54.65672,55.124794,28722
2025-04-08 14:00:00,0,0.5195205527675172,0.4804794472324828,Sell,55.133793,55.520855,54.74673,54.755733,25602
2025-04-08 15:00:00,1,0.5632907500697193,0.4367092499302807,Sell,54.74673,55.48485,54.386673,55.35883,42061
2025-04-08 16:00:00,1,0.49028298022769456,0.5097170197723054,Hold,55.35883,55.35883,53.77458,53.918602,40837
2025-04-08 17:00:00,1,0.46198485301446096,0.538015146985539,Hold,53.9276,54.35967,53.441525,54.053623,38775
2025-04-08 18:00:00,1,0.4775590161834625,0.5224409838165375,Hold,54.04462,54.09863,53.018456,53.18048,32047
2025-04-08 19:00:00,0,0.44507830737443,0.55492169262557,Hold,53.18048,53.22549,52.10031,52.712406,18118
2025-04-08 20:00:00,0,0.440415932436089,0.559584067563911,Hold,52.712406,52.829426,52.28034,52.41536,4992
2025-04-08 22:00:00,0,0.44475016750352675,0.5552498324964732,Hold,52.496372,52.55038,51.884277,52.136314,3060
2025-04-08 23:00:00,0,0.4281135369910899,0.5718864630089101,Hold,52.127316,52.145317,51.506214,51.84827,3671
2025-04-09 00:00:00,0,0.40595845496528954,0.5940415450347105,Hold,51.839268,52.271336,51.03814,51.128155,10651
2025-04-09 01:00:00,0,0.44461763758347866,0.5553823624165213,Hold,51.137157,51.740253,51.074146,51.722248,9201
2025-04-09 02:00:00,0,0.4036882177545053,0.5963117822454946,Hold,51.73125,52.001293,51.71325,51.875275,3660
2025-04-09 03:00:00,0,0.40726842012374287,0.5927315798762571,Hold,51.866272,52.0193,51.362194,51.380196,3459
2025-04-09 04:00:00,0,0.3850338346610477,0.6149661653389523,Hold,51.380196,51.488213,51.200165,51.33519,3028
2025-04-09 05:00:00,0,0.3956199019853826,0.6043800980146175,Hold,51.34419,51.83027,51.092148,51.78526,4316
2025-04-09 06:00:00,0,0.3982829057888049,0.6017170942111951,Hold,51.794262,52.325348,51.78526,52.262337,8722
2025-04-09 07:00:00,0,0.36373420590175287,0.6362657940982471,Hold,52.253334,52.451366,51.884277,52.16332,12734
2025-04-09 08:00:00,0,0.3870270773206076,0.6129729226793924,Hold,52.181324,52.352352,51.497215,51.938286,10797
2025-04-09 09:00:00,0,0.4228047026872205,0.5771952973127795,Hold,51.947285,52.253334,51.326187,51.33519,9975
2025-04-09 10:00:00,0,0.4003235486551654,0.5996764513448346,Hold,51.326187,51.758255,50.89412,51.569225,14397
2025-04-09 11:00:00,0,0.34630768730486816,0.6536923126951318,Hold,51.569225,51.578228,49.615913,49.876957,41078
2025-04-09 12:00:00,0,0.3637717120279498,0.6362282879720502,Hold,49.876957,50.804104,49.867954,50.52506,22068
2025-04-09 13:00:00,0,0.37441490054576904,0.6255850994542309,Hold,50.52506,52.262337,50.507057,51.66824,45385
2025-04-09 14:00:00,0,0.39121262251553707,0.608787377484463,Hold,51.66824,51.893276,50.462048,50.507057,31256
2025-04-09 15:00:00,0,0.3427085303365443,0.6572914696634558,Hold,50.48905,51.78526,50.47105,51.488213,21933
2025-04-09 16:00:00,0,0.3310456126670462,0.6689543873329538,Hold,51.47921,51.83027,51.308186,51.560223,12243
2025-04-09 17:00:00,0,0.3857973699153462,0.6142026300846538,Hold,51.560223,56.069942,50.786102,55.520855,81694
2025-04-09 18:00:00,0,0.3763024325948195,0.6236975674051806,Hold,55.511856,56.646034,55.250813,55.394836,47680
2025-04-09 19:00:00,0,0.38041903045722325,0.6195809695427767,Hold,55.412838,56.54702,55.403835,56.249973,12240
2025-04-09 20:00:00,0,0.36544032640982327,0.6345596735901767,Hold,56.258972,56.61003,56.096947,56.448,5188
2025-04-09 22:00:00,0,0.36101090846129086,0.6389890915387091,Hold,56.448,57.015095,56.402996,56.80806,2346
2025-04-09 23:00:00,0,0.34425251030106163,0.6557474896989384,Hold,56.826065,56.898075,56.60103,56.655037,1099
2025-04-10 00:00:00,0,0.381305844259587,0.618694155740413,Hold,56.655037,56.79006,55.952923,56.060944,5903
2025-04-10 01:00:00,0,0.35509278882685635,0.6449072111731436,Hold,56.078945,56.150955,55.439842,55.763893,6365
2025-04-10 02:00:00,0,0.36930716268657066,0.6306928373134293,Hold,55.763893,55.961926,55.55686,55.619873,2425
2025-04-10 03:00:00,0,0.3686376507459832,0.6313623492540168,Hold,55.628872,55.691883,55.331825,55.502853,1950
2025-04-10 04:00:00,0,0.3832501222239876,0.6167498777760124,Hold,55.502853,55.583866,55.340828,55.574863,1521
2025-04-10 05:00:00,0,0.38792090926734685,0.6120790907326532,Hold,55.574863,55.73689,55.367832,55.691883,1676
2025-04-10 06:00:00,0,0.39620048864551644,0.6037995113544836,Hold,55.700886,56.006935,55.700886,55.889915,4460
2025-04-10 07:00:00,0,0.39580038192406497,0.604199618075935,Hold,55.898914,56.060944,54.584705,54.665718,12605
2025-04-10 08:00:00,0,0.4066727729333785,0.5933272270666214,Hold,54.67472,54.899757,54.23365,54.278656,11028
2025-04-10 09:00:00,0,0.4122022100582304,0.5877977899417697,Hold,54.278656,54.818745,54.125633,54.719727,8203
2025-04-10 10:00:00,0,0.36091379822129066,0.6390862017787093,Hold,54.72873,54.93576,54.566704,54.710728,6334
2025-04-10 11:00:00,0,0.3771319738630911,0.6228680261369088,Hold,54.701725,54.908756,54.28766,54.521698,7573
2025-04-10 12:00:00,0,0.33506130014103674,0.6649386998589633,Hold,54.512695,54.809742,54.080627,54.224648,11394
2025-04-10 13:00:00,0,0.38119546257445913,0.6188045374255409,Hold,54.224648,54.458687,53.2795,53.315502,31060
2025-04-10 14:00:00,0,0.3088555969294882,0.6911444030705118,Hold,53.324505,53.900597,52.892437,53.23449,34274
2025-04-10 15:00:00,0,0.32692094545826084,0.6730790545417391,Hold,53.243492,54.386673,53.22549,53.62155,29306
2025-04-10 16:00:00,0,0.2845761352829742,0.7154238647170258,Hold,53.612553,53.747574,53.081467,53.60355,19702
2025-04-10 17:00:00,0,0.37856620803882074,0.6214337919611792,Hold,53.594547,54.206646,53.2975,54.089626,16328
2025-04-10 18:00:00,0,0.38935586026817487,0.6106441397318252,Hold,54.089626,54.431683,53.783577,54.341667,30895
2025-04-10 19:00:00,0,0.3578557528163633,0.6421442471836367,Hold,54.341667,54.47669,54.017616,54.35967,6350
2025-04-10 20:00:00,0,0.33825380028975965,0.6617461997102403,Hold,54.35967,54.395676,54.071625,54.21565,2397
2025-04-10 22:00:00,0,0.3534785144495919,0.6465214855504081,Hold,54.188644,54.25165,54.062622,54.080627,888
2025-04-10 23:00:00,0,0.3685506725155563,0.6314493274844437,Hold,54.080627,54.089626,53.819584,53.828587,1022
2025-04-11 00:00:00,0,0.3477406918997738,0.6522593081002261,Hold,53.84659,54.053623,53.66656,53.837585,3957
2025-04-11 01:00:00,0,0.33963265897363193,0.6603673410263681,Hold,53.837585,53.999615,53.62155,53.747574,2732
2025-04-11 02:00:00,0,0.3412761185816921,0.6587238814183078,Hold,53.756573,53.77458,53.495533,53.72057,1883
2025-04-11 03:00:00,0,0.35544539331598457,0.6445546066840154,Hold,53.72057,53.98161,53.711567,53.819584,1325
2025-04-11 04:00:00,0,0.35139233421226723,0.6486076657877328,Hold,53.801582,53.963608,53.73857,53.918602,1382
2025-04-11 05:00:00,0,0.3572602871396468,0.6427397128603531,Hold,53.9276,54.593708,53.86459,54.566704,3283
2025-04-11 06:00:00,0,0.36888400252418435,0.6311159974758156,Hold,54.5577,55.007774,54.494694,54.827744,5841
2025-04-11 07:00:00,0,0.3593654771923991,0.6406345228076009,Hold,54.836746,54.908756,54.36867,54.80074,8015
2025-04-11 08:00:00,0,0.3697399955799491,0.6302600044200509,Hold,54.80074,54.818745,53.873592,54.16164,14117
2025-04-11 09:00:00,0,0.3708874319988808,0.6291125680011191,Hold,54.16164,54.46769,53.639557,54.458687,7756
2025-04-11 10:00:00,0,0.36644364260260187,0.6335563573973981,Hold,54.46769,54.701725,54.062622,54.152637,7299
2025-04-11 11:00:00,0,0.36974945748974847,0.6302505425102516,Hold,54.152637,54.25165,53.882595,54.02662,4897
2025-04-11 12:00:00,0,0.38524207907931785,0.6147579209206822,Hold,54.017616,54.377674,53.999615,54.02662,7107
2025-04-11 13:00:00,0,0.39505782809308676,0.6049421719069132,Hold,54.017616,54.36867,53.58555,54.089626,20620
2025-04-11 14:00:00,0,0.384437569419133,0.615562430580867,Hold,54.09863,54.30566,53.837585,54.09863,14615
2025-04-11 15:00:00,0,0.4041697484620061,0.5958302515379938,Hold,54.089626,54.61171,53.999615,54.60271,15687
2025-04-11 16:00:00,0,0.4120042242763006,0.5879957757236993,Hold,54.60271,54.96277,54.47669,54.953766,10910
2025-04-11 17:00:00,0,0.42944777063222,0.57055222936778,Hold,54.96277,55.691883,54.91776,55.520855,17102
2025-04-11 18:00:00,0,0.4002705815936364,0.5997294184063636,Hold,55.511856,55.565865,55.23281,55.37683,20311
2025-04-11 19:00:00,0,0.3698004437460717,0.6301995562539283,Hold,55.37683,55.583866,55.331825,55.37683,4281
2025-04-11 20:00:00,0,0.368826028657771,0.6311739713422291,Hold,55.37683,55.439842,55.30482,55.340828,1554
2025-04-13 22:00:00,0,0.38378925899568167,0.6162107410043183,Hold,55.53886,55.952923,55.09779,55.10679,3583
2025-04-13 23:00:00,0,0.3756153417494733,0.6243846582505267,Hold,55.11579,55.35883,54.98077,55.178802,1103
2025-04-14 00:00:00,0,0.40220027958796284,0.5977997204120371,Hold,55.1878,55.511856,55.1698,55.322823,1486
2025-04-14 01:00:00,0,0.38702984465454393,0.6129701553454561,Hold,55.322823,55.35883,55.09779,55.277817,1571
2025-04-14 02:00:00,0,0.3704387976294454,0.6295612023705546,Hold,55.268814,55.29582,55.03478,55.142796,829
2025-04-14 03:00:00,0,0.4070087693330182,0.5929912306669818,Hold,55.1518,55.22381,55.03478,55.1518,930
2025-04-14 04:00:00,0,0.42485499952515726,0.5751450004748427,Hold,55.160797,55.22381,55.10679,55.196804,425
2025-04-14 05:00:00,0,0.46988861549117344,0.5301113845088266,Hold,55.214806,55.502853,55.1878,55.412838,1236
2025-04-14 06:00:00,0,0.4153200771333833,0.5846799228666166,Hold,55.403835,55.583866,55.277817,55.331825,2295
2025-04-14 07:00:00,0,0.4509490542781963,0.5490509457218037,Hold,55.322823,55.718887,55.142796,55.511856,4705
2025-04-14 08:00:00,0,0.45246838430006053,0.5475316156999395,Hold,55.529858,55.808903,55.313824,55.790897,4655
2025-04-14 09:00:00,0,0.4436991650801602,0.5563008349198397,Hold,55.7819,55.943924,55.628872,55.85391,3728
2025-04-14 10:00:00,0,0.46159234894476553,0.5384076510552345,Hold,55.86291,56.132954,55.808903,56.12395,2820
2025-04-14 11:00:00,0,0.4087678996958676,0.5912321003041324,Hold,56.12395,56.420998,56.05194,56.096947,7971
2025-04-14 12:00:00,0,0.42401299720336566,0.5759870027966343,Hold,56.096947,56.22297,55.98893,56.114952,6833
2025-04-14 13:00:00,0,0.4435068927195319,0.5564931072804681,Hold,56.10595,56.114952,55.403835,55.529858,14766
2025-04-14 14:00:00,0,0.39978978008225774,0.6002102199177423,Hold,55.529858,55.7819,55.385834,55.520855,11251
2025-04-14 15:00:00,0,0.4219440780888533,0.5780559219111467,Hold,55.529858,55.55686,54.86375,54.92676,16021
2025-04-14 16:00:00,0,0.4006550057048837,0.5993449942951163,Hold,54.93576,55.05278,54.5397,54.809742,12118
2025-04-14 17:00:00,0,0.41070132694816636,0.5892986730518337,Hold,54.809742,55.1518,54.67472,55.007774,11108
2025-04-14 18:00:00,0,0.4263894235721736,0.5736105764278264,Hold,55.016777,55.47585,54.99877,55.403835,10509
2025-04-14 19:00:00,0,0.44521564304517336,0.5547843569548266,Hold,55.403835,55.53886,55.403835,55.448845,2558
2025-04-14 20:00:00,0,0.44747231584353786,0.5525276841564621,Hold,55.457844,55.520855,55.412838,55.412838,1073
2025-04-14 22:00:00,0,0.46889547804292797,0.531104521957072,Hold,55.43084,55.466846,55.37683,55.42184,377
2025-04-14 23:00:00,0,0.49126332039538084,0.5087366796046191,Hold,55.43084,55.466846,55.385834,55.457844,319
2025-04-15 00:00:00,0,0.4651313076777079,0.5348686923222921,Hold,55.457844,55.691883,55.439842,55.583866,966
2025-04-15 01:00:00,0,0.42680690682474803,0.573193093175252,Hold,55.574863,55.619873,55.448845,55.47585,865
2025-04-15 02:00:00,0,0.4390909889682784,0.5609090110317216,Hold,55.48485,55.565865,55.42184,55.48485,594
2025-04-15 03:00:00,0,0.4403056558062564,0.5596943441937436,Hold,55.48485,55.55686,55.394836,55.54786,689
2025-04-15 04:00:00,0,0.4500873716028931,0.549912628397107,Hold,55.53886,55.628872,55.502853,55.61087,807
2025-04-15 05:00:00,1,0.45389156652667556,0.5461084334733244,Hold,55.61087,55.700886,55.448845,55.601868,1467
2025-04-15 06:00:00,1,0.48541801355600656,0.5145819864439934,Hold,55.59287,55.754894,55.48485,55.691883,1559
2025-04-15 07:00:00,1,0.47922443203341736,0.5207755679665826,Hold,55.691883,55.86291,55.601868,55.646877,3211
2025-04-15 08:00:00,0,0.4626967531025856,0.5373032468974144,Hold,55.655876,55.68288,55.1518,55.322823,5314
2025-04-15 09:00:00,0,0.41578512815582686,0.5842148718441731,Hold,55.313824,55.439842,54.93576,54.944763,3320
2025-04-15 10:00:00,0,0.46350460735797877,0.5364953926420213,Hold,54.93576,55.322823,54.854748,55.03478,4024
2025-04-15 11:00:00,0,0.4427016453753508,0.5572983546246493,Hold,55.03478,55.22381,54.890755,54.92676,3938
2025-04-15 12:00:00,0,0.42908612788657097,0.570913872113429,Hold,54.92676,55.03478,54.80074,54.93576,4967
2025-04-15 13:00:00,0,0.46814913930424257,0.5318508606957575,Hold,54.93576,55.55686,54.92676,55.502853,11392
2025-04-15 14:00:00,0,0.4338883343996164,0.5661116656003836,Hold,55.49385,55.655876,55.016777,55.268814,14729
2025-04-15 15:00:00,0,0.4329861442859038,0.5670138557140962,Hold,55.259815,55.29582,54.827744,54.92676,9489
2025-04-15 16:00:00,0,0.41962221440608954,0.5803777855939105,Hold,54.92676,55.250813,54.92676,55.10679,6033
2025-04-15 17:00:00,0,0.4285062219068115,0.5714937780931886,Hold,55.10679,55.277817,55.03478,55.1518,5337
2025-04-15 18:00:00,0,0.399296984598772,0.6007030154012281,Hold,55.160797,55.331825,55.079784,55.29582,7572
2025-04-15 19:00:00,0,0.4021390255918477,0.5978609744081522,Hold,55.30482,55.448845,55.277817,55.37683,2590
2025-04-15 20:00:00,0,0.401712624668822,0.5982873753311779,Hold,55.367832,55.43084,55.30482,55.385834,1150
2025-04-15 22:00:00,0,0.4076144878352073,0.5923855121647927,Hold,55.394836,55.403835,55.277817,55.30482,498
2025-04-15 23:00:00,0,0.434270859047636,0.5657291409523639,Hold,55.30482,55.340828,55.1698,55.331825,511
2025-04-16 00:00:00,0,0.4163726968812625,0.5836273031187376,Hold,55.322823,55.340828,55.196804,55.250813,768
2025-04-16 01:00:00,0,0.3918953519836713,0.6081046480163287,Hold,55.24181,55.385834,55.11579,55.1878,1121
2025-04-16 02:00:00,0,0.3741067515784188,0.6258932484215812,Hold,55.196804,55.214806,55.03478,55.061783,897
2025-04-16 03:00:00,0,0.3826744999619458,0.6173255000380542,Hold,55.04378,55.088787,54.989773,55.007774,674
2025-04-16 04:00:00,0,0.4125893305914187,0.5874106694085812,Hold,54.99877,55.1698,54.99877,55.11579,472
2025-04-16 05:00:00,0,0.3679861512989108,0.6320138487010891,Hold,55.10679,55.11579,54.40468,54.46769,3462
2025-04-16 06:00:00,0,0.3722134902666326,0.6277865097333675,Hold,54.46769,54.692722,54.431683,54.575706,1624
2025-04-16 07:00:00,0,0.4227396674055941,0.5772603325944059,Hold,54.584705,54.98077,54.5577,54.809742,2133
2025-04-16 08:00:00,0,0.4342802898052116,0.5657197101947884,Hold,54.809742,55.961926,54.72873,55.655876,11307
2025-04-16 09:00:00,0,0.4186034917702988,0.5813965082297012,Hold,55.66488,55.87191,55.574863,55.637875,3305
2025-04-16 10:00:00,0,0.4464223422513303,0.5535776577486697,Hold,55.628872,55.808903,55.574863,55.691883,2380
2025-04-16 11:00:00,0,0.44848811907379266,0.5515118809262074,Hold,55.700886,55.7819,55.601868,55.73689,2262
2025-04-16 12:00:00,0,0.4579354487932374,0.5420645512067626,Hold,55.72789,56.087948,55.61087,55.997932,5288
2025-04-16 13:00:00,0,0.4235536350411767,0.5764463649588233,Hold,55.997932,56.22297,55.74589,56.024937,10346
2025-04-16 14:00:00,0,0.427813158247123,0.572186841752877,Hold,56.015934,56.56502,55.98893,56.267975,15946
2025-04-16 15:00:00,0,0.43403137744473846,0.5659686225552616,Hold,56.258972,56.466007,55.97093,56.31298,10130
2025-04-16 16:00:00,0,0.41045796505092796,0.5895420349490721,Hold,56.31298,56.36699,56.006935,56.30398,6079
2025-04-16 17:00:00,0,0.3980556316178114,0.6019443683821886,Hold,56.31298,56.475006,55.98893,56.024937,6513
2025-04-16 18:00:00,0,0.4086638651600359,0.5913361348399642,Hold,56.024937,56.691044,55.91692,56.412,18226
2025-04-16 19:00:00,0,0.37555725714715493,0.6244427428528451,Hold,56.412,56.67304,56.31298,56.48401,3408
2025-04-16 20:00:00,0,0.3696844672437541,0.630315532756246,Hold,56.475006,56.49301,56.330986,56.348988,1200
2025-04-16 22:00:00,0,0.45472645608451817,0.5452735439154819,Hold,56.37599,56.763054,56.35799,56.646034,509
2025-04-16 23:00:00,0,0.4795476009783137,0.5204523990216863,Hold,56.655037,56.700043,56.574024,56.67304,135
2025-04-17 00:00:00,0,0.4957172585296447,0.5042827414703552,Hold,56.67304,56.727646,56.409103,56.563824,3030
2025-04-17 01:00:00,0,0.5243413016729218,0.4756586983270782,Sell,56.572926,56.709446,56.472813,56.67304,1794
2025-04-17 02:00:00,0,0.5191802177247941,0.48081978227520594,Sell,56.67304,56.873264,56.61843,56.82776,1801
2025-04-17 03:00:00,0,0.500875722066063,0.499124277933937,Sell,56.82776,56.91877,56.77315,56.90057,2215
2025-04-17 04:00:00,0,0.5290023208982512,0.47099767910174883,Sell,56.90057,57.05529,56.800457,57.018883,3426
2025-04-17 05:00:00,0,0.48565148674747743,0.5143485132525225,Hold,57.018883,57.182705,56.946075,56.964275,2638
2025-04-17 06:00:00,0,0.4824265094033331,0.5175734905966669,Hold,56.973377,56.99158,56.65484,56.691242,3427
2025-04-17 07:00:00,0,0.5046595889394401,0.4953404110605599,Sell,56.691242,56.83686,56.59113,56.718544,3962
2025-04-17 08:00:00,0,0.5386636232695192,0.4613363767304808,Sell,56.727646,56.882366,56.636635,56.864162,3502
2025-04-17 09:00:00,0,0.5685912505620223,0.4314087494379777,Sell,56.855064,56.864162,56.59113,56.845963,3994
2025-04-17 10:00:00,0,0.583871597325367,0.416128402674633,Sell,56.83686,56.973377,56.736748,56.90967,3317
2025-04-17 11:00:00,0,0.5866338831568932,0.41336611684310676,Sell,56.91877,57.109898,56.855064,56.98248,5769
2025-04-17 12:00:00,0,0.6151505533611017,0.3848494466388983,Sell,56.973377,57.38293,56.91877,57.1463,9443
2025-04-17 13:00:00,0,0.5656809063860649,0.43431909361393506,Sell,57.1372,57.237312,56.82776,57.027985,13692
2025-04-17 14:00:00,0,0.622203842943501,0.37779615705649905,Sell,57.018883,57.264618,56.964275,57.21911,12793
2025-04-17 15:00:00,0,0.516615552439692,0.48338444756030796,Sell,57.21911,58.029114,57.20091,57.96541,20682
2025-04-17 16:00:00,1,0.4706078556248397,0.5293921443751604,Hold,57.96541,58.38406,57.929,58.338554,19036
2025-04-17 17:00:00,1,0.4466942926052167,0.5533057073947834,Hold,58.347656,58.374958,57.96541,58.21114,11712
2025-04-17 18:00:00,1,0.44507218902572027,0.5549278109742797,Hold,58.202038,58.411366,58.038216,58.12013,19036
2025-04-17 19:00:00,1,0.4708770522495969,0.5291229477504031,Hold,58.12013,58.129227,57.84709,57.919903,5344
2025-04-17 20:00:00,1,0.4790566340498248,0.5209433659501752,Hold,57.919903,58.038216,57.892597,58.020016,2564
2025-04-20 22:00:00,0,0.508313232159976,0.49168676784002396,Sell,57.929,58.047318,57.392033,57.492146,3406
2025-04-20 23:00:00,0,0.4768176486197653,0.5231823513802347,Hold,57.47394,57.546753,57.328323,57.464844,2018
2025-04-21 00:00:00,0,0.5058006700927751,0.4941993299072249,Sell,57.464844,57.719673,57.401134,57.428436,2227
2025-04-21 01:00:00,0,0.4792882219481485,0.5207117780518515,Hold,57.44664,57.464844,57.06439,57.264618,5805
2025-04-21 02:00:00,0,0.5177433212147794,0.4822566787852206,Sell,57.255516,57.30102,57.155403,57.246414,1288
2025-04-21 03:00:00,0,0.5012213193980459,0.49877868060195407,Sell,57.264618,57.38293,57.155403,57.37383,1403
2025-04-21 04:00:00,0,0.47769490857895447,0.5223050914210455,Hold,57.36473,57.401134,57.155403,57.21911,936
2025-04-21 05:00:00,0,0.5034545570553722,0.49654544294462777,Sell,57.237312,57.464844,57.21001,57.45574,1381
2025-04-21 06:00:00,0,0.4967233538035154,0.5032766461964846,Hold,57.45574,57.51035,57.30102,57.36473,1757
2025-04-21 07:00:00,0,0.46295302756763085,0.5370469724323692,Hold,57.37383,57.392033,57.21001,57.21911,1913
2025-04-21 08:00:00,0,0.44407128042093813,0.5559287195790619,Hold,57.22821,57.35563,56.864162,56.946075,5470
2025-04-21 09:00:00,0,0.44080762846760285,0.5591923715323972,Hold,56.936974,56.973377,56.491016,56.50922,5587
2025-04-21 10:00:00,0,0.4132750581011502,0.5867249418988498,Hold,56.50012,56.882366,56.50012,56.77315,3697
2025-04-21 11:00:00,0,0.4125036638932791,0.5874963361067209,Hold,56.782253,56.936974,56.700344,56.873264,3577
2025-04-21 12:00:00,0,0.4097078635131177,0.5902921364868823,Hold,56.864162,56.946075,56.718544,56.82776,4190
2025-04-21 13:00:00,0,0.38026346220859775,0.6197365377914023,Hold,56.82776,56.90967,56.208878,56.336296,17269
2025-04-21 14:00:00,0,0.41062633774858787,0.5893736622514121,Hold,56.336296,56.964275,56.29079,56.727646,13898
2025-04-21 15:00:00,0,0.40145126672764375,0.5985487332723562,Hold,56.727646,56.873264,56.46371,56.481915,9651
2025-04-21 16:00:00,0,0.4092789133031468,0.5907210866968532,Hold,56.472813,56.718544,56.400005,56.59113,10232
2025-04-21 17:00:00,0,0.47785740785670133,0.5221425921432987,Hold,56.59113,56.873264,56.536522,56.855064,14923
2025-04-21 18:00:00,0,0.451519553617896,0.548480446382104,Hold,56.855064,57.082592,56.636635,57.04619,16324
2025-04-21 19:00:00,0,0.4080175219338228,0.5919824780661772,Hold,57.04619,57.22821,57.018883,57.20091,4043
2025-04-21 20:00:00,0,0.355046972755264,0.644953027244736,Hold,57.20091,57.20091,57.027985,57.05529,1752
2025-04-21 22:00:00,0,0.3981913151963072,0.6018086848036928,Hold,57.091694,57.191807,57.082592,57.164505,608
2025-04-21 23:00:00,0,0.42106217764798887,0.5789378223520112,Hold,57.164505,57.337425,57.128098,57.328323,954
2025-04-22 00:00:00,0,0.4205578757611977,0.5794421242388024,Hold,57.328323,57.47394,57.246414,57.346527,2098
2025-04-22 01:00:00,0,0.41016613388042505,0.589833866119575,Hold,57.337425,57.564957,57.30102,57.35563,3331
2025-04-22 02:00:00,0,0.4025388540214669,0.5974611459785331,Hold,57.346527,57.392033,57.164505,57.21911,1959
2025-04-22 03:00:00,0,0.39949100086955736,0.6005089991304426,Hold,57.21911,57.237312,57.100796,57.155403,1491
2025-04-22 04:00:00,0,0.4172282430429732,0.5827717569570268,Hold,57.155403,57.22821,57.1463,57.20091,645
2025-04-22 05:00:00,0,0.40202643783039743,0.5979735621696025,Hold,57.191807,57.30102,57.118996,57.1463,1131
2025-04-22 06:00:00,0,0.49130424068380085,0.5086957593161991,Hold,57.155403,57.492146,57.109898,57.464844,2593
2025-04-22 07:00:00,0,0.5113601820079702,0.4886398179920298,Sell,57.464844,57.68327,57.37383,57.655968,3629
2025-04-22 08:00:00,0,0.48251088485346794,0.5174891151465321,Hold,57.66507,57.84709,57.419334,57.583157,5163
2025-04-22 09:00:00,0,0.5031380831190313,0.4968619168809687,Sell,57.59226,57.828888,57.59226,57.792484,3477
2025-04-22 10:00:00,0,0.5003530003477336,0.49964699965226644,Sell,57.792484,57.84709,57.564957,57.610462,2803
2025-04-22 11:00:00,0,0.5118971550645541,0.48810284493544587,Sell,57.60136,57.810688,57.492146,57.60136,3796
2025-04-22 12:00:00,0,0.5419925521127366,0.45800744788726344,Sell,57.610462,57.674168,57.47394,57.628662,7182
2025-04-22 13:00:00,0,0.5173100268076749,0.4826899731923251,Sell,57.637764,57.68327,57.273716,57.419334,15698
2025-04-22 14:00:00,0,0.5662146040591682,0.43378539594083176,Sell,57.419334,57.74698,57.37383,57.59226,14964
2025-04-22 15:00:00,0,0.5392565242101717,0.4607434757898283,Sell,57.59226,58.438667,57.53765,58.411366,24386
2025-04-22 16:00:00,0,0.5044881601350655,0.4955118398649345,Sell,58.420467,58.575188,58.36586,58.484173,14739
2025-04-22 17:00:00,0,0.5277406767346745,0.4722593232653255,Sell,58.484173,58.51148,57.801586,57.919903,23341
2025-04-22 18:00:00,0,0.5498520554093199,0.4501479445906801,Sell,57.929,58.05642,57.719673,57.783382,17308
2025-04-22 19:00:00,0,0.5647849127765372,0.4352150872234628,Sell,57.77428,57.81979,57.719673,57.810688,2930
2025-04-22 20:00:00,0,0.5857208287292512,0.41427917127074876,Sell,57.801586,57.883495,57.737877,57.828888,2353
2025-04-22 22:00:00,0,0.5647856683675898,0.4352143316324102,Sell,58.247543,58.6844,58.029114,58.61159,4376
2025-04-22 23:00:00,0,0.5589866115726561,0.44101338842734394,Sell,58.620693,58.638893,58.45687,58.465973,835
2025-04-23 00:00:00,0,0.5148185100635445,0.4851814899364555,Sell,58.484173,58.60249,58.274845,58.547882,3229
2025-04-23 01:00:00,0,0.4530100991808911,0.5469899008191089,Hold,58.556984,58.566086,58.265747,58.30215,2476
2025-04-23 02:00:00,0,0.45004614373649077,0.5499538562635092,Hold,58.30215,58.39316,58.256645,58.283947,1059
2025-04-23 03:00:00,0,0.48490319943947807,0.5150968005605219,Hold,58.29305,58.465973,58.174732,58.438667,1707
2025-04-23 04:00:00,0,0.46696201901455137,0.5330379809854486,Hold,58.429565,58.47507,58.39316,58.47507,631
2025-04-23 05:00:00,0,0.47814091308802753,0.5218590869119725,Hold,58.47507,58.60249,58.44777,58.584286,1280
2025-04-23 06:00:00,1,0.48390001333753924,0.5160999866624607,Hold,58.584286,59.012043,58.547882,58.884624,5671
2025-04-23 07:00:00,1,0.44368713243397645,0.5563128675660236,Hold,58.884624,58.966537,58.75721,58.802715,3702
2025-04-23 08:00:00,1,0.45644391932511635,0.5435560806748836,Hold,58.802715,59.039345,58.657097,58.921032,5858
2025-04-23 09:00:00,1,0.411441930427701,0.588558069572299,Hold,58.921032,58.99384,58.52968,58.720806,5390
2025-04-23 10:00:00,1,0.4210443397229579,0.578955660277042,Hold,58.720806,58.775414,58.484173,58.556984,4394
2025-04-23 11:00:00,1,0.42519875584942407,0.5748012441505759,Hold,58.556984,58.556984,57.938103,57.938103,10268
2025-04-23 12:00:00,0,0.412700802431127,0.587299197568873,Hold,57.938103,58.020016,57.009785,57.546753,26194
2025-04-23 13:00:00,1,0.3998358435140957,0.6001641564859044,Hold,57.555855,58.192936,57.273716,57.792484,36279
2025-04-23 14:00:00,0,0.32624490491852115,0.6737550950814788,Hold,57.792484,57.892597,55.999554,56.873264,49568
2025-04-23 15:00:00,0,0.31175269464155897,0.688247305358441,Hold,56.864162,57.1463,56.181576,56.272587,23421
2025-04-23 16:00:00,0,0.3204176417201293,0.6795823582798707,Hold,56.263485,56.973377,56.154274,56.472813,24275
2025-04-23 17:00:00,0,0.3429134150609667,0.6570865849390333,Hold,56.472813,56.545624,56.117867,56.50922,11546
2025-04-23 18:00:00,0,0.32882152832769923,0.6711784716723008,Hold,56.50922,56.791355,56.50012,56.60023,14367
2025-04-23 19:00:00,0,0.3334049699581793,0.6665950300418206,Hold,56.609333,56.75495,56.52742,56.700344,3189
2025-04-23 20:00:00,0,0.33373770726405777,0.6662622927359423,Hold,56.700344,56.818657,56.65484,56.68214,2329
2025-04-23 22:00:00,0,0.3441686034267836,0.6558313965732163,Hold,56.736748,56.782253,56.59113,56.627533,837
2025-04-23 23:00:00,0,0.36162256645349145,0.6383774335465086,Hold,56.636635,56.718544,56.636635,56.700344,280
2025-04-24 00:00:00,0,0.39142265108449226,0.6085773489155077,Hold,56.691242,56.818657,56.52742,56.727646,1718
2025-04-24 01:00:00,0,0.4023796643810872,0.5976203356189128,Hold,56.736748,56.91877,56.709446,56.818657,1492
2025-04-24 02:00:00,0,0.4027031350849554,0.5972968649150445,Hold,56.82776,56.864162,56.636635,56.645737,1096
2025-04-24 03:00:00,0,0.4282634098566154,0.5717365901433846,Hold,56.645737,56.77315,56.609333,56.74585,970
2025-04-24 04:00:00,0,0.43470767952114,0.56529232047886,Hold,56.736748,56.77315,56.68214,56.75495,661
2025-04-24 05:00:00,0,0.4116696825793215,0.5883303174206784,Hold,56.75495,56.791355,56.582027,56.59113,934
2025-04-24 06:00:00,0,0.3965805473434247,0.6034194526565753,Hold,56.59113,57.128098,56.59113,57.128098,3292
2025-04-24 07:00:00,0,0.39627244202131257,0.6037275579786874,Hold,57.118996,57.337425,57.082592,57.22821,5194
2025-04-24 08:00:00,0,0.4027068682579137,0.5972931317420863,Hold,57.237312,57.310123,56.845963,56.936974,6269
2025-04-24 09:00:00,0,0.4157744845430018,0.5842255154569982,Hold,56.936974,57.05529,56.691242,56.98248,6050
2025-04-24 10:00:00,0,0.4164346844554412,0.5835653155445588,Hold,56.99158,57.37383,56.955177,57.310123,5373
2025-04-24 11:00:00,0,0.4199694950959536,0.5800305049040464,Hold,57.310123,57.59226,57.246414,57.410236,9076
2025-04-24 12:00:00,0,0.4417752725109132,0.5582247274890868,Hold,57.419334,57.61956,57.173603,57.282818,10226
2025-04-24 13:00:00,0,0.4352176037432932,0.5647823962567068,Hold,57.273716,57.60136,57.109898,57.282818,15343
2025-04-24 14:00:00,0,0.41118227734970453,0.5888177226502955,Hold,57.273716,57.328323,56.418205,57.037086,24629
2025-04-24 15:00:00,0,0.31783554866256963,0.6821644513374303,Hold,57.037086,57.04619,56.572926,56.700344,14770
2025-04-24 16:00:00,0,0.37577898248910563,0.6242210175108944,Hold,56.700344,57.310123,56.572926,57.21911,12614
2025-04-24 17:00:00,0,0.3680397494109861,0.6319602505890138,Hold,57.22821,57.282818,57.05529,57.264618,7179
2025-04-24 18:00:00,0,0.40165865357974745,0.5983413464202525,Hold,57.273716,57.29192,57.027985,57.027985,11436
2025-04-24 19:00:00,0,0.3606370245789467,0.6393629754210532,Hold,57.027985,57.07349,56.936974,57.05529,2419
2025-04-24 20:00:00,0,0.35213463147478685,0.6478653685252131,Hold,57.05529,57.173603,57.05529,57.128098,1299
2025-04-24 22:00:00,0,0.3903036977278209,0.6096963022721791,Hold,57.21001,57.22821,57.1463,57.182705,357
2025-04-24 23:00:00,0,0.3991724013910273,0.6008275986089727,Hold,57.191807,57.21001,57.155403,57.173603,267
2025-04-25 00:00:00,0,0.35432900273545254,0.6456709972645475,Hold,57.191807,57.44664,57.164505,57.36473,2006
2025-04-25 01:00:00,0,0.3054051285354717,0.6945948714645283,Hold,57.37383,57.428436,57.155403,57.182705,1616
2025-04-25 02:00:00,0,0.39780871792959105,0.602191282070409,Hold,57.191807,57.35563,57.182705,57.31922,672
2025-04-25 03:00:00,0,0.40868673912056325,0.5913132608794367,Hold,57.328323,57.555855,57.31922,57.483044,1465
2025-04-25 04:00:00,1,0.3974532258837962,0.6025467741162038,Hold,57.47394,57.655968,57.44664,57.628662,1431
2025-04-25 05:00:00,0,0.36302499562179796,0.6369750043782021,Hold,57.61956,57.637764,57.35563,57.37383,1534
2025-04-25 06:00:00,1,0.3853891838309989,0.6146108161690012,Hold,57.37383,57.583157,57.191807,57.583157,3073
2025-04-25 07:00:00,0,0.4388134224393741,0.561186577560626,Hold,57.574055,57.61956,57.128098,57.21001,5388
2025-04-25 08:00:00,0,0.45538138059055416,0.5446186194094458,Hold,57.21911,57.328323,56.964275,57.109898,5431
2025-04-25 09:00:00,0,0.4037755858897323,0.5962244141102677,Hold,57.109898,57.1372,56.700344,56.83686,5385
2025-04-25 10:00:00,0,0.3847863249136956,0.6152136750863044,Hold,56.83686,57.237312,56.272587,56.29079,11430
2025-04-25 11:00:00,0,0.3671377785868876,0.6328622214131123,Hold,56.299892,56.50922,56.245285,56.44551,6849
2025-04-25 12:00:00,0,0.3673881928472027,0.6326118071527973,Hold,56.44551,56.50012,56.263485,56.3818,6434
2025-04-25 13:00:00,0,0.3630609778749058,0.6369390221250941,Hold,56.3818,56.98248,56.30899,56.855064,15203
2025-04-25 14:00:00,0,0.3530457907129744,0.6469542092870255,Hold,56.864162,57.07349,56.68214,56.80956,12495
2025-04-25 15:00:00,0,0.3638002593363799,0.6361997406636202,Hold,56.800457,57.282818,56.800457,57.264618,13938
2025-04-25 16:00:00,0,0.3529323522042794,0.6470676477957207,Hold,57.264618,57.44664,57.182705,57.337425,11256
2025-04-25 17:00:00,0,0.4162535373982134,0.5837464626017865,Hold,57.346527,57.610462,57.100796,57.1463,15118
2025-04-25 18:00:00,0,0.3976629267759942,0.6023370732240059,Hold,57.1463,57.47394,57.109898,57.410236,12889
2025-04-25 19:00:00,0,0.3693347032604584,0.6306652967395416,Hold,57.419334,57.646866,57.410236,57.51035,4536
2025-04-25 20:00:00,0,0.34052109775776523,0.6594789022422347,Hold,57.501247,57.710575,57.44664,57.492146,2659
2025-04-27 22:00:00,1,0.45790988611812355,0.5420901138818764,Hold,57.783382,58.174732,57.38293,57.68327,4464
2025-04-27 23:00:00,1,0.37612670635504747,0.6238732936449525,Hold,57.68327,57.728775,57.401134,57.43754,2450
2025-04-28 00:00:00,1,0.39817331491965535,0.6018266850803446,Hold,57.43754,57.583157,57.401134,57.483044,1544
2025-04-28 01:00:00,0,0.3792237283726575,0.6207762716273425,Hold,57.483044,57.674168,57.282818,57.30102,2207
2025-04-28 02:00:00,0,0.38210183399682607,0.6178981660031739,Hold,57.29192,57.346527,57.22821,57.246414,1012
2025-04-28 03:00:00,1,0.3673880717644249,0.6326119282355751,Hold,57.246414,57.60136,57.246414,57.501247,1415
2025-04-28 04:00:00,1,0.37724811133897007,0.6227518886610299,Hold,57.51035,57.655968,57.464844,57.61956,840
2025-04-28 05:00:00,1,0.4358106165534473,0.5641893834465527,Hold,57.628662,57.75608,57.574055,57.737877,1686
2025-04-28 06:00:00,1,0.3949964653681563,0.6050035346318436,Hold,57.737877,57.81979,57.53765,57.628662,2082
2025-04-28 07:00:00,1,0.39515475695784597,0.604845243042154,Hold,57.628662,57.628662,57.410236,57.44664,3533
2025-04-28 08:00:00,1,0.4198833394470316,0.5801166605529684,Hold,57.44664,57.52855,57.22821,57.264618,3941
2025-04-28 09:00:00,0,0.46505147656314016,0.5349485234368598,Hold,57.273716,57.30102,57.100796,57.100796,2914
2025-04-28 10:00:00,0,0.45012600008772696,0.549873999912273,Hold,57.109898,57.173603,56.946075,57.091694,3510
2025-04-28 11:00:00,1,0.440624784198389,0.559375215801611,Hold,57.091694,57.29192,56.98248,57.22821,5599
2025-04-28 12:00:00,1,0.4105260307953652,0.5894739692046348,Hold,57.22821,57.428436,57.05529,57.282818,7538
2025-04-28 13:00:00,1,0.46430221133089067,0.5356977886691093,Hold,57.282818,57.52855,56.77315,56.800457,19109
2025-04-28 14:00:00,1,0.4148953013267755,0.5851046986732245,Hold,56.800457,56.92787,56.481915,56.545624,22134
2025-04-28 15:00:00,1,0.3759662618413946,0.6240337381586054,Hold,56.545624,56.65484,56.145172,56.28169,21096
2025-04-28 16:00:00,0,0.3968678420865757,0.6031321579134243,Hold,56.28169,56.363598,56.00865,56.07236,10964
2025-04-28 17:00:00,1,0.364604817441339,0.635395182558661,Hold,56.06326,56.30899,55.95405,56.263485,10319
2025-04-28 18:00:00,1,0.3967778622275871,0.603222137772413,Hold,56.263485,56.51832,56.236183,56.390903,15250
2025-04-28 19:00:00,1,0.41249470532240534,0.5875052946775947,Hold,56.390903,56.481915,56.3818,56.418205,2736
2025-04-28 20:00:00,1,0.4004466439221383,0.5995533560778616,Hold,56.418205,56.427307,56.263485,56.327194,1747
2025-04-28 22:00:00,1,0.46216270115650226,0.5378372988434977,Hold,56.30899,56.481915,56.29079,56.409103,795
2025-04-28 23:00:00,1,0.4689894941650469,0.531010505834953,Hold,56.409103,56.454613,56.400005,56.43641,212
2025-04-29 00:00:00,1,0.42804440407157546,0.5719555959284246,Hold,56.43641,56.44551,56.22708,56.30899,1803
2025-04-29 01:00:00,1,0.48837331778089493,0.5116266822191051,Hold,56.299892,56.427307,56.21798,56.3545,1962
2025-04-29 02:00:00,1,0.46008824824602745,0.5399117517539725,Hold,56.3545,56.491016,56.108765,56.13607,2220
2025-04-29 03:00:00,1,0.42688526374958063,0.5731147362504194,Hold,56.12697,56.21798,56.017754,56.117867,1950
2025-04-29 04:00:00,1,0.4631791490691823,0.5368208509308177,Hold,56.117867,56.13607,55.95405,55.999554,1394
2025-04-29 05:00:00,1,0.4402578256453288,0.5597421743546712,Hold,55.99045,56.04506,55.73562,55.881237,4952
2025-04-29 06:00:00,1,0.39897630427051944,0.6010236957294806,Hold,55.89944,56.026855,55.781124,55.881237,3270
2025-04-29 07:00:00,0,0.39131072579943915,0.6086892742005608,Hold,55.872135,55.935844,55.5809,55.68101,5167
2025-04-29 08:00:00,0,0.4004147525699308,0.5995852474300691,Hold,55.68101,56.081463,55.426178,55.44438,8261
2025-04-29 09:00:00,1,0.3834868697952858,0.6165131302047142,Hold,55.45348,55.91764,55.426178,55.68101,6090
2025-04-29 10:00:00,1,0.3516402281667052,0.6483597718332947,Hold,55.68101,55.799328,55.36247,55.535393,4402
2025-04-29 11:00:00,1,0.3686046497875578,0.6313953502124422,Hold,55.535393,55.617302,55.326065,55.5809,7986
2025-04-29 12:00:00,1,0.34615425981621123,0.6538457401837887,Hold,55.5809,55.726517,55.253254,55.389774,9570
2025-04-29 13:00:00,1,0.3117161996216286,0.6882838003783713,Hold,55.37157,55.653706,55.316963,55.43528,14133
2025-04-29 14:00:00,1,0.3565378415945323,0.6434621584054677,Hold,55.426178,55.489887,54.99842,55.271458,20690
2025-04-29 15:00:00,1,0.34026658938171955,0.6597334106182804,Hold,55.271458,55.59,55.15314,55.18955,17097
2025-04-29 16:00:00,1,0.3291774208007263,0.6708225791992737,Hold,55.18955,55.28966,54.871006,54.90741,16100
2025-04-29 17:00:00,1,0.2640952851228186,0.7359047148771813,Hold,54.90741,55.235054,54.90741,55.180447,10716
2025-04-29 18:00:00,1,0.2899350620783434,0.7100649379216566,Hold,55.180447,55.18955,54.8164,54.90741,18031
2025-04-29 19:00:00,1,0.2968474547270425,0.7031525452729575,Hold,54.898308,54.989323,54.8255,54.852802,4604
2025-04-29 20:00:00,1,0.3200814002111389,0.679918599788861,Hold,54.852802,54.880108,54.716286,54.73449,3335
2025-04-29 22:00:00,1,0.34162942633029264,0.6583705736697074,Hold,54.75269,54.871006,54.725388,54.8255,662
2025-04-29 23:00:00,1,0.3796611891191953,0.6203388108808048,Hold,54.8255,54.861904,54.798195,54.861904,365
2025-04-30 00:00:00,1,0.40032655752284946,0.5996734424771506,Hold,54.861904,54.90741,54.789097,54.834602,2136
2025-04-30 01:00:00,1,0.39447130953279763,0.6055286904672024,Hold,54.834602,54.99842,54.798195,54.807297,2415
2025-04-30 02:00:00,1,0.42123373759580846,0.5787662624041916,Hold,54.807297,54.962017,54.488758,54.51606,3945
2025-04-30 03:00:00,0,0.38456069579740154,0.6154393042025985,Hold,54.506958,54.570667,54.315834,54.352238,3553
2025-04-30 04:00:00,0,0.353534635930062,0.646465364069938,Hold,54.352238,54.388645,54.20662,54.288532,1987
2025-04-30 05:00:00,0,0.37541743203446915,0.6245825679655308,Hold,54.29763,54.415947,54.179317,54.27033,2298
2025-04-30 06:00:00,0,0.39108206291650927,0.6089179370834907,Hold,54.261227,54.388645,54.18842,54.352238,2744
2025-04-30 07:00:00,0,0.4121516327765492,0.5878483672234508,Hold,54.352238,54.352238,53.97909,54.11561,6572
2025-04-30 08:00:00,0,0.3794309447502835,0.6205690552497165,Hold,54.12471,54.170216,53.869877,54.0519,7255
2025-04-30 09:00:00,1,0.45111846597458144,0.5488815340254185,Hold,54.0519,54.688984,54.0519,54.679882,9722
2025-04-30 10:00:00,1,0.4669054456693314,0.5330945543306687,Hold,54.67078,54.679882,54.415947,54.58887,4730
2025-04-30 11:00:00,1,0.44937016993480805,0.550629830065192,Hold,54.57977,54.64348,54.461452,54.570667,4361
2025-04-30 12:00:00,0,0.47958444334105377,0.5204155566589462,Hold,54.570667,54.725388,54.088306,54.224823,13719
2025-04-30 13:00:00,0,0.42427443277611665,0.5757255672238833,Hold,54.224823,54.625275,53.82437,53.87898,21839
2025-04-30 14:00:00,0,0.39174749476007975,0.6082525052399202,Hold,53.87898,54.497856,53.84257,54.179317,23414
2025-04-30 15:00:00,0,0.4443748253143601,0.5556251746856399,Hold,54.170216,54.74359,52.777737,52.923355,58877
2025-04-30 16:00:00,0,0.44589020415158975,0.5541097958484102,Hold,52.932453,53.50583,52.704926,52.795937,37302
2025-04-30 17:00:00,0,0.4161449254977991,0.5838550745022009,Hold,52.795937,53.250996,52.777737,53.03257,19281
2025-04-30 18:00:00,0,0.4115905502464582,0.5884094497535418,Hold,53.03257,53.778866,52.850544,52.95976,33213
2025-04-30 19:00:00,0,0.43031987659422843,0.5696801234057716,Hold,52.95976,52.977962,52.823242,52.932453,5706
2025-04-30 20:00:00,0,0.47696314080842095,0.523036859191579,Hold,52.932453,53.159985,52.914253,52.98706,4561
2025-04-30 22:00:00,0,0.47093888423701324,0.5290611157629868,Hold,52.932453,53.20549,52.87785,53.12358,1057
2025-04-30 23:00:00,0,0.47288759383920415,0.5271124061607959,Hold,53.105377,53.19639,53.05987,53.11448,585
2025-05-01 00:00:00,0,0.4358523257427118,0.5641476742572882,Hold,53.12358,53.17819,52.977962,53.014366,1906
2025-05-01 01:00:00,1,0.4925662563909577,0.5074337436090424,Hold,53.005264,53.023468,52.90515,53.014366,1079
2025-05-01 02:00:00,1,0.482992573791622,0.5170074262083779,Hold,53.023468,53.05077,52.941555,53.03257,870
2025-05-01 03:00:00,0,0.46841135879154544,0.5315886412084545,Hold,53.03257,53.087173,52.795937,52.83234,1330
2025-05-01 04:00:00,1,0.47799151450808475,0.5220084854919153,Hold,52.841442,52.950657,52.83234,52.90515,778
2025-05-01 05:00:00,1,0.47642708952339674,0.5235729104766033,Hold,52.90515,53.03257,52.89605,52.950657,964
2025-05-01 06:00:00,0,0.4135393408216533,0.5864606591783468,Hold,52.932453,52.977962,52.559307,52.641216,3834
2025-05-01 07:00:00,0,0.390629203927952,0.609370796072048,Hold,52.641216,52.65942,52.304474,52.340878,5988
2025-05-01 08:00:00,0,0.379061295616082,0.6209387043839181,Hold,52.340878,52.532,51.86762,52.058743,9065
2025-05-01 09:00:00,0,0.4159579532679178,0.5840420467320822,Hold,52.058743,52.11335,51.558178,51.59458,6840
2025-05-01 10:00:00,0,0.3723389128332972,0.6276610871667028,Hold,51.58548,51.64919,51.321545,51.448963,10150
2025-05-01 11:00:00,0,0.3433577277371627,0.6566422722628373,Hold,51.448963,52.02234,51.403458,51.96773,11990
2025-05-01 12:00:00,0,0.3702062887451536,0.6297937112548464,Hold,51.95863,52.632114,51.822113,52.495598,18624
2025-05-01 13:00:00,0,0.3742329656538339,0.6257670343461661,Hold,52.495598,53.60594,52.340878,53.223694,36091
2025-05-01 14:00:00,0,0.3712303339138384,0.6287696660861616,Hold,53.232796,53.73336,53.19639,53.241894,26570
2025-05-01 15:00:00,0,0.38511599591285656,0.6148840040871435,Hold,53.241894,53.478527,52.89605,52.932453,22051
2025-05-01 16:00:00,0,0.31943316671830974,0.6805668332816903,Hold,52.923355,53.169086,52.550205,53.005264,21515
2025-05-01 17:00:00,0,0.31877766576788324,0.6812223342321168,Hold,53.005264,53.43302,52.98706,53.232796,11411
2025-05-01 18:00:00,0,0.31585685582469625,0.6841431441753038,Hold,53.241894,54.15201,53.20549,53.769764,41658
2025-05-01 19:00:00,0,0.308331467353874,0.691668532646126,Hold,53.778866,53.90628,53.696953,53.75156,7237
2025-05-01 20:00:00,0,0.30689083983852755,0.6931091601614725,Hold,53.75156,53.806168,53.66055,53.678753,2616
2025-05-01 22:00:00,0,0.30370569834720657,0.6962943016527934,Hold,53.687855,53.687855,53.45122,53.533134,1351
2025-05-01 23:00:00,0,0.35367810589056303,0.646321894109437,Hold,53.542233,53.651447,53.542233,53.624146,442
2025-05-02 00:00:00,1,0.38627513372716094,0.6137248662728391,Hold,53.624146,54.15201,53.615044,54.133812,3765
2025-05-02 01:00:00,1,0.3891490913159068,0.6108509086840932,Hold,54.133812,54.37044,54.097404,54.334038,4147
2025-05-02 02:00:00,1,0.41018632097014524,0.5898136790298547,Hold,54.324936,54.488758,54.261227,54.415947,2525
2025-05-02 03:00:00,1,0.398988984019837,0.6010110159801629,Hold,54.415947,54.415947,54.252125,54.36134,2219
2025-05-02 04:00:00,1,0.35515345488036854,0.6448465451196315,Hold,54.37044,54.388645,54.21572,54.306732,1535
2025-05-02 05:00:00,1,0.33818300623626624,0.6618169937637337,Hold,54.315834,54.334038,54.15201,54.161114,1615
2025-05-02 06:00:00,1,0.35043548551834136,0.6495645144816586,Hold,54.170216,54.34314,53.97909,54.006393,2794
2025-05-02 07:00:00,1,0.3776110054239957,0.6223889945760043,Hold,54.006393,54.161114,53.833473,53.84257,4423
2025-05-02 08:00:00,0,0.3357788972885397,0.6642211027114603,Hold,53.851673,54.106506,53.533134,53.551334,5871
2025-05-02 09:00:00,0,0.33192646357015937,0.6680735364298407,Hold,53.560436,53.696953,53.396614,53.587738,4981
2025-05-02 10:00:00,1,0.31820569662135434,0.6817943033786457,Hold,53.57864,53.73336,53.478527,53.66055,3768
2025-05-02 11:00:00,0,0.3575382978629002,0.6424617021370997,Hold,53.66965,53.88808,53.2783,53.378414,7795
2025-05-02 12:00:00,1,0.40365546367920047,0.5963445363207995,Hold,53.378414,53.915382,53.232796,53.87898,13893
2025-05-02 13:00:00,0,0.3676331201638053,0.6323668798361948,Hold,53.87898,53.99729,52.886948,53.05987,22319
2025-05-02 14:00:00,0,0.29628425999202607,0.7037157400079739,Hold,53.05987,53.414818,52.550205,53.096275,32202
2025-05-02 15:00:00,0,0.295699766027249,0.704300233972751,Hold,53.096275,53.396614,52.80504,53.150883,20220
2025-05-02 16:00:00,0,0.27125066639886747,0.7287493336011326,Hold,53.150883,53.687855,52.57751,52.759533,24414
2025-05-02 17:00:00,1,0.26178725090310967,0.7382127490968904,Hold,52.768635,53.078075,52.559307,52.923355,11311
2025-05-02 18:00:00,1,0.2505201079605439,0.7494798920394561,Hold,52.923355,53.17819,52.868748,52.90515,17477
2025-05-02 19:00:00,1,0.2805912840654797,0.7194087159345204,Hold,52.914253,53.314705,52.868748,53.2692,5585
2025-05-02 20:00:00,1,0.25831664970429297,0.741683350295707,Hold,53.2692,53.35111,53.096275,53.132683,2513
2025-05-04 22:00:00,0,0.2820306334516693,0.7179693665483307,Hold,51.65829,51.67649,50.329517,51.185028,19820
2025-05-04 23:00:00,0,0.27782025702170876,0.7221797429782912,Hold,51.175926,51.467167,50.82098,50.902893,4807
2025-05-05 00:00:00,0,0.30704169128041,0.6929583087195901,Hold,50.89379,51.248737,50.784576,51.012108,3774
2025-05-05 01:00:00,0,0.30611637852950696,0.6938836214704931,Hold,51.021206,51.303345,50.88469,51.11222,3746
2025-05-05 02:00:00,0,0.29616928229785394,0.7038307177021461,Hold,51.11222,51.22143,50.966602,51.021206,1770
2025-05-05 03:00:00,0,0.29193795836176023,0.7080620416382397,Hold,51.021206,51.084915,50.88469,51.030308,1955
2025-05-05 04:00:00,0,0.2902223506276313,0.7097776493723686,Hold,51.030308,51.03941,50.875587,50.939297,1375
2025-05-05 05:00:00,0,0.3033950134005448,0.6966049865994552,Hold,50.939297,51.330647,50.939297,51.28514,2730
2025-05-05 06:00:00,0,0.319980290737005,0.6800197092629949,Hold,51.294243,51.603683,51.294243,51.512672,3718
2025-05-05 07:00:00,0,0.32129239855532143,0.6787076014446786,Hold,51.50357,51.96773,51.421658,51.776604,7109
2025-05-05 08:00:00,0,0.3192736103639936,0.6807263896360064,Hold,51.776604,52.095146,51.694695,51.904022,7702
2025-05-05 09:00:00,0,0.31321047710257627,0.6867895228974237,Hold,51.89492,52.34998,51.794807,52.340878,6575
2025-05-05 10:00:00,0,0.30205043271420307,0.6979495672857969,Hold,52.340878,52.42279,52.177055,52.25897,5634
2025-05-05 11:00:00,0,0.29129357155801044,0.7087064284419895,Hold,52.249866,52.5138,52.167957,52.19526,7755
2025-05-05 12:00:00,0,0.3023879464706602,0.6976120535293397,Hold,52.186157,52.295372,51.81301,52.13155,12561
2025-05-05 13:00:00,0,0.26986072423078283,0.7301392757692171,Hold,52.13155,52.468296,52.067844,52.304474,18454
2025-05-05 14:00:00,0,0.29895699032828765,0.7010430096717124,Hold,52.313576,52.340878,51.530872,51.621887,18101
2025-05-05 15:00:00,0,0.28349950235111687,0.7165004976488831,Hold,51.621887,51.767506,51.385254,51.758404,13558
2025-05-05 16:00:00,0,0.27538414055268345,0.7246158594473165,Hold,51.758404,52.14065,51.758404,51.931324,14253
2025-05-05 17:00:00,0,0.26551320345938473,0.7344867965406152,Hold,51.931324,52.12245,51.849415,52.067844,9105
2025-05-05 18:00:00,0,0.28796907511261194,0.7120309248873881,Hold,52.058743,52.13155,51.940426,52.013237,11570
2025-05-05 19:00:00,0,0.3240660533078305,0.6759339466921694,Hold,52.013237,52.04964,51.858517,51.89492,3707
2025-05-05 20:00:00,0,0.38996413223631277,0.6100358677636872,Hold,51.89492,52.104248,51.858517,52.086044,2056
2025-05-05 22:00:00,0,0.3621904836786443,0.6378095163213557,Hold,52.104248,52.104248,51.940426,52.04054,735
2025-05-05 23:00:00,0,0.37253863577396695,0.627461364226033,Hold,52.04054,52.058743,52.004135,52.013237,264
2025-05-06 00:00:00,0,0.4441650462552498,0.5558349537447502,Hold,52.004135,52.20436,51.904022,52.177055,1904
2025-05-06 01:00:00,0,0.5046906941412133,0.49530930585878674,Sell,52.177055,52.886948,52.177055,52.80504,11319
2025-05-06 02:00:00,0,0.47470586639779094,0.525294133602209,Hold,52.795937,52.914253,52.58661,52.80504,4140
2025-05-06 03:00:00,0,0.47040178393585075,0.5295982160641493,Hold,52.80504,52.89605,52.759533,52.81414,1667
2025-05-06 04:00:00,0,0.5003408053275614,0.4996591946724386,Sell,52.823242,52.87785,52.777737,52.850544,1168
2025-05-06 05:00:00,0,0.46350366606144183,0.5364963339385582,Hold,52.850544,52.868748,52.704926,52.72313,1539
2025-05-06 06:00:00,0,0.470812438145047,0.5291875618549531,Hold,52.714027,53.05987,52.704926,53.023468,3569
2025-05-06 07:00:00,0,0.46845635346547676,0.5315436465345232,Hold,53.023468,53.260098,52.977962,53.12358,7312
2025-05-06 08:00:00,0,0.48217068640211036,0.5178293135978896,Hold,53.11448,53.342007,52.923355,53.323807,7010
2025-05-06 09:00:00,0,0.4714370511415976,0.5285629488584024,Hold,53.323807,53.542233,53.241894,53.478527,7239
2025-05-06 10:00:00,0,0.4516082735760202,0.5483917264239798,Hold,53.478527,53.560436,53.005264,53.014366,6575
2025-05-06 11:00:00,0,0.4321756983486083,0.5678243016513917,Hold,53.023468,53.214592,53.023468,53.20549,5230
2025-05-06 12:00:00,0,0.4645037206429102,0.5354962793570899,Hold,53.19639,53.469425,53.12358,53.405716,8804
2025-05-06 13:00:00,0,0.4292428352299111,0.5707571647700889,Hold,53.396614,54.061,53.305603,54.0519,31753
2025-05-06 14:00:00,0,0.41019689632127604,0.5898031036787239,Hold,54.0519,54.34314,53.88808,53.988194,25119
2025-05-06 15:00:00,0,0.42096155080132064,0.5790384491986793,Hold,53.99729,54.306732,53.942684,54.21572,14509
2025-05-06 16:00:00,0,0.3823868718168908,0.6176131281831092,Hold,54.224823,54.461452,53.769764,53.787968,21673
2025-05-06 17:00:00,0,0.34085598949797047,0.6591440105020295,Hold,53.787968,54.015495,53.769764,54.015495,10058
2025-05-06 18:00:00,0,0.33021550433493646,0.6697844956650636,Hold,54.015495,54.11561,53.678753,53.706055,19366
2025-05-06 19:00:00,0,0.3405721839511148,0.6594278160488851,Hold,53.706055,53.81527,53.633247,53.778866,3930
2025-05-06 20:00:00,0,0.3494964192688236,0.6505035807311764,Hold,53.778866,53.81527,53.560436,53.696953,4084
2025-05-06 22:00:00,0,0.38384237539598537,0.6161576246040146,Hold,53.678753,54.34314,53.642345,54.12471,3824
2025-05-06 23:00:00,0,0.38627882410216136,0.6137211758978387,Hold,54.133812,54.315834,54.0337,54.21572,1893
2025-05-07 00:00:00,0,0.38279305474221953,0.6172069452577804,Hold,54.20662,54.37044,54.161114,54.34314,4241
2025-05-07 01:00:00,0,0.3544190517401186,0.6455809482598813,Hold,54.352238,54.37044,54.088306,54.179317,3412
2025-05-07 02:00:00,0,0.3484968435069727,0.6515031564930274,Hold,54.179317,54.233925,54.088306,54.233925,1686
2025-05-07 03:00:00,0,0.3238722973877854,0.6761277026122146,Hold,54.224823,54.261227,54.14291,54.243023,1495
2025-05-07 04:00:00,0,0.3462164966347176,0.6537835033652823,Hold,54.233925,54.37044,54.21572,54.36134,1310
2025-05-07 05:00:00,0,0.3221611303761477,0.6778388696238523,Hold,54.352238,54.397743,54.261227,54.306732,1536
2025-05-07 06:00:00,0,0.36923489023114814,0.6307651097688518,Hold,54.324936,54.561565,54.261227,54.534264,3670
2025-05-07 07:00:00,1,0.3833001307286758,0.6166998692713241,Hold,54.534264,54.779995,54.497856,54.652576,6270
2025-05-07 08:00:00,1,0.3256637809813067,0.6743362190186932,Hold,54.66168,54.843704,54.388645,54.397743,6350
2025-05-07 09:00:00,1,0.34625271131661545,0.6537472886833846,Hold,54.397743,54.443253,54.024597,54.106506,7649
2025-05-07 10:00:00,1,0.3665749898592145,0.6334250101407854,Hold,54.11561,54.27943,53.960888,54.21572,5686
2025-05-07 11:00:00,1,0.34078440050615993,0.65921559949384,Hold,54.224823,54.397743,54.179317,54.34314,3948
2025-05-07 12:00:00,0,0.3389439775806387,0.6610560224193613,Hold,54.334038,54.37044,53.760662,53.87898,8763
2025-05-07 13:00:00,0,0.3193573464345226,0.6806426535654774,Hold,53.87898,53.87898,53.396614,53.59684,19106
2025-05-07 14:00:00,0,0.296749867451312,0.703250132548688,Hold,53.60594,53.706055,53.2692,53.487625,17606
2025-05-07 15:00:00,0,0.29659165694543915,0.7034083430545608,Hold,53.487625,53.869877,53.096275,53.20549,19860
2025-05-07 16:00:00,0,0.26594728860500094,0.7340527113949991,Hold,53.187286,53.305603,52.996162,53.17819,10647
2025-05-07 17:00:00,0,0.25769358492719185,0.7423064150728081,Hold,53.17819,53.241894,52.841442,52.96886,9960
2025-05-07 18:00:00,0,0.24849010369963453,0.7515098963003655,Hold,52.96886,53.05987,52.613914,52.923355,16864
2025-05-07 19:00:00,0,0.2394257041580119,0.7605742958419881,Hold,52.932453,52.941555,52.66852,52.859646,4947
2025-05-07 20:00:00,0,0.24919830609174357,0.7508016939082565,Hold,52.859646,52.868748,52.65942,52.74133,2159
2025-05-07 22:00:00,0,0.2771124935597238,0.7228875064402762,Hold,52.72313,52.75043,52.550205,52.695824,879
2025-05-07 23:00:00,0,0.346715014225603,0.653284985774397,Hold,52.695824,52.868748,52.695824,52.850544,624
2025-05-08 00:00:00,0,0.39626307751219303,0.603736922487807,Hold,52.868748,52.95976,52.777737,52.941555,2560
2025-05-08 01:00:00,0,0.39245015010473167,0.6075498498952683,Hold,52.941555,53.223694,52.914253,53.214592,3287
2025-05-08 02:00:00,0,0.3809455663591206,0.6190544336408794,Hold,53.20549,53.232796,53.096275,53.214592,1067
2025-05-08 03:00:00,0,0.3724971498478254,0.6275028501521747,Hold,53.20549,53.35111,53.19639,53.323807,1221
2025-05-08 04:00:00,0,0.375377864990697,0.6246221350093031,Hold,53.323807,53.387512,53.19639,53.250996,1324
2025-05-08 05:00:00,0,0.3831525525148938,0.6168474474851062,Hold,53.250996,53.378414,53.169086,53.369312,1684
2025-05-08 06:00:00,0,0.384376173740033,0.6156238262599669,Hold,53.36021,53.378414,52.914253,53.068974,4655
2025-05-08 07:00:00,0,0.4171424694814242,0.5828575305185758,Hold,53.068974,53.232796,52.977962,53.159985,2962
2025-05-08 08:00:00,0,0.4129753484388299,0.5870246515611701,Hold,53.169086,53.496727,53.096275,53.469425,5651
2025-05-08 09:00:00,0,0.3986788704115337,0.6013211295884663,Hold,53.478527,53.587738,53.35111,53.524033,4403
2025-05-08 10:00:00,0,0.4200695072793482,0.5799304927206518,Hold,53.524033,53.87898,53.42392,53.787968,5910
2025-05-08 11:00:00,0,0.4095394805513266,0.5904605194486734,Hold,53.778866,53.89718,53.687855,53.82437,6016
2025-05-08 12:00:00,0,0.40533498740070856,0.5946650125992914,Hold,53.82437,53.933586,53.496727,53.587738,10541
2025-05-08 13:00:00,0,0.4450417461748699,0.5549582538251301,Hold,53.587738,54.21572,53.50583,54.161114,20847
2025-05-08 14:00:00,0,0.4444336489377249,0.555566351062275,Hold,54.170216,54.479656,54.006393,54.197517,22596
2025-05-08 15:00:00,0,0.4305439290824093,0.5694560709175907,Hold,54.18842,54.60707,54.088306,54.561565,21000
2025-05-08 16:00:00,0,0.32937663044385823,0.6706233695561418,Hold,54.552464,54.60707,54.243023,54.561565,10008
2025-05-08 17:00:00,0,0.2943854046619847,0.7056145953380153,Hold,54.561565,54.561565,54.42505,54.52516,6550
2025-05-08 18:00:00,0,0.31292431118538055,0.6870756888146194,Hold,54.51606,54.652576,54.443253,54.543365,14043
2025-05-08 19:00:00,0,0.30652745787980473,0.6934725421201953,Hold,54.552464,54.64348,54.497856,54.60707,5308
2025-05-08 20:00:00,0,0.33919905741094136,0.6608009425890586,Hold,54.60707,54.871006,54.59797,54.861904,3648
2025-05-08 22:00:00,0,0.32071552468563386,0.6792844753143661,Hold,54.834602,54.861904,54.74359,54.75269,1166
2025-05-08 23:00:00,0,0.32862851017807304,0.671371489821927,Hold,54.75269,54.8164,54.688984,54.725388,594
2025-05-09 00:00:00,0,0.3054144275649019,0.6945855724350981,Hold,54.73449,54.770893,54.561565,54.57977,1680
2025-05-09 01:00:00,0,0.28724641353399627,0.7127535864660037,Hold,54.57977,54.75269,54.543365,54.57977,2102
2025-05-09 02:00:00,0,0.3051649242486545,0.6948350757513455,Hold,54.570667,54.798195,54.506958,54.716286,1629
2025-05-09 03:00:00,0,0.2610748244016691,0.7389251755983308,Hold,54.707184,54.789097,54.652576,54.698082,988
2025-05-09 04:00:00,0,0.3149820928390151,0.6850179071609849,Hold,54.698082,54.852802,54.67078,54.8255,1750
2025-05-09 05:00:00,0,0.29869411574277877,0.7013058842572213,Hold,54.8255,54.90741,54.779995,54.807297,1483
2025-05-09 06:00:00,0,0.2868279643697789,0.7131720356302211,Hold,54.8164,55.007523,54.789097,54.880108,2661
2025-05-09 07:00:00,0,0.32035134954017513,0.6796486504598249,Hold,54.871006,55.28056,54.779995,55.171345,6488
2025-05-09 08:00:00,0,0.32778705343066306,0.6722129465693369,Hold,55.171345,55.353367,55.144043,55.335167,4395
2025-05-09 09:00:00,0,0.4073046121201087,0.5926953878798913,Hold,55.34427,55.562695,55.253254,55.544495,4755
2025-05-09 10:00:00,0,0.38638645550199313,0.6136135444980069,Hold,55.544495,55.717415,55.508087,55.644608,5564
2025-05-09 11:00:00,0,0.4155690550697935,0.5844309449302065,Hold,55.635506,55.926743,55.489887,55.726517,9400
2025-05-09 12:00:00,0,0.36350319908821227,0.6364968009117877,Hold,55.73562,55.76292,55.380672,55.407974,7516
2025-05-09 13:00:00,0,0.33590420286197725,0.6640957971380228,Hold,55.398876,55.417076,54.88921,55.05303,18204
2025-05-09 14:00:00,0,0.3501187783818761,0.6498812216181239,Hold,55.06213,55.262356,54.807297,55.171345,14898
2025-05-09 15:00:00,0,0.31704809258306893,0.682951907416931,Hold,55.162243,55.353367,55.089436,55.225952,10386
2025-05-09 16:00:00,0,0.2871701847617468,0.7128298152382532,Hold,55.235054,55.45348,55.04393,55.389774,9004
2025-05-09 17:00:00,0,0.2931351198546079,0.7068648801453921,Hold,55.389774,55.544495,55.326065,55.417076,8699
2025-05-09 18:00:00,0,0.2859305898679979,0.7140694101320021,Hold,55.407974,55.617302,55.398876,55.51719,13464
2025-05-09 19:00:00,0,0.3241460254565563,0.6758539745434438,Hold,55.508087,55.599102,55.417076,55.471684,4033
2025-05-09 20:00:00,0,0.34042247660863634,0.6595775233913637,Hold,55.471684,55.617302,55.44438,55.571796,1686
2025-05-11 22:00:00,0,0.3976291750022483,0.6023708249977517,Hold,55.872135,55.99045,55.653706,55.844833,3885
2025-05-11 23:00:00,0,0.38139767833480237,0.6186023216651977,Hold,55.83573,55.935844,55.808426,55.817528,1285
2025-05-12 00:00:00,0,0.32630094916557656,0.6736990508344234,Hold,55.817528,55.817528,55.553593,55.617302,1927
2025-05-12 01:00:00,0,0.3027984887682396,0.6972015112317604,Hold,55.626404,55.781124,55.535393,55.59,2278
2025-05-12 02:00:00,0,0.40308664556026547,0.5969133544397345,Hold,55.59,55.863033,55.59,55.83573,1207
2025-05-12 03:00:00,0,0.41045084600295684,0.5895491539970432,Hold,55.83573,55.926743,55.790226,55.872135,1023
2025-05-12 04:00:00,0,0.39291095721413904,0.607089042785861,Hold,55.872135,55.963146,55.808426,55.944946,863
2025-05-12 05:00:00,0,0.4396355058449753,0.5603644941550248,Hold,55.95405,56.30899,55.881237,56.30899,2980
2025-05-12 06:00:00,0,0.40364883640206456,0.5963511635979355,Hold,56.318092,56.50922,56.21798,56.3727,4925
2025-05-12 07:00:00,0,0.45466414998573074,0.5453358500142693,Hold,56.3727,57.710575,56.363598,57.091694,20466
2025-05-12 08:00:00,0,0.41146136088490276,0.5885386391150973,Hold,57.100796,57.21001,56.65484,57.04619,8651
2025-05-12 09:00:00,0,0.4344757748749301,0.5655242251250698,Hold,57.04619,57.428436,57.037086,57.246414,5399
2025-05-12 10:00:00,0,0.4340859291392748,0.5659140708607252,Hold,57.246414,57.60136,57.091694,57.59226,5568
2025-05-12 11:00:00,1,0.44852374393815764,0.5514762560618424,Hold,57.583157,57.892597,57.546753,57.719673,9197
2025-05-12 12:00:00,1,0.4107762052487704,0.5892237947512295,Hold,57.719673,57.810688,57.546753,57.655968,8068
2025-05-12 13:00:00,0,0.40397073279397644,0.5960292672060236,Hold,57.655968,57.68327,57.155403,57.191807,17196
2025-05-12 14:00:00,0,0.4024851586622786,0.5975148413377214,Hold,57.20091,57.501247,56.80956,56.82776,19647
2025-05-12 15:00:00,0,0.4029119170770834,0.5970880829229166,Hold,56.82776,57.018883,56.636635,56.67304,12503
2025-05-12 16:00:00,0,0.3640337592134868,0.6359662407865132,Hold,56.663937,56.76405,56.50012,56.700344,9195
2025-05-12 17:00:00,0,0.35219414099541474,0.6478058590045852,Hold,56.700344,56.709446,56.545624,56.572926,5810
2025-05-12 18:00:00,0,0.38719014407362307,0.6128098559263769,Hold,56.563824,56.572926,56.208878,56.409103,19738
2025-05-12 19:00:00,0,0.3629342961233096,0.6370657038766905,Hold,56.400005,56.400005,56.117867,56.263485,4182
2025-05-12 20:00:00,0,0.3747052501126942,0.6252947498873058,Hold,56.254387,56.52742,56.254387,56.390903,3089
2025-05-12 22:00:00,0,0.376768105574625,0.623231894425375,Hold,56.427307,56.472813,56.327194,56.3545,654
2025-05-12 23:00:00,0,0.35378501506406623,0.6462149849359338,Hold,56.3545,56.481915,56.345398,56.3818,374
2025-05-13 00:00:00,0,0.3225864423175467,0.6774135576824534,Hold,56.3818,56.400005,56.13607,56.163372,1296
2025-05-13 01:00:00,0,0.31623598439686934,0.6837640156031306,Hold,56.172474,56.3818,56.12697,56.154274,1573
2025-05-13 02:00:00,0,0.3200695079714564,0.6799304920285436,Hold,56.154274,56.21798,56.145172,56.190678,579
2025-05-13 03:00:00,0,0.3496595486466531,0.6503404513533468,Hold,56.190678,56.299892,56.108765,56.21798,840
2025-05-13 04:00:00,0,0.3666349352659628,0.6333650647340372,Hold,56.208878,56.327194,56.181576,56.28169,790
2025-05-13 05:00:00,0,0.37895328906787795,0.621046710932122,Hold,56.29079,56.3727,56.263485,56.327194,937
2025-05-13 06:00:00,0,0.4561501331739202,0.5438498668260798,Hold,56.327194,56.51832,56.154274,56.400005,3201
2025-05-13 07:00:00,0,0.439281089750364,0.5607189102496359,Hold,56.400005,56.563824,56.3545,56.3818,2794
2025-05-13 08:00:00,0,0.46155610899124805,0.5384438910087519,Hold,56.3818,56.782253,56.190678,56.700344,6441
2025-05-13 09:00:00,0,0.4447546316296579,0.5552453683703421,Hold,56.700344,56.791355,56.536522,56.75495,3089
2025-05-13 10:00:00,0,0.46542932278935445,0.5345706772106456,Hold,56.76405,56.91877,56.736748,56.873264,3272
2025-05-13 11:00:00,0,0.4784075052546431,0.521592494745357,Hold,56.873264,57.100796,56.77315,57.06439,3769
2025-05-13 12:00:00,0,0.4846027876511861,0.515397212348814,Hold,57.05529,57.21911,56.964275,57.21001,6790
2025-05-13 13:00:00,0,0.3885341444477796,0.6114658555522203,Hold,57.20091,57.21001,56.882366,57.07349,11165
2025-05-13 14:00:00,0,0.4216944737045633,0.5783055262954366,Hold,57.06439,57.77428,56.99158,57.30102,19966
2025-05-13 15:00:00,1,0.4353999061288931,0.5646000938711069,Hold,57.310123,57.956306,57.246414,57.947205,16061
2025-05-13 16:00:00,1,0.4283076096238605,0.5716923903761395,Hold,57.947205,58.156532,57.883495,58.111027,17488
2025-05-13 17:00:00,1,0.39290887942943964,0.6070911205705604,Hold,58.101925,58.13833,57.956306,58.010914,7224
2025-05-13 18:00:00,1,0.38239713596087516,0.6176028640391249,Hold,58.001812,58.05642,57.892597,57.98361,14644
2025-05-13 19:00:00,1,0.35648197043576557,0.6435180295642344,Hold,57.974506,58.029114,57.9108,57.919903,3915
2025-05-13 20:00:00,1,0.37287502620457286,0.6271249737954272,Hold,57.929,58.029114,57.801586,57.9108,3148
2025-05-13 22:00:00,1,0.3673125516212643,0.6326874483787357,Hold,57.9017,57.929,57.84709,57.874393,527
2025-05-13 23:00:00,1,0.364722205954167,0.635277794045833,Hold,57.874393,57.956306,57.874393,57.938103,294
2025-05-14 00:00:00,1,0.3354522423667606,0.6645477576332395,Hold,57.938103,57.947205,57.719673,57.728775,1442
2025-05-14 01:00:00,1,0.30088339720811624,0.6991166027918838,Hold,57.737877,57.783382,57.628662,57.674168,1589
2025-05-14 02:00:00,0,0.3105553730661297,0.6894446269338703,Hold,57.68327,57.737877,57.51035,57.628662,1974
2025-05-14 03:00:00,0,0.29944226816962866,0.7005577318303713,Hold,57.628662,57.674168,57.519447,57.61956,1367
2025-05-14 04:00:00,0,0.3054875627511476,0.6945124372488525,Hold,57.61956,57.710575,57.59226,57.60136,997
2025-05-14 05:00:00,0,0.3308123510292658,0.6691876489707342,Hold,57.60136,57.783382,57.546753,57.646866,1714
2025-05-14 06:00:00,0,0.3336246352847344,0.6663753647152656,Hold,57.655968,57.783382,57.574055,57.66507,2077
2025-05-14 07:00:00,1,0.3481199293940657,0.6518800706059342,Hold,57.66507,57.929,57.61956,57.783382,3234
2025-05-14 08:00:00,1,0.32559871149705016,0.6744012885029498,Hold,57.801586,57.828888,57.52855,57.701473,4075
2025-05-14 09:00:00,0,0.3625522581629593,0.6374477418370408,Hold,57.701473,57.801586,57.155403,57.246414,6778
2025-05-14 10:00:00,0,0.3766707336666311,0.6233292663333689,Hold,57.246414,57.35563,57.109898,57.255516,5333
2025-05-14 11:00:00,0,0.4080793658876755,0.5919206341123244,Hold,57.255516,57.38293,57.164505,57.328323,3784
2025-05-14 12:00:00,0,0.39178338763766385,0.6082166123623362,Hold,57.337425,57.419334,57.182705,57.35563,4796
2025-05-14 13:00:00,1,0.4068871263592698,0.5931128736407302,Hold,57.35563,57.84709,57.35563,57.74698,12765
2025-05-14 14:00:00,1,0.37484783705087804,0.6251521629491219,Hold,57.75608,57.856194,57.310123,57.710575,16297
2025-05-14 15:00:00,1,0.3852179460753878,0.6147820539246123,Hold,57.701473,57.710575,57.282818,57.51035,10754
2025-05-14 16:00:00,1,0.3580341870402505,0.6419658129597495,Hold,57.501247,57.81979,57.483044,57.701473,6452
2025-05-14 17:00:00,1,0.3434851074582125,0.6565148925417875,Hold,57.710575,57.783382,57.574055,57.655968,4942
2025-05-14 18:00:00,1,0.3658616597570831,0.6341383402429168,Hold,57.646866,57.655968,57.273716,57.30102,11586
2025-05-14 19:00:00,1,0.3269930815306819,0.6730069184693181,Hold,57.29192,57.346527,57.173603,57.182705,2714
2025-05-14 20:00:00,1,0.34604454135796314,0.6539554586420369,Hold,57.191807,57.29192,57.128098,57.237312,2294
2025-05-14 22:00:00,1,0.31430367574828,0.68569632425172,Hold,57.22821,57.255516,56.51832,56.536522,2645
2025-05-14 23:00:00,1,0.31533378123487965,0.6846662187651203,Hold,56.545624,56.60023,56.299892,56.60023,2924
2025-05-15 00:00:00,1,0.3558572245243313,0.6441427754756688,Hold,56.60023,56.76405,56.50012,56.536522,3317
2025-05-15 01:00:00,0,0.3511262302923317,0.6488737697076683,Hold,56.536522,56.718544,56.22708,56.345398,2961
2025-05-15 02:00:00,0,0.3648936583746746,0.6351063416253254,Hold,56.345398,56.390903,56.05416,56.090565,2145
2025-05-15 03:00:00,0,0.3952014839353946,0.6047985160646054,Hold,56.081463,56.418205,55.844833,56.21798,5797
2025-05-15 04:00:00,0,0.36962469333877457,0.6303753066612254,Hold,56.208878,56.245285,56.081463,56.145172,1257
2025-05-15 05:00:00,0,0.3658641441189017,0.6341358558810983,Hold,56.145172,56.145172,55.844833,55.853935,2745
2025-05-15 06:00:00,0,0.3575636578692711,0.6424363421307289,Hold,55.863033,56.21798,55.471684,55.571796,7327
2025-05-15 07:00:00,0,0.3562615338441715,0.6437384661558285,Hold,55.571796,55.753822,55.28966,55.699215,8813
2025-05-15 08:00:00,0,0.41385567560761993,0.5861443243923801,Hold,55.699215,55.82663,55.098537,55.180447,7004
2025-05-15 09:00:00,0,0.3888398505710574,0.6111601494289426,Hold,55.18955,55.353367,55.03483,55.089436,4765
2025-05-15 10:00:00,0,0.32583851677975617,0.6741614832202438,Hold,55.089436,55.553593,55.080334,55.51719,4818
2025-05-15 11:00:00,0,0.35234237627610265,0.6476576237238973,Hold,55.52629,55.68101,55.335167,55.662807,4221
2025-05-15 12:00:00,0,0.35397406909291473,0.6460259309070853,Hold,55.662807,55.90854,55.49899,55.881237,6415
2025-05-15 13:00:00,0,0.3420176705596593,0.6579823294403406,Hold,55.881237,56.46371,55.644608,56.263485,26465
2025-05-15 14:00:00,0,0.36056094873480954,0.6394390512651904,Hold,56.254387,56.363598,55.699215,55.790226,9475
2025-05-15 15:00:00,0,0.3241344890174221,0.675865510982578,Hold,55.790226,56.163372,55.626404,56.090565,8867
2025-05-15 16:00:00,0,0.30624761684233304,0.693752383157667,Hold,56.090565,56.263485,56.017754,56.090565,5647
2025-05-15 17:00:00,0,0.3327697680487122,0.6672302319512877,Hold,56.099667,56.21798,55.98135,56.172474,4663
2025-05-15 18:00:00,0,0.36229551395296333,0.6377044860470367,Hold,56.172474,56.245285,55.963146,56.163372,12667
2025-05-15 19:00:00,0,0.305418299857259,0.694581700142741,Hold,56.163372,56.299892,56.154274,56.245285,2124
2025-05-15 20:00:00,0,0.2982128252875405,0.7017871747124595,Hold,56.254387,56.263485,56.090565,56.145172,870
2025-05-15 22:00:00,0,0.33920328748470036,0.6607967125152996,Hold,56.154274,56.208878,56.108765,56.163372,234
2025-05-15 23:00:00,0,0.35234597195520995,0.64765402804479,Hold,56.181576,56.263485,56.163372,56.263485,169
2025-05-16 00:00:00,0,0.36715867667496455,0.6328413233250354,Hold,56.263485,56.272587,56.035957,56.035957,414
2025-05-16 01:00:00,0,0.4159599286489089,0.5840400713510912,Hold,56.04506,56.190678,55.99045,56.145172,292
2025-05-16 02:00:00,0,0.4355031825697157,0.5644968174302842,Hold,56.12697,56.254387,56.07236,56.13607,238
2025-05-16 03:00:00,0,0.4133871956719692,0.5866128043280308,Hold,56.108765,56.21798,56.017754,56.163372,252
2025-05-16 04:00:00,0,0.4471382829889316,0.5528617170110683,Hold,56.172474,56.736748,56.154274,56.3727,1354
2025-05-16 05:00:00,0,0.401752197815005,0.5982478021849951,Hold,56.3727,56.390903,56.06326,56.090565,524
2025-05-16 06:00:00,0,0.3885330498235421,0.6114669501764579,Hold,56.07236,56.07236,55.74472,55.881237,869
2025-05-16 07:00:00,0,0.42162962875351545,0.5783703712464845,Hold,55.853935,56.172474,55.853935,56.145172,951
2025-05-16 08:00:00,0,0.3777843561197714,0.6222156438802287,Hold,56.154274,56.19978,55.772022,55.872135,1342
2025-05-16 09:00:00,0,0.403472150993867,0.596527849006133,Hold,55.844833,56.208878,55.790226,56.035957,1547
2025-05-16 10:00:00,0,0.42640454658111426,0.5735954534188857,Hold,56.035957,56.409103,55.944946,56.390903,1569
2025-05-16 11:00:00,0,0.40489607235725156,0.5951039276427484,Hold,56.390903,56.409103,56.172474,56.236183,788
2025-05-16 12:00:00,0,0.44915249644958744,0.5508475035504126,Hold,56.22708,56.491016,56.07236,56.427307,2005
2025-05-16 13:00:00,0,0.42394481068147444,0.5760551893185255,Hold,56.44551,56.563824,56.272587,56.363598,2321
2025-05-16 14:00:00,0,0.44686359292275163,0.5531364070772484,Hold,56.345398,56.545624,56.13607,56.51832,3501
2025-05-16 15:00:00,0,0.44021000106946717,0.5597899989305328,Hold,56.51832,56.973377,56.481915,56.936974,3385
2025-05-16 16:00:00,0,0.4051192476473192,0.5948807523526808,Hold,56.92787,57.07349,56.80956,56.891468,3193
2025-05-16 17:00:00,0,0.394707980751816,0.605292019248184,Hold,56.882366,57.009785,56.76405,56.973377,1604
2025-05-16 18:00:00,0,0.42021971846762957,0.5797802815323705,Hold,56.98248,57.027985,56.800457,56.936974,2376
2025-05-16 19:00:00,0,0.40454579516937544,0.5954542048306246,Hold,56.92787,56.936974,56.68214,56.74585,938
2025-05-16 20:00:00,0,0.4426841533364973,0.5573158466635026,Hold,56.74585,56.873264,56.709446,56.873264,392
2025-05-18 22:00:00,0,0.4430565806813314,0.5569434193186686,Hold,56.873264,57.295364,56.175884,56.9742,4589
2025-05-18 23:00:00,0,0.4483402955830778,0.5516597044169222,Hold,56.965027,57.00173,56.781506,56.95585,1168
2025-05-19 00:00:00,0,0.40660346526065,0.59339653473935,Hold,56.965027,56.9742,56.809032,56.86409,1470
2025-05-19 01:00:00,0,0.42350706594406645,0.5764929340559335,Hold,56.86409,56.919147,56.63469,56.67139,1784
2025-05-19 02:00:00,0,0.4152760611560891,0.5847239388439109,Hold,56.67139,56.81821,56.643864,56.726448,897
2025-05-19 03:00:00,0,0.45374376480421114,0.5462562351957889,Hold,56.726448,56.735626,56.588806,56.62551,1266
2025-05-19 04:00:00,0,0.47854896492644844,0.5214510350735515,Hold,56.62551,56.717274,56.533752,56.56128,1603
2025-05-19 05:00:00,0,0.5185828561963596,0.4814171438036404,Sell,56.56128,56.616337,56.5154,56.542927,867
2025-05-19 06:00:00,0,0.4320307889371585,0.5679692110628415,Hold,56.552105,56.552105,56.33188,56.36858,1828
2025-05-19 07:00:00,0,0.45946755052859883,0.5405324494714012,Hold,56.36858,56.643864,56.285995,56.552105,4004
2025-05-19 08:00:00,0,0.3779646812617566,0.6220353187382435,Hold,56.570454,56.62551,56.35023,56.460342,4233
2025-05-19 09:00:00,0,0.40810090844696273,0.5918990915530373,Hold,56.469517,56.662216,56.3227,56.341053,3401
2025-05-19 10:00:00,0,0.4223720956675448,0.5776279043324553,Hold,56.33188,56.359406,55.964836,56.074947,6574
2025-05-19 11:00:00,0,0.38244540984037684,0.6175545901596231,Hold,56.074947,56.386932,56.065773,56.33188,4164
2025-05-19 12:00:00,0,0.4242700132807116,0.5757299867192884,Hold,56.341053,56.79068,56.313526,56.763153,8392
2025-05-19 13:00:00,0,0.39641467828349614,0.6035853217165039,Hold,56.772327,56.900795,56.423637,56.653038,14391
2025-05-19 14:00:00,0,0.4319435560989367,0.5680564439010634,Hold,56.643864,56.965027,56.588806,56.662216,12101
2025-05-19 15:00:00,0,0.4284527348557247,0.5715472651442752,Hold,56.67139,57.359596,56.653038,57.35042,16191
2025-05-19 16:00:00,0,0.3951717519564342,0.6048282480435658,Hold,57.35042,57.533943,56.92832,57.130196,27781
2025-05-19 17:00:00,0,0.45788747416124576,0.5421125258387542,Hold,57.130196,57.14855,56.50622,56.653038,19550
2025-05-19 18:00:00,0,0.49828315165791376,0.5017168483420862,Hold,56.653038,57.14855,56.62551,56.781506,17191
2025-05-19 19:00:00,0,0.40084972918171236,0.5991502708182876,Hold,56.781506,57.02926,56.717274,57.020084,3033
2025-05-19 20:00:00,0,0.4055894292330347,0.5944105707669654,Hold,57.010906,57.056786,56.965027,57.02926,1762
2025-05-19 22:00:00,0,0.40984431033684393,0.5901556896631561,Hold,57.02926,57.075138,56.95585,57.056786,369
2025-05-19 23:00:00,0,0.3935522920384372,0.6064477079615628,Hold,57.056786,57.111843,57.038433,57.084316,329
2025-05-20 00:00:00,0,0.4199174094454964,0.5800825905545036,Hold,57.09349,57.194427,57.04761,57.056786,1452
2025-05-20 01:00:00,0,0.4443894470486043,0.5556105529513957,Hold,57.056786,57.111843,56.92832,57.065964,1862
2025-05-20 02:00:00,0,0.46935868531779906,0.5306413146822009,Hold,57.075138,57.130196,56.90997,57.00173,992
2025-05-20 03:00:00,0,0.4800828734855186,0.5199171265144814,Hold,57.00173,57.075138,56.946674,57.038433,764
2025-05-20 04:00:00,0,0.47987615337992334,0.5201238466200766,Hold,57.038433,57.04761,56.827385,56.83656,1218
2025-05-20 05:00:00,0,0.5134901459332522,0.48650985406674785,Sell,56.83656,56.937496,56.79986,56.83656,1070
2025-05-20 06:00:00,0,0.46884194900878146,0.5311580509912186,Hold,56.83656,57.09349,56.7448,57.075138,2542
2025-05-20 07:00:00,0,0.46021495856386707,0.5397850414361329,Hold,57.065964,57.084316,56.524574,56.57963,4829
2025-05-20 08:00:00,0,0.49086992785759387,0.5091300721424061,Hold,56.570454,57.46971,56.570454,56.946674,13990
2025-05-20 09:00:00,0,0.5085147253760801,0.4914852746239199,Sell,56.95585,57.084316,56.7448,56.900795,4019
2025-05-20 10:00:00,0,0.4977582394701069,0.5022417605298931,Hold,56.90997,57.010906,56.827385,56.900795,2776
2025-05-20 11:00:00,0,0.5198349395492432,0.4801650604507568,Sell,56.891617,56.992554,56.67139,56.735626,4300
2025-05-20 12:00:00,0,0.5769165031094036,0.42308349689059643,Sell,56.735626,56.92832,56.726448,56.891617,5845
2025-05-20 13:00:00,0,0.5282665687969385,0.47173343120306155,Sell,56.891617,57.157722,56.469517,56.57963,20570
2025-05-20 14:00:00,0,0.5206563930388854,0.47934360696111455,Sell,56.588806,56.809032,56.478695,56.67139,13351
2025-05-20 15:00:00,0,0.507776796828818,0.49222320317118196,Sell,56.67139,56.781506,56.414463,56.60716,12194
2025-05-20 16:00:00,0,0.45710017891351684,0.5428998210864832,Hold,56.597984,57.21278,56.524574,57.1669,13636
2025-05-20 17:00:00,0,0.44903204045668305,0.550967959543317,Hold,57.157722,57.28619,56.891617,56.92832,10472
2025-05-20 18:00:00,0,0.43084708404250754,0.5691529159574924,Hold,56.92832,57.13937,56.81821,57.130196,17105
2025-05-20 19:00:00,0,0.41370933024452033,0.5862906697554797,Hold,57.130196,57.21278,57.10267,57.185253,3187
2025-05-20 20:00:00,0,0.4009619093766795,0.5990380906233205,Hold,57.185253,57.221954,57.02926,57.121017,2184
2025-05-20 22:00:00,1,0.4116532726073466,0.5883467273926535,Hold,57.13937,58.901176,57.075138,58.25885,16956
2025-05-20 23:00:00,1,0.4119773751408494,0.5880226248591506,Hold,58.25885,58.37814,57.77252,57.8184,3492
2025-05-21 00:00:00,1,0.45375891573201055,0.5462410842679895,Hold,57.809223,57.900986,57.662407,57.74499,8354
2025-05-21 01:00:00,1,0.42323103549012314,0.5767689645098768,Hold,57.735817,58.038628,57.57065,57.882633,4407
2025-05-21 02:00:00,1,0.44639845009573975,0.5536015499042602,Hold,57.891808,58.02945,57.72664,57.836754,2112
2025-05-21 03:00:00,1,0.39675002883320504,0.6032499711667949,Hold,57.827576,57.873455,57.763344,57.8184,1339
2025-05-21 04:00:00,1,0.4390277427549311,0.5609722572450688,Hold,57.8184,58.07533,57.809223,57.91016,2218
2025-05-21 05:00:00,1,0.4239581561483119,0.5760418438516881,Hold,57.91016,57.974392,57.77252,57.8184,2132
2025-05-21 06:00:00,1,0.4015448871895079,0.598455112810492,Hold,57.827576,57.827576,57.506413,57.6257,3456
2025-05-21 07:00:00,1,0.409325595925781,0.590674404074219,Hold,57.63488,57.781696,57.478886,57.735817,3689
2025-05-21 08:00:00,1,0.41748776956190076,0.5825122304380992,Hold,57.735817,57.84593,57.616528,57.644054,4516
2025-05-21 09:00:00,1,0.42319237950019817,0.5768076204998018,Hold,57.653233,57.928513,57.56147,57.671585,4815
2025-05-21 10:00:00,0,0.4052610289636512,0.5947389710363489,Hold,57.671585,57.735817,57.359596,57.3963,4351
2025-05-21 11:00:00,0,0.40831915563267696,0.591680844367323,Hold,57.405476,57.478886,57.295364,57.44218,4325
2025-05-21 12:00:00,1,0.3993439288912098,0.6006560711087903,Hold,57.44218,57.827576,57.42383,57.644054,8253
2025-05-21 13:00:00,1,0.42968628912801016,0.5703137108719898,Hold,57.653233,57.689934,57.267838,57.359596,11615
2025-05-21 14:00:00,1,0.48732541445763927,0.5126745855423607,Hold,57.368774,57.433006,56.81821,56.845737,22961
2025-05-21 15:00:00,0,0.4391851763205077,0.5608148236794923,Hold,56.83656,56.992554,56.552105,56.67139,17471
2025-05-21 16:00:00,0,0.4008110558488587,0.5991889441511413,Hold,56.662216,56.882442,56.23094,56.845737,17279
2025-05-21 17:00:00,0,0.384769880292279,0.615230119707721,Hold,56.83656,56.992554,56.359406,56.56128,13068
2025-05-21 18:00:00,0,0.34395418889377105,0.656045811106229,Hold,56.56128,56.57963,56.35023,56.451168,15253
2025-05-21 19:00:00,0,0.3550684750489661,0.6449315249510339,Hold,56.451168,56.533752,56.249294,56.267647,4848
2025-05-21 20:00:00,0,0.3388544229395616,0.6611455770604384,Hold,56.285995,56.33188,56.240116,56.285995,2014
2025-05-21 22:00:00,0,0.31443828573457944,0.6855617142654206,Hold,56.27682,56.285995,56.148357,56.23094,1331
2025-05-21 23:00:00,0,0.3319222753345112,0.6680777246654888,Hold,56.23094,56.341053,56.221764,56.285995,605
2025-05-22 00:00:00,0,0.3655971647746976,0.6344028352253024,Hold,56.295174,56.341053,56.148357,56.20341,2178
2025-05-22 01:00:00,0,0.4188371349729245,0.5811628650270755,Hold,56.20341,56.33188,56.102474,56.313526,1937
2025-05-22 02:00:00,1,0.4373924351511605,0.5626075648488396,Hold,56.3227,56.478695,56.313526,56.44199,1690
2025-05-22 03:00:00,1,0.44183754267169084,0.5581624573283092,Hold,56.451168,56.56128,56.423637,56.478695,1525
2025-05-22 04:00:00,1,0.44475477437335387,0.5552452256266461,Hold,56.469517,56.597984,56.469517,56.57963,936
2025-05-22 05:00:00,1,0.44263755321151743,0.5573624467884826,Hold,56.570454,56.653038,56.552105,56.653038,1384
2025-05-22 06:00:00,0,0.4300128713318785,0.5699871286681215,Hold,56.662216,56.662216,55.50603,55.57944,11793
2025-05-22 07:00:00,0,0.4299863599096374,0.5700136400903626,Hold,55.57944,55.97401,55.39592,55.946484,9243
2025-05-22 08:00:00,0,0.4359538279336447,0.5640461720663553,Hold,55.946484,56.120827,55.799667,55.818016,7437
2025-05-22 09:00:00,0,0.45676032573310543,0.5432396742668946,Hold,55.818016,55.918953,55.606968,55.680378,5491
2025-05-22 10:00:00,0,0.46764311674261144,0.5323568832573886,Hold,55.680378,55.74461,55.313335,55.32251,7736
2025-05-22 11:00:00,0,0.5021224396939089,0.4978775603060911,Sell,55.32251,55.680378,55.285805,55.478504,6387
2025-05-22 12:00:00,0,0.5031993677854127,0.49680063221458726,Sell,55.48768,55.73543,55.469326,55.524384,9074
2025-05-22 13:00:00,0,0.4511362033572622,0.5488637966427379,Hold,55.524384,55.9006,55.496857,55.56109,17536
2025-05-22 14:00:00,0,0.519442001351963,0.48055799864803705,Sell,55.570263,56.0933,55.405094,55.827194,18884
2025-05-22 15:00:00,0,0.45858554877279945,0.5414144512272006,Hold,55.827194,56.111652,55.616146,55.6712,11937
2025-05-22 16:00:00,0,0.404092754667585,0.595907245332415,Hold,55.662025,56.20341,55.662025,56.15753,10661
2025-05-22 17:00:00,0,0.37026623420082444,0.6297337657991755,Hold,56.15753,56.21259,55.90978,56.102474,8605
2025-05-22 18:00:00,0,0.3699883568926154,0.6300116431073846,Hold,56.102474,56.221764,55.992363,56.13918,11379
2025-05-22 19:00:00,0,0.35668111054362617,0.6433188894563738,Hold,56.148357,56.240116,55.845547,55.873074,4662
2025-05-22 20:00:00,0,0.410921788605076,0.589078211394924,Hold,55.873074,55.891426,55.71708,55.799667,2760
2025-05-22 22:00:00,0,0.4768929683759761,0.5231070316240238,Hold,55.799667,55.891426,55.74461,55.762962,551
2025-05-22 23:00:00,0,0.4898972104140183,0.5101027895859818,Hold,55.762962,55.781315,55.71708,55.781315,418
2025-05-23 00:00:00,0,0.5450768733754661,0.45492312662453394,Sell,55.772137,55.891426,55.726257,55.873074,1445
2025-05-23 01:00:00,0,0.5567455153052788,0.4432544846947212,Sell,55.85472,55.937305,55.772137,55.80884,1098
2025-05-23 02:00:00,0,0.5459407178378609,0.4540592821621391,Sell,55.80884,55.83637,55.662025,55.69873,1263
2025-05-23 03:00:00,0,0.5802428063108248,0.4197571936891752,Sell,55.707905,55.85472,55.707905,55.772137,815
2025-05-23 04:00:00,0,0.5776037100025693,0.42239628999743073,Sell,55.772137,55.9006,55.73543,55.762962,1194
2025-05-23 05:00:00,0,0.5941555960180677,0.40584440398193233,Sell,55.762962,55.918953,55.71708,55.818016,1080
2025-05-23 06:00:00,0,0.5709404874586235,0.42905951254137653,Sell,55.818016,55.873074,55.643673,55.662025,2383
2025-05-23 07:00:00,0,0.5370939889935695,0.4629060110064305,Sell,55.6712,55.845547,55.56109,55.74461,4222
2025-05-23 08:00:00,0,0.533597562187912,0.466402437812088,Sell,55.74461,55.8639,55.662025,55.74461,4860
2025-05-23 09:00:00,0,0.49349998917382726,0.5065000108261728,Hold,55.73543,56.148357,55.726257,56.130005,4862
2025-05-23 10:00:00,1,0.5115776741477069,0.48842232585229306,Sell,56.130005,56.267647,56.04742,56.25847,3787
2025-05-23 11:00:00,0,0.5695359905449835,0.4304640094550165,Sell,56.249294,56.341053,55.2491,55.46015,15806
2025-05-23 12:00:00,0,0.5200000795552238,0.47999992044477624,Sell,55.469326,55.707905,55.074757,55.46015,17713
2025-05-23 13:00:00,0,0.3924140770889409,0.6075859229110592,Hold,55.46015,56.16671,55.294983,56.111652,23217
2025-05-23 14:00:00,0,0.4347503776176157,0.5652496223823843,Hold,56.102474,56.781506,56.102474,56.39611,25078
2025-05-23 15:00:00,0,0.4252423932124817,0.5747576067875183,Hold,56.39611,56.735626,56.285995,56.542927,15957
2025-05-23 16:00:00,0,0.39240622080145643,0.6075937791985435,Hold,56.533752,56.62551,56.20341,56.33188,12139
2025-05-23 17:00:00,0,0.3929130283394456,0.6070869716605545,Hold,56.3227,56.62551,56.285995,56.469517,8088
2025-05-23 18:00:00,0,0.3953715986794059,0.604628401320594,Hold,56.478695,56.62551,56.35023,56.60716,12152
2025-05-23 19:00:00,0,0.3783334356232676,0.6216665643767324,Hold,56.597984,56.68057,56.48787,56.552105,2900
2025-05-23 20:00:00,0,0.4464245857759356,0.5535754142240644,Hold,56.542927,56.68057,56.469517,56.67139,2086
2025-05-25 22:00:00,0,0.46185156050753173,0.5381484394924683,Hold,56.616337,56.95585,56.50622,56.86409,2566
2025-05-25 23:00:00,0,0.4597347608007596,0.5402652391992404,Hold,56.85491,57.020084,56.81821,56.81821,1181
2025-05-26 00:00:00,0,0.49082453369562196,0.509175466304378,Hold,56.81821,56.90997,56.662216,56.67139,1477
2025-05-26 01:00:00,0,0.49592458427722946,0.5040754157227705,Hold,56.662216,56.753975,56.50622,56.63469,1959
2025-05-26 02:00:00,0,0.45371571677220646,0.5462842832277935,Hold,56.62551,56.662216,56.44199,56.469517,1033
2025-05-26 03:00:00,0,0.4668130674512305,0.5331869325487695,Hold,56.460342,56.67139,56.451168,56.597984,771
2025-05-26 04:00:00,1,0.4920775061522671,0.5079224938477329,Hold,56.597984,56.708096,56.597984,56.67139,560
2025-05-26 05:00:00,1,0.47352532047777035,0.5264746795222297,Hold,56.67139,56.726448,56.616337,56.67139,1017
2025-05-26 06:00:00,1,0.4795862507205551,0.520413749279445,Hold,56.653038,56.67139,56.542927,56.643864,1101
2025-05-26 07:00:00,1,0.5149053558727783,0.4850946441272217,Sell,56.643864,56.753975,56.478695,56.726448,2533
2025-05-26 08:00:00,1,0.5160726742405696,0.4839273257594304,Sell,56.726448,56.919147,56.643864,56.735626,3194
2025-05-26 09:00:00,1,0.4993817478284587,0.5006182521715413,Hold,56.7448,56.827385,56.460342,56.5154,2304
2025-05-26 10:00:00,0,0.4381207340919308,0.5618792659080691,Hold,56.50622,56.524574,56.249294,56.25847,2478
2025-05-26 11:00:00,0,0.4256279322373177,0.5743720677626822,Hold,56.25847,56.39611,56.249294,56.377758,2188
2025-05-26 12:00:00,0,0.4529739539532912,0.5470260460467088,Hold,56.36858,56.524574,56.33188,56.414463,2072
2025-05-26 13:00:00,0,0.43570409289079887,0.5642959071092011,Hold,56.414463,56.469517,56.221764,56.23094,3892
2025-05-26 14:00:00,0,0.5121290262080109,0.48787097379198907,Sell,56.240116,56.341053,56.194237,56.267647,2593
2025-05-26 15:00:00,1,0.49480335574732187,0.5051966442526781,Hold,56.27682,56.570454,56.27682,56.552105,2968
2025-05-26 16:00:00,0,0.48714973650078797,0.512850263499212,Hold,56.56128,56.56128,56.386932,56.423637,1464
2025-05-26 17:00:00,0,0.49928651955381914,0.5007134804461808,Hold,56.423637,56.50622,56.386932,56.469517,698
2025-05-26 18:00:00,0,0.4242327153670105,0.5757672846329895,Hold,56.469517,56.50622,56.44199,56.460342,231
2025-05-26 22:00:00,0,0.453114176196579,0.546885823803421,Hold,56.469517,56.524574,56.341053,56.39611,543
2025-05-26 23:00:00,0,0.42959952854191097,0.570400471458089,Hold,56.386932,56.423637,56.359406,56.414463,192
2025-05-27 00:00:00,1,0.45164329479862725,0.5483567052013727,Hold,56.414463,56.62551,56.304348,56.62551,1798
2025-05-27 01:00:00,0,0.4581992670076289,0.5418007329923711,Hold,56.616337,56.653038,56.249294,56.313526,2223
2025-05-27 02:00:00,0,0.4962808923112175,0.5037191076887825,Hold,56.304348,56.313526,56.16671,56.295174,1600
2025-05-27 03:00:00,0,0.5181518400048535,0.4818481599951465,Sell,56.304348,56.33188,56.20341,56.27682,725
2025-05-27 04:00:00,0,0.4986806525179223,0.5013193474820776,Hold,56.27682,56.313526,56.194237,56.194237,667
2025-05-27 05:00:00,0,0.5331412090951483,0.4668587909048517,Sell,56.194237,56.3227,56.04742,56.249294,2429
2025-05-27 06:00:00,0,0.49349571687105603,0.5065042831289439,Hold,56.267647,56.616337,56.249294,56.469517,2709
2025-05-27 07:00:00,0,0.5363537366129603,0.46364626338703974,Sell,56.478695,56.478695,56.148357,56.175884,3883
2025-05-27 08:00:00,0,0.49081490866334926,0.5091850913366507,Hold,56.175884,56.570454,56.175884,56.524574,5296
2025-05-27 09:00:00,1,0.523169085635205,0.47683091436479497,Sell,56.524574,56.79068,56.50622,56.57963,5170
2025-05-27 10:00:00,0,0.5488825906531113,0.4511174093468887,Sell,56.570454,56.643864,56.3227,56.3227,2964
2025-05-27 11:00:00,0,0.5396668662240045,0.4603331337759955,Sell,56.3227,56.423637,56.130005,56.148357,4711
2025-05-27 12:00:00,0,0.5365968909231484,0.46340310907685156,Sell,56.13918,56.5154,55.97401,56.249294,18602
2025-05-27 13:00:00,0,0.525224187038749,0.47477581296125104,Sell,56.240116,56.341053,55.79049,56.084126,19235
2025-05-27 14:00:00,0,0.4545802278106171,0.545419772189383,Hold,56.0933,56.130005,55.478504,55.542736,17781
2025-05-27 15:00:00,0,0.43189553391702173,0.5681044660829783,Hold,55.55191,55.689552,55.294983,55.469326,17678
2025-05-27 16:00:00,0,0.47341635857556463,0.5265836414244354,Hold,55.469326,55.845547,55.469326,55.726257,10305
2025-05-27 17:00:00,0,0.4721414913277563,0.5278585086722437,Hold,55.726257,55.753784,55.533558,55.69873,7993
2025-05-27 18:00:00,0,0.4950652478922551,0.504934752107745,Hold,55.69873,55.946484,55.69873,55.90978,13617
2025-05-27 19:00:00,0,0.46789735431267404,0.5321026456873259,Hold,55.90978,55.964836,55.891426,55.964836,2702
2025-05-27 20:00:00,0,0.45291675416428046,0.5470832458357195,Hold,55.964836,56.111652,55.964836,56.038242,2047
2025-05-27 22:00:00,0,0.46316253176138755,0.5368374682386124,Hold,56.010715,56.130005,56.010715,56.102474,609
2025-05-27 23:00:00,0,0.4373992501960892,0.5626007498039107,Hold,56.111652,56.20341,56.074947,56.175884,599
2025-05-28 00:00:00,0,0.44285916537793507,0.557140834622065,Hold,56.175884,56.36858,56.148357,56.304348,2318
2025-05-28 01:00:00,0,0.4932350889885657,0.5067649110114343,Hold,56.295174,56.359406,56.120827,56.148357,2004
2025-05-28 02:00:00,0,0.47848849102295765,0.5215115089770423,Hold,56.13918,56.267647,56.111652,56.25847,924
2025-05-28 03:00:00,0,0.5133655344050113,0.4866344655949887,Sell,56.249294,56.267647,56.065773,56.111652,1686
2025-05-28 04:00:00,0,0.5013891096413091,0.4986108903586909,Sell,56.111652,56.21259,56.111652,56.13918,1176
2025-05-28 05:00:00,0,0.5171202496658317,0.4828797503341683,Sell,56.13918,56.221764,56.074947,56.084126,1184
2025-05-28 06:00:00,0,0.6011479916233677,0.39885200837663226,Sell,56.0933,56.102474,55.83637,55.918953,2448
2025-05-28 07:00:00,0,0.5309141327773269,0.4690858672226731,Sell,55.92813,56.33188,55.92813,56.295174,4656
2025-05-28 08:00:00,0,0.6007832486212475,0.39921675137875245,Sell,56.295174,56.3227,55.891426,56.001537,5407
2025-05-28 09:00:00,0,0.5207735891818382,0.47922641081816175,Sell,55.992363,56.36858,55.946484,56.27682,3798
2025-05-28 10:00:00,0,0.47727971816123527,0.5227202818387647,Hold,56.27682,56.533752,56.240116,56.423637,4544
2025-05-28 11:00:00,0,0.41522261984794057,0.5847773801520595,Hold,56.432816,56.478695,56.285995,56.359406,4628
2025-05-28 12:00:00,0,0.473199284693587,0.5268007153064129,Hold,56.35023,56.689743,56.3227,56.689743,8157
2025-05-28 13:00:00,0,0.48154734955741946,0.5184526504425806,Hold,56.69892,56.95585,56.62551,56.708096,22060
2025-05-28 14:00:00,0,0.42837761792790274,0.5716223820720973,Hold,56.708096,56.845737,56.524574,56.588806,12559
2025-05-28 15:00:00,0,0.5085342973486022,0.4914657026513978,Sell,56.588806,57.387127,56.56128,57.194427,25189
2025-05-28 16:00:00,0,0.44914805364685856,0.5508519463531414,Hold,57.203606,57.240307,56.763153,57.084316,19079
2025-05-28 17:00:00,0,0.4112503711491819,0.588749628850818,Hold,57.084316,57.130196,56.7448,56.86409,9945
2025-05-28 18:00:00,0,0.4595776144994332,0.5404223855005668,Hold,56.86409,56.98338,56.469517,56.5154,15920
2025-05-28 19:00:00,0,0.4101208378447007,0.5898791621552992,Hold,56.50622,56.524574,56.423637,56.497047,4009
2025-05-28 20:00:00,0,0.44271781703065566,0.5572821829693444,Hold,56.50622,56.809032,56.469517,56.763153,4498
2025-05-28 22:00:00,0,0.45304453201338624,0.5469554679866138,Hold,56.735626,56.937496,56.67139,56.92832,850
2025-05-28 23:00:00,0,0.4676771037260302,0.5323228962739698,Hold,56.90997,57.35042,56.900795,57.121017,3837
2025-05-29 00:00:00,0,0.48188099229257714,0.5181190077074229,Hold,57.111843,57.414654,57.02926,57.405476,3961
2025-05-29 01:00:00,0,0.43121537156408146,0.5687846284359186,Hold,57.405476,57.552296,57.28619,57.49724,3879
2025-05-29 02:00:00,0,0.446407764470967,0.553592235529033,Hold,57.506413,57.543118,57.433006,57.524765,1552
2025-05-29 03:00:00,0,0.5318748384592493,0.4681251615407507,Sell,57.524765,57.552296,57.414654,57.49724,1303
2025-05-29 04:00:00,1,0.5255804398713055,0.47441956012869446,Sell,57.488064,57.60735,57.42383,57.588997,1174
2025-05-29 05:00:00,1,0.5477741504754801,0.45222584952451994,Sell,57.598175,57.75417,57.56147,57.74499,2749
2025-05-29 06:00:00,1,0.5176807269949487,0.4823192730050513,Sell,57.74499,57.8184,57.579823,57.75417,2573
2025-05-29 07:00:00,1,0.5104893454420804,0.48951065455791964,Sell,57.75417,57.873455,57.6257,57.836754,4898
2025-05-29 08:00:00,1,0.49957222016746594,0.5004277798325341,Hold,57.827576,57.855106,57.32289,57.405476,6915
2025-05-29 09:00:00,1,0.5225746029321018,0.4774253970678982,Sell,57.414654,57.616528,57.368774,57.598175,5285
2025-05-29 10:00:00,1,0.4749751683041607,0.5250248316958392,Hold,57.60735,57.60735,56.79986,56.882442,7648
2025-05-29 11:00:00,1,0.4475767370399723,0.5524232629600276,Hold,56.891617,57.111843,56.873264,56.92832,5407
2025-05-29 12:00:00,1,0.43421761490675026,0.5657823850932497,Hold,56.919147,57.010906,56.460342,56.56128,13879
2025-05-29 13:00:00,0,0.45634781033229815,0.5436521896677018,Hold,56.552105,56.68057,55.937305,55.98319,22683
2025-05-29 14:00:00,0,0.3878481809374804,0.6121518190625196,Hold,55.97401,56.21259,55.56109,56.102474,25686
2025-05-29 15:00:00,0,0.3434456708787907,0.6565543291212093,Hold,56.102474,56.194237,55.88225,56.074947,17965
2025-05-29 16:00:00,0,0.3415986734402594,0.6584013265597406,Hold,56.074947,56.249294,55.9006,55.937305,12140
2025-05-29 17:00:00,0,0.3698048577953303,0.6301951422046697,Hold,55.937305,56.038242,55.818016,55.83637,7753
2025-05-29 18:00:00,0,0.3778726198454836,0.6221273801545164,Hold,55.845547,55.98319,55.79049,55.90978,12951
2025-05-29 19:00:00,0,0.4018787317971893,0.5981212682028108,Hold,55.918953,55.964836,55.83637,55.88225,3486
2025-05-29 20:00:00,0,0.4143629858575106,0.5856370141424894,Hold,55.891426,55.946484,55.85472,55.9006,1602
2025-05-29 22:00:00,0,0.3679444420772539,0.632055557922746,Hold,55.918953,55.937305,55.83637,55.873074,1094
2025-05-29 23:00:00,0,0.3690209788265667,0.6309790211734333,Hold,55.8639,55.891426,55.80884,55.827194,494
2025-05-30 00:00:00,0,0.383370352464827,0.616629647535173,Hold,55.83637,55.946484,55.69873,55.772137,1584
2025-05-30 01:00:00,0,0.37388183864022223,0.6261181613597777,Hold,55.772137,55.781315,55.51521,55.726257,2723
2025-05-30 02:00:00,0,0.4152896660332351,0.584710333966765,Hold,55.71708,55.753784,55.570263,55.69873,1640
2025-05-30 03:00:00,0,0.40118037234365556,0.5988196276563444,Hold,55.689552,55.69873,55.57944,55.662025,1138
2025-05-30 04:00:00,0,0.4193752793867861,0.5806247206132139,Hold,55.662025,55.71708,55.616146,55.707905,656
2025-05-30 05:00:00,0,0.4146254828473965,0.5853745171526035,Hold,55.69873,55.799667,55.69873,55.772137,1024
2025-05-30 06:00:00,0,0.3961937387622044,0.6038062612377957,Hold,55.762962,55.772137,55.588615,55.680378,2108
2025-05-30 07:00:00,0,0.48252119923498343,0.5174788007650166,Hold,55.680378,56.120827,55.588615,56.029068,4929
2025-05-30 08:00:00,0,0.501343597586991,0.498656402413009,Sell,56.038242,56.25847,55.992363,56.240116,5510
2025-05-30 09:00:00,0,0.46347761270576193,0.5365223872942381,Hold,56.23094,56.377758,56.18506,56.249294,4742
2025-05-30 10:00:00,1,0.4634921345849201,0.5365078654150799,Hold,56.249294,56.469517,56.240116,56.451168,3949
2025-05-30 11:00:00,0,0.4769873451166448,0.5230126548833551,Hold,56.460342,56.63469,55.73543,55.937305,13182
2025-05-30 12:00:00,0,0.41507094118886767,0.5849290588111323,Hold,55.937305,56.010715,55.03805,55.285805,30427
2025-05-30 13:00:00,0,0.43721513737213547,0.5627848626278645,Hold,55.285805,55.946484,55.2124,55.32251,26872
2025-05-30 14:00:00,0,0.4242126063982084,0.5757873936017917,Hold,55.331688,55.772137,55.2491,55.616146,18603
2025-05-30 15:00:00,0,0.44121192760869926,0.5587880723913008,Hold,55.616146,55.85472,55.15734,55.267452,18696
2025-05-30 16:00:00,0,0.4070509153517015,0.5929490846482985,Hold,55.27663,55.4418,54.817825,55.313335,17677
2025-05-30 17:00:00,0,0.41471043285694786,0.5852895671430521,Hold,55.304157,55.799667,55.27663,55.588615,19860
2025-05-30 18:00:00,0,0.3886672801104436,0.6113327198895564,Hold,55.57944,55.946484,55.57944,55.73543,16746
2025-05-30 19:00:00,0,0.3580695595361485,0.6419304404638515,Hold,55.71708,55.88225,55.616146,55.827194,4898
2025-05-30 20:00:00,0,0.3623704783037138,0.6376295216962862,Hold,55.827194,55.90978,55.71708,55.781315,2438
2025-06-01 22:00:00,0,0.4713765255696897,0.5286234744303103,Hold,56.074947,57.176075,56.029068,56.81821,9273
2025-06-01 23:00:00,0,0.48533832296149976,0.5146616770385002,Hold,56.81821,56.95585,56.735626,56.90997,2015
2025-06-02 00:00:00,0,0.5262744717643894,0.47372552823561065,Sell,56.919147,57.111843,56.85491,57.09349,3378
2025-06-02 01:00:00,0,0.5556067113775275,0.4443932886224725,Sell,57.084316,57.359596,57.020084,57.221954,4093
2025-06-02 02:00:00,0,0.5664845833125207,0.4335154166874793,Sell,57.221954,57.524765,57.221954,57.49724,3521
2025-06-02 03:00:00,0,0.5736915348635968,0.4263084651364032,Sell,57.506413,57.533943,57.1669,57.28619,4924
2025-06-02 04:00:00,0,0.5486442467955506,0.45135575320444943,Sell,57.28619,57.46971,57.25866,57.295364,2296
2025-06-02 05:00:00,0,0.5853659507722342,0.4146340492277658,Sell,57.295364,57.3963,57.28619,57.341244,1725
2025-06-02 06:00:00,0,0.5856151207334207,0.4143848792665793,Sell,57.35042,57.45136,57.1669,57.368774,3388
2025-06-02 07:00:00,0,0.577576225764859,0.422423774235141,Sell,57.359596,57.506413,57.13937,57.30454,8017
2025-06-02 08:00:00,0,0.57461554778491,0.42538445221509,Sell,57.30454,57.75417,57.295364,57.689934,9441
2025-06-02 09:00:00,0,0.5881945473259288,0.4118054526740712,Sell,57.68076,57.900986,57.46971,57.891808,7489
2025-06-02 10:00:00,0,0.6232973817449485,0.37670261825505147,Sell,57.900986,58.176266,57.717464,58.16709,10961
2025-06-02 11:00:00,0,0.5755801889130088,0.4244198110869912,Sell,58.157913,58.203796,58.020275,58.121212,8921
2025-06-02 12:00:00,0,0.5957389666586052,0.40426103334139485,Sell,58.130386,58.524956,58.121212,58.33226,18801
2025-06-02 13:00:00,0,0.5370881979248514,0.4629118020751486,Sell,58.33226,58.61672,57.46971,57.49724,38833
2025-06-02 14:00:00,0,0.544570596458088,0.45542940354191197,Sell,57.488064,57.781696,57.32289,57.644054,22399
2025-06-02 15:00:00,0,0.48552264506650084,0.5144773549334991,Hold,57.653233,57.827576,57.313717,57.708286,16380
2025-06-02 16:00:00,0,0.4828451344336922,0.5171548655663079,Hold,57.708286,58.020275,57.588997,57.928513,11142
2025-06-02 17:00:00,0,0.3952434268798252,0.6047565731201747,Hold,57.928513,57.946865,57.579823,57.75417,10050
2025-06-02 18:00:00,0,0.4316659099899301,0.56833409001007,Hold,57.763344,57.809223,57.065964,57.653233,33018
2025-06-02 19:00:00,0,0.42215639028992386,0.5778436097100761,Hold,57.653233,57.836754,57.653233,57.8184,3712
2025-06-02 20:00:00,0,0.4174085793530289,0.5825914206469711,Hold,57.8184,57.974392,57.80005,57.84593,3022
2025-06-02 22:00:00,0,0.4177959921574957,0.5822040078425044,Hold,57.827576,58.020275,57.77252,57.900986,1477
2025-06-02 23:00:00,0,0.3784104006578973,0.6215895993421028,Hold,57.891808,57.93769,57.836754,57.891808,693
2025-06-03 00:00:00,0,0.4394192991479764,0.5605807008520236,Hold,57.891808,57.98357,57.72664,57.735817,1474
2025-06-03 01:00:00,0,0.42514088693120905,0.574859113068791,Hold,57.74499,58.038628,57.699112,57.827576,4565
2025-06-03 02:00:00,0,0.4442880427658798,0.5557119572341203,Hold,57.827576,57.891808,57.689934,57.763344,1453
2025-06-03 03:00:00,0,0.4336854052307823,0.5663145947692176,Hold,57.763344,57.827576,57.653233,57.689934,1213
2025-06-03 04:00:00,0,0.39064551263155967,0.6093544873684403,Hold,57.68076,57.708286,57.598175,57.616528,747
2025-06-03 05:00:00,0,0.43729091373915724,0.5627090862608428,Hold,57.616528,57.653233,57.524765,57.552296,1234
2025-06-03 06:00:00,0,0.4737483092386079,0.5262516907613921,Hold,57.552296,57.717464,57.49724,57.653233,2487
2025-06-03 07:00:00,0,0.5028762734953378,0.4971237265046622,Sell,57.653233,57.992744,57.56147,57.84593,4388
2025-06-03 08:00:00,0,0.40470244674779887,0.5952975532522011,Hold,57.855106,57.91016,57.506413,57.543118,6619
2025-06-03 09:00:00,0,0.3982236910257804,0.6017763089742196,Hold,57.543118,57.689934,57.359596,57.368774,4557
2025-06-03 10:00:00,0,0.4514049135191558,0.5485950864808442,Hold,57.359596,57.60735,57.25866,57.598175,4890
2025-06-03 11:00:00,0,0.49656648054976027,0.5034335194502397,Hold,57.598175,57.882633,57.56147,57.873455,4571
2025-06-03 12:00:00,0,0.5489868013105994,0.4510131986894006,Sell,57.882633,58.231323,57.873455,57.956043,13941
2025-06-03 13:00:00,0,0.5457861827086751,0.45421381729132493,Sell,57.965218,58.056976,57.671585,57.891808,15895
2025-06-03 14:00:00,1,0.46460706022857134,0.5353929397714287,Hold,57.900986,58.56166,57.900986,58.479076,23572
2025-06-03 15:00:00,0,0.4788656890199183,0.5211343109800817,Hold,58.488255,58.625893,58.304733,58.40567,17726
2025-06-03 16:00:00,0,0.4444408590103527,0.5555591409896473,Hold,58.40567,58.424023,58.19462,58.37814,11771
2025-06-03 17:00:00,0,0.4094226788252052,0.5905773211747948,Hold,58.37814,58.51578,58.020275,58.277203,16772
2025-06-03 18:00:00,0,0.4407636054125448,0.5592363945874552,Hold,58.26803,58.368965,58.130386,58.25885,15060
2025-06-03 19:00:00,0,0.4983946054264184,0.5016053945735817,Hold,58.249676,58.33226,58.10286,58.112034,3753
2025-06-03 20:00:00,0,0.41214697570195047,0.5878530242980495,Hold,58.112034,58.203796,58.09368,58.121212,2231
2025-06-03 22:00:00,0,0.41434374100464294,0.5856562589953571,Hold,58.139565,58.21297,58.09368,58.130386,514
2025-06-03 23:00:00,0,0.5066933713368545,0.49330662866314545,Sell,58.139565,58.185444,57.965218,58.084507,1109
2025-06-04 00:00:00,0,0.5136355133451626,0.48636448665483745,Sell,58.084507,58.130386,58.001923,58.02945,1280
2025-06-04 01:00:00,0,0.5253890169217258,0.4746109830782742,Sell,58.038628,58.157913,58.020275,58.121212,1267
2025-06-04 02:00:00,0,0.49003456192418643,0.5099654380758136,Hold,58.121212,58.130386,57.974392,57.98357,1302
2025-06-04 03:00:00,0,0.5554138933440317,0.4445861066559683,Sell,57.992744,58.001923,57.93769,57.965218,937
2025-06-04 04:00:00,0,0.5350160912671637,0.46498390873283635,Sell,57.956043,58.011097,57.91016,57.93769,1138
2025-06-04 05:00:00,0,0.5833234950911583,0.41667650490884167,Sell,57.928513,57.965218,57.873455,57.946865,1169
2025-06-04 06:00:00,0,0.5822273577553623,0.4177726422446377,Sell,57.956043,58.121212,57.956043,57.992744,2425
2025-06-04 07:00:00,0,0.6282286579269496,0.3717713420730504,Sell,57.992744,58.21297,57.928513,58.157913,3034
2025-06-04 08:00:00,0,0.5703832348764187,0.42961676512358127,Sell,58.16709,58.323086,58.020275,58.047802,4646
2025-06-04 09:00:00,1,0.6034390328465989,0.39656096715340106,Sell,58.038628,58.469902,57.86428,58.44237,5456
2025-06-04 10:00:00,0,0.5439174244603763,0.4560825755396237,Sell,58.44237,58.479076,58.14874,58.249676,4119
2025-06-04 11:00:00,0,0.5715212449991685,0.42847875500083155,Sell,58.240498,58.240498,58.07533,58.203796,3104
2025-06-04 12:00:00,0,0.5597890617843789,0.4402109382156211,Sell,58.203796,58.26803,57.699112,57.84593,9745
2025-06-04 13:00:00,1,0.5868923328867496,0.4131076671132504,Sell,57.855106,58.580013,57.781696,58.45155,26493
2025-06-04 14:00:00,0,0.5504813396928757,0.4495186603071243,Sell,58.44237,58.69013,57.992744,58.056976,29728
2025-06-04 15:00:00,0,0.4701440722925145,0.5298559277074855,Hold,58.047802,58.249676,57.04761,57.49724,52135
2025-06-04 16:00:00,0,0.48961732711115663,0.5103826728888434,Hold,57.488064,57.689934,57.35042,57.478886,12621
2025-06-04 17:00:00,0,0.45740632873058834,0.5425936712694117,Hold,57.478886,57.598175,57.414654,57.506413,6689
2025-06-04 18:00:00,0,0.49217892197855584,0.5078210780214442,Hold,57.49724,57.882633,57.460533,57.75417,13204
2025-06-04 19:00:00,0,0.4975750796792821,0.5024249203207178,Hold,57.74499,57.763344,57.60735,57.63488,3374
2025-06-04 20:00:00,0,0.522074214497766,0.47792578550223397,Sell,57.63488,57.63488,57.488064,57.57065,3176
2025-06-04 22:00:00,0,0.5076119624965776,0.4923880375034224,Sell,57.588997,57.60735,57.460533,57.49724,574
2025-06-04 23:00:00,0,0.5219097332635512,0.47809026673644883,Sell,57.506413,57.51559,57.433006,57.478886,257
2025-06-05 00:00:00,0,0.5328860974493157,0.4671139025506843,Sell,57.46971,57.533943,57.387127,57.478886,1545
2025-06-05 01:00:00,0,0.5144431027821114,0.48555689721788864,Sell,57.46971,57.63488,57.387127,57.598175,1484
2025-06-05 02:00:00,0,0.4741237659091543,0.5258762340908457,Hold,57.588997,57.616528,57.46971,57.49724,587
2025-06-05 03:00:00,0,0.462310854820335,0.537689145179665,Hold,57.506413,57.51559,57.433006,57.433006,518
2025-06-05 04:00:00,0,0.49214294709743417,0.5078570529025659,Hold,57.433006,57.45136,57.35042,57.45136,981
2025-06-05 05:00:00,0,0.5406569303960673,0.4593430696039327,Sell,57.45136,57.579823,57.405476,57.51559,976
2025-06-05 06:00:00,0,0.5289978209322993,0.4710021790677007,Sell,57.51559,57.72664,57.478886,57.689934,1678
2025-06-05 07:00:00,0,0.5841305733406413,0.41586942665935867,Sell,57.699112,57.956043,57.689934,57.84593,4502
2025-06-05 08:00:00,0,0.5949734168240849,0.4050265831759151,Sell,57.836754,57.91934,57.653233,57.873455,4541
2025-06-05 09:00:00,0,0.5970699202717937,0.40293007972820627,Sell,57.873455,57.91016,57.662407,57.836754,3360
2025-06-05 10:00:00,0,0.6489722063356529,0.3510277936643471,Sell,57.836754,58.02945,57.781696,57.974392,3151
2025-06-05 11:00:00,0,0.5836096288632432,0.4163903711367568,Sell,57.98357,57.98357,57.717464,57.882633,3841
2025-06-05 12:00:00,0,0.6106752131933517,0.3893247868066483,Sell,57.873455,58.433197,57.86428,58.414845,14132
2025-06-05 13:00:00,0,0.5754005431035376,0.4245994568964624,Sell,58.414845,58.708477,58.387318,58.534134,26261
2025-06-05 14:00:00,0,0.5257006242209072,0.47429937577909276,Sell,58.534134,58.644245,58.313908,58.479076,14713
2025-06-05 15:00:00,0,0.6037860971865114,0.39621390281348856,Sell,58.488255,58.58919,58.139565,58.25885,13661
2025-06-05 16:00:00,0,0.6145536435420711,0.3854463564579289,Sell,58.25885,58.304733,58.020275,58.056976,10120
2025-06-05 17:00:00,0,0.6244046529914288,0.3755953470085712,Sell,58.056976,58.176266,57.992744,58.16709,7620
2025-06-05 18:00:00,0,0.5951340166197177,0.40486598338028235,Sell,58.157913,58.21297,58.056976,58.176266,9808
2025-06-05 19:00:00,0,0.602486618237316,0.397513381762684,Sell,58.16709,58.22215,58.07533,58.130386,2799
2025-06-05 20:00:00,0,0.5983725586172897,0.40162744138271034,Sell,58.121212,58.185444,58.011097,58.038628,3004
2025-06-05 22:00:00,0,0.5703645550986511,0.42963544490134886,Sell,58.112034,58.121212,57.928513,57.946865,677
2025-06-05 23:00:00,0,0.5695113747852926,0.43048862521470743,Sell,57.93769,58.066154,57.91934,58.011097,526
2025-06-06 00:00:00,0,0.5946812005552047,0.4053187994447953,Sell,58.020275,58.09368,57.956043,58.07533,1532
2025-06-06 01:00:00,0,0.5781900757781865,0.4218099242218135,Sell,58.07533,58.084507,57.974392,57.974392,1120
2025-06-06 02:00:00,0,0.5736206917646659,0.4263793082353341,Sell,57.98357,58.001923,57.91016,57.91016,801
2025-06-06 03:00:00,0,0.6154265718973778,0.3845734281026222,Sell,57.91934,58.011097,57.900986,58.001923,964
2025-06-06 04:00:00,0,0.6486828968514046,0.35131710314859543,Sell,57.992744,58.011097,57.946865,57.974392,604
2025-06-06 05:00:00,0,0.6148764993676916,0.3851235006323084,Sell,57.965218,57.98357,57.827576,57.891808,1387
2025-06-06 06:00:00,0,0.6536873553298448,0.3463126446701552,Sell,57.882633,58.10286,57.809223,57.992744,2643
2025-06-06 07:00:00,0,0.6197107338584015,0.3802892661415985,Sell,57.992744,57.992744,57.644054,57.763344,6160
2025-06-06 08:00:00,0,0.6371211820516947,0.36287881794830534,Sell,57.77252,57.98357,57.72664,57.91934,3800
2025-06-06 09:00:00,0,0.6295042889640735,0.3704957110359265,Sell,57.91934,58.001923,57.763344,57.992744,3205
2025-06-06 10:00:00,0,0.6256925328191756,0.3743074671808244,Sell,58.001923,58.231323,57.965218,58.19462,4071
2025-06-06 11:00:00,0,0.6036398006428777,0.3963601993571223,Sell,58.19462,58.19462,58.047802,58.066154,2481
2025-06-06 12:00:00,0,0.6127078090338876,0.38729219096611245,Sell,58.056976,58.433197,57.974392,58.396492,8797
2025-06-06 13:00:00,0,0.48988160990154883,0.5101183900984512,Hold,58.396492,59.38751,58.277203,59.22234,39438
2025-06-06 14:00:00,0,0.42517375807432173,0.5748262419256782,Hold,59.22234,59.37833,58.772713,59.203987,25661
2025-06-06 15:00:00,0,0.5073661738722665,0.49263382612773354,Sell,59.21316,59.369156,58.974586,59.34163,16603
2025-06-06 16:00:00,0,0.4441644093185404,0.5558355906814596,Hold,59.34163,59.460915,59.231514,59.26822,11884
2025-06-06 17:00:00,0,0.44494652096665005,0.5550534790333499,Hold,59.259045,59.277393,59.112225,59.130577,7793
2025-06-06 18:00:00,0,0.45309762901994444,0.5469023709800556,Hold,59.130577,59.45174,59.047993,59.40586,19372
2025-06-06 19:00:00,0,0.4353143096145075,0.5646856903854924,Hold,59.415035,59.433388,59.28657,59.304924,4086
2025-06-06 20:00:00,0,0.4498277095708553,0.5501722904291446,Hold,59.3141,59.460915,59.295746,59.433388,2184
2025-06-08 22:00:00,0,0.4689888535223416,0.5310111464776583,Hold,59.460915,59.515972,59.22234,59.3141,2070
2025-06-08 23:00:00,0,0.43597476072687913,0.5640252392731209,Hold,59.3141,59.40586,59.240692,59.295746,1148
2025-06-09 00:00:00,0,0.45186541027820304,0.548134589721797,Hold,59.28657,59.3141,59.19481,59.21316,1347
2025-06-09 01:00:00,0,0.4645490850214705,0.5354509149785295,Hold,59.21316,59.28657,59.176456,59.249866,1478
2025-06-09 02:00:00,0,0.48894151869725205,0.5110584813027479,Hold,59.240692,59.28657,59.21316,59.21316,799
2025-06-09 03:00:00,0,0.5251825532601184,0.4748174467398816,Sell,59.231514,59.28657,59.158108,59.231514,921
2025-06-09 04:00:00,0,0.5286321912068629,0.4713678087931371,Sell,59.240692,59.277393,59.185635,59.203987,577
2025-06-09 05:00:00,0,0.5352632409701598,0.46473675902984024,Sell,59.21316,59.277393,59.185635,59.231514,1068
2025-06-09 06:00:00,0,0.48420195061332555,0.5157980493866745,Hold,59.231514,59.231514,59.093872,59.10305,1835
2025-06-09 07:00:00,0,0.5138824491346117,0.4861175508653883,Sell,59.10305,59.14893,58.91035,59.121403,4274
2025-06-09 08:00:00,0,0.5174573659178215,0.48254263408217846,Sell,59.130577,59.38751,59.03882,59.3141,5135
2025-06-09 09:00:00,0,0.5225328475416335,0.47746715245836646,Sell,59.304924,59.433388,59.231514,59.369156,4048
2025-06-09 10:00:00,0,0.5135622998797282,0.48643770012027177,Sell,59.369156,59.56185,59.34163,59.442566,4312
2025-06-09 11:00:00,0,0.5048295316471784,0.49517046835282164,Sell,59.442566,59.68114,59.369156,59.589382,4879
2025-06-09 12:00:00,0,0.4772662002378634,0.5227337997621366,Hold,59.580204,59.745373,59.534325,59.57103,7596
2025-06-09 13:00:00,0,0.5127086669760927,0.48729133302390726,Sell,59.580204,59.580204,59.03882,59.185635,16557
2025-06-09 14:00:00,0,0.5600428381503931,0.43995716184960687,Sell,59.19481,59.699493,59.167282,59.69032,16364
2025-06-09 15:00:00,0,0.5325147591641027,0.46748524083589726,Sell,59.69032,59.892193,59.57103,59.68114,16261
2025-06-09 16:00:00,0,0.4966535290786386,0.5033464709213614,Hold,59.68114,59.68114,59.38751,59.589382,8303
2025-06-09 17:00:00,0,0.5085763183066391,0.4914236816933609,Sell,59.589382,59.68114,59.45174,59.57103,8256
2025-06-09 18:00:00,0,0.5283294348917251,0.4716705651082749,Sell,59.57103,59.99313,59.552677,59.9656,17054
2025-06-09 19:00:00,0,0.5081125503392813,0.49188744966071873,Sell,59.9656,60.03901,59.84631,59.910545,5044
2025-06-09 20:00:00,0,0.5387830209643357,0.4612169790356643,Sell,59.91972,60.02983,59.91972,59.99313,2557
2025-06-09 22:00:00,0,0.5219620605709119,0.4780379394290881,Sell,60.066536,60.066536,59.910545,59.947247,866
2025-06-09 23:00:00,0,0.5284413334442993,0.47155866655570067,Sell,59.947247,59.99313,59.938072,59.974777,279
2025-06-10 00:00:00,0,0.47109161776162,0.52890838223838,Hold,59.98395,60.05736,59.947247,60.011482,1102
2025-06-10 01:00:00,0,0.5298313734620017,0.4701686265379983,Sell,60.011482,60.195004,59.98395,60.17665,2472
2025-06-10 02:00:00,0,0.4931655127105234,0.5068344872894766,Hold,60.17665,60.250057,60.14912,60.185825,1607
2025-06-10 03:00:00,0,0.5071797204785415,0.49282027952145846,Sell,60.185825,60.204178,59.956425,60.011482,1641
2025-06-10 04:00:00,0,0.499879588742715,0.500120411257285,Hold,60.011482,60.048183,59.98395,60.020657,1052
2025-06-10 05:00:00,0,0.49398657395692464,0.5060134260430753,Hold,60.020657,60.094067,59.910545,59.98395,1579
2025-06-10 06:00:00,0,0.4581009178866163,0.5418990821133838,Hold,59.974777,60.121593,59.910545,59.947247,1716
2025-06-10 07:00:00,0,0.47695851183023596,0.523041488169764,Hold,59.956425,60.08489,59.782078,59.892193,4455
2025-06-10 08:00:00,0,0.5467570787854258,0.4532429212145742,Sell,59.901367,60.112415,59.837135,60.075714,4950
2025-06-10 09:00:00,0,0.5598019425452064,0.44019805745479357,Sell,60.075714,60.240883,59.938072,60.020657,4251
2025-06-10 10:00:00,0,0.5938595816202177,0.4061404183797823,Sell,60.020657,60.259235,60.011482,60.22253,3237
2025-06-10 11:00:00,0,0.5781830310272329,0.4218169689727671,Sell,60.231705,60.29594,60.112415,60.277588,5155
2025-06-10 12:00:00,0,0.5697199187847294,0.4302800812152706,Sell,60.286762,60.360172,60.011482,60.02983,6821
2025-06-10 13:00:00,0,0.5924354440086684,0.40756455599133157,Sell,60.03901,60.50699,59.9656,60.49781,14057
2025-06-10 14:00:00,0,0.5438109639529777,0.4561890360470223,Sell,60.49781,60.6171,60.277588,60.552868,15485
2025-06-10 15:00:00,1,0.5494655334690353,0.45053446653096474,Sell,60.562046,60.818974,60.286762,60.3877,21748
2025-06-10 16:00:00,0,0.47777521302751014,0.5222247869724899,Hold,60.3877,60.488636,59.974777,59.98395,12048
2025-06-10 17:00:00,0,0.43510520736158503,0.5648947926384149,Hold,59.974777,60.048183,59.7362,59.855488,13694
2025-06-10 18:00:00,0,0.464933664475477,0.535066335524523,Hold,59.84631,59.910545,59.249866,59.38751,21033
2025-06-10 19:00:00,0,0.5058392605860123,0.49416073941398775,Sell,59.38751,59.598557,59.34163,59.56185,4259
2025-06-10 20:00:00,0,0.4270258528219712,0.5729741471780287,Hold,59.56185,59.589382,59.35998,59.40586,2287
2025-06-10 22:00:00,0,0.3927496952395778,0.6072503047604222,Hold,59.424213,59.45174,59.323277,59.396683,588
2025-06-10 23:00:00,0,0.4156359758154943,0.5843640241845057,Hold,59.38751,59.479267,59.369156,59.45174,707
2025-06-11 00:00:00,0,0.4533094630288454,0.5466905369711546,Hold,59.460915,59.460915,59.277393,59.38751,1368
2025-06-11 01:00:00,0,0.5124136901738016,0.48758630982619844,Sell,59.396683,59.552677,59.369156,59.515972,1761
2025-06-11 02:00:00,0,0.49832055717822354,0.5016794428217765,Hold,59.515972,59.52515,59.433388,59.470093,819
2025-06-11 03:00:00,0,0.49309706991021096,0.506902930089789,Hold,59.460915,59.607735,59.45174,59.607735,1450
2025-06-11 04:00:00,0,0.4827135148053965,0.5172864851946035,Hold,59.598557,59.61691,59.534325,59.598557,669
2025-06-11 05:00:00,0,0.49891486470438084,0.5010851352956192,Hold,59.589382,59.70867,59.589382,59.68114,1233
2025-06-11 06:00:00,0,0.45410006909624195,0.545899930903758,Hold,59.69032,59.745373,59.488445,59.552677,1773
2025-06-11 07:00:00,0,0.48110467255515493,0.5188953274448451,Hold,59.56185,59.87384,59.543503,59.818783,4618
2025-06-11 08:00:00,0,0.4777038194578427,0.5222961805421573,Hold,59.818783,59.910545,59.69032,59.763725,3816
2025-06-11 09:00:00,0,0.5603045929416973,0.4396954070583027,Sell,59.763725,60.286762,59.34163,60.259235,11831
2025-06-11 10:00:00,0,0.5733132080967985,0.42668679190320147,Sell,60.250057,60.580395,60.195004,60.543694,10049
2025-06-11 11:00:00,0,0.5864430765169464,0.4135569234830536,Sell,60.534515,60.718037,60.415226,60.699684,5551
2025-06-11 12:00:00,0,0.6296295105286002,0.37037048947139983,Sell,60.699684,61.002495,60.442757,60.87403,17290
2025-06-11 13:00:00,0,0.5827328476646888,0.4172671523353112,Sell,60.883205,60.984142,60.57122,60.96579,16206
2025-06-11 14:00:00,0,0.5536603813320246,0.44633961866797545,Sell,60.96579,61.14931,60.69051,60.791447,17755
2025-06-11 15:00:00,0,0.580376115284073,0.41962388471592704,Sell,60.791447,61.27778,60.534515,61.213547,16505
2025-06-11 16:00:00,0,0.49951832666379314,0.5004816733362069,Hold,61.213547,61.22272,61.030025,61.167664,7268
2025-06-11 17:00:00,0,0.5392909459558007,0.46070905404419926,Sell,61.15849,61.80999,61.066727,61.718227,16736
2025-06-11 18:00:00,0,0.5759376067752967,0.4240623932247033,Sell,61.709053,62.73677,61.64482,62.46149,51035
2025-06-11 19:00:00,0,0.5267121665552206,0.4732878334447794,Sell,62.470665,62.562428,62.140327,62.305496,15056
2025-06-11 20:00:00,0,0.5923132797148923,0.40768672028510766,Sell,62.305496,62.67254,62.23209,62.67254,5017
2025-06-11 22:00:00,1,0.568335815235459,0.43166418476454105,Sell,63.342392,63.58097,62.947823,63.27816,6180
2025-06-11 23:00:00,0,0.5031754825564012,0.4968245174435988,Sell,63.268986,63.314865,62.67254,62.92947,3702
2025-06-12 00:00:00,0,0.518755083594513,0.48124491640548706,Sell,62.901943,63.03958,62.5349,62.58078,7533
2025-06-12 01:00:00,0,0.49758983601790957,0.5024101639820904,Hold,62.589954,62.663364,62.121975,62.259617,7047
2025-06-12 02:00:00,0,0.498955327222141,0.501044672777859,Hold,62.250443,62.314674,62.149506,62.186207,1754
2025-06-12 03:00:00,0,0.5268840460436524,0.47311595395634765,Sell,62.195385,62.369728,62.04857,62.314674,2560
2025-06-12 04:00:00,0,0.535592587180941,0.46440741281905895,Sell,62.305496,62.378906,62.27797,62.32385,1347
2025-06-12 05:00:00,0,0.5102248286650048,0.48977517133499515,Sell,62.32385,62.369728,62.094448,62.1128,2531
2025-06-12 06:00:00,0,0.5698639160157789,0.4301360839842211,Sell,62.1128,62.20456,62.057743,62.177032,3289
2025-06-12 07:00:00,0,0.5401646048173468,0.45983539518265315,Sell,62.177032,62.22291,61.73658,61.846695,7843
2025-06-12 08:00:00,0,0.5522357349705552,0.4477642650294448,Sell,61.85587,62.094448,61.773285,61.99351,9376
2025-06-12 09:00:00,0,0.5021188240770977,0.49788117592290226,Sell,61.99351,62.03939,61.50718,61.62647,7179
2025-06-12 10:00:00,0,0.4430826507936568,0.5569173492063433,Hold,61.635643,61.69988,61.479652,61.55306,5186
2025-06-12 11:00:00,0,0.41100165116613996,0.58899834883386,Hold,61.562237,61.635643,61.22272,61.34201,6328
2025-06-12 12:00:00,0,0.47066756363926243,0.5293324363607376,Hold,61.332832,61.672348,61.27778,61.64482,8631
2025-06-12 13:00:00,0,0.4979010915684324,0.5020989084315677,Hold,61.635643,62.011864,61.369537,61.92928,21416
2025-06-12 14:00:00,0,0.5147362343373627,0.4852637656626373,Sell,61.92928,62.23209,61.910927,62.076096,16132
2025-06-12 15:00:00,0,0.5976696725648054,0.4023303274351946,Sell,62.076096,62.81936,61.92928,62.74595,31123
2025-06-12 16:00:00,0,0.545227084898106,0.454772915101894,Sell,62.755123,62.837708,62.149506,62.58078,25117
2025-06-12 17:00:00,0,0.5780400000668626,0.4219599999331374,Sell,62.589954,62.782654,62.51655,62.73677,10163
2025-06-12 18:00:00,0,0.5026106818256159,0.49738931817438414,Sell,62.73677,62.85606,62.287144,62.50737,17323
2025-06-12 19:00:00,0,0.4490031389409293,0.5509968610590708,Hold,62.51655,62.589954,62.470665,62.562428,3112
2025-06-12 20:00:00,0,0.5594856412307655,0.4405143587692345,Sell,62.562428,63.20475,62.5349,63.1864,5508
2025-06-12 22:00:00,0,0.46682443696500736,0.5331755630349926,Hold,63.223103,63.23228,62.85606,62.88359,1288
2025-06-12 23:00:00,0,0.5448427565974707,0.4551572434025293,Sell,62.88359,63.81037,62.846886,63.608498,4497
2025-06-13 00:00:00,0,0.5119202575325542,0.4880797424674458,Sell,63.63603,68.22406,63.333218,67.24222,49502
2025-06-13 01:00:00,0,0.5175112453665474,0.48248875463345264,Sell,67.260574,68.00384,66.645775,67.416565,17905
2025-06-13 02:00:00,1,0.5026634294044127,0.49733657059558734,Sell,67.416565,71.22463,67.30646,69.49036,42179
2025-06-13 03:00:00,0,0.4635518027416742,0.5364481972583258,Hold,69.49036,69.78399,67.55421,67.82949,21648
2025-06-13 04:00:00,0,0.43370236114451033,0.5662976388554897,Hold,67.82031,69.04073,67.37986,67.416565,9531
2025-06-13 05:00:00,0,0.4391649380314669,0.5608350619685332,Hold,67.42574,68.08642,67.14128,67.168816,9705
2025-06-13 06:00:00,0,0.44072776410865955,0.5592722358913405,Hold,67.177986,67.55421,65.874985,65.930046,22281
2025-06-13 07:00:00,0,0.4612249943690329,0.538775005630967,Hold,65.930046,66.35214,65.00326,65.89334,19101
2025-06-13 08:00:00,0,0.4898235979129846,0.5101764020870154,Hold,65.90252,67.251396,65.89334,66.90271,13899
2025-06-13 09:00:00,0,0.5024157074145263,0.49758429258547365,Sell,66.89353,67.645966,66.38885,67.645966,15413
2025-06-13 10:00:00,0,0.5027155587064261,0.49728444129357385,Sell,67.636795,68.25159,67.52668,67.7102,17093
2025-06-13 11:00:00,0,0.5022043081295585,0.4977956918704415,Sell,67.69185,67.75608,66.700836,67.19634,13806
2025-06-13 12:00:00,0,0.5368719375218746,0.46312806247812544,Sell,67.19634,67.9763,67.13211,67.811134,16319
2025-06-13 13:00:00,0,0.4865047329483667,0.5134952670516333,Hold,67.811134,67.96713,66.36132,66.471436,36856
2025-06-13 14:00:00,0,0.4542060182072473,0.5457939817927526,Hold,66.471436,67.22387,65.59053,65.90252,34742
2025-06-13 15:00:00,0,0.4490201836085588,0.5509798163914412,Hold,65.90252,66.61825,65.792404,66.22368,23634
2025-06-13 16:00:00,0,0.3845698781981099,0.61543012180189,Hold,66.23286,66.33379,65.709816,66.18697,15257
2025-06-13 17:00:00,0,0.4671267182392282,0.5328732817607718,Hold,66.19615,67.29728,66.15945,67.14128,24441
2025-06-13 18:00:00,0,0.45137410204895095,0.548625897951049,Hold,67.14128,67.866196,66.700836,67.82949,36856
2025-06-13 19:00:00,0,0.4540029142701323,0.5459970857298677,Hold,67.82031,67.92125,66.85683,67.10458,15742
2025-06-13 20:00:00,0,0.4243015920861704,0.5756984079138296,Hold,67.10458,67.65514,67.00365,67.15046,6079
2025-06-15 22:00:00,0,0.5018866696905945,0.4981133303094055,Sell,70.23362,71.10535,68.16901,68.26994,17353
2025-06-15 23:00:00,0,0.4624589837873803,0.5375410162126197,Hold,68.23324,68.710396,68.113945,68.20571,3773
2025-06-16 00:00:00,0,0.45927583822700396,0.5407241617729961,Hold,68.20571,68.21509,67.46485,67.624275,4325
2025-06-16 01:00:00,0,0.4921235021259735,0.5078764978740264,Hold,67.6149,67.82121,66.8928,67.79308,5436
2025-06-16 02:00:00,0,0.43871389280836676,0.5612861071916333,Hold,67.82121,67.89624,67.38045,67.66179,1653
2025-06-16 03:00:00,0,0.43607697527716205,0.563923024722838,Hold,67.65241,67.68992,67.24916,67.49299,1362
2025-06-16 04:00:00,0,0.4330357200001758,0.5669642799998242,Hold,67.502365,67.72743,67.455475,67.55863,1160
2025-06-16 05:00:00,0,0.4454215314152596,0.5545784685847404,Hold,67.53988,67.671165,67.09911,67.33356,2602
2025-06-16 06:00:00,0,0.4575665426560468,0.5424334573439532,Hold,67.34294,67.624275,66.93969,67.49299,4105
2025-06-16 07:00:00,0,0.4162604511365937,0.5837395488634063,Hold,67.51174,67.68054,66.592705,66.70524,6987
2025-06-16 08:00:00,0,0.39118889713697413,0.6088111028630259,Hold,66.70524,66.88342,66.36763,66.40514,9577
2025-06-16 09:00:00,0,0.4065189530661648,0.5934810469338352,Hold,66.40514,66.58333,66.18945,66.423904,4194
2025-06-16 10:00:00,0,0.3518983350961995,0.6481016649038005,Hold,66.43328,66.761505,65.945625,65.955,6419
2025-06-16 11:00:00,0,0.35669664332249085,0.6433033566775092,Hold,65.955,66.48017,65.917496,65.992516,7642
2025-06-16 12:00:00,0,0.31221322100167864,0.6877867789983214,Hold,65.992516,66.26447,65.37357,65.636154,12617
2025-06-16 13:00:00,0,0.2570402010694242,0.7429597989305758,Hold,65.636154,66.423904,64.11693,64.266975,40917
2025-06-16 14:00:00,0,0.22745884925671003,0.77254115074329,Hold,64.2576,64.8953,63.6199,64.33262,43038
2025-06-16 15:00:00,0,0.25890864096847765,0.7410913590315223,Hold,64.33262,65.45798,64.32324,65.38295,21679
2025-06-16 16:00:00,0,0.2806170920053175,0.7193829079946825,Hold,65.38295,65.87998,65.0641,65.84247,14167
2025-06-16 17:00:00,0,0.2639329348637139,0.7360670651362862,Hold,65.84247,66.02065,65.3642,65.636154,13862
2025-06-16 18:00:00,0,0.21624075373147048,0.7837592462685296,Hold,65.64553,66.03003,65.33606,65.41109,13572
2025-06-16 19:00:00,0,0.2266768043303559,0.7733231956696441,Hold,65.4017,65.608025,65.38295,65.561134,3083
2025-06-16 20:00:00,0,0.24328806419610968,0.7567119358038903,Hold,65.57051,65.71118,65.41109,65.69242,1484
2025-06-16 22:00:00,0,0.33148499851473706,0.668515001485263,Hold,65.32668,67.01471,65.2329,66.65835,6514
2025-06-16 23:00:00,0,0.4031926833668931,0.5968073166331069,Hold,66.65835,67.63365,66.39577,67.30543,9205
2025-06-17 00:00:00,0,0.33929946386259624,0.6607005361374038,Hold,67.267914,67.52112,66.1707,66.330124,18868
2025-06-17 01:00:00,0,0.3675252461288801,0.63247475387112,Hold,66.330124,66.56457,65.804955,66.55519,9638
2025-06-17 02:00:00,0,0.34411309778904525,0.6558869022109548,Hold,66.55519,67.33356,66.22697,66.545815,15912
2025-06-17 03:00:00,0,0.3145831240809472,0.6854168759190529,Hold,66.56457,66.65835,66.02065,66.19883,5532
2025-06-17 04:00:00,0,0.348100252833679,0.651899747166321,Hold,66.18945,66.48955,66.18945,66.46141,2354
2025-06-17 05:00:00,0,0.3810871995174836,0.6189128004825164,Hold,66.452034,66.592705,66.18945,66.28323,3110
2025-06-17 06:00:00,0,0.38245627233213436,0.6175437276678657,Hold,66.28323,66.30199,65.35482,65.589264,9369
2025-06-17 07:00:00,0,0.4710871268512696,0.5289128731487305,Hold,65.57989,67.08035,65.57051,66.74275,14111
2025-06-17 08:00:00,0,0.46792967335251556,0.5320703266474844,Hold,66.733376,66.98658,66.30199,66.78964,10286
2025-06-17 09:00:00,0,0.46334365262408167,0.5366563473759183,Hold,66.81777,67.05222,66.48955,66.86466,8996
2025-06-17 10:00:00,0,0.4648275646506044,0.5351724353493956,Hold,66.86466,67.20227,66.72399,67.07098,6633
2025-06-17 11:00:00,0,0.45416186072176473,0.5458381392782352,Hold,67.05222,67.41796,66.86466,67.267914,8321
2025-06-17 12:00:00,0,0.4549871887652015,0.5450128112347985,Hold,67.286674,67.43672,66.72399,66.99596,13780
2025-06-17 13:00:00,0,0.493364597450661,0.5066354025493389,Hold,66.99596,67.8681,66.48955,67.68992,34476
2025-06-17 14:00:00,0,0.5318783024163819,0.4681216975836181,Sell,67.68992,68.055664,67.33356,67.51174,23815
2025-06-17 15:00:00,0,0.515026468039719,0.48497353196028103,Sell,67.51174,67.93375,67.08974,67.549255,28806
2025-06-17 16:00:00,0,0.4437093631277022,0.5562906368722977,Hold,67.53988,68.26198,67.314804,67.82121,30850
2025-06-17 17:00:00,0,0.4505497562400793,0.5494502437599207,Hold,67.82121,68.440155,67.70868,68.318245,17232
2025-06-17 18:00:00,0,0.46210374385014996,0.53789625614985,Hold,68.318245,69.12475,68.224464,68.965324,29818
2025-06-17 19:00:00,0,0.4302115010356389,0.5697884989643611,Hold,68.965324,69.134125,68.47767,68.69336,13595
2025-06-17 20:00:00,0,0.4178982839357397,0.5821017160642603,Hold,68.68398,69.302925,68.580826,69.15288,7980
2025-06-17 22:00:00,0,0.42712660511786893,0.5728733948821311,Hold,69.396706,69.43422,68.77776,69.15288,3522
2025-06-17 23:00:00,0,0.40961793530600527,0.5903820646939948,Hold,69.134125,69.3123,68.92781,69.04972,1900
2025-06-18 00:00:00,0,0.4257751772210268,0.5742248227789732,Hold,69.04972,69.19039,68.68398,68.93719,5938
2025-06-18 01:00:00,0,0.47233725531975,0.52766274468025,Hold,68.92781,68.94656,68.51518,68.59958,5296
2025-06-18 02:00:00,0,0.49142868941255596,0.5085713105874441,Hold,68.5902,69.01221,68.505806,68.98408,4755
2025-06-18 03:00:00,0,0.49024498099913555,0.5097550190008644,Hold,68.9747,69.10599,68.76839,68.98408,4491
2025-06-18 04:00:00,0,0.5135696417777332,0.48643035822226677,Sell,68.993454,69.04972,68.7215,68.749626,2270
2025-06-18 05:00:00,0,0.49712001532227074,0.5028799846777292,Hold,68.749626,68.76839,68.149445,68.627716,6619
2025-06-18 06:00:00,0,0.513814110277067,0.486185889722933,Sell,68.64647,68.78714,68.09317,68.60896,7867
2025-06-18 07:00:00,0,0.5095466217252818,0.49045337827471824,Sell,68.59958,68.73087,68.15882,68.365135,9216
2025-06-18 08:00:00,0,0.46507821596541676,0.5349217840345832,Hold,68.365135,68.63709,67.82121,67.886856,10520
2025-06-18 09:00:00,0,0.5334190472078656,0.4665809527921344,Sell,67.886856,68.130684,67.63365,68.12131,11370
2025-06-18 10:00:00,0,0.5641237769683667,0.4358762230316333,Sell,68.102554,68.993454,68.08379,68.80589,16216
2025-06-18 11:00:00,0,0.5532884121510985,0.4467115878489015,Sell,68.79652,69.087234,68.580826,68.82465,8553
2025-06-18 12:00:00,0,0.5577329462682692,0.4422670537317308,Sell,68.81528,69.17164,68.74025,68.92781,12889
2025-06-18 13:00:00,0,0.5726181507535125,0.4273818492464875,Sell,68.93719,69.64991,68.83403,69.528,30603
2025-06-18 14:00:00,0,0.42553253379708555,0.5744674662029144,Hold,69.528,69.59364,66.8928,67.530495,98568
2025-06-18 15:00:00,0,0.39145979974510065,0.6085402002548994,Hold,67.530495,68.12131,67.2304,67.84935,22503
2025-06-18 16:00:00,0,0.4347869195402769,0.5652130804597231,Hold,67.85873,68.337,67.39921,68.299484,19286
2025-06-18 17:00:00,0,0.4740909538100366,0.5259090461899634,Hold,68.299484,68.8903,68.2526,68.56207,18264
2025-06-18 18:00:00,0,0.47345328619180843,0.5265467138081916,Hold,68.57145,69.15288,68.47767,69.02159,19943
2025-06-18 19:00:00,0,0.4064233262455971,0.5935766737544028,Hold,69.01221,69.38733,67.63365,68.63709,27565
2025-06-18 20:00:00,0,0.38796423215135356,0.6120357678486464,Hold,68.627716,68.965324,68.40265,68.56207,5177
2025-06-18 22:00:00,0,0.4365147854767076,0.5634852145232925,Hold,68.4214,68.9747,68.23384,68.85278,1667
2025-06-18 23:00:00,0,0.4293462689663754,0.5706537310336246,Hold,68.86217,68.918434,68.74025,68.78714,657
2025-06-19 00:00:00,0,0.39120798109195815,0.6087920189080418,Hold,68.80589,68.871544,68.318245,68.365135,3349
2025-06-19 01:00:00,0,0.45477022342041823,0.5452297765795817,Hold,68.365135,69.209145,68.11193,68.69336,7902
2025-06-19 02:00:00,0,0.4710062890416001,0.5289937109584,Hold,68.68398,68.9747,68.59958,68.88092,1977
2025-06-19 03:00:00,0,0.449666475943947,0.550333524056053,Hold,68.8903,68.93719,68.75901,68.84341,1485
2025-06-19 04:00:00,0,0.4756487012088081,0.5243512987911919,Hold,68.83403,68.95594,68.74025,68.92781,1444
2025-06-19 05:00:00,0,0.4500050727064215,0.5499949272935785,Hold,68.92781,69.443596,68.88092,69.11537,4042
2025-06-19 06:00:00,0,0.4754333339132216,0.5245666660867784,Hold,69.087234,69.74369,69.01221,69.72494,6085
2025-06-19 07:00:00,0,0.47246013359451117,0.5275398664054889,Hold,69.72494,69.856224,69.1435,69.368576,9336
2025-06-19 08:00:00,0,0.4939320576740699,0.5060679423259301,Hold,69.37795,69.528,69.12475,69.227905,7006
2025-06-19 09:00:00,0,0.49545058948060716,0.5045494105193928,Hold,69.227905,69.47173,68.8903,69.09661,6651
2025-06-19 10:00:00,0,0.5119943585714438,0.4880056414285562,Sell,69.087234,69.64053,68.98408,69.54675,7393
2025-06-19 11:00:00,0,0.5237440561265266,0.47625594387347336,Sell,69.55613,69.94063,69.46235,69.903114,7398
2025-06-19 12:00:00,0,0.4929361712719362,0.5070638287280638,Hold,69.903114,69.95938,69.66866,69.72494,8461
2025-06-19 13:00:00,0,0.5084642861861706,0.49153571381382943,Sell,69.72494,70.4189,69.6124,70.10005,20374
2025-06-19 14:00:00,1,0.5021175805742496,0.4978824194257504,Sell,70.090675,70.68148,69.89374,70.52206,17296
2025-06-19 15:00:00,0,0.5417936424747098,0.45820635752529015,Sell,70.52206,71.028465,69.950005,70.40952,31138
2025-06-19 16:00:00,1,0.5737800069320615,0.42621999306793845,Sell,70.40015,70.94406,70.19383,70.89718,11524
2025-06-19 17:00:00,0,0.3939578814057043,0.6060421185942957,Hold,70.906555,70.906555,68.66523,68.7215,20384
2025-06-19 18:00:00,0,0.4370520046804335,0.5629479953195665,Hold,68.702736,69.321686,68.299484,69.28417,7774
2025-06-19 22:00:00,0,0.3925529182541129,0.607447081745887,Hold,69.17164,69.19039,68.055664,68.75901,7816
2025-06-19 23:00:00,0,0.4131528654831675,0.5868471345168325,Hold,68.74025,69.24666,68.73087,69.24666,2861
2025-06-20 00:00:00,0,0.46073786673334555,0.5392621332666545,Hold,69.227905,69.66866,69.087234,69.43422,8133
2025-06-20 01:00:00,0,0.38974087688165654,0.6102591231183434,Hold,69.42484,69.58427,68.8903,68.94656,4908
2025-06-20 02:00:00,0,0.4557085020895125,0.5442914979104875,Hold,68.965324,69.209145,68.86217,69.09661,2392
2025-06-20 03:00:00,0,0.4555931611180243,0.5444068388819757,Hold,69.09661,69.19039,69.01221,69.10599,1499
2025-06-20 04:00:00,0,0.5145334503369509,0.48546654966304914,Sell,69.09661,69.43422,69.09661,69.321686,2387
2025-06-20 05:00:00,0,0.4540317946604758,0.5459682053395243,Hold,69.321686,69.528,68.47767,68.63709,5116
2025-06-20 06:00:00,0,0.4793900465930855,0.5206099534069145,Hold,68.63709,69.227905,68.61834,69.134125,6773
2025-06-20 07:00:00,0,0.5043572110792578,0.4956427889207422,Sell,69.12475,69.396706,68.78714,69.3123,7624
2025-06-20 08:00:00,0,0.4458943362014322,0.5541056637985677,Hold,69.321686,69.66866,69.302925,69.33106,9460
2025-06-20 09:00:00,0,0.4886524652618891,0.5113475347381109,Hold,69.3123,69.65929,69.15288,69.23728,6214
2025-06-20 10:00:00,0,0.5470524099739316,0.45294759002606844,Sell,69.23728,69.396706,68.95594,69.34044,7735
2025-06-20 11:00:00,0,0.4035028725966022,0.5964971274033978,Hold,69.34044,69.490486,67.82121,68.655846,23725
2025-06-20 12:00:00,0,0.46565584707821545,0.5343441529217845,Hold,68.64647,68.95594,68.365135,68.77776,17213
2025-06-20 13:00:00,0,0.4113579069775094,0.5886420930224906,Hold,68.77776,69.01221,68.28073,68.56207,27454
2025-06-20 14:00:00,0,0.4843594085051931,0.5156405914948069,Hold,68.57145,69.19039,68.533936,69.087234,22766
2025-06-20 15:00:00,0,0.4595024188653614,0.5404975811346386,Hold,69.087234,69.162254,68.5902,69.07786,22052
2025-06-20 16:00:00,0,0.42367343187280393,0.5763265681271961,Hold,69.087234,69.17164,68.57145,68.965324,13922
2025-06-20 17:00:00,0,0.5004328925225597,0.49956710747744026,Sell,68.965324,69.55613,68.59958,69.49986,24453
2025-06-20 18:00:00,0,0.47624819030699933,0.5237518096930007,Hold,69.48111,69.490486,68.85278,69.274796,31084
2025-06-20 19:00:00,0,0.4854500983857629,0.5145499016142371,Hold,69.26541,69.490486,69.21853,69.33106,6062
2025-06-20 20:00:00,0,0.5666639932453799,0.43333600675462014,Sell,69.34044,69.443596,69.302925,69.43422,2802
2025-06-22 22:00:00,1,0.4593052346255775,0.5406947653744225,Hold,73.14788,73.522995,70.54082,70.65335,34992
2025-06-22 23:00:00,1,0.4577646646283405,0.5422353353716596,Hold,70.62521,71.13162,70.57832,71.0566,7704
2025-06-23 00:00:00,1,0.4497346226344593,0.5502653773655407,Hold,71.047226,71.42234,70.906555,71.15976,7514
2025-06-23 01:00:00,1,0.4630955486549035,0.5369044513450965,Hold,71.15976,71.31918,70.3345,70.60646,9605
2025-06-23 02:00:00,1,0.441571188727776,0.558428811272224,Hold,70.61584,70.82215,70.40015,70.56895,5097
2025-06-23 03:00:00,1,0.45323250113597713,0.5467674988640229,Hold,70.55019,70.690865,70.2501,70.60646,4101
2025-06-23 04:00:00,1,0.42159374809596917,0.5784062519040308,Hold,70.60646,70.70024,70.212585,70.24072,2650
2025-06-23 05:00:00,1,0.4408862059231624,0.5591137940768376,Hold,70.24072,70.46579,69.87498,70.40952,5647
2025-06-23 06:00:00,1,0.47975871522080765,0.5202412847791924,Hold,70.40015,70.47517,70.090675,70.24072,4334
2025-06-23 07:00:00,0,0.37907394579097,0.62092605420903,Hold,70.259476,70.32512,69.34044,69.50924,14012
2025-06-23 08:00:00,0,0.35052932397936193,0.6494706760206381,Hold,69.528,69.58427,68.60896,69.19039,17872
2025-06-23 09:00:00,1,0.3923220978014972,0.6076779021985028,Hold,69.19039,69.72494,69.181015,69.70618,8720
2025-06-23 10:00:00,1,0.40644603720248684,0.5935539627975132,Hold,69.6968,70.165695,69.490486,69.978134,11268
2025-06-23 11:00:00,1,0.3329716798814506,0.6670283201185494,Hold,69.96876,70.27823,69.64053,69.70618,8163
2025-06-23 12:00:00,1,0.3384255897360162,0.6615744102639838,Hold,69.71555,69.75307,68.76839,69.19039,17301
2025-06-23 13:00:00,1,0.2784313632061689,0.7215686367938311,Hold,69.19977,69.84685,68.76839,69.09661,33978
2025-06-23 14:00:00,0,0.2806746206175929,0.719325379382407,Hold,69.11537,69.134125,68.04628,68.505806,35985
2025-06-23 15:00:00,1,0.30748241977563723,0.6925175802243628,Hold,68.505806,69.528,68.346375,69.15288,29069
2025-06-23 16:00:00,1,0.33855787367254786,0.6614421263274521,Hold,69.15288,69.70618,67.08974,67.83059,55589
2025-06-23 17:00:00,1,0.3082147487555979,0.691785251244402,Hold,67.839966,67.85873,64.71712,65.007835,89157
2025-06-23 18:00:00,0,0.2968253710353862,0.7031746289646138,Hold,65.01721,65.20477,63.957504,64.220085,65096
2025-06-23 19:00:00,0,0.25869130468095486,0.7413086953190451,Hold,64.22946,64.61396,63.676167,63.741814,18704
2025-06-23 20:00:00,0,0.23740844730761224,0.7625915526923878,Hold,63.741814,63.826214,62.457035,63.047844,18142
2025-06-23 22:00:00,0,0.204753959027949,0.795246040972051,Hold,63.52612,63.61052,60.975323,61.491108,17475
2025-06-23 23:00:00,0,0.19899783288688677,0.8010021671131132,Hold,61.48173,61.734936,60.375134,61.725555,9904
2025-06-24 00:00:00,0,0.22036679585422408,0.7796332041457759,Hold,61.734936,62.363255,61.247284,61.884983,21882
2025-06-24 01:00:00,0,0.22754345816201962,0.7724565418379804,Hold,61.875603,62.48517,61.828712,62.25072,12161
2025-06-24 02:00:00,0,0.23634690832860158,0.7636530916713984,Hold,62.25072,63.010334,62.222588,62.691483,13215
2025-06-24 03:00:00,0,0.2186716856218647,0.7813283143781353,Hold,62.691483,62.80402,62.11005,62.71024,7590
2025-06-24 04:00:00,0,0.21153364143173592,0.7884663585682641,Hold,62.719616,62.775887,62.29761,62.475792,3982
2025-06-24 05:00:00,0,0.23506391100975302,0.764936088990247,Hold,62.48517,62.522682,61.57551,61.725555,6381
2025-06-24 06:00:00,0,0.20960978869522087,0.7903902113047792,Hold,61.71618,61.772446,60.647095,61.406708,22419
2025-06-24 07:00:00,0,0.23816558478446725,0.7618344152155327,Hold,61.416084,62.79464,61.406708,62.29761,25584
2025-06-24 08:00:00,0,0.20106014447195916,0.7989398555280408,Hold,62.306988,62.785263,61.791203,62.128807,19568
2025-06-24 09:00:00,0,0.21918483748041365,0.7808151625195864,Hold,62.11005,62.3445,61.866226,62.16632,8906
2025-06-24 10:00:00,0,0.2313858375898189,0.7686141624101811,Hold,62.175697,62.67273,62.03503,62.475792,11432
2025-06-24 11:00:00,0,0.2209743816473984,0.7790256183526016,Hold,62.457035,62.569572,61.76307,61.960007,14939
2025-06-24 12:00:00,0,0.21613251870009886,0.7838674812999011,Hold,61.950626,62.016273,61.34106,61.725555,16481
2025-06-24 13:00:00,0,0.1970536018904937,0.8029463981095063,Hold,61.725555,62.28823,60.834652,61.425465,46002
2025-06-24 14:00:00,0,0.21918449904805423,0.7808155009519457,Hold,61.397327,61.500484,60.693985,61.191013,25789
2025-06-24 15:00:00,0,0.2085549952091769,0.7914450047908231,Hold,61.200394,61.444218,60.468914,60.534557,23740
2025-06-24 16:00:00,0,0.17232649543619605,0.827673504563804,Hold,60.52518,60.67523,60.018772,60.234467,20906
2025-06-24 17:00:00,0,0.19977991188671346,0.8002200881132866,Hold,60.225086,60.881542,60.196953,60.825275,15929
2025-06-24 18:00:00,0,0.16877962401771565,0.8312203759822844,Hold,60.8159,60.872166,60.271976,60.66585,22675
2025-06-24 19:00:00,0,0.19455412645077683,0.8054458735492231,Hold,60.65647,61.069103,60.47829,60.890923,7902
2025-06-24 20:00:00,0,0.17533174153637238,0.8246682584636276,Hold,60.890923,61.11599,60.844032,60.965942,3079
2025-06-24 22:00:00,0,0.20327885071178234,0.7967211492882177,Hold,61.069103,61.34106,61.003456,61.069103,1981
2025-06-24 23:00:00,0,0.23261098910499511,0.7673890108950049,Hold,61.087856,61.097237,60.975323,61.07848,670
2025-06-25 00:00:00,0,0.19124407700630283,0.8087559229936971,Hold,61.07848,61.153503,60.956566,61.012833,2400
2025-06-25 01:00:00,0,0.2292721548319227,0.7707278451680772,Hold,61.012833,61.284794,61.003456,61.200394,3187
2025-06-25 02:00:00,0,0.21926213117535437,0.7807378688246456,Hold,61.20977,61.30355,61.097237,61.144123,1971
2025-06-25 03:00:00,0,0.19759657241245251,0.8024034275875475,Hold,61.153503,61.312927,61.11599,61.153503,1460
2025-06-25 04:00:00,0,0.2081783551512486,0.7918216448487514,Hold,61.16288,61.284794,61.040966,61.11599,1482
2025-06-25 05:00:00,0,0.2441191538031702,0.7558808461968298,Hold,61.11599,61.406708,61.022213,61.378574,2485
2025-06-25 06:00:00,0,0.21997778479692726,0.7800222152030727,Hold,61.369194,61.491108,61.181637,61.397327,3222
2025-06-25 07:00:00,0,0.23421751894888856,0.7657824810511115,Hold,61.38795,61.56613,61.35044,61.444218,5958
2025-06-25 08:00:00,0,0.22677382583774822,0.7732261741622518,Hold,61.444218,61.48173,61.040966,61.266037,6864
2025-06-25 09:00:00,0,0.2438968012383372,0.7561031987616628,Hold,61.25666,61.284794,60.85341,61.087856,5501
2025-06-25 10:00:00,0,0.21951410317702216,0.7804858968229779,Hold,61.07848,61.07848,60.740875,60.94719,3549
2025-06-25 11:00:00,0,0.24742965516355603,0.752570344836444,Hold,60.956566,60.99408,60.497047,60.75025,7320
2025-06-25 12:00:00,0,0.26621950358080243,0.7337804964191976,Hold,60.75963,61.03159,60.52518,60.99408,10366
2025-06-25 13:00:00,0,0.23980307136142973,0.7601969286385702,Hold,61.003456,61.20977,60.684605,60.825275,19369
2025-06-25 14:00:00,0,0.24438347796078508,0.7556165220392149,Hold,60.825275,61.406708,60.72212,61.16288,26349
2025-06-25 15:00:00,0,0.2886289939281997,0.7113710060718004,Hold,61.17226,61.603645,61.144123,61.47235,18430
2025-06-25 16:00:00,0,0.3160271387523825,0.6839728612476175,Hold,61.48173,61.922493,61.359818,61.556755,16288
2025-06-25 17:00:00,0,0.2856339318118356,0.7143660681881644,Hold,61.56613,61.734936,61.219147,61.228527,11227
2025-06-25 18:00:00,0,0.2952581564691331,0.7047418435308669,Hold,61.237904,61.378574,60.834652,61.191013,21840
2025-06-25 19:00:00,0,0.3243677961832718,0.6756322038167282,Hold,61.191013,61.247284,61.040966,61.16288,3360
2025-06-25 20:00:00,0,0.3143060388830022,0.6856939611169979,Hold,61.16288,61.16288,60.872166,60.9003,2479
2025-06-25 22:00:00,0,0.34060368199172675,0.6593963180082733,Hold,60.93781,61.237904,60.9003,61.191013,1265
2025-06-25 23:00:00,0,0.2726684353830968,0.7273315646169032,Hold,61.191013,61.219147,60.975323,61.003456,741
2025-06-26 00:00:00,0,0.2995142129351257,0.7004857870648743,Hold,61.012833,61.087856,60.85341,61.050346,1789
2025-06-26 01:00:00,0,0.3430313855590119,0.6569686144409881,Hold,61.050346,61.200394,61.012833,61.17226,1972
2025-06-26 02:00:00,0,0.3598050290185737,0.6401949709814263,Hold,61.17226,61.312927,61.12537,61.200394,1372
2025-06-26 03:00:00,0,0.35302071630700127,0.6469792836929987,Hold,61.191013,61.20977,61.022213,61.11599,1402
2025-06-26 04:00:00,0,0.4064257597220964,0.5935742402779036,Hold,61.12537,61.181637,61.069103,61.134747,538
2025-06-26 05:00:00,0,0.38884962857282457,0.6111503714271754,Hold,61.134747,61.200394,61.07848,61.134747,1007
2025-06-26 06:00:00,0,0.4167988841742612,0.5832011158257389,Hold,61.11599,61.491108,61.069103,61.444218,3055
2025-06-26 07:00:00,0,0.4003373110768782,0.5996626889231218,Hold,61.444218,61.444218,60.909676,61.069103,4905
2025-06-26 08:00:00,0,0.37749692906698396,0.622503070933016,Hold,61.07848,61.144123,60.76901,60.8159,6523
2025-06-26 09:00:00,0,0.3964844036078683,0.6035155963921317,Hold,60.80652,61.050346,60.63772,60.9847,6434
2025-06-26 10:00:00,0,0.41349394102797643,0.5865060589720236,Hold,60.99408,61.284794,60.94719,61.191013,4274
2025-06-26 11:00:00,0,0.401987544672397,0.5980124553276029,Hold,61.191013,61.275417,61.069103,61.25666,3227
2025-06-26 12:00:00,0,0.421039106233842,0.578960893766158,Hold,61.25666,61.369194,60.881542,60.9847,7308
2025-06-26 13:00:00,0,0.44087615621306414,0.5591238437869359,Hold,60.9847,61.58489,60.919056,61.35044,18467
2025-06-26 14:00:00,0,0.5137426249556962,0.4862573750443038,Sell,61.34106,62.07254,61.284794,62.03503,19513
2025-06-26 15:00:00,0,0.4718775180273225,0.5281224819726775,Hold,62.03503,62.28823,61.734936,61.772446,20291
2025-06-26 16:00:00,0,0.4975402784432461,0.5024597215567539,Hold,61.772446,62.02565,61.65053,61.950626,9646
2025-06-26 17:00:00,0,0.4422893620802514,0.5577106379197486,Hold,61.94125,61.960007,61.312927,61.38795,18673
2025-06-26 18:00:00,0,0.4196371496561172,0.5803628503438828,Hold,61.38795,61.425465,60.94719,61.237904,15516
2025-06-26 19:00:00,0,0.45421824558023843,0.5457817544197616,Hold,61.228527,61.425465,61.219147,61.359818,3390
2025-06-26 20:00:00,0,0.4026004420028671,0.597399557997133,Hold,61.369194,61.47235,61.097237,61.16288,2140
2025-06-26 22:00:00,0,0.47669108660357146,0.5233089133964286,Hold,61.237904,61.462975,61.17226,61.359818,971
2025-06-26 23:00:00,0,0.44453455015562915,0.5554654498443709,Hold,61.331684,61.378574,61.312927,61.331684,303
2025-06-27 00:00:00,0,0.46475810325155675,0.5352418967484432,Hold,61.331684,61.444218,61.266037,61.369194,1057
2025-06-27 01:00:00,0,0.4975144965889025,0.5024855034110975,Hold,61.378574,61.57551,61.378574,61.556755,1630
2025-06-27 02:00:00,0,0.44940830789612757,0.5505916921038725,Hold,61.547375,61.63178,61.500484,61.556755,1078
2025-06-27 03:00:00,0,0.41698029378590107,0.5830197062140989,Hold,61.556755,61.594265,61.43484,61.453598,979
2025-06-27 04:00:00,0,0.4975412356707273,0.5024587643292727,Hold,61.453598,61.594265,61.43484,61.538,700
2025-06-27 05:00:00,0,0.49747413895942616,0.5025258610405738,Hold,61.52862,61.641155,61.500484,61.57551,1112
2025-06-27 06:00:00,0,0.4549333521809727,0.5450666478190274,Hold,61.594265,61.66929,61.453598,61.509865,1937
2025-06-27 07:00:00,0,0.5094444986905133,0.49055550130948666,Sell,61.51924,61.772446,61.453598,61.52862,3192
2025-06-27 08:00:00,1,0.5205358821370956,0.47946411786290444,Sell,61.538,61.838093,61.500484,61.75369,4557
2025-06-27 09:00:00,0,0.5286056210903136,0.4713943789096864,Sell,61.75369,61.80996,61.57551,61.603645,2762
2025-06-27 10:00:00,0,0.47398415491853746,0.5260158450814625,Hold,61.603645,61.744312,61.247284,61.275417,2928
2025-06-27 11:00:00,0,0.5368100722622986,0.4631899277377014,Sell,61.275417,61.725555,61.25666,61.678665,4510
2025-06-27 12:00:00,0,0.4888540998996346,0.5111459001003654,Hold,61.678665,61.75369,61.406708,61.52862,4839
2025-06-27 13:00:00,0,0.5723346813011319,0.42766531869886815,Sell,61.538,61.89436,61.51924,61.781826,14422
2025-06-27 14:00:00,0,0.5616376636566769,0.4383623363433231,Sell,61.791203,61.913116,61.556755,61.772446,9713
2025-06-27 15:00:00,0,0.4514776029412111,0.5485223970587889,Hold,61.772446,61.97876,60.76901,61.181637,29792
2025-06-27 16:00:00,0,0.4272759683311438,0.5727240316688562,Hold,61.191013,61.29417,60.9003,61.07848,12813
2025-06-27 17:00:00,0,0.47514941232067465,0.5248505876793254,Hold,61.087856,61.453598,60.956566,61.416084,12222
2025-06-27 18:00:00,0,0.4301722433403357,0.5698277566596643,Hold,61.425465,61.52862,61.219147,61.25666,13882
2025-06-27 19:00:00,0,0.3914096241804852,0.6085903758195148,Hold,61.247284,61.25666,60.99408,61.069103,3048
2025-06-27 20:00:00,0,0.3759434662019476,0.6240565337980524,Hold,61.07848,61.144123,61.003456,61.022213,1772
2025-06-29 22:00:00,0,0.3680676685809331,0.6319323314190669,Hold,61.097237,61.153503,60.70336,60.75025,2651
2025-06-29 23:00:00,0,0.35766136225077594,0.6423386377492241,Hold,60.75963,60.881542,60.731495,60.78776,1012
2025-06-30 00:00:00,0,0.31294276295196677,0.6870572370480332,Hold,60.78776,60.797142,60.48767,60.65647,2862
2025-06-30 01:00:00,0,0.35861688500251665,0.6413831149974834,Hold,60.65647,60.825275,60.61896,60.797142,2948
2025-06-30 02:00:00,0,0.3974579932611972,0.6025420067388028,Hold,60.78776,61.219147,60.78776,61.11599,2902
2025-06-30 03:00:00,0,0.41479281920206945,0.5852071807979305,Hold,61.12537,61.200394,61.050346,61.097237,1321
2025-06-30 04:00:00,0,0.41433864133818543,0.5856613586618146,Hold,61.106613,61.219147,61.087856,61.153503,624
2025-06-30 05:00:00,0,0.42476730134570323,0.5752326986542968,Hold,61.153503,61.378574,61.134747,61.369194,1375
2025-06-30 06:00:00,0,0.4039753399295852,0.5960246600704149,Hold,61.359818,61.378574,61.03159,61.040966,1922
2025-06-30 07:00:00,0,0.43036002887372965,0.5696399711262703,Hold,61.040966,61.359818,60.965942,61.12537,3065
2025-06-30 08:00:00,0,0.4576353294356225,0.5423646705643774,Hold,61.153503,61.725555,61.11599,61.43484,5797
2025-06-30 09:00:00,0,0.48960232014511806,0.5103976798548819,Hold,61.425465,61.57551,61.097237,61.29417,4019
2025-06-30 10:00:00,0,0.461476221753498,0.538523778246502,Hold,61.275417,61.406708,61.17226,61.20977,2674
2025-06-30 11:00:00,0,0.5181426168416723,0.4818573831583277,Sell,61.219147,61.30355,61.097237,61.284794,3223
2025-06-30 12:00:00,0,0.553383559352529,0.44661644064747097,Sell,61.284794,61.43484,61.237904,61.331684,4119
2025-06-30 13:00:00,0,0.5434174267581542,0.4565825732418458,Sell,61.312927,61.38795,60.975323,61.275417,13322
2025-06-30 14:00:00,0,0.48678023525530023,0.5132197647446998,Hold,61.266037,61.38795,60.75963,60.80652,12792
2025-06-30 15:00:00,0,0.49282314826409446,0.5071768517359055,Hold,60.8159,60.975323,60.60958,60.78776,13168
2025-06-30 16:00:00,0,0.5191741997910636,0.4808258002089364,Sell,60.797142,61.059723,60.731495,61.050346,9265
2025-06-30 17:00:00,0,0.4653826152894844,0.5346173847105156,Hold,61.050346,61.11599,60.862785,60.881542,7245
2025-06-30 18:00:00,0,0.5141060648214956,0.48589393517850443,Sell,60.890923,61.087856,60.797142,60.956566,10606
2025-06-30 19:00:00,0,0.4902200882556355,0.5097799117443644,Hold,60.956566,60.965942,60.8159,60.956566,2665
2025-06-30 20:00:00,0,0.5085211307145543,0.4914788692854457,Sell,60.94719,61.059723,60.862785,60.928432,1853
2025-06-30 22:00:00,0,0.48619662994711554,0.5138033700528845,Hold,60.919056,60.975323,60.797142,60.928432,633
2025-06-30 23:00:00,0,0.4464536870545122,0.5535463129454878,Hold,60.93781,60.93781,60.85341,60.881542,273
2025-07-01 00:00:00,0,0.53651330572266,0.46348669427734,Sell,60.881542,60.93781,60.80652,60.881542,940
2025-07-01 01:00:00,0,0.4988495173339761,0.5011504826660239,Hold,60.890923,60.919056,60.740875,60.75025,1155
2025-07-01 02:00:00,0,0.5432048549291213,0.4567951450708787,Sell,60.75963,60.778385,60.647095,60.75025,1218
2025-07-01 03:00:00,0,0.4763749533026465,0.5236250466973535,Hold,60.75963,60.78776,60.67523,60.72212,556
2025-07-01 04:00:00,0,0.4738370834255642,0.5261629165744358,Hold,60.731495,60.78776,60.70336,60.75025,433
2025-07-01 05:00:00,0,0.4536876002351175,0.5463123997648824,Hold,60.75025,60.881542,60.70336,60.862785,945
2025-07-01 06:00:00,0,0.4927030806579511,0.5072969193420489,Hold,60.862785,61.20977,60.862785,61.16288,3488
2025-07-01 07:00:00,0,0.5158045234177716,0.4841954765822284,Sell,61.17226,61.20977,60.67523,61.087856,5326
2025-07-01 08:00:00,0,0.5115601718273634,0.48843982817263665,Sell,61.087856,61.25666,61.003456,61.050346,5522
2025-07-01 09:00:00,0,0.46008501053212286,0.5399149894678772,Hold,61.040966,61.153503,60.872166,60.9003,3552
2025-07-01 10:00:00,0,0.567296821340384,0.43270317865961605,Sell,60.909676,61.80058,60.9003,61.678665,8383
2025-07-01 11:00:00,0,0.5552707067085515,0.4447292932914485,Sell,61.66929,61.697422,61.462975,61.594265,4696
2025-07-01 12:00:00,0,0.6301378958724534,0.3698621041275466,Sell,61.594265,61.875603,61.35044,61.791203,8145
2025-07-01 13:00:00,0,0.5666372843942054,0.43336271560579465,Sell,61.80058,61.838093,61.284794,61.35044,13414
2025-07-01 14:00:00,0,0.5586948926866921,0.44130510731330785,Sell,61.34106,61.51924,61.106613,61.247284,10917
2025-07-01 15:00:00,0,0.5690348735318357,0.4309651264681643,Sell,61.247284,61.641155,61.200394,61.63178,11268
2025-07-01 16:00:00,0,0.5830646085527923,0.4169353914472077,Sell,61.641155,61.706802,61.43484,61.594265,8899
2025-07-01 17:00:00,0,0.5722017627293097,0.42779823727069033,Sell,61.594265,61.61302,61.34106,61.425465,6984
2025-07-01 18:00:00,0,0.5884407337444705,0.4115592662555295,Sell,61.43484,61.509865,61.266037,61.48173,9666
2025-07-01 19:00:00,0,0.5363699455109395,0.4636300544890605,Sell,61.48173,61.63178,61.425465,61.603645,2673
2025-07-01 20:00:00,0,0.5400001862714112,0.4599998137285888,Sell,61.61302,61.659912,61.444218,61.453598,2682
2025-07-01 22:00:00,0,0.5277680364063412,0.4722319635936588,Sell,61.48173,61.56613,61.359818,61.378574,859
2025-07-01 23:00:00,0,0.5197000388387056,0.48029996116129436,Sell,61.378574,61.38795,61.331684,61.34106,292
2025-07-02 00:00:00,0,0.4901363334363587,0.5098636665636413,Hold,61.34106,61.491108,61.29417,61.29417,1484
2025-07-02 01:00:00,0,0.506728602562289,0.493271397437711,Sell,61.312927,61.397327,61.275417,61.38795,1162
2025-07-02 02:00:00,0,0.4890292338077951,0.5109707661922049,Hold,61.397327,61.47235,61.38795,61.397327,803
2025-07-02 03:00:00,0,0.48143031565184835,0.5185696843481516,Hold,61.406708,61.416084,61.34106,61.378574,701
2025-07-02 04:00:00,0,0.48667487561507433,0.5133251243849257,Hold,61.378574,61.43484,61.369194,61.43484,263
2025-07-02 05:00:00,0,0.5233255007307747,0.47667449926922534,Sell,61.43484,61.500484,61.35044,61.47235,1127
2025-07-02 06:00:00,0,0.5327975473164978,0.46720245268350225,Sell,61.462975,61.500484,61.200394,61.266037,2552
2025-07-02 07:00:00,0,0.5353056025420767,0.4646943974579233,Sell,61.275417,61.697422,61.17226,61.65053,4710
2025-07-02 08:00:00,0,0.5337410512787432,0.46625894872125684,Sell,61.659912,61.706802,61.359818,61.63178,6742
2025-07-02 09:00:00,0,0.5632621847311338,0.43673781526886624,Sell,61.63178,61.950626,61.57551,61.84747,5616
2025-07-02 10:00:00,0,0.5625978589081978,0.4374021410918022,Sell,61.838093,62.185074,61.76307,62.100674,6113
2025-07-02 11:00:00,0,0.5320015524144395,0.46799844758556053,Sell,62.11005,62.29761,62.100674,62.20383,5388
2025-07-02 12:00:00,0,0.5517438298675114,0.44825617013248864,Sell,62.20383,62.20383,61.89436,62.016273,6428
2025-07-02 13:00:00,0,0.560583349328457,0.439416650671543,Sell,62.006893,62.07254,61.594265,61.641155,12456
2025-07-02 14:00:00,0,0.5621774688536236,0.43782253114637637,Sell,61.63178,61.744312,61.219147,61.65053,23937
2025-07-02 15:00:00,0,0.4637503561700186,0.5362496438299814,Hold,61.659912,62.550816,61.603645,62.353878,20229
2025-07-02 16:00:00,0,0.496188858704238,0.503811141295762,Hold,62.363255,62.738373,62.185074,62.700863,15036
2025-07-02 17:00:00,0,0.3795175858577857,0.6204824141422143,Hold,62.71024,63.376072,62.653973,63.319805,19493
2025-07-02 18:00:00,0,0.38260849119913976,0.6173915088008602,Hold,63.32918,63.35732,62.991577,63.104115,19950
2025-07-02 19:00:00,0,0.3799939934716565,0.6200060065283435,Hold,63.11349,63.24478,63.010334,63.02909,3093
2025-07-02 20:00:00,0,0.3810609606879516,0.6189390393120484,Hold,63.038467,63.34794,63.010334,63.32918,3130
2025-07-02 22:00:00,0,0.4005825268914026,0.5994174731085974,Hold,63.30105,63.30105,63.104115,63.11349,547
2025-07-02 23:00:00,0,0.39144054650268584,0.6085594534973142,Hold,63.104115,63.141624,63.038467,63.038467,412
2025-07-03 00:00:00,0,0.4254180062918903,0.5745819937081097,Hold,63.047844,63.169758,62.9822,62.991577,2122
2025-07-03 01:00:00,0,0.42888445840767647,0.5711155415923235,Hold,63.000957,63.01971,62.700863,62.719616,4042
2025-07-03 02:00:00,0,0.42356165589404926,0.5764383441059507,Hold,62.728996,62.766506,62.62584,62.738373,1786
2025-07-03 03:00:00,0,0.45603006916117383,0.5439699308388262,Hold,62.738373,62.860287,62.691483,62.832153,1323
2025-07-03 04:00:00,0,0.4470648596079953,0.5529351403920046,Hold,62.832153,62.869663,62.79464,62.822777,732
2025-07-03 05:00:00,0,0.45898958950475166,0.5410104104952483,Hold,62.822777,62.84153,62.719616,62.747753,1515
2025-07-03 06:00:00,0,0.48740269077736226,0.5125973092226377,Hold,62.766506,62.925934,62.653973,62.728996,2567
2025-07-03 07:00:00,0,0.4906741209546937,0.5093258790453064,Hold,62.728996,62.785263,62.503925,62.67273,4260
2025-07-03 08:00:00,0,0.4889417219451533,0.5110582780548467,Hold,62.682106,62.879044,62.53206,62.80402,6287
2025-07-03 09:00:00,0,0.4854788332201664,0.5145211667798336,Hold,62.80402,62.84153,62.53206,62.719616,3772
2025-07-03 10:00:00,1,0.5066285316016906,0.49337146839830937,Sell,62.728996,63.19789,62.728996,63.151,5635
2025-07-03 11:00:00,1,0.5591505005870027,0.44084949941299734,Sell,63.141624,63.376072,62.991577,63.235405,4972
2025-07-03 12:00:00,1,0.5154040475414149,0.4845959524585851,Sell,63.226025,63.319805,62.925934,63.21665,9838
2025-07-03 13:00:00,1,0.49805295541120687,0.5019470445887931,Hold,63.21665,63.235405,62.79464,62.963444,13692
2025-07-03 14:00:00,0,0.49535967543106296,0.504640324568937,Hold,62.97282,63.282295,62.39139,62.775887,17952
2025-07-03 15:00:00,0,0.5417433449033564,0.4582566550966436,Sell,62.785263,62.85091,62.40077,62.785263,16460
2025-07-03 16:00:00,0,0.49758507182017303,0.5024149281798269,Hold,62.785263,62.813396,62.57895,62.67273,8714
2025-07-03 17:00:00,1,0.4743587460416916,0.5256412539583084,Hold,62.66335,62.907177,62.653973,62.775887,5858
2025-07-03 18:00:00,1,0.5151329318778027,0.48486706812219726,Sell,62.766506,62.944687,62.682106,62.93531,9212
2025-07-03 19:00:00,1,0.5088705489037494,0.4911294510962506,Sell,62.925934,63.057224,62.916553,63.010334,1997
2025-07-03 20:00:00,1,0.5405022030624,0.45949779693759996,Sell,63.01971,63.02909,62.963444,63.000957,900
2025-07-03 22:00:00,1,0.5147942951159822,0.4852057048840178,Sell,62.954067,63.000957,62.832153,62.9822,345
2025-07-03 23:00:00,1,0.5363746935577165,0.4636253064422835,Sell,62.991577,62.991577,62.944687,62.963444,139
2025-07-04 00:00:00,1,0.48876308675976565,0.5112369132402343,Hold,62.954067,62.97282,62.822777,62.925934,609
2025-07-04 01:00:00,1,0.43453783864195195,0.565462161358048,Hold,62.925934,62.991577,62.71024,62.719616,923
2025-07-04 02:00:00,0,0.46687513006598125,0.5331248699340188,Hold,62.71024,62.747753,62.62584,62.635216,644
2025-07-04 03:00:00,1,0.5291409232103429,0.4708590767896571,Sell,62.62584,62.691483,62.569572,62.682106,769
2025-07-04 04:00:00,1,0.5300999211177644,0.4699000788822356,Sell,62.682106,62.80402,62.644592,62.79464,636
2025-07-04 05:00:00,1,0.5518022064069527,0.44819779359304734,Sell,62.79464,62.85091,62.719616,62.80402,1034
2025-07-04 06:00:00,0,0.45779477179728495,0.542205228202715,Hold,62.80402,62.822777,62.541435,62.588326,2311
2025-07-04 07:00:00,1,0.5494395303599356,0.45056046964006435,Sell,62.597706,62.916553,62.569572,62.832153,2193
2025-07-04 08:00:00,1,0.4379955910074122,0.5620044089925877,Hold,62.832153,62.832153,62.353878,62.410145,4836
2025-07-04 09:00:00,0,0.4056970430209373,0.5943029569790628,Hold,62.40077,62.457035,61.93187,62.15694,6065
2025-07-04 10:00:00,0,0.4272372587594576,0.5727627412405424,Hold,62.147564,62.353878,62.11943,62.325745,2003
2025-07-04 11:00:00,0,0.44632106537925603,0.553678934620744,Hold,62.325745,62.40077,62.21321,62.353878,2161
2025-07-04 12:00:00,0,0.444616494768464,0.555383505231536,Hold,62.363255,62.48517,62.231964,62.260098,2373
2025-07-04 13:00:00,0,0.47511673850624714,0.5248832614937529,Hold,62.260098,62.31637,62.053783,62.231964,5191
2025-07-04 14:00:00,0,0.44944618368279404,0.5505538163172059,Hold,62.231964,62.39139,62.11943,62.306988,4224
2025-07-04 15:00:00,0,0.42788843939604687,0.5721115606039531,Hold,62.29761,62.46641,62.11943,62.25072,6159
2025-07-04 16:00:00,0,0.4566457617718454,0.5433542382281547,Hold,62.260098,62.372635,62.16632,62.363255,2778
2025-07-06 22:00:00,0,0.3440284167533626,0.6559715832466374,Hold,61.61302,62.03503,61.331684,61.997517,5764
2025-07-06 23:00:00,0,0.33579236363493925,0.6642076363650607,Hold,61.98814,62.063164,61.791203,61.819336,1272
2025-07-07 00:00:00,0,0.3476869730010322,0.6523130269989679,Hold,61.80996,61.80996,61.453598,61.791203,3075
2025-07-07 01:00:00,0,0.39021986665173236,0.6097801333482676,Hold,61.791203,61.89436,61.491108,61.744312,2665
2025-07-07 02:00:00,0,0.4167084842362819,0.5832915157637182,Hold,61.75369,61.89436,61.697422,61.838093,1132
2025-07-07 03:00:00,0,0.4101444115883567,0.5898555884116433,Hold,61.838093,62.02565,61.791203,61.884983,1173
2025-07-07 04:00:00,0,0.40932714077472304,0.590672859225277,Hold,61.89436,62.185074,61.884983,62.11943,1208
2025-07-07 05:00:00,0,0.44168544792591813,0.5583145520740819,Hold,62.11005,62.241344,62.091297,62.15694,1300
2025-07-07 06:00:00,0,0.4750735628755211,0.5249264371244788,Hold,62.15694,62.306988,62.11005,62.28823,2435
2025-07-07 07:00:00,0,0.5250469044373273,0.47495309556267273,Sell,62.29761,62.475792,62.15694,62.43828,4539
2025-07-07 08:00:00,0,0.5074806744299002,0.4925193255700998,Sell,62.44766,62.869663,62.063164,62.79464,11204
2025-07-07 09:00:00,0,0.49249801694205503,0.507501983057945,Hold,62.80402,63.000957,62.61646,62.97282,4852
2025-07-07 10:00:00,0,0.43781529762375865,0.5621847023762414,Hold,62.9822,63.010334,62.747753,62.79464,4270
2025-07-07 11:00:00,0,0.48154320187447824,0.5184567981255217,Hold,62.79464,62.93531,62.700863,62.775887,3390
2025-07-07 12:00:00,0,0.5084985895835462,0.4915014104164538,Sell,62.785263,63.141624,62.691483,62.9822,7482
2025-07-07 13:00:00,0,0.4764504860732925,0.5235495139267075,Hold,62.9822,63.460476,62.85091,63.169758,15495
2025-07-07 14:00:00,0,0.4485584805060078,0.5514415194939922,Hold,63.169758,63.685543,62.97282,63.404205,18808
2025-07-07 15:00:00,0,0.4017665873399876,0.5982334126600124,Hold,63.404205,63.469852,63.151,63.422962,12160
2025-07-07 16:00:00,0,0.43125029316391184,0.5687497068360882,Hold,63.422962,63.788704,63.085358,63.507362,15226
2025-07-07 17:00:00,0,0.4552509932975665,0.5447490067024334,Hold,63.516743,63.5355,63.16038,63.24478,12630
2025-07-07 18:00:00,0,0.43864584840187304,0.561354151598127,Hold,63.24478,64.07004,63.010334,63.83559,26701
2025-07-07 19:00:00,0,0.40654812026079284,0.5934518797392072,Hold,63.83559,63.88248,63.741814,63.75119,2896
2025-07-07 20:00:00,0,0.3928444595323187,0.6071555404676813,Hold,63.75119,63.873104,63.676167,63.694923,2012
2025-07-07 22:00:00,0,0.42022114183302656,0.5797788581669734,Hold,63.732433,63.741814,63.507362,63.544876,980
2025-07-07 23:00:00,0,0.46149369304058296,0.538506306959417,Hold,63.544876,63.629276,63.5355,63.57301,618
2025-07-08 00:00:00,0,0.4459316345564103,0.5540683654435897,Hold,63.554253,63.61052,63.35732,63.422962,1868
2025-07-08 01:00:00,0,0.4768332942542781,0.5231667057457219,Hold,63.413586,63.44172,63.20727,63.385452,2759
2025-07-08 02:00:00,0,0.4412920431644003,0.5587079568355997,Hold,63.376072,63.451096,63.235405,63.413586,1202
2025-07-08 03:00:00,0,0.4703755473383267,0.5296244526616734,Hold,63.43234,63.497986,63.385452,63.422962,775
2025-07-08 04:00:00,0,0.48431635199390105,0.5156836480060989,Hold,63.422962,63.44172,63.366695,63.376072,772
2025-07-08 05:00:00,0,0.4637158662211557,0.5362841337788443,Hold,63.385452,63.582386,63.29167,63.48861,1543
2025-07-08 06:00:00,0,0.4842937112553226,0.5157062887446774,Hold,63.497986,63.563633,63.272915,63.29167,2397
2025-07-08 07:00:00,0,0.47682519134595513,0.5231748086540449,Hold,63.29167,63.638657,63.282295,63.30105,5567
2025-07-08 08:00:00,0,0.47193733025655166,0.5280626697434483,Hold,63.31043,63.413586,63.141624,63.21665,5549
2025-07-08 09:00:00,0,0.510588003876423,0.489411996123577,Sell,63.21665,63.460476,63.141624,63.19789,3691
2025-07-08 10:00:00,0,0.5408060558829796,0.4591939441170204,Sell,63.19789,63.591766,63.17914,63.57301,3048
2025-07-08 11:00:00,0,0.4743574190526377,0.5256425809473624,Hold,63.57301,63.65741,63.47923,63.591766,3470
2025-07-08 12:00:00,0,0.4725904906378742,0.5274095093621258,Hold,63.582386,63.760567,63.48861,63.676167,4322
2025-07-08 13:00:00,0,0.48713901381765,0.51286098618235,Hold,63.685543,63.71368,63.35732,63.582386,10762
2025-07-08 14:00:00,0,0.4712090605146681,0.5287909394853318,Hold,63.582386,63.919994,63.31043,63.84497,15877
2025-07-08 15:00:00,0,0.42344829054371336,0.5765517094562866,Hold,63.84497,64.24822,63.75119,64.145065,15020
2025-07-08 16:00:00,0,0.4382003731323398,0.5617996268676602,Hold,64.15444,64.46391,64.051285,64.44516,11571
2025-07-08 17:00:00,0,0.3407940225181693,0.6592059774818306,Hold,64.44516,64.62334,64.238846,64.30449,11129
2025-07-08 18:00:00,0,0.36153467927881694,0.638465320721183,Hold,64.30449,64.313866,64.004395,64.145065,11401
2025-07-08 19:00:00,0,0.3577773298350962,0.6422226701649039,Hold,64.13569,64.238846,64.03253,64.051285,1944
2025-07-08 20:00:00,0,0.36806614320298214,0.6319338567970179,Hold,64.06066,64.13569,63.873104,63.938747,3501
2025-07-08 22:00:00,0,0.34722648928903455,0.6527735107109655,Hold,63.938747,63.948128,63.563633,63.873104,1518
2025-07-08 23:00:00,0,0.4028719640175685,0.5971280359824316,Hold,63.873104,63.919994,63.807457,63.826214,328
2025-07-09 00:00:00,0,0.3728390315592809,0.6271609684407191,Hold,63.826214,63.938747,63.75119,63.919994,1231
2025-07-09 01:00:00,0,0.4131146796310872,0.5868853203689128,Hold,63.92937,63.948128,63.79808,63.910614,1301
2025-07-09 02:00:00,0,0.4075810822903705,0.5924189177096295,Hold,63.901237,63.948128,63.854347,63.873104,725
2025-07-09 03:00:00,0,0.43705988758353737,0.5629401124164626,Hold,63.88248,64.02315,63.873104,64.004395,881
2025-07-09 04:00:00,0,0.40895371197588626,0.5910462880241137,Hold,63.995018,64.004395,63.901237,63.901237,648
2025-07-09 05:00:00,0,0.4488641835046684,0.5511358164953316,Hold,63.89186,63.938747,63.826214,63.901237,910
2025-07-09 06:00:00,0,0.4672562387426418,0.5327437612573582,Hold,63.89186,64.01377,63.826214,63.995018,1486
2025-07-09 07:00:00,0,0.5063751867581553,0.4936248132418447,Sell,64.004395,64.407646,63.995018,64.37951,4391
2025-07-09 08:00:00,1,0.524789293294185,0.475210706705815,Sell,64.37951,64.651474,64.35138,64.61396,5022
2025-07-09 09:00:00,1,0.49978288249755193,0.5002171175024481,Hold,64.61396,64.63271,64.27635,64.37013,3648
2025-07-09 10:00:00,0,0.5004618030794736,0.49953819692052637,Sell,64.360756,64.407646,64.18257,64.266975,3006
2025-07-09 11:00:00,0,0.4826655039898354,0.5173344960101647,Hold,64.2576,64.33262,64.126305,64.27635,2890
2025-07-09 12:00:00,0,0.43144594299444466,0.5685540570055554,Hold,64.266975,64.39827,63.901237,64.11693,6465
2025-07-09 13:00:00,0,0.4543028549540062,0.5456971450459938,Hold,64.126305,64.126305,63.48861,63.676167,16483
2025-07-09 14:00:00,0,0.4711789775942502,0.5288210224057498,Hold,63.676167,64.18257,63.507362,64.10755,16119
2025-07-09 15:00:00,1,0.43386309234516873,0.5661369076548313,Hold,64.11693,64.44516,64.04191,64.4264,13100
2025-07-09 16:00:00,1,0.4525993974411587,0.5474006025588414,Hold,64.435776,64.53894,64.13569,64.45454,8834
2025-07-09 17:00:00,1,0.41106903964922703,0.588930960350773,Hold,64.46391,64.58582,64.2576,64.37013,8051
2025-07-09 18:00:00,1,0.42191578172644173,0.5780842182735583,Hold,64.37013,64.37951,64.02315,64.051285,11237
2025-07-09 19:00:00,0,0.45426773510984314,0.5457322648901568,Hold,64.06066,64.10755,63.966885,64.051285,2782
2025-07-09 20:00:00,0,0.4220949709930315,0.5779050290069685,Hold,64.051285,64.0888,64.01377,64.04191,1192
2025-07-09 22:00:00,0,0.41356510901525384,0.5864348909847461,Hold,64.04191,64.06066,63.957504,63.97626,351
2025-07-09 23:00:00,0,0.4206101017963483,0.5793898982036517,Hold,63.966885,63.995018,63.89186,63.938747,362
2025-07-10 00:00:00,0,0.36706017789637674,0.6329398221036233,Hold,63.938747,63.948128,63.807457,63.863724,1093
2025-07-10 01:00:00,0,0.3986970213346831,0.6013029786653169,Hold,63.873104,64.13569,63.873104,63.995018,1391
2025-07-10 02:00:00,0,0.4347045808275586,0.5652954191724414,Hold,63.985638,64.10755,63.966885,64.07004,687
2025-07-10 03:00:00,0,0.475671915126581,0.524328084873419,Hold,64.07004,64.098175,64.01377,64.079414,647
2025-07-10 04:00:00,1,0.4690015364554443,0.5309984635445557,Hold,64.07004,64.220085,64.04191,64.20133,981
2025-07-10 05:00:00,0,0.47419146054134714,0.5258085394586529,Hold,64.20133,64.220085,64.098175,64.126305,900
2025-07-10 06:00:00,0,0.49023760423901924,0.5097623957609807,Hold,64.126305,64.30449,64.03253,64.126305,2628
2025-07-10 07:00:00,0,0.44042089831559156,0.5595791016844085,Hold,64.11693,64.21071,63.938747,64.01377,2971
2025-07-10 08:00:00,0,0.44755990656767647,0.5524400934323235,Hold,64.01377,64.145065,63.685543,63.816837,5313
2025-07-10 09:00:00,0,0.49993103976131076,0.5000689602386892,Hold,63.816837,63.948128,63.760567,63.816837,3214
2025-07-10 10:00:00,0,0.5236604756142479,0.4763395243857521,Sell,63.826214,63.948128,63.732433,63.901237,1992
2025-07-10 11:00:00,0,0.35685858659878666,0.6431414134012133,Hold,63.89186,64.37951,63.226025,63.422962,18506
2025-07-10 12:00:00,1,0.418581711356146,0.5814182886438539,Hold,63.422962,63.676167,63.366695,63.591766,6037
2025-07-10 13:00:00,0,0.45233274980848226,0.5476672501915177,Hold,63.601143,63.676167,62.48517,62.738373,27856
2025-07-10 14:00:00,0,0.4609031352540082,0.5390968647459917,Hold,62.747753,63.17914,62.719616,62.907177,15072
2025-07-10 15:00:00,0,0.39195383848693194,0.6080461615130681,Hold,62.897797,63.01971,62.43828,62.550816,12309
2025-07-10 16:00:00,0,0.44114168479222327,0.5588583152077767,Hold,62.560192,62.879044,62.541435,62.607082,7844
2025-07-10 17:00:00,0,0.385956693172528,0.614043306827472,Hold,62.607082,62.67273,62.39139,62.48517,9551
2025-07-10 18:00:00,0,0.4324841174330323,0.5675158825669677,Hold,62.48517,62.75713,62.31637,62.682106,15377
2025-07-10 19:00:00,0,0.4172925650947363,0.5827074349052637,Hold,62.691483,62.775887,62.644592,62.75713,2842
2025-07-10 20:00:00,0,0.4038458772577887,0.5961541227422114,Hold,62.747753,62.75713,62.66335,62.71024,1761
2025-07-10 22:00:00,0,0.4114555696744554,0.5885444303255446,Hold,62.691483,62.80402,62.691483,62.728996,546
2025-07-10 23:00:00,0,0.37972835062134513,0.6202716493786549,Hold,62.728996,62.747753,62.62584,62.653973,375
2025-07-11 00:00:00,0,0.35710443319220436,0.6428955668077956,Hold,62.66335,62.766506,62.5133,62.53206,2124
2025-07-11 01:00:00,0,0.39879913663469274,0.6012008633653072,Hold,62.541435,62.954067,62.49455,62.916553,2192
2025-07-11 02:00:00,0,0.38823836125214,0.6117616387478599,Hold,62.916553,62.93531,62.700863,62.71024,1117
2025-07-11 03:00:00,0,0.3707536318992618,0.6292463681007382,Hold,62.691483,62.785263,62.61646,62.700863,766
2025-07-11 04:00:00,0,0.33942884005855667,0.6605711599414433,Hold,62.71024,62.738373,62.522682,62.560192,1066
2025-07-11 05:00:00,0,0.35922308901057376,0.6407769109894262,Hold,62.550816,62.785263,62.550816,62.682106,1210
2025-07-11 06:00:00,0,0.40187150074092554,0.5981284992590745,Hold,62.691483,63.01971,62.66335,62.916553,2231
2025-07-11 07:00:00,0,0.3935672583010207,0.6064327416989793,Hold,62.907177,62.963444,62.644592,62.67273,2601
2025-07-11 08:00:00,0,0.3733480570077018,0.6266519429922982,Hold,62.67273,62.85091,62.363255,62.43828,5029
2025-07-11 09:00:00,0,0.4109062429253532,0.5890937570746468,Hold,62.43828,62.719616,62.39139,62.597706,3182
2025-07-11 10:00:00,0,0.4430638715816569,0.5569361284183432,Hold,62.597706,62.907177,62.569572,62.79464,3017
2025-07-11 11:00:00,0,0.43660646696049993,0.5633935330395001,Hold,62.79464,63.338562,62.766506,63.282295,5502
2025-07-11 12:00:00,0,0.43010339773212436,0.5698966022678756,Hold,63.282295,63.30105,62.9822,63.047844,5801
2025-07-11 13:00:00,0,0.42909685532164904,0.570903144678351,Hold,63.047844,63.694923,62.9822,63.460476,12857
2025-07-11 14:00:00,0,0.4703873708640162,0.5296126291359837,Hold,63.451096,64.06066,63.385452,63.948128,18314
2025-07-11 15:00:00,0,0.424568146658855,0.575431853341145,Hold,63.957504,64.313866,63.938747,64.2576,14596
2025-07-11 16:00:00,0,0.37381787107356623,0.6261821289264338,Hold,64.2576,64.266975,64.004395,64.051285,8426
2025-07-11 17:00:00,0,0.38359083465457317,0.6164091653454269,Hold,64.051285,64.313866,63.995018,64.29511,6444
2025-07-11 18:00:00,0,0.35913364762750466,0.6408663523724953,Hold,64.29511,64.37013,64.051285,64.35138,14794
2025-07-11 19:00:00,0,0.34678924208380485,0.6532107579161952,Hold,64.360756,64.407646,64.27635,64.37013,3972
2025-07-11 20:00:00,0,0.3340283284169251,0.6659716715830749,Hold,64.37013,64.49205,64.266975,64.47329,3167
2025-07-13 22:00:00,0,0.29356383523054325,0.7064361647694568,Hold,64.407646,64.66085,64.20133,64.220085,2305
2025-07-13 23:00:00,0,0.33895127022148536,0.6610487297785146,Hold,64.220085,64.313866,64.20133,64.29511,504
2025-07-14 00:00:00,0,0.38464087021539967,0.6153591297846004,Hold,64.30449,64.37951,64.20133,64.37013,1403
2025-07-14 01:00:00,0,0.37273340519361087,0.6272665948063891,Hold,64.360756,64.407646,64.15444,64.20133,1463
2025-07-14 02:00:00,0,0.3921193979811564,0.6078806020188436,Hold,64.21071,64.30449,64.173195,64.30449,721
2025-07-14 03:00:00,0,0.40278068021948504,0.5972193197805149,Hold,64.313866,64.35138,64.24822,64.32324,638
2025-07-14 04:00:00,0,0.4254374773394768,0.5745625226605232,Hold,64.32324,64.407646,64.30449,64.360756,509
2025-07-14 05:00:00,0,0.44533502110798134,0.5546649788920186,Hold,64.360756,64.37951,64.266975,64.285736,884
2025-07-14 06:00:00,0,0.4859717606609408,0.5140282393390592,Hold,64.285736,64.44516,64.24822,64.360756,1554
2025-07-14 07:00:00,0,0.5371013457837706,0.46289865421622944,Sell,64.35138,65.07348,64.15444,64.92343,7445
2025-07-14 08:00:00,0,0.5249499875468806,0.4750500124531194,Sell,64.93281,64.99846,64.651474,64.745255,4764
2025-07-14 09:00:00,1,0.5041173150742556,0.4958826849257444,Sell,64.745255,65.0641,64.54832,65.054726,3932
2025-07-14 10:00:00,1,0.44752214664228124,0.5524778533577188,Hold,65.054726,65.31731,65.054726,65.1485,4981
2025-07-14 11:00:00,1,0.4487541312752762,0.5512458687247238,Hold,65.13912,65.2329,64.93281,65.19539,3891
2025-07-14 12:00:00,1,0.3473212944063483,0.6526787055936517,Hold,65.20477,65.31731,64.80152,64.84841,6732
2025-07-14 13:00:00,1,0.3895026672097115,0.6104973327902885,Hold,64.84841,64.87654,63.948128,63.97626,19197
2025-07-14 14:00:00,1,0.33385771333662867,0.6661422866633713,Hold,63.966885,64.07004,63.676167,63.760567,11958
2025-07-14 15:00:00,0,0.3054898976211988,0.6945101023788012,Hold,63.769947,63.957504,63.0666,63.122868,27674
2025-07-14 16:00:00,0,0.2634718145712523,0.7365281854287478,Hold,63.132248,63.282295,63.038467,63.151,8822
2025-07-14 17:00:00,0,0.2489205696259482,0.7510794303740518,Hold,63.16038,63.235405,62.75713,62.785263,8285
2025-07-14 18:00:00,0,0.23765887662197469,0.7623411233780253,Hold,62.785263,62.97282,62.682106,62.84153,12670
2025-07-14 19:00:00,0,0.25146995364867575,0.7485300463513243,Hold,62.85091,63.000957,62.728996,62.80402,3428
2025-07-14 20:00:00,0,0.23612468437137063,0.7638753156286293,Hold,62.79464,62.813396,62.644592,62.67273,1972
2025-07-14 22:00:00,0,0.26050280379252894,0.739497196207471,Hold,62.700863,62.80402,62.700863,62.766506,460
2025-07-14 23:00:00,0,0.23958001690982703,0.760419983090173,Hold,62.775887,62.822777,62.766506,62.775887,179
2025-07-15 00:00:00,0,0.2502588365748475,0.7497411634251525,Hold,62.766506,62.775887,62.550816,62.597706,1502
2025-07-15 01:00:00,0,0.2959333383372579,0.7040666616627421,Hold,62.607082,62.700863,62.522682,62.66335,1285
2025-07-15 02:00:00,0,0.2702452403004743,0.7297547596995257,Hold,62.66335,62.67273,62.49455,62.53206,1109
2025-07-15 03:00:00,0,0.26898254562529905,0.731017454374701,Hold,62.53206,62.541435,62.410145,62.46641,1458
2025-07-15 04:00:00,0,0.2855436061844618,0.7144563938155382,Hold,62.475792,62.49455,62.372635,62.475792,757
2025-07-15 05:00:00,0,0.32733402209028395,0.672665977909716,Hold,62.457035,62.691483,62.457035,62.62584,1299
2025-07-15 06:00:00,0,0.2545675859469259,0.7454324140530741,Hold,62.607082,62.719616,62.269478,62.38201,2808
2025-07-15 07:00:00,0,0.26599564399091247,0.7340043560090875,Hold,62.372635,62.40077,62.147564,62.306988,4821
2025-07-15 08:00:00,0,0.28777095619415793,0.7122290438058421,Hold,62.306988,62.49455,62.194454,62.457035,4282
2025-07-15 09:00:00,0,0.2926455586109438,0.7073544413890562,Hold,62.44766,62.916553,62.372635,62.457035,5517
2025-07-15 10:00:00,0,0.34445883306390135,0.6555411669360987,Hold,62.457035,62.57895,62.31637,62.541435,4297
2025-07-15 11:00:00,1,0.3957695279756383,0.6042304720243616,Hold,62.53206,62.85091,62.44766,62.766506,4649
2025-07-15 12:00:00,1,0.3120240916457619,0.687975908354238,Hold,62.785263,62.954067,62.62584,62.653973,6888
2025-07-15 13:00:00,0,0.26546693224092344,0.7345330677590766,Hold,62.653973,62.879044,62.38201,62.5133,11967
2025-07-15 14:00:00,0,0.30467949390047366,0.6953205060995263,Hold,62.5133,62.700863,62.231964,62.5133,10907
2025-07-15 15:00:00,0,0.25625026073078316,0.7437497392692168,Hold,62.5133,62.93531,62.25072,62.40077,15054
2025-07-15 16:00:00,0,0.24797759219740423,0.7520224078025958,Hold,62.410145,62.560192,62.100674,62.138187,8985
2025-07-15 17:00:00,0,0.28272180356584714,0.7172781964341528,Hold,62.128807,62.38201,62.128807,62.269478,7462
2025-07-15 18:00:00,0,0.297851372958711,0.702148627041289,Hold,62.278854,62.569572,62.25072,62.475792,11575
2025-07-15 19:00:00,0,0.2632455503460384,0.7367544496539615,Hold,62.475792,62.57895,62.475792,62.550816,1640
2025-07-15 20:00:00,0,0.31582761649459345,0.6841723835054065,Hold,62.541435,62.67273,62.475792,62.597706,1851
2025-07-15 22:00:00,1,0.32441883270007466,0.6755811672999253,Hold,62.57895,62.71024,62.57895,62.653973,394
2025-07-15 23:00:00,1,0.337091754588542,0.662908245411458,Hold,62.66335,62.728996,62.653973,62.71024,150
2025-07-16 00:00:00,1,0.36527491007659635,0.6347250899234036,Hold,62.700863,62.766506,62.62584,62.728996,721
2025-07-16 01:00:00,1,0.3917447958724382,0.6082552041275617,Hold,62.728996,62.832153,62.71024,62.813396,936
2025-07-16 02:00:00,1,0.32507920558731085,0.6749207944126892,Hold,62.832153,62.832153,62.62584,62.653973,1004
2025-07-16 03:00:00,1,0.360810732495437,0.639189267504563,Hold,62.644592,62.682106,62.588326,62.61646,600
2025-07-16 04:00:00,1,0.3651230800897373,0.6348769199102626,Hold,62.62584,62.653973,62.57895,62.635216,476
2025-07-16 05:00:00,1,0.3383251797775872,0.6616748202224128,Hold,62.635216,62.79464,62.635216,62.66335,1132
2025-07-16 06:00:00,1,0.3550784587996479,0.6449215412003522,Hold,62.653973,62.84153,62.61646,62.682106,1681
2025-07-16 07:00:00,1,0.3614480030909526,0.6385519969090474,Hold,62.67273,62.71024,62.44766,62.457035,2208
2025-07-16 08:00:00,0,0.3313901358866033,0.6686098641133966,Hold,62.457035,62.46641,62.241344,62.28823,3392
2025-07-16 09:00:00,0,0.31893606351679565,0.6810639364832043,Hold,62.29761,62.3445,61.97876,62.100674,4016
2025-07-16 10:00:00,0,0.26717705326482616,0.7328229467351739,Hold,62.100674,62.28823,61.950626,61.997517,2969
2025-07-16 11:00:00,0,0.312261029336708,0.6877389706632919,Hold,61.98814,62.02565,61.594265,61.603645,7283
2025-07-16 12:00:00,0,0.3033333976159592,0.6966666023840409,Hold,61.603645,61.838093,61.556755,61.772446,5562
2025-07-16 13:00:00,0,0.26293655934347326,0.7370634406565267,Hold,61.772446,62.044407,61.509865,61.603645,14467
2025-07-16 14:00:00,0,0.2640862832470411,0.7359137167529589,Hold,61.61302,61.828712,61.35044,61.641155,14928
2025-07-16 15:00:00,0,0.34001207044807097,0.6599879295519291,Hold,61.641155,61.960007,61.491108,61.828712,12225
2025-07-16 16:00:00,0,0.2365084206384763,0.7634915793615237,Hold,61.828712,62.260098,61.725555,62.185074,7223
2025-07-16 17:00:00,0,0.23280196096260794,0.767198039037392,Hold,62.194454,62.569572,62.063164,62.53206,13783
2025-07-16 18:00:00,0,0.19132497204543664,0.8086750279545634,Hold,62.53206,62.644592,62.175697,62.522682,13553
2025-07-16 19:00:00,0,0.20703319765141406,0.792966802348586,Hold,62.5133,62.588326,62.363255,62.560192,2725
2025-07-16 20:00:00,0,0.1882920540012118,0.8117079459987881,Hold,62.560192,62.57895,62.43828,62.49455,1751
2025-07-16 22:00:00,0,0.23739026172752495,0.762609738272475,Hold,62.457035,62.541435,62.43828,62.53206,499
2025-07-16 23:00:00,0,0.2492380482526911,0.7507619517473089,Hold,62.53206,62.550816,62.503925,62.541435,346
2025-07-17 00:00:00,0,0.32133569316135063,0.6786643068386493,Hold,62.550816,62.822777,62.5133,62.738373,1779
2025-07-17 01:00:00,0,0.2612038824100298,0.7387961175899702,Hold,62.738373,62.79464,62.597706,62.635216,965
2025-07-17 02:00:00,0,0.3229005267629806,0.6770994732370195,Hold,62.635216,62.653973,62.53206,62.62584,427
2025-07-17 03:00:00,0,0.307179255470859,0.692820744529141,Hold,62.61646,62.775887,62.588326,62.682106,447
2025-07-17 04:00:00,0,0.31811456472405114,0.6818854352759489,Hold,62.67273,62.67273,62.550816,62.57895,414
2025-07-17 05:00:00,0,0.33234381698835563,0.6676561830116443,Hold,62.569572,62.597706,62.541435,62.588326,497
2025-07-17 06:00:00,0,0.2952083866721653,0.7047916133278347,Hold,62.588326,62.597706,62.325745,62.3445,1245
2025-07-17 07:00:00,0,0.28738113459410647,0.7126188654058936,Hold,62.363255,62.410145,62.185074,62.21321,1871
2025-07-17 08:00:00,0,0.32998931880784893,0.6700106811921511,Hold,62.231964,62.560192,62.16632,62.372635,2632
2025-07-17 09:00:00,0,0.31999362868391484,0.6800063713160851,Hold,62.372635,62.5133,62.175697,62.410145,1806
2025-07-17 10:00:00,0,0.3543344530475894,0.6456655469524106,Hold,62.40077,62.682106,62.40077,62.57895,2459
2025-07-17 11:00:00,0,0.32252820104723506,0.677471798952765,Hold,62.57895,62.682106,62.4289,62.644592,2191
2025-07-17 12:00:00,0,0.35035237933587476,0.6496476206641253,Hold,62.653973,63.01971,62.560192,62.588326,6944
2025-07-17 13:00:00,0,0.31631901821667396,0.683680981783326,Hold,62.588326,62.71024,62.269478,62.457035,6964
2025-07-17 14:00:00,0,0.3765260176365258,0.6234739823634742,Hold,62.457035,62.84153,62.278854,62.822777,7145
2025-07-17 15:00:00,0,0.39490537858468544,0.6050946214153146,Hold,62.832153,63.11349,62.785263,62.963444,9654
2025-07-17 16:00:00,0,0.36549548459692843,0.6345045154030715,Hold,62.954067,63.32918,62.897797,63.282295,7699
2025-07-17 17:00:00,0,0.361823441812043,0.638176558187957,Hold,63.29167,63.338562,63.038467,63.085358,5067
2025-07-17 18:00:00,0,0.32571391026368046,0.6742860897363195,Hold,63.085358,63.44172,63.085358,63.43234,13090
2025-07-17 19:00:00,0,0.33922776687818573,0.6607722331218142,Hold,63.43234,63.47923,63.338562,63.404205,2317
2025-07-17 20:00:00,0,0.34057227557053094,0.6594277244294691,Hold,63.404205,63.43234,63.385452,63.413586,978
2025-07-17 22:00:00,0,0.3443409089933466,0.6556590910066534,Hold,63.39483,63.422962,63.34794,63.366695,333
2025-07-17 23:00:00,0,0.3690638354075802,0.6309361645924199,Hold,63.366695,63.366695,63.30105,63.34794,194
2025-07-18 00:00:00,0,0.4123814905895206,0.5876185094104793,Hold,63.34794,63.501,63.309673,63.4723,1761
2025-07-18 01:00:00,0,0.39843876200904843,0.6015612379909516,Hold,63.48187,63.520134,63.280975,63.328808,1936
2025-07-18 02:00:00,0,0.4417742839881922,0.5582257160118078,Hold,63.33837,63.376637,63.271408,63.33837,712
2025-07-18 03:00:00,0,0.42899733041463123,0.5710026695853687,Hold,63.34794,63.357506,63.252277,63.309673,631
2025-07-18 04:00:00,0,0.4900405381478448,0.5099594618521552,Hold,63.300106,63.73059,63.280975,63.65406,2056
2025-07-18 05:00:00,0,0.4763005700415175,0.5236994299584825,Hold,63.644493,63.692326,63.529697,63.548832,1445
2025-07-18 06:00:00,0,0.48729863399504975,0.5127013660049502,Hold,63.567963,64.074974,63.491432,63.941048,6267
2025-07-18 07:00:00,0,0.48712897194257904,0.5128710280574209,Hold,63.921917,63.921917,63.529697,63.606228,4366
2025-07-18 08:00:00,0,0.47262833436290297,0.527371665637097,Hold,63.606228,63.854954,63.48187,63.845387,4754
2025-07-18 09:00:00,0,0.5070604473749437,0.4929395526250563,Sell,63.854954,64.24717,63.75929,64.14194,8563
2025-07-18 10:00:00,0,0.47844879799093804,0.521551202009062,Hold,64.14194,64.19934,63.81669,63.845387,4845
2025-07-18 11:00:00,0,0.4833741334889835,0.5166258665110165,Hold,63.83582,64.25674,63.740158,64.24717,4029
2025-07-18 12:00:00,1,0.46447551084741506,0.535524489152585,Hold,64.25674,64.61069,64.14194,64.17064,12908
2025-07-18 13:00:00,1,0.4445370016189322,0.5554629983810677,Hold,64.16107,64.266304,63.89322,64.027145,12971
2025-07-18 14:00:00,1,0.4709023078213456,0.5290976921786543,Hold,64.027145,64.342834,64.027145,64.2376,10694
2025-07-18 15:00:00,0,0.4084670254551028,0.5915329745448972,Hold,64.24717,64.27587,63.118347,63.548832,30458
2025-07-18 16:00:00,0,0.3550084585327021,0.644991541467298,Hold,63.548832,63.548832,63.16618,63.194878,8432
2025-07-18 17:00:00,0,0.3536821404076097,0.6463178595923903,Hold,63.194878,63.357506,63.08965,63.127914,6541
2025-07-18 18:00:00,0,0.3719902993915195,0.6280097006084805,Hold,63.118347,63.328808,63.07052,63.290543,9155
2025-07-18 19:00:00,0,0.3475501072027738,0.6524498927972262,Hold,63.300106,63.357506,63.127914,63.194878,4790
2025-07-18 20:00:00,0,0.3728995744143772,0.6271004255856227,Hold,63.204445,63.280975,63.14705,63.16618,2455
2025-07-20 22:00:00,0,0.3831577254420557,0.6168422745579443,Hold,63.175747,63.4149,63.118347,63.386204,1714
2025-07-20 23:00:00,0,0.3282863040730324,0.6717136959269676,Hold,63.376637,63.39577,63.271408,63.290543,666
2025-07-21 00:00:00,0,0.37699634739229876,0.6230036526077012,Hold,63.290543,63.357506,63.175747,63.300106,1067
2025-07-21 01:00:00,0,0.3605077273736214,0.6394922726263785,Hold,63.300106,63.42447,63.233143,63.290543,2086
2025-07-21 02:00:00,0,0.3601582495771924,0.6398417504228076,Hold,63.300106,63.31924,63.194878,63.24271,1151
2025-07-21 03:00:00,1,0.37580454766505933,0.6241954523349407,Hold,63.24271,63.34794,63.233143,63.328808,907
2025-07-21 04:00:00,0,0.36063753761778033,0.6393624623822196,Hold,63.31924,63.34794,63.26184,63.271408,404
2025-07-21 05:00:00,1,0.37555506664917787,0.6244449333508222,Hold,63.271408,63.5584,63.26184,63.434036,1544
2025-07-21 06:00:00,0,0.3735353571187031,0.6264646428812969,Hold,63.42447,63.510567,63.041817,63.118347,3588
2025-07-21 07:00:00,0,0.37988528451588427,0.6201147154841158,Hold,63.118347,63.33837,63.032253,63.118347,3645
2025-07-21 08:00:00,0,0.33074965413645946,0.6692503458635406,Hold,63.127914,63.34794,62.821793,62.879192,5662
2025-07-21 09:00:00,0,0.4134776754092914,0.5865223245907085,Hold,62.888756,63.06095,62.745262,63.041817,4188
2025-07-21 10:00:00,0,0.3915371335020172,0.6084628664979828,Hold,63.041817,63.156612,62.917458,63.07052,3444
2025-07-21 11:00:00,0,0.4092032499954436,0.5907967500045563,Hold,63.07052,63.300106,63.06095,63.13748,3445
2025-07-21 12:00:00,0,0.3568364327734558,0.6431635672265442,Hold,63.13748,63.233143,62.90789,62.93659,5116
2025-07-21 13:00:00,0,0.31863832090880034,0.6813616790911996,Hold,62.946156,63.118347,62.620903,62.66873,14415
2025-07-21 14:00:00,0,0.34028654934875513,0.6597134506512449,Hold,62.66873,62.860058,62.381744,62.783527,15671
2025-07-21 15:00:00,0,0.2990419955759092,0.7009580044240908,Hold,62.783527,63.051384,62.640034,62.65917,12579
2025-07-21 16:00:00,0,0.31345758102519616,0.6865424189748038,Hold,62.65917,62.98442,62.65917,62.72613,6167
2025-07-21 17:00:00,0,0.3706811153738223,0.6293188846261777,Hold,62.72613,63.16618,62.706997,63.118347,7257
2025-07-21 18:00:00,0,0.3330050879405599,0.6669949120594401,Hold,63.118347,63.16618,62.898323,62.917458,13273
2025-07-21 19:00:00,0,0.3536938898370768,0.6463061101629233,Hold,62.92702,62.974854,62.879192,62.888756,1773
2025-07-21 20:00:00,0,0.34640335969090497,0.653596640309095,Hold,62.888756,62.93659,62.860058,62.92702,1327
2025-07-21 22:00:00,0,0.3296844031846703,0.6703155968153297,Hold,62.917458,63.00355,62.90789,62.974854,362
2025-07-21 23:00:00,0,0.34317491055377025,0.6568250894462297,Hold,62.965286,62.993988,62.965286,62.974854,145
2025-07-22 00:00:00,0,0.36459575266814165,0.6354042473318584,Hold,62.965286,62.98442,62.83136,62.85049,1041
2025-07-22 01:00:00,0,0.355003580797442,0.644996419202558,Hold,62.860058,62.860058,62.544373,62.57307,2229
2025-07-22 02:00:00,0,0.3621297680012261,0.6378702319987739,Hold,62.582638,62.611336,62.467842,62.60177,1643
2025-07-22 03:00:00,0,0.35280525914487376,0.6471947408551262,Hold,62.60177,62.611336,62.49654,62.534805,982
2025-07-22 04:00:00,0,0.36733090753453423,0.6326690924654658,Hold,62.534805,62.544373,62.362614,62.458275,2068
2025-07-22 05:00:00,0,0.4136247365126759,0.586375263487324,Hold,62.467842,62.706997,62.410442,62.611336,1619
2025-07-22 06:00:00,0,0.40079467205815444,0.5992053279418456,Hold,62.611336,62.869625,62.582638,62.793095,2624
2025-07-22 07:00:00,0,0.3698637114620472,0.6301362885379528,Hold,62.793095,62.812225,62.353046,62.362614,4346
2025-07-22 08:00:00,0,0.4110297999569662,0.5889702000430338,Hold,62.362614,62.620903,62.209553,62.43914,7419
2025-07-22 09:00:00,0,0.3960079697119537,0.6039920302880464,Hold,62.429577,62.65917,62.362614,62.467842,3996
2025-07-22 10:00:00,0,0.43087751612693986,0.5691224838730602,Hold,62.467842,62.65917,62.39131,62.563503,3913
2025-07-22 11:00:00,0,0.38332841405899987,0.6166715859410001,Hold,62.544373,62.697433,62.39131,62.43914,4494
2025-07-22 12:00:00,0,0.444715283077416,0.5552847169225841,Hold,62.448708,62.93659,62.410442,62.51567,9564
2025-07-22 13:00:00,0,0.3674797303630392,0.6325202696369607,Hold,62.506107,62.65917,62.094757,62.209553,20900
2025-07-22 14:00:00,0,0.3395872256418303,0.6604127743581697,Hold,62.219116,62.49654,62.037357,62.16172,15641
2025-07-22 15:00:00,0,0.3409066244185149,0.6590933755814852,Hold,62.16172,62.544373,62.066055,62.19042,11918
2025-07-22 16:00:00,0,0.35673290835906835,0.6432670916409317,Hold,62.19042,62.34348,62.00866,62.305214,7637
2025-07-22 17:00:00,0,0.35492773480252987,0.6450722651974701,Hold,62.305214,62.506107,62.171288,62.286083,10672
2025-07-22 18:00:00,0,0.36374631841294314,0.6362536815870569,Hold,62.286083,62.706997,62.16172,62.706997,16674
2025-07-22 19:00:00,0,0.34610237282078227,0.6538976271792177,Hold,62.697433,62.793095,62.65917,62.6783,3613
2025-07-22 20:00:00,0,0.3265168002988381,0.6734831997011619,Hold,62.6783,62.80266,62.5922,62.611336,3130
2025-07-22 22:00:00,0,0.33722474709580846,0.6627752529041915,Hold,62.6496,62.75483,62.60177,62.6496,713
2025-07-22 23:00:00,0,0.37301714225327803,0.626982857746722,Hold,62.6496,62.85049,62.6496,62.793095,694
2025-07-23 00:00:00,0,0.3296367839073529,0.6703632160926472,Hold,62.783527,62.85049,62.687866,62.80266,1358
2025-07-23 01:00:00,0,0.34038337254420653,0.6596166274557935,Hold,62.80266,62.92702,62.60177,62.66873,2568
2025-07-23 02:00:00,0,0.3348287318061906,0.6651712681938093,Hold,62.65917,62.773964,62.563503,62.630466,1346
2025-07-23 03:00:00,0,0.36261804580244555,0.6373819541975545,Hold,62.630466,62.6783,62.5922,62.640034,712
2025-07-23 04:00:00,0,0.36626988431566404,0.633730115684336,Hold,62.640034,62.7357,62.620903,62.66873,584
2025-07-23 05:00:00,0,0.333335419049731,0.6666645809502689,Hold,62.66873,62.80266,62.620903,62.6783,1267
2025-07-23 06:00:00,0,0.3697499897823856,0.6302500102176144,Hold,62.65917,62.65917,62.353046,62.506107,3409
2025-07-23 07:00:00,0,0.34912774506035443,0.6508722549396455,Hold,62.506107,62.6783,62.400875,62.410442,3677
2025-07-23 08:00:00,0,0.370394113878638,0.629605886121362,Hold,62.42001,62.49654,62.228683,62.286083,5957
2025-07-23 09:00:00,0,0.350431470666006,0.649568529333994,Hold,62.295647,62.49654,62.10432,62.16172,5806
2025-07-23 10:00:00,0,0.3679690649763384,0.6320309350236616,Hold,62.152153,62.209553,61.92256,62.046925,7107
2025-07-23 11:00:00,0,0.3546449862988593,0.6453550137011407,Hold,62.05649,62.133022,61.941696,62.037357,3633
2025-07-23 12:00:00,0,0.370396282152702,0.629603717847298,Hold,62.02779,62.286083,61.970394,62.209553,6612
2025-07-23 13:00:00,0,0.3471724730705263,0.6528275269294737,Hold,62.209553,62.429577,61.960827,62.046925,15022
2025-07-23 14:00:00,0,0.3639547522953114,0.6360452477046886,Hold,62.05649,62.31478,61.90343,62.08519,16949
2025-07-23 15:00:00,0,0.3348875426131557,0.6651124573868443,Hold,62.08519,62.305214,61.93213,62.295647,14953
2025-07-23 16:00:00,0,0.31124263243593603,0.6887573675640639,Hold,62.286083,62.486973,62.209553,62.295647,9729
2025-07-23 17:00:00,0,0.3200141877972142,0.6799858122027858,Hold,62.295647,62.51567,62.23825,62.362614,6452
2025-07-23 18:00:00,0,0.36908419042147816,0.6309158095785219,Hold,62.372177,62.640034,62.32435,62.544373,11264
2025-07-23 19:00:00,0,0.42398922384960885,0.5760107761503912,Hold,62.553936,62.6783,62.553936,62.620903,2851
2025-07-23 20:00:00,0,0.37171898950318427,0.6282810104968157,Hold,62.620903,62.640034,62.534805,62.582638,1369
2025-07-23 22:00:00,0,0.4101403691969837,0.5898596308030163,Hold,62.582638,62.6496,62.544373,62.620903,358
2025-07-23 23:00:00,0,0.36425003088192864,0.6357499691180714,Hold,62.611336,62.620903,62.582638,62.611336,169
2025-07-24 00:00:00,0,0.35639310898777554,0.6436068910122245,Hold,62.620903,62.7357,62.5922,62.620903,1792
2025-07-24 01:00:00,0,0.37090769703440113,0.6290923029655988,Hold,62.630466,62.745262,62.563503,62.611336,1674
2025-07-24 02:00:00,0,0.38917070474081766,0.6108292952591823,Hold,62.611336,62.640034,62.534805,62.630466,791
2025-07-24 03:00:00,0,0.4120025658290175,0.5879974341709825,Hold,62.620903,62.716564,62.60177,62.697433,716
2025-07-24 04:00:00,0,0.42457920531536486,0.5754207946846351,Hold,62.706997,62.773964,62.66873,62.764397,755
2025-07-24 05:00:00,0,0.34758900606197657,0.6524109939380234,Hold,62.75483,62.783527,62.534805,62.582638,1311
2025-07-24 06:00:00,0,0.45686951726589514,0.5431304827341048,Hold,62.5922,63.367073,62.582638,63.041817,8075
2025-07-24 07:00:00,0,0.44511898785063964,0.5548810121493604,Hold,63.032253,63.06095,62.812225,62.888756,4467
2025-07-24 08:00:00,0,0.4567382249392357,0.5432617750607642,Hold,62.898323,63.204445,62.85049,62.993988,5297
2025-07-24 09:00:00,0,0.5069300240328681,0.49306997596713187,Sell,63.00355,63.443604,62.974854,63.300106,5149
2025-07-24 10:00:00,0,0.4570989404719836,0.5429010595280164,Hold,63.300106,63.309673,62.92702,63.080082,5152
2025-07-24 11:00:00,0,0.43730549960977233,0.5626945003902277,Hold,63.099216,63.127914,62.821793,62.946156,4824
2025-07-24 12:00:00,0,0.41188693525748293,0.588113064742517,Hold,62.946156,63.214012,62.764397,63.204445,7311
2025-07-24 13:00:00,0,0.3967669497307353,0.6032330502692647,Hold,63.204445,63.328808,62.840927,63.14705,15894
2025-07-24 14:00:00,0,0.41116155390443493,0.5888384460955651,Hold,63.156612,63.491432,63.032253,63.376637,17552
2025-07-24 15:00:00,0,0.36665700617767194,0.6333429938223281,Hold,63.367073,63.510567,63.01312,63.4149,13876
2025-07-24 16:00:00,0,0.44577689481327565,0.5542231051867244,Hold,63.40534,63.453167,62.544373,62.563503,20657
2025-07-24 17:00:00,0,0.45307306074638165,0.5469269392536183,Hold,62.553936,62.7357,62.49654,62.5922,11894
2025-07-24 18:00:00,0,0.38718670833208363,0.6128132916679163,Hold,62.60177,63.280975,62.57307,63.252277,15643
2025-07-24 19:00:00,0,0.3789968593709557,0.6210031406290444,Hold,63.252277,63.4149,63.24271,63.31924,4318
2025-07-24 20:00:00,0,0.38396024012142305,0.616039759878577,Hold,63.328808,63.33837,63.16618,63.290543,2013
2025-07-24 22:00:00,0,0.3880812486721361,0.6119187513278639,Hold,63.280975,63.300106,63.223576,63.290543,385
2025-07-24 23:00:00,0,0.40262911791902783,0.5973708820809722,Hold,63.290543,63.367073,63.280975,63.357506,307
2025-07-25 00:00:00,0,0.4021912778521252,0.5978087221478747,Hold,63.34794,63.376637,63.24271,63.252277,965
2025-07-25 01:00:00,0,0.4297192494275251,0.570280750572475,Hold,63.24271,63.539265,63.185314,63.491432,2840
2025-07-25 02:00:00,0,0.42897333949931826,0.5710266605006817,Hold,63.48187,63.606228,63.462734,63.48187,1364
2025-07-25 03:00:00,0,0.39343304133131735,0.6065669586686826,Hold,63.48187,63.510567,63.24271,63.271408,1874
2025-07-25 04:00:00,0,0.3951188729731671,0.6048811270268328,Hold,63.280975,63.386204,63.271408,63.290543,809
2025-07-25 05:00:00,1,0.4727342574815884,0.5272657425184115,Hold,63.290543,63.68276,63.271408,63.634926,2028
2025-07-25 06:00:00,1,0.4788597607702927,0.5211402392297073,Hold,63.644493,63.845387,63.510567,63.68276,4059
2025-07-25 07:00:00,1,0.383924157025027,0.616075842974973,Hold,63.68276,63.73059,63.376637,63.443604,3777
2025-07-25 08:00:00,1,0.38498055536514025,0.6150194446348598,Hold,63.453167,63.663628,63.33837,63.40534,5059
2025-07-25 09:00:00,0,0.367564708688386,0.632435291311614,Hold,63.4149,63.520134,63.194878,63.367073,4240
2025-07-25 10:00:00,1,0.37060921386062085,0.6293907861393792,Hold,63.357506,63.4723,63.223576,63.453167,2848
2025-07-25 11:00:00,1,0.3948401353347164,0.6051598646652836,Hold,63.462734,63.462734,63.31924,63.40534,1939
2025-07-25 12:00:00,1,0.4583438917864772,0.5416561082135227,Hold,63.4149,63.663628,63.33837,63.634926,6692
2025-07-25 13:00:00,0,0.39225121001844654,0.6077487899815535,Hold,63.644493,63.68276,62.946156,63.00355,15166
2025-07-25 14:00:00,0,0.43088484708439095,0.5691151529156091,Hold,62.98442,63.07052,62.65917,62.716564,15304
2025-07-25 15:00:00,0,0.324406106563208,0.675593893436792,Hold,62.72613,62.793095,62.34348,62.458275,14288
2025-07-25 16:00:00,0,0.31263466779560606,0.687365332204394,Hold,62.448708,62.620903,62.42001,62.506107,9656
2025-07-25 17:00:00,0,0.34695027050491845,0.6530497294950816,Hold,62.51567,62.687866,62.23825,62.32435,10704
2025-07-25 18:00:00,0,0.34979887287381156,0.6502011271261885,Hold,62.32435,62.42001,62.25738,62.31478,12448
2025-07-25 19:00:00,0,0.3406714982772532,0.6593285017227468,Hold,62.32435,62.39131,62.199986,62.219116,3768
2025-07-25 20:00:00,0,0.3837330546804969,0.6162669453195031,Hold,62.228683,62.25738,62.18085,62.247818,2044
2025-07-27 22:00:00,0,0.39163841264989196,0.608361587350108,Hold,62.32435,62.51567,62.228683,62.295647,1523
2025-07-27 23:00:00,0,0.444366838543605,0.555633161456395,Hold,62.305214,62.467842,62.286083,62.458275,475
2025-07-28 00:00:00,0,0.41833049287886226,0.5816695071211377,Hold,62.467842,62.57307,62.429577,62.57307,992
2025-07-28 01:00:00,0,0.42933541749758775,0.5706645825024123,Hold,62.563503,62.72613,62.49654,62.544373,2694
2025-07-28 02:00:00,0,0.4283715957042857,0.5716284042957143,Hold,62.544373,62.65917,62.49654,62.640034,877
2025-07-28 03:00:00,0,0.424195781156936,0.575804218843064,Hold,62.630466,62.640034,62.448708,62.51567,1298
2025-07-28 04:00:00,0,0.46826520935913596,0.531734790640864,Hold,62.51567,62.66873,62.51567,62.66873,623
2025-07-28 05:00:00,0,0.4396254941206756,0.5603745058793244,Hold,62.66873,62.783527,62.5922,62.66873,1624
2025-07-28 06:00:00,0,0.4672955324817785,0.5327044675182215,Hold,62.6783,62.946156,62.640034,62.869625,3501
2025-07-28 07:00:00,0,0.4785069382258976,0.5214930617741024,Hold,62.860058,62.90789,62.43914,62.51567,4393
2025-07-28 08:00:00,0,0.4465308750443331,0.5534691249556669,Hold,62.51567,62.92702,62.477406,62.917458,4965
2025-07-28 09:00:00,0,0.4508653562388313,0.5491346437611687,Hold,62.90789,62.974854,62.7357,62.93659,4947
2025-07-28 10:00:00,0,0.4428991777584906,0.5571008222415095,Hold,62.92702,63.08965,62.879192,63.00355,3886
2025-07-28 11:00:00,0,0.5009621855118273,0.49903781448817275,Sell,63.00355,63.376637,62.993988,63.34794,9623
2025-07-28 12:00:00,0,0.48445952849044766,0.5155404715095524,Hold,63.357506,63.634926,63.34794,63.567963,13257
2025-07-28 13:00:00,0,0.4936281809465022,0.5063718190534978,Hold,63.5584,64.151505,63.42447,63.921917,35758
2025-07-28 14:00:00,0,0.5038560783658341,0.4961439216341659,Sell,63.921917,64.04628,63.548832,63.606228,13645
2025-07-28 15:00:00,0,0.431501767092421,0.568498232907579,Hold,63.596664,63.68276,63.357506,63.5584,15431
2025-07-28 16:00:00,0,0.38621708943134786,0.6137829105686521,Hold,63.548832,63.701893,63.548832,63.663628,6583
2025-07-28 17:00:00,0,0.4133827781125016,0.5866172218874983,Hold,63.65406,63.740158,63.48187,63.65406,6301
2025-07-28 18:00:00,0,0.46708305785277743,0.5329169421472226,Hold,63.663628,64.027145,63.529697,63.998447,16235
2025-07-28 19:00:00,0,0.46252321232272814,0.5374767876772719,Hold,64.00801,64.228035,63.921917,64.19934,6171
2025-07-28 20:00:00,0,0.44010660414949704,0.559893395850503,Hold,64.18977,64.19934,64.04628,64.074974,3311
2025-07-28 22:00:00,0,0.4353185802277028,0.5646814197722971,Hold,64.13238,64.18021,64.074974,64.08454,587
2025-07-28 23:00:00,0,0.4247376240218619,0.5752623759781381,Hold,64.074974,64.08454,64.03671,64.06541,173
2025-07-29 00:00:00,0,0.39707487507714867,0.6029251249228513,Hold,64.06541,64.08454,63.931484,63.979313,1767
2025-07-29 01:00:00,0,0.4064797324600776,0.5935202675399224,Hold,63.98888,63.98888,63.778423,63.778423,2134
2025-07-29 02:00:00,0,0.42134387428910064,0.5786561257108993,Hold,63.787987,63.931484,63.75929,63.91235,1311
2025-07-29 03:00:00,0,0.4255993960564306,0.5744006039435694,Hold,63.91235,63.91235,63.711456,63.721024,1070
2025-07-29 04:00:00,0,0.4167182512680787,0.5832817487319213,Hold,63.721024,63.75929,63.692326,63.73059,819
2025-07-29 05:00:00,0,0.4445822438316539,0.5554177561683461,Hold,63.73059,63.83582,63.644493,63.826252,1109
2025-07-29 06:00:00,0,0.38836350621655924,0.6116364937834408,Hold,63.826252,63.902782,63.73059,63.768856,1723
2025-07-29 07:00:00,0,0.4081513711276382,0.5918486288723618,Hold,63.768856,63.96975,63.692326,63.73059,4266
2025-07-29 08:00:00,0,0.47663289554106686,0.5233671044589332,Hold,63.73059,64.342834,63.711456,64.31413,7390
2025-07-29 09:00:00,0,0.4547356590281979,0.5452643409718021,Hold,64.33327,64.3524,64.12281,64.16107,4479
2025-07-29 10:00:00,0,0.4139582848407843,0.5860417151592157,Hold,64.14194,64.28544,63.80712,63.81669,4627
2025-07-29 11:00:00,0,0.3888011253123773,0.6111988746876227,Hold,63.83582,63.96975,63.721024,63.950615,4763
2025-07-29 12:00:00,0,0.41840982584375985,0.5815901741562401,Hold,63.941048,64.31413,63.88365,64.27587,6694
2025-07-29 13:00:00,0,0.4326672868102302,0.5673327131897699,Hold,64.27587,64.63939,64.16107,64.58199,17099
2025-07-29 14:00:00,0,0.3738908042164893,0.6261091957835108,Hold,64.59155,64.68722,64.495895,64.55329,13319
2025-07-29 15:00:00,0,0.4190715019007804,0.5809284980992195,Hold,64.55329,64.849846,64.48633,64.75418,15450
2025-07-29 16:00:00,0,0.3876124092465756,0.6123875907534244,Hold,64.76375,64.95508,64.68722,64.773315,11293
2025-07-29 17:00:00,0,0.48404175843670805,0.515958241563292,Hold,64.773315,66.16999,64.696785,65.97867,32820
2025-07-29 18:00:00,0,0.5191391452072138,0.4808608547927862,Sell,65.988235,66.734406,65.758644,66.44742,33818
2025-07-29 19:00:00,0,0.5178193490310949,0.48218065096890506,Sell,66.44742,66.48568,66.25609,66.35175,6590
2025-07-29 20:00:00,0,0.5205500503894287,0.4794499496105713,Sell,66.342186,66.52395,66.112595,66.24652,6756
2025-07-29 22:00:00,0,0.5395194587635118,0.4604805412364882,Sell,66.33262,66.37089,66.17956,66.27522,924
2025-07-29 23:00:00,0,0.532473019064236,0.46752698093576395,Sell,66.265656,66.27522,66.15086,66.17956,481
2025-07-30 00:00:00,0,0.5629054194799353,0.43709458052006467,Sell,66.16999,66.303925,66.12216,66.24652,2589
2025-07-30 01:00:00,0,0.5494502088466924,0.4505497911533076,Sell,66.227394,66.25609,66.04563,66.23695,4744
2025-07-30 02:00:00,0,0.52974184544452,0.47025815455548003,Sell,66.23695,66.25609,66.13173,66.1413,1281
2025-07-30 03:00:00,0,0.5473359703095434,0.4526640296904566,Sell,66.15086,66.265656,66.01693,66.24652,2198
2025-07-30 04:00:00,0,0.5392695718637669,0.4607304281362331,Sell,66.24652,66.33262,66.23695,66.265656,910
2025-07-30 05:00:00,0,0.5117816306314099,0.4882183693685901,Sell,66.265656,66.265656,66.112595,66.13173,1258
2025-07-30 06:00:00,0,0.5600440535588163,0.43995594644118374,Sell,66.12216,66.342186,66.01693,66.265656,3516
2025-07-30 07:00:00,0,0.5897446198865328,0.4102553801134672,Sell,66.265656,66.7631,66.20826,66.69614,7450
2025-07-30 08:00:00,0,0.5431920331697967,0.4568079668302033,Sell,66.7057,66.75354,65.84474,65.97867,14050
2025-07-30 09:00:00,0,0.5397338217918695,0.46026617820813054,Sell,65.97867,65.97867,65.72994,65.80647,5945
2025-07-30 10:00:00,0,0.490133080562585,0.509866919437415,Hold,65.796906,65.835175,65.481224,65.58645,6971
2025-07-30 11:00:00,0,0.5232786381727081,0.47672136182729186,Sell,65.596016,65.9978,65.49078,65.97867,6618
2025-07-30 12:00:00,0,0.5809638936271325,0.4190361063728675,Sell,65.97867,66.62917,65.94997,66.55264,17658
2025-07-30 13:00:00,0,0.5857072022792951,0.41429279772070493,Sell,66.55264,66.734406,66.32305,66.52395,17251
2025-07-30 14:00:00,0,0.5831696019891935,0.41683039801080646,Sell,66.53351,66.63874,66.27522,66.61004,16900
2025-07-30 15:00:00,0,0.5558367921435753,0.4441632078564247,Sell,66.61004,67.22228,66.55264,67.14575,19741
2025-07-30 16:00:00,1,0.5357493597001011,0.46425064029989893,Sell,67.15532,67.29881,66.973564,67.19359,15120
2025-07-30 17:00:00,1,0.5464921448665276,0.45350785513347236,Sell,67.203156,67.45187,67.126625,67.327515,12491
2025-07-30 18:00:00,0,0.47490578686651697,0.525094213133483,Hold,67.327515,67.33708,66.83963,67.15532,24173
2025-07-30 19:00:00,1,0.4996612194703983,0.5003387805296017,Hold,67.15532,67.42318,67.011826,67.365776,5079
2025-07-30 20:00:00,1,0.4468942219309227,0.5531057780690773,Hold,67.365776,67.365776,67.23185,67.250984,2591
2025-07-30 22:00:00,1,0.447605988309175,0.552394011690825,Hold,67.250984,67.279686,67.136185,67.212715,758
2025-07-30 23:00:00,1,0.483932457700989,0.516067542299011,Hold,67.203156,67.33708,67.17445,67.33708,307
2025-07-31 00:00:00,1,0.4558007801444471,0.544199219855553,Hold,67.327515,67.35621,67.126625,67.15532,1770
2025-07-31 01:00:00,1,0.46047201490640655,0.5395279850935935,Hold,67.16489,67.17445,66.973564,66.99269,2385
2025-07-31 02:00:00,1,0.4715089972336758,0.5284910027663242,Hold,67.00226,67.011826,66.88747,66.973564,1807
2025-07-31 03:00:00,0,0.4365526429913691,0.5634473570086309,Hold,66.98312,66.99269,66.8779,66.8779,1285
2025-07-31 04:00:00,0,0.4446104900660413,0.5553895099339587,Hold,66.88747,66.95443,66.80137,66.8205,1418
2025-07-31 05:00:00,1,0.4705760738632239,0.5294239261367761,Hold,66.8205,66.964,66.77267,66.95443,1938
2025-07-31 06:00:00,0,0.48960357599488835,0.5103964240051116,Hold,66.964,67.09792,66.77267,66.88747,4874
2025-07-31 07:00:00,1,0.5130858577151929,0.4869141422848071,Sell,66.8779,67.203156,66.810936,67.11706,4402
2025-07-31 08:00:00,1,0.4903902898640659,0.509609710135934,Hold,67.11706,67.15532,66.74397,66.88747,6131
2025-07-31 09:00:00,0,0.47882984035980103,0.521170159640199,Hold,66.88747,66.9066,66.342186,66.380455,6712
2025-07-31 10:00:00,1,0.46986510999602366,0.5301348900039764,Hold,66.37089,66.68657,66.342186,66.66744,6223
2025-07-31 11:00:00,1,0.4629147513707517,0.5370852486292483,Hold,66.68657,66.77267,66.390015,66.64831,6006
2025-07-31 12:00:00,1,0.4461243102405881,0.5538756897594119,Hold,66.64831,66.68657,66.456985,66.57178,4711
2025-07-31 13:00:00,0,0.4909915578356625,0.5090084421643375,Hold,66.581345,66.67701,66.20826,66.44742,14906
2025-07-31 14:00:00,0,0.4350844548210291,0.5649155451789709,Hold,66.43785,66.858765,66.09346,66.112595,14651
2025-07-31 15:00:00,0,0.4744960152128533,0.5255039847871468,Hold,66.10303,66.16999,65.58645,65.72994,20534
2025-07-31 16:00:00,1,0.5682418032517706,0.43175819674822935,Sell,65.73951,66.49525,65.71081,66.303925,13172
2025-07-31 17:00:00,0,0.5166946631934978,0.48330533680650223,Sell,66.29436,66.380455,65.9404,66.0839,8499
2025-07-31 18:00:00,1,0.5296448223943444,0.4703551776056556,Sell,66.09346,66.456985,65.89257,66.21783,12288
2025-07-31 19:00:00,1,0.5134954924334859,0.4865045075665141,Sell,66.21783,66.227394,66.04563,66.189125,2763
2025-07-31 20:00:00,1,0.5631023033876559,0.4368976966123441,Sell,66.17956,66.466545,66.15086,66.35175,2832
2025-07-31 22:00:00,1,0.5605233849626711,0.43947661503732893,Sell,66.342186,66.44742,66.21783,66.40915,629
2025-07-31 23:00:00,1,0.6072656580991187,0.3927343419008813,Sell,66.390015,66.41872,66.32305,66.36132,280
2025-08-01 00:00:00,1,0.5540650171536516,0.44593498284634836,Sell,66.37089,66.390015,66.19869,66.21783,1282
2025-08-01 01:00:00,1,0.6063533848308906,0.39364661516910937,Sell,66.21783,66.32305,66.16042,66.303925,1008
2025-08-01 02:00:00,0,0.5605298457197855,0.4394701542802145,Sell,66.313484,66.380455,66.13173,66.21783,1067
2025-08-01 03:00:00,1,0.5863530914787852,0.4136469085212148,Sell,66.227394,66.39958,66.189125,66.390015,1030
2025-08-01 04:00:00,1,0.5937674845390669,0.4062325154609331,Sell,66.380455,66.53351,66.36132,66.42828,1173
2025-08-01 05:00:00,1,0.5552628258063022,0.44473717419369785,Sell,66.42828,66.44742,66.24652,66.303925,1014
2025-08-01 06:00:00,0,0.541866887375351,0.45813311262464895,Sell,66.303925,66.466545,66.04563,66.189125,1999
2025-08-01 07:00:00,0,0.561319732210052,0.43868026778994795,Sell,66.19869,66.32305,65.93084,66.19869,3996
2025-08-01 08:00:00,0,0.5848493625299073,0.41515063747009273,Sell,66.20826,66.51438,65.73951,65.883,7891
2025-08-01 09:00:00,0,0.5998092727687755,0.4001907272312245,Sell,65.89257,66.112595,65.720375,66.09346,4431
2025-08-01 10:00:00,0,0.5813099164620685,0.41869008353793147,Sell,66.09346,66.19869,65.54819,65.58645,4926
2025-08-01 11:00:00,0,0.5980386997527704,0.40196130024722965,Sell,65.60558,65.82561,65.49078,65.758644,5701
2025-08-01 12:00:00,1,0.6172308252733762,0.38276917472662375,Sell,65.758644,66.48568,65.71081,66.265656,15939
2025-08-01 13:00:00,1,0.6105341169041806,0.3894658830958194,Sell,66.265656,66.56221,65.39513,65.481224,23914
2025-08-01 14:00:00,0,0.4816654286753256,0.5183345713246744,Hold,65.481224,65.481224,64.31413,64.381096,35798
2025-08-01 15:00:00,0,0.5446499128485031,0.45535008715149694,Sell,64.381096,64.70635,64.33327,64.56286,19052
2025-08-01 16:00:00,0,0.5124314771766528,0.4875685228233472,Sell,64.56286,64.84028,64.14194,64.60112,20467
2025-08-01 17:00:00,0,0.5443107319702759,0.4556892680297241,Sell,64.60112,64.78288,64.37153,64.4098,12940
2025-08-01 18:00:00,0,0.526622541894993,0.473377458105007,Sell,64.4098,64.50546,64.18977,64.40023,16050
2025-08-01 19:00:00,0,0.5511702288590155,0.44882977114098455,Sell,64.40023,64.4385,64.228035,64.3524,4183
2025-08-01 20:00:00,0,0.5482248063865587,0.4517751936134413,Sell,64.3524,64.47676,64.21847,64.342834,2557
2025-08-03 22:00:00,0,0.4218980638200769,0.5781019361799231,Hold,63.950615,64.19934,63.67319,63.950615,2888
2025-08-03 23:00:00,0,0.4372197482753215,0.5627802517246785,Hold,63.960182,64.08454,63.902782,64.06541,873
2025-08-04 00:00:00,0,0.44374066281292823,0.5562593371870718,Hold,64.06541,64.21847,63.941048,64.21847,1330
2025-08-04 01:00:00,0,0.4648833480161505,0.5351166519838495,Hold,64.21847,64.28544,63.941048,64.266304,2228
2025-08-04 02:00:00,0,0.49724489041487485,0.5027551095851251,Hold,64.27587,64.3524,64.18977,64.31413,1579
2025-08-04 03:00:00,0,0.4893407871493816,0.5106592128506184,Hold,64.31413,64.36197,64.2376,64.304565,1075
2025-08-04 04:00:00,0,0.4837296902889347,0.5162703097110652,Hold,64.304565,64.381096,64.18977,64.266304,807
2025-08-04 05:00:00,1,0.531200225301484,0.46879977469851597,Sell,64.266304,64.47676,64.2376,64.45763,1375
2025-08-04 06:00:00,1,0.5384294300774173,0.4615705699225827,Sell,64.44806,64.68722,64.44806,64.62982,2885
2025-08-04 07:00:00,1,0.491760014498392,0.508239985501608,Hold,64.620255,64.80202,64.44806,64.572426,5029
2025-08-04 08:00:00,0,0.40666139504023263,0.5933386049597673,Hold,64.56286,64.59155,63.453167,63.567963,10840
2025-08-04 09:00:00,0,0.39138111803700487,0.6086188819629952,Hold,63.567963,63.787987,63.48187,63.501,5566
2025-08-04 10:00:00,0,0.3612745215629057,0.6387254784370944,Hold,63.491432,63.615795,63.24271,63.290543,6379
2025-08-04 11:00:00,0,0.35985926848944605,0.640140731510554,Hold,63.300106,63.309673,63.099216,63.118347,8386
2025-08-04 12:00:00,0,0.35836618686730887,0.6416338131326911,Hold,63.118347,63.185314,62.65917,62.687866,14744
2025-08-04 13:00:00,0,0.3173867603814567,0.6826132396185434,Hold,62.697433,62.965286,62.620903,62.812225,19149
2025-08-04 14:00:00,0,0.41687416631408125,0.5831258336859187,Hold,62.80266,64.04628,62.72613,63.96975,27798
2025-08-04 15:00:00,0,0.388861853218161,0.611138146781839,Hold,63.96975,64.12281,63.692326,63.902782,15061
2025-08-04 16:00:00,0,0.47463815621277156,0.5253618437872285,Hold,63.902782,63.960182,63.34794,63.40534,10565
2025-08-04 17:00:00,0,0.42738922834563,0.57261077165437,Hold,63.40534,63.539265,63.309673,63.386204,7660
2025-08-04 18:00:00,0,0.3679290227492465,0.6320709772507536,Hold,63.376637,63.5584,63.185314,63.290543,10964
2025-08-04 19:00:00,0,0.37254976962260944,0.6274502303773906,Hold,63.280975,63.367073,63.080082,63.223576,3697
2025-08-04 20:00:00,0,0.396563323120768,0.6034366768792321,Hold,63.223576,63.376637,63.214012,63.367073,1751
2025-08-04 22:00:00,0,0.37840552247931825,0.6215944775206818,Hold,63.33837,63.4149,63.31924,63.39577,646
2025-08-04 23:00:00,0,0.38515232951387984,0.6148476704861201,Hold,63.39577,63.443604,63.376637,63.42447,294
2025-08-05 00:00:00,0,0.3990024627692976,0.6009975372307024,Hold,63.434036,63.48187,63.33837,63.34794,1075
2025-08-05 01:00:00,0,0.4493144358633713,0.5506855641366287,Hold,63.33837,63.510567,63.33837,63.386204,1661
2025-08-05 02:00:00,0,0.39261131530481197,0.607388684695188,Hold,63.386204,63.40534,63.223576,63.26184,1104
2025-08-05 03:00:00,0,0.41449448561875846,0.5855055143812415,Hold,63.252277,63.31924,63.156612,63.300106,1491
2025-08-05 04:00:00,0,0.4093671432005596,0.5906328567994403,Hold,63.309673,63.357506,63.271408,63.31924,700
2025-08-05 05:00:00,0,0.4056159752650251,0.594384024734975,Hold,63.31924,63.462734,63.14705,63.4149,1607
2025-08-05 06:00:00,0,0.37119049062706133,0.6288095093729387,Hold,63.40534,63.510567,63.214012,63.24271,1851
2025-08-05 07:00:00,0,0.37997412103969136,0.6200258789603086,Hold,63.252277,63.39577,62.917458,63.127914,5900
2025-08-05 08:00:00,0,0.3856345479830511,0.6143654520169489,Hold,63.127914,63.453167,62.955723,63.022686,5650
2025-08-05 09:00:00,0,0.45901471040736536,0.5409852895926346,Hold,63.041817,63.108784,62.563503,62.57307,7260
2025-08-05 10:00:00,0,0.46107915705041985,0.5389208429495802,Hold,62.57307,62.783527,62.563503,62.6496,4805
2025-08-05 11:00:00,0,0.431494369919927,0.568505630080073,Hold,62.66873,62.898323,62.630466,62.793095,4347
2025-08-05 12:00:00,0,0.4444521070046018,0.5555478929953982,Hold,62.80266,62.92702,62.276516,62.467842,15699
2025-08-05 13:00:00,0,0.4468765470529993,0.5531234529470007,Hold,62.477406,62.840927,62.381744,62.6783,12483
2025-08-05 14:00:00,0,0.38975173372906385,0.6102482662709361,Hold,62.66873,62.92702,62.362614,62.6496,15761
2025-08-05 15:00:00,0,0.38495922924467324,0.6150407707553267,Hold,62.640034,62.745262,62.429577,62.51567,12219
2025-08-05 16:00:00,0,0.3880330396278934,0.6119669603721066,Hold,62.51567,62.93659,62.209553,62.467842,21608
2025-08-05 17:00:00,0,0.42805549813050897,0.5719445018694911,Hold,62.477406,62.764397,62.305214,62.51567,16507
2025-08-05 18:00:00,0,0.38247961177784295,0.617520388222157,Hold,62.525238,62.563503,62.247818,62.295647,12092
2025-08-05 19:00:00,0,0.43332891161078774,0.5666710883892123,Hold,62.295647,62.39131,62.276516,62.33391,3009
2025-08-05 20:00:00,0,0.3820633871289102,0.6179366128710898,Hold,62.33391,62.42001,62.23825,62.34348,1936
2025-08-05 22:00:00,0,0.42876122769073305,0.5712387723092669,Hold,62.32435,62.429577,62.286083,62.429577,568
2025-08-05 23:00:00,0,0.42501007968058035,0.5749899203194196,Hold,62.42001,62.467842,62.400875,62.43914,218
2025-08-06 00:00:00,0,0.4476915171869615,0.5523084828130385,Hold,62.43914,62.534805,62.42001,62.51567,1131
2025-08-06 01:00:00,0,0.4222262384437219,0.5777737615562781,Hold,62.51567,62.66873,62.506107,62.640034,2169
2025-08-06 02:00:00,0,0.4101995388899162,0.5898004611100838,Hold,62.640034,62.697433,62.60177,62.6496,1077
2025-08-06 03:00:00,0,0.4269555182978946,0.5730444817021054,Hold,62.640034,62.75483,62.640034,62.72613,743
2025-08-06 04:00:00,0,0.4004733644391076,0.5995266355608924,Hold,62.72613,62.783527,62.697433,62.7357,791
2025-08-06 05:00:00,0,0.3907047305178155,0.6092952694821845,Hold,62.7357,62.745262,62.60177,62.65917,1078
2025-08-06 06:00:00,0,0.44639230367027605,0.553607696329724,Hold,62.65917,62.812225,62.6496,62.783527,2198
2025-08-06 07:00:00,0,0.4174314675042506,0.5825685324957495,Hold,62.773964,63.041817,62.745262,62.840927,4422
2025-08-06 08:00:00,0,0.5413907892787662,0.45860921072123384,Sell,62.83136,63.31924,62.80266,63.194878,6766
2025-08-06 09:00:00,0,0.5385465878920466,0.46145341210795343,Sell,63.194878,63.386204,63.099216,63.34794,5117
2025-08-06 10:00:00,0,0.5596640626482825,0.4403359373517175,Sell,63.33837,63.462734,63.26184,63.39577,3252
2025-08-06 11:00:00,0,0.5248944011888348,0.4751055988111652,Sell,63.39577,63.42447,63.194878,63.328808,4740
2025-08-06 12:00:00,0,0.4571074021462088,0.5428925978537912,Hold,63.328808,63.386204,62.965286,63.290543,10894
2025-08-06 13:00:00,1,0.5312554295395203,0.4687445704604797,Sell,63.290543,63.854954,63.16618,63.501,23602
2025-08-06 14:00:00,1,0.45612732325620153,0.5438726767437985,Hold,63.510567,63.663628,62.57307,63.099216,34493
2025-08-06 15:00:00,0,0.4366771692247278,0.5633228307752722,Hold,63.108784,63.26184,61.999092,62.05649,25583
2025-08-06 16:00:00,0,0.431004145882522,0.568995854117478,Hold,62.046925,62.793095,61.8269,62.467842,37675
2025-08-06 17:00:00,0,0.5222505068939275,0.4777494931060725,Sell,62.477406,62.51567,61.970394,61.989525,14095
2025-08-06 18:00:00,0,0.4715723462515407,0.5284276537484593,Hold,61.989525,62.10432,61.300755,61.33902,29803
2025-08-06 19:00:00,0,0.4344548021640895,0.5655451978359105,Hold,61.329453,61.405983,60.879837,61.300755,10548
2025-08-06 20:00:00,0,0.4598584651005528,0.5401415348994472,Hold,61.291187,61.539913,61.243355,61.482513,3525
2025-08-06 22:00:00,0,0.4349389922818296,0.5650610077181704,Hold,61.56861,61.654705,61.472946,61.530346,1087
2025-08-06 23:00:00,0,0.42756414219830885,0.5724358578016912,Hold,61.530346,61.635574,61.51121,61.58774,817
2025-08-07 00:00:00,0,0.39712150307847605,0.602878496921524,Hold,61.59731,61.884296,61.539913,61.884296,3126
2025-08-07 01:00:00,0,0.3889906575910758,0.6110093424089242,Hold,61.884296,62.152153,61.865166,62.094757,3489
2025-08-07 02:00:00,1,0.4010325389335098,0.5989674610664901,Hold,62.094757,62.25738,62.05649,62.16172,1670
2025-08-07 03:00:00,1,0.428842169033245,0.571157830966755,Hold,62.16172,62.25738,62.123455,62.228683,1172
2025-08-07 04:00:00,1,0.41289341456730266,0.5871065854326973,Hold,62.228683,62.228683,61.989525,62.018227,1619
2025-08-07 05:00:00,1,0.4069969165874015,0.5930030834125986,Hold,62.00866,62.037357,61.865166,61.93213,1961
2025-08-07 06:00:00,1,0.4201115724213196,0.5798884275786804,Hold,61.941696,62.05649,61.884296,61.970394,2077
2025-08-07 07:00:00,0,0.451601316820599,0.548398683179401,Hold,61.970394,62.152153,61.913,61.941696,4730
2025-08-07 08:00:00,0,0.4493696760922576,0.5506303239077424,Hold,61.941696,61.989525,61.33902,61.759937,15434
2025-08-07 09:00:00,1,0.47456987291761066,0.5254301270823893,Hold,61.7695,62.05649,61.721672,62.046925,4336
2025-08-07 10:00:00,1,0.46420421417643654,0.5357957858235635,Hold,62.05649,62.286083,61.92256,62.046925,5102
2025-08-07 11:00:00,1,0.5153503075660836,0.4846496924339164,Sell,62.046925,62.133022,61.721672,61.779068,6322
2025-08-07 12:00:00,1,0.5678951152173936,0.43210488478260645,Sell,61.798203,62.037357,61.779068,61.884296,6869
2025-08-07 13:00:00,1,0.5343048412158578,0.46569515878414225,Sell,61.893864,61.913,61.43468,61.67384,20002
2025-08-07 14:00:00,0,0.5676883695951715,0.43231163040482845,Sell,61.683407,61.788635,61.28162,61.291187,15448
2025-08-07 15:00:00,0,0.5912512982416013,0.4087487017583987,Sell,61.291187,61.530346,61.08073,61.243355,18167
2025-08-07 16:00:00,0,0.6177246585421128,0.3822753414578872,Sell,61.243355,61.69297,61.243355,61.425117,12144
2025-08-07 17:00:00,0,0.5723095741544689,0.4276904258455311,Sell,61.43468,61.49208,61.013767,61.28162,12005
2025-08-07 18:00:00,0,0.5451711119711585,0.45482888802884147,Sell,61.28162,61.35815,60.994633,61.061596,14273
2025-08-07 19:00:00,0,0.5182670537528027,0.4817329462471973,Sell,61.061596,61.071163,60.937237,60.985065,2997
2025-08-07 20:00:00,0,0.5508595008272238,0.4491404991727762,Sell,60.965935,61.090298,60.965935,61.052032,2322
2025-08-07 22:00:00,0,0.5618728265080385,0.4381271734919615,Sell,61.08073,61.128563,61.0042,61.08073,830
2025-08-07 23:00:00,0,0.5598342502331335,0.4401657497668665,Sell,61.071163,61.10943,61.032898,61.061596,364
2025-08-08 00:00:00,0,0.47979642614625795,0.520203573853742,Hold,61.061596,61.09986,61.013767,61.09986,1220
2025-08-08 01:00:00,0,0.5113618706548574,0.4886381293451426,Sell,61.090298,61.18596,61.071163,61.090298,1846
2025-08-08 02:00:00,0,0.5176010919089514,0.4823989080910486,Sell,61.09986,61.195526,60.965935,61.052032,1581
2025-08-08 03:00:00,0,0.5438933721266362,0.45610662787336376,Sell,61.071163,61.09986,60.9468,61.071163,1182
2025-08-08 04:00:00,0,0.48481008549668053,0.5151899145033194,Hold,61.071163,61.071163,60.975502,60.975502,689
2025-08-08 05:00:00,0,0.48078794882828396,0.519212051171716,Hold,60.975502,60.994633,60.79374,60.803307,2623
2025-08-08 06:00:00,0,0.4548188227395442,0.5451811772604558,Hold,60.812874,60.84157,60.449356,60.56415,5006
2025-08-08 07:00:00,0,0.526264466287778,0.473735533712222,Sell,60.573715,61.195526,60.53545,61.128563,6146
2025-08-08 08:00:00,0,0.4682022986906103,0.5317977013093897,Hold,61.128563,61.35815,60.85114,61.33902,5908
2025-08-08 09:00:00,0,0.4893005989244144,0.5106994010755856,Hold,61.329453,61.482513,61.118996,61.453815,4139
2025-08-08 10:00:00,1,0.48412744676025,0.51587255323975,Hold,61.44425,61.67384,61.319885,61.530346,7116
2025-08-08 11:00:00,0,0.44497779363923695,0.555022206360763,Hold,61.52078,61.559044,61.20509,61.291187,4897
2025-08-08 12:00:00,0,0.4861861331759555,0.5138138668240445,Hold,61.300755,61.539913,61.214657,61.35815,5584
2025-08-08 13:00:00,1,0.495819296470903,0.504180703529097,Hold,61.35815,61.779068,61.071163,61.626007,16359
2025-08-08 14:00:00,0,0.479346318678775,0.520653681321225,Hold,61.626007,61.64514,60.04757,60.79374,47087
2025-08-08 15:00:00,0,0.4742874256655434,0.5257125743344566,Hold,60.784176,61.559044,60.726776,61.44425,19264
2025-08-08 16:00:00,0,0.43536088292936553,0.5646391170706344,Hold,61.453815,61.539913,61.243355,61.35815,10580
2025-08-08 17:00:00,0,0.4203531958865285,0.5796468041134715,Hold,61.35815,61.683407,61.042465,61.18596,14534
2025-08-08 18:00:00,0,0.4670377507851119,0.5329622492148881,Hold,61.17639,61.28162,60.89897,60.908535,14963
2025-08-08 19:00:00,0,0.43725010916930857,0.5627498908306914,Hold,60.908535,61.02333,60.832005,60.87027,4011
2025-08-08 20:00:00,0,0.497658407242552,0.5023415927574479,Hold,60.87027,60.889404,60.554585,60.602417,3383
2025-08-10 22:00:00,0,0.4910903560360742,0.5089096439639258,Hold,60.726776,60.937237,60.41109,60.82244,1860
2025-08-10 23:00:00,0,0.49238726382405357,0.5076127361759464,Hold,60.82244,60.879837,60.678947,60.68851,557
2025-08-11 00:00:00,0,0.45421281056932583,0.5457871894306742,Hold,60.678947,60.69808,60.286728,60.36326,2432
2025-08-11 01:00:00,0,0.48403672062932895,0.515963279370671,Hold,60.372826,60.755474,60.372826,60.736343,2061
2025-08-11 02:00:00,0,0.4599784255043566,0.5400215744956434,Hold,60.736343,60.79374,60.631115,60.76504,1061
2025-08-11 03:00:00,0,0.40827631303052436,0.5917236869694756,Hold,60.76504,60.82244,60.726776,60.76504,842
2025-08-11 04:00:00,0,0.42052034666424415,0.5794796533357558,Hold,60.77461,60.79374,60.631115,60.659813,619
2025-08-11 05:00:00,0,0.4448446890657556,0.5551553109342444,Hold,60.659813,60.77461,60.61198,60.755474,705
2025-08-11 06:00:00,0,0.4514655920571707,0.5485344079428294,Hold,60.755474,60.92767,60.38239,60.545017,3577
2025-08-11 07:00:00,0,0.467053267867582,0.5329467321324179,Hold,60.53545,60.678947,60.36326,60.401524,4192
2025-08-11 08:00:00,0,0.4481650361159235,0.5518349638840765,Hold,60.391956,60.918102,60.391956,60.736343,6017
2025-08-11 09:00:00,0,0.43625674375150364,0.5637432562484963,Hold,60.726776,61.10943,60.68851,61.071163,4704
2025-08-11 10:00:00,0,0.4604292662814598,0.5395707337185403,Hold,61.061596,61.224224,61.052032,61.195526,3499
2025-08-11 11:00:00,0,0.47457018786567906,0.5254298121343209,Hold,61.18596,61.49208,61.166824,61.482513,5101
2025-08-11 12:00:00,0,0.45016836924430226,0.5498316307556977,Hold,61.463383,61.52078,61.31032,61.44425,5606
2025-08-11 13:00:00,0,0.419961454846004,0.580038545153996,Hold,61.44425,61.626007,61.291187,61.367718,11276
2025-08-11 14:00:00,0,0.43398597856917337,0.5660140214308267,Hold,61.377285,61.64514,60.918102,60.9468,13602
2025-08-11 15:00:00,0,0.4616581031893359,0.5383418968106641,Hold,60.9468,61.44425,60.89897,61.042465,13237
2025-08-11 16:00:00,0,0.42270943925628857,0.5772905607437114,Hold,61.032898,61.367718,61.0042,61.319885,6956
2025-08-11 17:00:00,0,0.40645693190008597,0.5935430680999141,Hold,61.31032,61.425117,61.090298,61.18596,8699
2025-08-11 18:00:00,0,0.46516074963375265,0.5348392503662474,Hold,61.18596,61.396416,61.147694,61.214657,13709
2025-08-11 19:00:00,1,0.44036303969293983,0.5596369603070601,Hold,61.224224,61.367718,61.224224,61.28162,2073
2025-08-11 20:00:00,1,0.4044268830089015,0.5955731169910985,Hold,61.291187,61.319885,61.195526,61.224224,1277
2025-08-11 22:00:00,1,0.47677129298264037,0.5232287070173596,Hold,61.224224,61.367718,61.214657,61.367718,666
2025-08-11 23:00:00,1,0.48302678857055054,0.5169732114294494,Hold,61.367718,61.377285,61.291187,61.319885,187
2025-08-12 00:00:00,1,0.48001165386318495,0.5199883461368151,Hold,61.319885,61.43468,61.291187,61.291187,861
2025-08-12 01:00:00,0,0.4369025625368706,0.5630974374631295,Hold,61.291187,61.300755,61.128563,61.214657,1222
2025-08-12 02:00:00,1,0.4941902142953044,0.5058097857046956,Hold,61.224224,61.300755,61.166824,61.28162,556
2025-08-12 03:00:00,1,0.4894836732549704,0.5105163267450297,Hold,61.291187,61.396416,61.26249,61.348587,765
2025-08-12 04:00:00,1,0.53297031663907,0.46702968336093,Sell,61.33902,61.52078,61.319885,61.49208,885
2025-08-12 05:00:00,1,0.4779616228039019,0.5220383771960981,Hold,61.501648,61.51121,61.396416,61.425117,898
2025-08-12 06:00:00,1,0.4635497323046596,0.5364502676953404,Hold,61.425117,61.51121,61.18596,61.35815,2619
2025-08-12 07:00:00,1,0.47636066829484924,0.5236393317051508,Hold,61.348587,61.453815,61.28162,61.35815,2857
2025-08-12 08:00:00,0,0.46126881223102306,0.5387311877689769,Hold,61.367718,61.44425,60.994633,61.061596,5613
2025-08-12 09:00:00,0,0.5061517964299618,0.4938482035700382,Sell,61.061596,61.291187,61.0042,61.243355,2870
2025-08-12 10:00:00,1,0.4845267160482845,0.5154732839517155,Hold,61.243355,61.549477,61.013767,61.17639,4926
2025-08-12 11:00:00,1,0.5169832623304002,0.48301673766959985,Sell,61.17639,61.18596,60.726776,60.755474,5963
2025-08-12 12:00:00,0,0.4978469421605884,0.5021530578394116,Hold,60.755474,60.87027,60.56415,60.678947,8454
2025-08-12 13:00:00,1,0.4970182613493919,0.5029817386506081,Hold,60.68851,60.908535,60.449356,60.736343,15497
2025-08-12 14:00:00,1,0.5380409147831121,0.4619590852168879,Sell,60.726776,60.89897,60.69808,60.812874,10653
2025-08-12 15:00:00,0,0.5385363527907705,0.4614636472092295,Sell,60.82244,61.032898,60.45892,60.53545,15932
2025-08-12 16:00:00,0,0.49909806379389654,0.5009019362061035,Hold,60.53545,60.631115,60.324993,60.43979,11350
2025-08-12 17:00:00,0,0.5382467788195489,0.46175322118045115,Sell,60.43022,60.678947,60.391956,60.48762,9275
2025-08-12 18:00:00,0,0.5005166463505137,0.49948335364948626,Sell,60.497185,60.53545,60.324993,60.478054,18414
2025-08-12 19:00:00,0,0.5048644864558515,0.49513551354414853,Sell,60.48762,60.506752,60.401524,60.43022,3235
2025-08-12 20:00:00,0,0.5082355213278552,0.4917644786721448,Sell,60.420654,60.449356,60.33456,60.344124,2654
2025-08-12 22:00:00,0,0.5080721988570964,0.4919278011429036,Sell,60.33456,60.43022,60.0954,60.36326,822
2025-08-12 23:00:00,1,0.5458747343911178,0.4541252656088822,Sell,60.38239,60.43979,60.372826,60.420654,144
2025-08-13 00:00:00,1,0.5226448102883602,0.4773551897116398,Sell,60.420654,60.43022,60.36326,60.41109,757
2025-08-13 01:00:00,1,0.5147977752597361,0.48520222474026387,Sell,60.401524,60.45892,60.286728,60.41109,1634
2025-08-13 02:00:00,0,0.4867265967202048,0.5132734032797952,Hold,60.41109,60.41109,60.210197,60.238895,787
2025-08-13 03:00:00,1,0.5295914755390255,0.4704085244609745,Sell,60.238895,60.43979,60.229332,60.43979,866
2025-08-13 04:00:00,1,0.4909895685635025,0.5090104314364975,Hold,60.449356,60.51632,60.43022,60.478054,822
2025-08-13 05:00:00,0,0.5093723676815011,0.49062763231849893,Sell,60.468487,60.545017,60.324993,60.344124,910
2025-08-13 06:00:00,1,0.5446849099860089,0.45531509001399106,Sell,60.35369,60.59285,60.133667,60.449356,3552
2025-08-13 07:00:00,0,0.5591628213362336,0.44083717866376637,Sell,60.43979,60.43979,60.143234,60.229332,4002
2025-08-13 08:00:00,0,0.5043200271254957,0.49567997287450427,Sell,60.219765,60.267597,59.827545,60.1241,8199
2025-08-13 09:00:00,0,0.5314865175635073,0.4685134824364927,Sell,60.114536,60.324993,59.980606,60.009304,5314
2025-08-13 10:00:00,0,0.4981441646557763,0.5018558353442237,Hold,60.01887,60.07627,59.884945,59.904076,3463
2025-08-13 11:00:00,0,0.5479757681676297,0.4520242318323703,Sell,59.904076,60.1528,59.884945,60.0954,3689
2025-08-13 12:00:00,1,0.5099064874349659,0.4900935125650341,Sell,60.0954,60.631115,60.057137,60.43022,11507
2025-08-13 13:00:00,0,0.5354032102753506,0.46459678972464935,Sell,60.43022,60.468487,60.114536,60.162365,9702
2025-08-13 14:00:00,0,0.5206064457120929,0.4793935542879071,Sell,60.162365,60.305862,59.464027,59.597954,24588
2025-08-13 15:00:00,0,0.4644117551150765,0.5355882448849235,Hold,59.58839,59.827545,59.25357,59.320534,15146
2025-08-13 16:00:00,0,0.5119968744605137,0.4880031255394863,Sell,59.3301,59.655354,59.2727,59.53099,10375
2025-08-13 17:00:00,0,0.40642956983407114,0.5935704301659288,Hold,59.53099,59.99974,59.492725,59.837112,11498
2025-08-13 18:00:00,0,0.3880442903909172,0.6119557096090829,Hold,59.84668,59.99974,59.751015,59.779716,10710
2025-08-13 19:00:00,0,0.35032448188534665,0.6496755181146534,Hold,59.77015,60.10497,59.77015,60.01887,3200
2025-08-13 20:00:00,0,0.3384660383940097,0.6615339616059903,Hold,60.02844,60.04757,59.961475,60.01887,1339
2025-08-13 22:00:00,0,0.3921441423294127,0.6078558576705873,Hold,60.066704,60.114536,59.980606,60.057137,434
2025-08-13 23:00:00,0,0.3857601356645546,0.6142398643354454,Hold,60.04757,60.114536,60.038006,60.066704,223
2025-08-14 00:00:00,0,0.4130374409204809,0.5869625590795191,Hold,60.057137,60.171932,60.038006,60.1528,1088
2025-08-14 01:00:00,0,0.4138434220359406,0.5861565779640594,Hold,60.143234,60.1815,60.02844,60.1528,1528
2025-08-14 02:00:00,0,0.43387512281596496,0.566124877184035,Hold,60.162365,60.267597,60.0954,60.191067,808
2025-08-14 03:00:00,0,0.40390011574287343,0.5960998842571266,Hold,60.1815,60.219765,60.114536,60.133667,827
2025-08-14 04:00:00,0,0.4216713193598404,0.5783286806401595,Hold,60.133667,60.1815,60.1241,60.162365,343
2025-08-14 05:00:00,0,0.4692916384584416,0.5307083615415584,Hold,60.162365,60.315426,60.07627,60.20063,1272
2025-08-14 06:00:00,0,0.499865927044648,0.5001340729553521,Hold,60.191067,60.35369,60.07627,60.27716,2234
2025-08-14 07:00:00,0,0.49518447526511616,0.5048155247348838,Hold,60.267597,60.35369,60.04757,60.10497,3245
2025-08-14 08:00:00,0,0.4978860754506614,0.5021139245493387,Hold,60.114536,60.305862,60.01887,60.0954,5419
2025-08-14 09:00:00,0,0.4882888473878004,0.5117111526121996,Hold,60.0954,60.33456,60.085835,60.267597,3074
2025-08-14 10:00:00,0,0.46371655077494056,0.5362834492250594,Hold,60.267597,60.305862,59.86581,59.932774,4318
2025-08-14 11:00:00,0,0.46125856096504375,0.5387414390349563,Hold,59.932774,60.267597,59.913643,60.210197,3655
2025-08-14 12:00:00,0,0.5235682320423822,0.47643176795761777,Sell,60.210197,60.53545,60.10497,60.38239,6182
2025-08-14 13:00:00,0,0.5666919000826147,0.4333080999173853,Sell,60.372826,61.02333,60.324993,60.717213,16784
2025-08-14 14:00:00,0,0.49475973141716806,0.5052402685828319,Hold,60.726776,60.85114,60.449356,60.678947,12220
2025-08-14 15:00:00,0,0.6134451182901215,0.3865548817098785,Sell,60.68851,61.118996,60.66938,61.02333,12467
2025-08-14 16:00:00,0,0.5751237897195205,0.4248762102804795,Sell,61.013767,61.20509,60.9468,61.02333,6338
2025-08-14 17:00:00,1,0.557740047520914,0.442259952479086,Sell,61.013767,61.195526,60.784176,61.138126,8367
2025-08-14 18:00:00,1,0.554436264120992,0.445563735879008,Sell,61.138126,61.300755,61.02333,61.28162,11875
2025-08-14 19:00:00,1,0.5388955857159423,0.4611044142840577,Sell,61.272057,61.319885,61.224224,61.243355,2247
2025-08-14 20:00:00,1,0.5126651943451183,0.48733480565488174,Sell,61.26249,61.28162,61.138126,61.15726,1764
2025-08-14 22:00:00,1,0.5759788692169809,0.42402113078301906,Sell,61.138126,61.195526,61.042465,61.118996,470
2025-08-14 23:00:00,1,0.5646680279069758,0.4353319720930242,Sell,61.118996,61.17639,61.08073,61.166824,322
2025-08-15 00:00:00,1,0.5866188695927769,0.41338113040722313,Sell,61.166824,61.367718,61.061596,61.09986,1508
2025-08-15 01:00:00,1,0.5953031055414946,0.40469689445850543,Sell,61.09986,61.17639,61.02333,61.17639,1331
2025-08-15 02:00:00,1,0.5536583946313177,0.4463416053686823,Sell,61.166824,61.195526,61.061596,61.118996,529
2025-08-15 03:00:00,1,0.5628117186336687,0.43718828136633126,Sell,61.10943,61.147694,61.013767,61.071163,492
2025-08-15 04:00:00,1,0.5558797582440331,0.44412024175596687,Sell,61.071163,61.10943,60.937237,60.985065,408
2025-08-15 05:00:00,1,0.5971205889313145,0.4028794110686855,Sell,60.965935,61.138126,60.92767,61.071163,716
2025-08-15 06:00:00,1,0.5452723851482965,0.45472761485170354,Sell,61.071163,61.071163,60.812874,60.889404,1432
2025-08-15 07:00:00,1,0.5559339840993902,0.4440660159006098,Sell,60.879837,60.889404,60.66938,60.755474,3039
2025-08-15 08:00:00,0,0.5028503057336763,0.4971496942663237,Sell,60.76504,60.82244,60.478054,60.48762,4083
2025-08-15 09:00:00,1,0.5054554162201343,0.49454458377986565,Sell,60.48762,60.85114,60.48762,60.832005,2420
2025-08-15 10:00:00,1,0.4812956282246307,0.5187043717753693,Hold,60.82244,60.89897,60.68851,60.812874,1867
2025-08-15 11:00:00,1,0.5520715296143837,0.44792847038561634,Sell,60.803307,60.937237,60.56415,60.908535,2264
2025-08-15 12:00:00,0,0.5033630568673287,0.49663694313267126,Sell,60.908535,60.937237,60.573715,60.602417,3762
2025-08-15 13:00:00,0,0.4415834435574882,0.5584165564425119,Hold,60.61198,60.631115,60.162365,60.59285,12026
2025-08-15 14:00:00,0,0.4284630200590023,0.5715369799409977,Hold,60.59285,60.84157,60.344124,60.69808,8606
2025-08-15 15:00:00,0,0.44024139428861214,0.5597586057113879,Hold,60.707645,60.84157,60.41109,60.43022,8328
2025-08-15 16:00:00,0,0.43425068237120623,0.5657493176287938,Hold,60.43979,60.53545,60.219765,60.506752,6465
2025-08-15 17:00:00,0,0.41692539955052316,0.5830746004494769,Hold,60.51632,60.631115,60.324993,60.36326,4944
2025-08-15 18:00:00,0,0.3707919466029186,0.6292080533970814,Hold,60.36326,60.36326,59.961475,60.33456,14273
2025-08-15 19:00:00,0,0.3627687225488642,0.6372312774511357,Hold,60.33456,60.420654,60.07627,60.391956,3136
2025-08-15 20:00:00,0,0.3506978281308642,0.6493021718691359,Hold,60.38239,60.449356,60.344124,60.401524,1733
2025-08-17 22:00:00,0,0.31677894022199565,0.6832210597780044,Hold,60.267597,60.324993,59.751015,59.94234,810
2025-08-17 23:00:00,0,0.29020160926615846,0.7097983907338415,Hold,59.932774,59.961475,59.856247,59.856247,208
2025-08-18 00:00:00,0,0.33964627852647955,0.6603537214735204,Hold,59.856247,60.088886,59.81747,60.0695,1630
2025-08-18 01:00:00,0,0.3191021479288077,0.6808978520711924,Hold,60.0695,60.09858,59.807777,60.059803,2458
2025-08-18 02:00:00,0,0.3120618964416086,0.6879381035583914,Hold,60.079193,60.117966,60.001644,60.05011,1464
2025-08-18 03:00:00,0,0.31975525523076814,0.6802447447692319,Hold,60.059803,60.185818,59.972565,60.15674,1461
2025-08-18 04:00:00,0,0.34970808809550286,0.6502919119044972,Hold,60.15674,60.22459,60.117966,60.12766,1138
2025-08-18 05:00:00,0,0.36408216799201015,0.6359178320079899,Hold,60.147045,60.205204,60.09858,60.176125,994
2025-08-18 06:00:00,0,0.4130957627802048,0.5869042372197952,Hold,60.185818,60.53478,60.16643,60.389378,3296
2025-08-18 07:00:00,0,0.37798832217963824,0.6220116778203617,Hold,60.389378,60.389378,59.96287,59.982258,5380
2025-08-18 08:00:00,0,0.3693342213725532,0.6306657786274468,Hold,59.99195,60.33122,59.95318,60.176125,5362
2025-08-18 09:00:00,0,0.4336335422603972,0.5663664577396028,Hold,60.19551,60.63171,60.137352,60.53478,5598
2025-08-18 10:00:00,0,0.4023767984273719,0.5976232015726282,Hold,60.525085,60.563858,60.214897,60.466923,3508
2025-08-18 11:00:00,0,0.401680874212236,0.598319125787764,Hold,60.466923,60.515392,60.263363,60.389378,3983
2025-08-18 12:00:00,0,0.3772939989757005,0.6227060010242995,Hold,60.389378,60.447536,60.147045,60.214897,6475
2025-08-18 13:00:00,0,0.3342705282703948,0.6657294717296052,Hold,60.22459,60.243977,59.565445,59.81747,20853
2025-08-18 14:00:00,0,0.34816626554647945,0.6518337344535206,Hold,59.827164,60.25367,59.66238,60.15674,13300
2025-08-18 15:00:00,0,0.4241406466503719,0.5758593533496281,Hold,60.16643,60.42815,60.088886,60.418457,13181
2025-08-18 16:00:00,0,0.3856194063144832,0.6143805936855168,Hold,60.418457,60.5057,60.30214,60.466923,7826
2025-08-18 17:00:00,0,0.4607851107016933,0.5392148892983066,Hold,60.466923,61.077602,60.418457,60.73834,15231
2025-08-18 18:00:00,0,0.45007955579163894,0.5499204442083611,Hold,60.73834,60.89343,60.670483,60.74803,14046
2025-08-18 19:00:00,0,0.4035588958501181,0.5964411041498818,Hold,60.74803,60.767418,60.554165,60.699562,5022
2025-08-18 20:00:00,0,0.38868397165193047,0.6113160283480695,Hold,60.699562,60.767418,60.651096,60.66079,1551
2025-08-18 22:00:00,0,0.36700283476199014,0.6329971652380099,Hold,60.66079,60.757725,60.311832,60.68987,1398
2025-08-18 23:00:00,0,0.3841740995603802,0.6158259004396198,Hold,60.68987,60.73834,60.670483,60.70926,352
2025-08-19 00:00:00,0,0.33945005768764575,0.6605499423123542,Hold,60.718952,60.728645,60.612324,60.63171,1065
2025-08-19 01:00:00,0,0.322244363201035,0.677755636798965,Hold,60.63171,60.63171,60.45723,60.48631,1585
2025-08-19 02:00:00,0,0.3033323915120558,0.6966676084879442,Hold,60.48631,60.515392,60.389378,60.418457,861
2025-08-19 03:00:00,0,0.32732901654863084,0.6726709834513691,Hold,60.418457,60.515392,60.389378,60.418457,670
2025-08-19 04:00:00,0,0.27847145995246503,0.721528540047535,Hold,60.408764,60.408764,60.30214,60.321526,807
2025-08-19 05:00:00,0,0.3055231184999818,0.6944768815000182,Hold,60.321526,60.379684,60.214897,60.34091,1722
2025-08-19 06:00:00,0,0.3238255723522828,0.6761744276477172,Hold,60.34091,60.54447,60.33122,60.379684,2852
2025-08-19 07:00:00,0,0.2820110650660251,0.717988934933975,Hold,60.36999,60.379684,60.147045,60.25367,4943
2025-08-19 08:00:00,0,0.3336159771090288,0.6663840228909712,Hold,60.25367,60.389378,60.059803,60.079193,6736
2025-08-19 09:00:00,0,0.3715702253959188,0.6284297746040812,Hold,60.0695,60.243977,59.972565,60.185818,6139
2025-08-19 10:00:00,0,0.3296599440095886,0.6703400559904114,Hold,60.19551,60.25367,59.95318,59.99195,4913
2025-08-19 11:00:00,0,0.3654888365059995,0.6345111634940005,Hold,59.99195,60.311832,59.943485,60.273056,7371
2025-08-19 12:00:00,0,0.35589224774006306,0.644107752259937,Hold,60.263363,60.34091,59.982258,60.05011,8724
2025-08-19 13:00:00,0,0.32070531263375296,0.6792946873662471,Hold,60.05011,60.350605,59.807777,60.09858,17705
2025-08-19 14:00:00,0,0.37979682760450173,0.6202031723954983,Hold,60.088886,60.34091,60.001644,60.16643,15498
2025-08-19 15:00:00,0,0.3652392080359022,0.6347607919640978,Hold,60.16643,60.30214,59.914406,59.9241,12890
2025-08-19 16:00:00,0,0.42124895335025814,0.5787510466497419,Hold,59.9241,60.12766,59.875633,59.904713,10080
2025-08-19 17:00:00,0,0.3910294055539861,0.608970594446014,Hold,59.89502,59.96287,59.75931,59.836857,8684
2025-08-19 18:00:00,0,0.40995414498741295,0.5900458550125871,Hold,59.827164,60.059803,59.75931,60.001644,13249
2025-08-19 19:00:00,0,0.37515620647677667,0.6248437935232234,Hold,60.001644,60.12766,59.904713,59.99195,4775
2025-08-19 20:00:00,0,0.3946075376910091,0.6053924623089909,Hold,59.99195,60.147045,59.972565,60.09858,2563
2025-08-19 22:00:00,0,0.4021742848113901,0.5978257151886099,Hold,60.05011,60.205204,60.030724,60.19551,689
2025-08-19 23:00:00,0,0.4035272876784765,0.5964727123215234,Hold,60.19551,60.234283,60.176125,60.214897,523
2025-08-20 00:00:00,0,0.45729661074831446,0.5427033892516855,Hold,60.205204,60.22459,60.137352,60.205204,942
2025-08-20 01:00:00,0,0.43485294177248685,0.5651470582275131,Hold,60.205204,60.292446,59.99195,60.001644,2178
2025-08-20 02:00:00,0,0.37980702939853384,0.6201929706014662,Hold,59.99195,60.059803,59.943485,60.001644,972
2025-08-20 03:00:00,0,0.39130943473038454,0.6086905652696155,Hold,60.001644,60.079193,59.933792,59.982258,792
2025-08-20 04:00:00,0,0.4067655480374927,0.5932344519625072,Hold,59.982258,60.117966,59.982258,60.088886,714
2025-08-20 05:00:00,0,0.4019893386732513,0.5980106613267486,Hold,60.09858,60.30214,60.079193,60.292446,1609
2025-08-20 06:00:00,0,0.40687891358570916,0.5931210864142908,Hold,60.30214,60.466923,60.282753,60.418457,4020
2025-08-20 07:00:00,0,0.4617734360986136,0.5382265639013863,Hold,60.408764,60.641403,60.30214,60.554165,6195
2025-08-20 08:00:00,0,0.4683409004623349,0.5316590995376651,Hold,60.54447,60.796497,60.36999,60.718952,7526
2025-08-20 09:00:00,0,0.353522447832794,0.6464775521672059,Hold,60.728645,60.728645,60.311832,60.33122,4551
2025-08-20 10:00:00,0,0.3905362742561891,0.6094637257438109,Hold,60.33122,60.651096,60.234283,60.592937,5372
2025-08-20 11:00:00,0,0.39652598375721587,0.6034740162427841,Hold,60.60263,60.767418,60.583244,60.699562,5462
2025-08-20 12:00:00,0,0.37505592773888025,0.6249440722611197,Hold,60.699562,60.728645,60.447536,60.63171,7890
2025-08-20 13:00:00,0,0.3200502493697665,0.6799497506302334,Hold,60.622017,60.77711,60.447536,60.563858,14749
2025-08-20 14:00:00,0,0.31664080990827126,0.6833591900917287,Hold,60.57355,60.874043,60.34091,60.3603,19706
2025-08-20 15:00:00,0,0.46295665968986416,0.5370433403101358,Hold,60.3603,60.970978,60.19551,60.932205,21153
2025-08-20 16:00:00,0,0.4093663123151789,0.590633687684821,Hold,60.932205,61.077602,60.728645,60.883736,11738
2025-08-20 17:00:00,0,0.4089946429083234,0.5910053570916767,Hold,60.874043,60.89343,60.66079,60.680176,8852
2025-08-20 18:00:00,0,0.4480222796374415,0.5519777203625584,Hold,60.680176,60.961285,60.63171,60.95159,17899
2025-08-20 19:00:00,0,0.40163003288710947,0.5983699671128906,Hold,60.95159,61.019444,60.9419,60.970978,4299
2025-08-20 20:00:00,0,0.3856898869194146,0.6143101130805855,Hold,60.970978,61.03883,60.883736,60.912815,1848
2025-08-20 22:00:00,0,0.4001770448131906,0.5998229551868094,Hold,60.922512,61.019444,60.912815,60.990364,461
2025-08-20 23:00:00,0,0.3770026314207011,0.6229973685792989,Hold,60.98067,60.990364,60.9419,60.95159,220
2025-08-21 00:00:00,0,0.3391433890049478,0.6608566109950522,Hold,60.9419,61.000057,60.89343,60.912815,714
2025-08-21 01:00:00,0,0.3703695234047615,0.6296304765952385,Hold,60.903122,61.252083,60.854656,61.058216,3646
2025-08-21 02:00:00,0,0.35992473084804866,0.6400752691519513,Hold,61.058216,61.116375,61.019444,61.019444,1251
2025-08-21 03:00:00,0,0.3846125415124088,0.6153874584875911,Hold,61.019444,61.09699,60.98067,61.077602,724
2025-08-21 04:00:00,0,0.3694916296830912,0.6305083703169088,Hold,61.077602,61.15515,61.019444,61.10668,759
2025-08-21 05:00:00,0,0.38460329350651506,0.6153967064934849,Hold,61.116375,61.203617,61.048523,61.164845,1244
2025-08-21 06:00:00,0,0.41128976575251025,0.5887102342474897,Hold,61.174538,61.33932,61.10668,61.281162,3031
2025-08-21 07:00:00,0,0.4053492737699224,0.5946507262300775,Hold,61.281162,61.455643,61.232697,61.24239,7142
2025-08-21 08:00:00,0,0.4549142027247698,0.5450857972752302,Hold,61.252083,61.41687,61.203617,61.38779,4008
2025-08-21 09:00:00,0,0.42003399900101385,0.5799660009989862,Hold,61.397484,61.455643,61.232697,61.426563,4583
2025-08-21 10:00:00,0,0.38232322841632765,0.6176767715836724,Hold,61.426563,61.533188,61.281162,61.31024,4137
2025-08-21 11:00:00,0,0.38258538916543267,0.6174146108345673,Hold,61.319935,61.368404,61.058216,61.164845,5534
2025-08-21 12:00:00,0,0.32863211415989907,0.6713678858401009,Hold,61.164845,61.33932,60.912815,60.961285,6502
2025-08-21 13:00:00,0,0.3591421017789688,0.6408578982210311,Hold,60.970978,61.000057,60.60263,60.670483,20421
2025-08-21 14:00:00,0,0.3827639004301354,0.6172360995698646,Hold,60.680176,61.174538,60.641403,61.058216,13905
2025-08-21 15:00:00,0,0.3634865780952203,0.6365134219047797,Hold,61.06791,61.407177,60.912815,61.290855,14993
2025-08-21 16:00:00,0,0.4098696179436533,0.5901303820563467,Hold,61.281162,61.59135,61.164845,61.523495,11596
2025-08-21 17:00:00,0,0.41496419844659854,0.5850358015534014,Hold,61.523495,61.668896,61.41687,61.571964,8810
2025-08-21 18:00:00,0,0.4219679592331754,0.5780320407668246,Hold,61.581657,61.71736,61.47503,61.552574,16895
2025-08-21 19:00:00,0,0.4269559706045433,0.5730440293954566,Hold,61.552574,61.56227,61.426563,61.47503,2911
2025-08-21 20:00:00,0,0.40851633233496937,0.5914836676650306,Hold,61.484722,61.54288,61.44595,61.533188,1850
2025-08-21 22:00:00,0,0.4196265210195638,0.5803734789804362,Hold,61.552574,61.552574,61.47503,61.54288,343
2025-08-21 23:00:00,0,0.3913247305853995,0.6086752694146005,Hold,61.533188,61.552574,61.523495,61.533188,139
2025-08-22 00:00:00,0,0.4860799633754774,0.5139200366245227,Hold,61.533188,61.601044,61.523495,61.552574,719
2025-08-22 01:00:00,0,0.4014841113036258,0.5985158886963742,Hold,61.56227,61.571964,61.378098,61.397484,1526
2025-08-22 02:00:00,0,0.39695483061371006,0.6030451693862899,Hold,61.407177,61.50411,61.378098,61.465336,753
2025-08-22 03:00:00,0,0.3649093999160239,0.6350906000839761,Hold,61.455643,61.533188,61.38779,61.465336,927
2025-08-22 04:00:00,0,0.43011901568933,0.56988098431067,Hold,61.47503,61.59135,61.44595,61.552574,727
2025-08-22 05:00:00,0,0.5131571464858987,0.4868428535141013,Sell,61.552574,61.668896,61.50411,61.659203,1124
2025-08-22 06:00:00,0,0.5001180349292613,0.4998819650707387,Sell,61.659203,61.765827,61.62043,61.697975,2182
2025-08-22 07:00:00,0,0.44242569420526257,0.5575743057947374,Hold,61.70767,61.862762,61.465336,61.659203,4986
2025-08-22 08:00:00,0,0.4759171797064391,0.5240828202935609,Hold,61.668896,61.756134,61.41687,61.50411,6004
2025-08-22 09:00:00,0,0.42857618745967974,0.5714238125403203,Hold,61.494415,61.639816,61.38779,61.44595,3677
2025-08-22 10:00:00,0,0.45095758816145354,0.5490424118385464,Hold,61.44595,61.630123,61.368404,61.59135,2817
2025-08-22 11:00:00,0,0.49937874900816276,0.5006212509918373,Hold,61.59135,61.91123,61.56227,61.71736,8738
2025-08-22 12:00:00,0,0.511718608080129,0.48828139191987097,Sell,61.71736,61.79491,61.610737,61.71736,6963
2025-08-22 13:00:00,0,0.5088402318889321,0.4911597681110679,Sell,61.71736,61.843376,61.571964,61.71736,13633
2025-08-22 14:00:00,0,0.5102278318405927,0.4897721681594073,Sell,61.71736,61.969387,61.601044,61.775524,20234
2025-08-22 15:00:00,0,0.5184006357849325,0.48159936421506755,Sell,61.775524,61.88215,61.44595,61.67859,15440
2025-08-22 16:00:00,0,0.5010953110251085,0.4989046889748915,Sell,61.67859,61.756134,61.47503,61.639816,8516
2025-08-22 17:00:00,0,0.5257474253257222,0.47425257467427784,Sell,61.64951,61.872456,61.59135,61.67859,10871
2025-08-22 18:00:00,0,0.5589323812497157,0.44106761875028433,Sell,61.688282,61.862762,61.64951,61.85307,16569
2025-08-22 19:00:00,0,0.4894247255239844,0.5105752744760156,Hold,61.843376,61.89184,61.814297,61.862762,4040
2025-08-22 20:00:00,0,0.4649021468107622,0.5350978531892379,Hold,61.862762,61.872456,61.775524,61.814297,2490
2025-08-24 22:00:00,0,0.4515153727858909,0.5484846272141091,Hold,61.92092,61.930614,61.765827,61.785217,792
2025-08-24 23:00:00,0,0.49799273419307943,0.5020072658069206,Hold,61.785217,61.814297,61.775524,61.785217,177
2025-08-25 00:00:00,0,0.5392573159466802,0.46074268405331975,Sell,61.79491,61.843376,61.775524,61.833683,625
2025-08-25 01:00:00,0,0.5200791837996556,0.47992081620034444,Sell,61.833683,61.843376,61.581657,61.668896,1995
2025-08-25 02:00:00,0,0.47752772006515354,0.5224722799348465,Hold,61.668896,61.92092,61.64951,61.765827,2111
2025-08-25 03:00:00,0,0.4617446961911776,0.5382553038088225,Hold,61.765827,61.833683,61.727055,61.833683,890
2025-08-25 04:00:00,0,0.42397294670115787,0.5760270532988421,Hold,61.82399,61.862762,61.765827,61.785217,456
2025-08-25 05:00:00,0,0.5394569848599639,0.46054301514003615,Sell,61.775524,61.89184,61.688282,61.862762,965
2025-08-25 06:00:00,0,0.5067837678336435,0.49321623216635646,Sell,61.872456,61.959694,61.71736,61.833683,1778
2025-08-25 07:00:00,0,0.5229404351934075,0.4770595648065925,Sell,61.82399,61.91123,61.64951,61.814297,2736
2025-08-25 08:00:00,0,0.5498043061231768,0.45019569387682323,Sell,61.814297,62.05663,61.804604,62.017857,4443
2025-08-25 09:00:00,0,0.5258660323856387,0.47413396761436133,Sell,62.017857,62.02755,61.85307,61.988777,2092
2025-08-25 10:00:00,0,0.5522285866210684,0.44777141337893156,Sell,61.99847,62.221416,61.988777,62.114788,4132
2025-08-25 11:00:00,0,0.5134603600958243,0.4865396399041757,Sell,62.105095,62.23111,62.0954,62.134174,3416
2025-08-25 12:00:00,0,0.4860701154818036,0.5139298845181963,Hold,62.12448,62.163254,62.02755,62.08571,5994
2025-08-25 13:00:00,0,0.5183674691610255,0.4816325308389745,Sell,62.08571,62.725468,61.99847,62.550987,22477
2025-08-25 14:00:00,0,0.536959402920303,0.463040597079697,Sell,62.550987,62.73516,62.5316,62.66731,8532
2025-08-25 15:00:00,1,0.49247118428050624,0.5075288157194937,Hold,62.677002,62.987186,62.657616,62.948414,13426
2025-08-25 16:00:00,1,0.5253467562640001,0.47465324373599993,Sell,62.948414,63.103508,62.851482,63.055042,8931
2025-08-25 17:00:00,1,0.5066702405022988,0.4933297594977012,Sell,63.045345,63.064735,62.919334,62.977493,7607
2025-08-25 18:00:00,1,0.4812436701802244,0.5187563298197756,Hold,62.9678,62.99688,62.725468,62.773933,15708
2025-08-25 19:00:00,1,0.4832362690874596,0.5167637309125404,Hold,62.76424,62.812706,62.66731,62.79332,3238
2025-08-25 20:00:00,1,0.4794037230312846,0.5205962769687154,Hold,62.79332,62.8224,62.725468,62.754547,1645
2025-08-25 22:00:00,1,0.4721146567464912,0.5278853432535088,Hold,62.76424,62.773933,62.70608,62.73516,257
2025-08-25 23:00:00,1,0.47146271052669086,0.5285372894733091,Hold,62.725468,62.76424,62.69639,62.725468,200
2025-08-26 00:00:00,1,0.47754047965627566,0.5224595203437243,Hold,62.725468,62.73516,62.395893,62.454056,2744
2025-08-26 01:00:00,1,0.4526988892349828,0.5473011107650172,Hold,62.454056,62.521908,62.424976,62.483135,1575
2025-08-26 02:00:00,1,0.47065273541120867,0.5293472645887913,Hold,62.483135,62.580067,62.444363,62.541294,1218
2025-08-26 03:00:00,1,0.47158969475321666,0.5284103052467833,Hold,62.541294,62.550987,62.46375,62.521908,731
2025-08-26 04:00:00,1,0.49555233533820126,0.5044476646617988,Hold,62.521908,62.5316,62.46375,62.473442,595
2025-08-26 05:00:00,1,0.4953302000584223,0.5046697999415777,Hold,62.473442,62.521908,62.424976,62.454056,954
2025-08-26 06:00:00,1,0.5189313803177117,0.4810686196822883,Sell,62.46375,62.541294,62.32804,62.43467,2536
2025-08-26 07:00:00,1,0.524863776499831,0.47513622350016904,Sell,62.43467,62.49283,62.172947,62.20203,4179
2025-08-26 08:00:00,0,0.4810412364365654,0.5189587635634346,Hold,62.211723,62.35712,62.037243,62.05663,6140
2025-08-26 09:00:00,0,0.48110340997276707,0.5188965900272329,Hold,62.066322,62.114788,61.71736,61.74644,7341
2025-08-26 10:00:00,0,0.44484271487839616,0.5551572851216038,Hold,61.756134,61.82399,61.639816,61.668896,4935
2025-08-26 11:00:00,0,0.4460479083540639,0.5539520916459362,Hold,61.668896,61.833683,61.62043,61.688282,5109
2025-08-26 12:00:00,0,0.5118662850040335,0.4881337149959665,Sell,61.688282,61.814297,61.639816,61.756134,5488
2025-08-26 13:00:00,0,0.500194813353565,0.49980518664643503,Sell,61.765827,61.959694,61.756134,61.91123,12259
2025-08-26 14:00:00,1,0.5425403129912861,0.45745968700871387,Sell,61.91123,62.279575,61.862762,61.92092,13661
2025-08-26 15:00:00,0,0.4791485944458951,0.5208514055541049,Hold,61.92092,61.92092,61.33932,61.523495,22127
2025-08-26 16:00:00,0,0.3985625396372912,0.6014374603627088,Hold,61.523495,61.581657,61.33932,61.397484,9365
2025-08-26 17:00:00,0,0.42526394022195835,0.5747360597780417,Hold,61.397484,61.47503,61.33932,61.397484,6541
2025-08-26 18:00:00,0,0.4003547409638611,0.599645259036139,Hold,61.397484,61.47503,61.193924,61.34902,11540
2025-08-26 19:00:00,0,0.4340283959548288,0.5659716040451712,Hold,61.34902,61.436256,61.30055,61.368404,3127
2025-08-26 20:00:00,0,0.42603091203564264,0.5739690879643573,Hold,61.378098,61.44595,61.33932,61.368404,2249
2025-08-26 22:00:00,0,0.4827065961744058,0.5172934038255942,Hold,61.368404,61.494415,61.31024,61.484722,818
2025-08-26 23:00:00,0,0.5022117151211548,0.4977882848788452,Sell,61.494415,61.5138,61.47503,61.47503,330
2025-08-27 00:00:00,0,0.5078988532775598,0.4921011467224402,Sell,61.494415,61.5138,61.38779,61.38779,973
2025-08-27 01:00:00,0,0.5004599927931045,0.4995400072068955,Sell,61.38779,61.397484,61.21331,61.252083,2494
2025-08-27 02:00:00,0,0.5490519817182123,0.45094801828178765,Sell,61.261776,61.426563,61.232697,61.407177,1667
2025-08-27 03:00:00,0,0.5697506896751604,0.4302493103248396,Sell,61.397484,61.41687,61.329628,61.33932,574
2025-08-27 04:00:00,0,0.5459112322706539,0.45408876772934614,Sell,61.329628,61.38779,61.290855,61.31024,511
2025-08-27 05:00:00,0,0.553004877730534,0.446995122269466,Sell,61.319935,61.368404,61.174538,61.232697,1135
2025-08-27 06:00:00,0,0.5053778316350775,0.49462216836492245,Sell,61.24239,61.378098,61.09699,61.261776,2676
2025-08-27 07:00:00,0,0.547475114549353,0.45252488545064695,Sell,61.27147,61.329628,61.058216,61.261776,3431
2025-08-27 08:00:00,0,0.5552405050172328,0.44475949498276723,Sell,61.261776,61.34902,61.019444,61.087296,3892
2025-08-27 09:00:00,0,0.5345426441909211,0.4654573558090789,Sell,61.077602,61.30055,61.03883,61.27147,3279
2025-08-27 10:00:00,0,0.5646507087172639,0.43534929128273614,Sell,61.27147,61.30055,61.077602,61.21331,3003
2025-08-27 11:00:00,0,0.4555497086746444,0.5444502913253556,Hold,61.203617,61.59135,61.164845,61.5138,4956
2025-08-27 12:00:00,0,0.494354271960118,0.5056457280398821,Hold,61.523495,61.70767,61.397484,61.67859,6138
2025-08-27 13:00:00,0,0.5036810822520911,0.4963189177479089,Sell,61.668896,61.82399,61.407177,61.70767,13785
2025-08-27 14:00:00,0,0.47308012815812717,0.5269198718418728,Hold,61.70767,62.05663,61.639816,61.833683,14446
2025-08-27 15:00:00,0,0.44505266694483897,0.5549473330551611,Hold,61.833683,61.940308,61.523495,61.89184,13813
2025-08-27 16:00:00,0,0.47678240931647037,0.5232175906835297,Hold,61.89184,62.037243,61.82399,61.940308,10565
2025-08-27 17:00:00,0,0.45830577209507795,0.541694227904922,Hold,61.940308,62.046936,61.85307,61.959694,6225
2025-08-27 18:00:00,0,0.4701419430896459,0.5298580569103541,Hold,61.969387,62.26019,61.969387,62.017857,14280
2025-08-27 19:00:00,0,0.44938650843790107,0.5506134915620989,Hold,62.008163,62.008163,61.89184,61.92092,3151
2025-08-27 20:00:00,0,0.448074830834647,0.5519251691653531,Hold,61.91123,61.92092,61.833683,61.901535,2112
2025-08-27 22:00:00,0,0.4512047394846965,0.5487952605153035,Hold,61.91123,61.92092,61.804604,61.82399,428
2025-08-27 23:00:00,0,0.49118843573392884,0.5088115642660711,Hold,61.82399,61.85307,61.79491,61.843376,219
2025-08-28 00:00:00,0,0.5124601462747392,0.48753985372526076,Sell,61.862762,61.88215,61.756134,61.82399,739
2025-08-28 01:00:00,0,0.5257101364773776,0.47428986352262237,Sell,61.843376,61.862762,61.756134,61.82399,1189
2025-08-28 02:00:00,0,0.5255233229989573,0.4744766770010427,Sell,61.82399,61.82399,61.67859,61.71736,788
2025-08-28 03:00:00,0,0.4704415387069552,0.5295584612930448,Hold,61.71736,61.775524,61.668896,61.688282,732
2025-08-28 04:00:00,0,0.4545385551485037,0.5454614448514963,Hold,61.688282,61.70767,61.601044,61.62043,776
2025-08-28 05:00:00,0,0.48544985470694946,0.5145501452930505,Hold,61.610737,61.659203,61.533188,61.62043,1203
2025-08-28 06:00:00,0,0.5272746619591621,0.47272533804083794,Sell,61.62043,61.765827,61.581657,61.736748,1654
2025-08-28 07:00:00,0,0.5530564329281433,0.4469435670718567,Sell,61.736748,62.037243,61.581657,61.82399,4046
2025-08-28 08:00:00,0,0.5079971770034439,0.49200282299655607,Sell,61.82399,62.017857,61.601044,61.70767,4775
2025-08-28 09:00:00,0,0.5779512182738736,0.42204878172612637,Sell,61.71736,61.92092,61.70767,61.82399,2889
2025-08-28 10:00:00,0,0.5628868924167892,0.43711310758321076,Sell,61.833683,62.046936,61.814297,61.940308,3027
2025-08-28 11:00:00,0,0.6166381611152031,0.3833618388847969,Sell,61.940308,62.211723,61.88215,62.105095,3959
2025-08-28 12:00:00,0,0.6466167197819103,0.35338328021808973,Sell,62.114788,62.163254,61.959694,62.143867,5256
2025-08-28 13:00:00,0,0.6428348362209612,0.35716516377903884,Sell,62.143867,62.15356,61.74644,61.804604,11131
2025-08-28 14:00:00,0,0.6400763360331603,0.3599236639668397,Sell,61.804604,61.862762,61.484722,61.79491,13664
2025-08-28 15:00:00,0,0.6010559994532754,0.39894400054672463,Sell,61.785217,61.969387,61.407177,61.697975,13412
2025-08-28 16:00:00,0,0.5985066633249969,0.4014933366750031,Sell,61.697975,61.833683,61.59135,61.62043,6549
2025-08-28 17:00:00,0,0.5912654267988537,0.40873457320114626,Sell,61.62043,62.3862,61.581657,62.347427,12935
2025-08-28 18:00:00,0,0.6043713578459202,0.3956286421540798,Sell,62.347427,62.715775,62.26019,62.28927,21381
2025-08-28 19:00:00,0,0.6029582050937714,0.3970417949062286,Sell,62.29896,62.444363,62.240803,62.347427,3661
2025-08-28 20:00:00,0,0.588712956362869,0.411287043637131,Sell,62.347427,62.415283,62.28927,62.347427,1621
2025-08-28 22:00:00,0,0.5840422413161676,0.41595775868383245,Sell,62.28927,62.415283,62.211723,62.250496,701
2025-08-28 23:00:00,0,0.5599882615785908,0.44001173842140917,Sell,62.26019,62.28927,62.211723,62.23111,345
2025-08-29 00:00:00,0,0.5597701423116901,0.4402298576883099,Sell,62.240803,62.29896,62.15356,62.240803,1203
2025-08-29 01:00:00,0,0.5296440753197789,0.47035592468022114,Sell,62.240803,62.269882,62.143867,62.15356,1363
2025-08-29 02:00:00,0,0.538510264179649,0.461489735820351,Sell,62.143867,62.172947,62.066322,62.134174,939
2025-08-29 03:00:00,0,0.6099451175234951,0.3900548824765049,Sell,62.134174,62.250496,62.12448,62.23111,745
2025-08-29 04:00:00,0,0.5793066860386682,0.4206933139613318,Sell,62.23111,62.279575,62.211723,62.240803,642
2025-08-29 05:00:00,0,0.6488415070869831,0.35115849291301693,Sell,62.240803,62.35712,62.192333,62.29896,987
2025-08-29 06:00:00,0,0.5700641068277902,0.4299358931722098,Sell,62.29896,62.424976,62.15356,62.26019,2203
2025-08-29 07:00:00,0,0.5757217586276626,0.4242782413723374,Sell,62.26019,62.395893,62.066322,62.279575,2989
2025-08-29 08:00:00,0,0.5054172378032383,0.49458276219676167,Sell,62.28927,62.43467,62.163254,62.192333,7274
2025-08-29 09:00:00,0,0.5662423105749693,0.4337576894250307,Sell,62.211723,62.347427,62.037243,62.269882,4737
2025-08-29 10:00:00,0,0.6215797919511098,0.3784202080488902,Sell,62.269882,62.444363,62.134174,62.366814,3531
2025-08-29 11:00:00,0,0.6046573650053276,0.39534263499467237,Sell,62.35712,62.454056,62.28927,62.424976,3272
2025-08-29 12:00:00,0,0.6242984665925365,0.3757015334074635,Sell,62.43467,62.570374,62.35712,62.512215,5238
2025-08-29 13:00:00,0,0.5438790093617217,0.45612099063827827,Sell,62.512215,62.550987,62.28927,62.405586,10352
2025-08-29 14:00:00,0,0.5527525951783376,0.44724740482166236,Sell,62.3862,62.521908,61.959694,62.143867,14840
2025-08-29 15:00:00,0,0.5955449917209816,0.40445500827901837,Sell,62.15356,62.366814,61.97908,62.23111,10206
2025-08-29 16:00:00,0,0.561068867325814,0.43893113267418604,Sell,62.23111,62.250496,61.92092,62.046936,8250
2025-08-29 17:00:00,0,0.5581465425789379,0.4418534574210621,Sell,62.046936,62.192333,61.959694,62.066322,6966
2025-08-29 18:00:00,0,0.5207636479833957,0.4792363520166043,Sell,62.05663,62.15356,61.969387,62.046936,14868
2025-08-29 19:00:00,0,0.49714089136331874,0.5028591086366813,Hold,62.037243,62.076015,61.969387,62.008163,3700
2025-08-29 20:00:00,0,0.505724394640343,0.494275605359657,Sell,62.008163,62.08571,61.988777,62.046936,2256
2025-08-31 22:00:00,0,0.4918912830556483,0.5081087169443517,Hold,61.988777,62.076015,61.940308,62.008163,641
2025-08-31 23:00:00,0,0.5028202274758249,0.4971797725241751,Sell,61.99847,62.008163,61.95,61.99847,160
2025-09-01 00:00:00,0,0.4844168228098526,0.5155831771901473,Hold,61.988777,61.988777,61.89184,61.95,568
2025-09-01 01:00:00,0,0.47328718994238345,0.5267128100576166,Hold,61.940308,61.940308,61.71736,61.775524,1334
2025-09-01 02:00:00,0,0.4836729067323723,0.5163270932676277,Hold,61.775524,61.872456,61.70767,61.82399,735
2025-09-01 03:00:00,0,0.4953072686620523,0.5046927313379477,Hold,61.82399,61.862762,61.785217,61.79491,470
2025-09-01 04:00:00,0,0.5241349710376054,0.4758650289623946,Sell,61.804604,61.804604,61.756134,61.775524,303
2025-09-01 05:00:00,0,0.5679966659364112,0.4320033340635888,Sell,61.785217,61.862762,61.74644,61.843376,735
2025-09-01 06:00:00,0,0.6159447000064862,0.38405529999351384,Sell,61.843376,62.23111,61.843376,62.18264,2271
2025-09-01 07:00:00,0,0.6129207975733383,0.3870792024266617,Sell,62.172947,62.444363,62.105095,62.337734,3368
2025-09-01 08:00:00,0,0.6215820305187315,0.3784179694812685,Sell,62.337734,62.521908,62.211723,62.512215,2891
2025-09-01 09:00:00,0,0.6258050588510476,0.37419494114895235,Sell,62.512215,62.812706,62.512215,62.744854,6906
2025-09-01 10:00:00,0,0.5782437138344634,0.4217562861655366,Sell,62.73516,62.744854,62.580067,62.647923,1836
2025-09-01 11:00:00,0,0.5755332641568015,0.4244667358431985,Sell,62.647923,62.73516,62.63823,62.725468,1775
2025-09-01 12:00:00,0,0.6085222221840106,0.39147777781598936,Sell,62.725468,62.87087,62.725468,62.8224,3545
2025-09-01 13:00:00,0,0.5857845769986768,0.4142154230013232,Sell,62.8224,62.88056,62.66731,62.832092,4779
2025-09-01 14:00:00,0,0.6076479886251004,0.3923520113748996,Sell,62.84179,62.861176,62.677002,62.70608,3517
2025-09-01 15:00:00,0,0.5918875535743682,0.4081124464256318,Sell,62.69639,62.890255,62.61884,62.754547,5439
2025-09-01 16:00:00,0,0.6183533814125083,0.3816466185874917,Sell,62.744854,62.812706,62.61884,62.69639,2898
2025-09-01 17:00:00,0,0.6220554453733567,0.37794455462664334,Sell,62.686695,62.725468,62.647923,62.657616,773
2025-09-01 18:00:00,0,0.6113825040675539,0.3886174959324461,Sell,62.657616,62.70608,62.628536,62.628536,484
2025-09-01 22:00:00,0,0.6044692146405174,0.3955307853594826,Sell,62.686695,62.686695,62.49283,62.580067,946
2025-09-01 23:00:00,0,0.6214219485714186,0.37857805142858136,Sell,62.58976,62.657616,62.580067,62.657616,191
2025-09-02 00:00:00,0,0.6076436645580666,0.3923563354419334,Sell,62.657616,62.861176,62.628536,62.84179,1517
2025-09-02 01:00:00,0,0.6142826405002261,0.3857173594997739,Sell,62.832092,63.103508,62.832092,63.006573,3203
2025-09-02 02:00:00,0,0.5783259403764767,0.42167405962352333,Sell,63.006573,63.006573,62.89995,62.9678,1325
2025-09-02 03:00:00,0,0.5817237179738541,0.41827628202614586,Sell,62.958107,63.006573,62.89995,62.958107,877
2025-09-02 04:00:00,0,0.5371815039136915,0.46281849608630854,Sell,62.958107,62.977493,62.890255,62.890255,471
2025-09-02 05:00:00,0,0.5923214706487946,0.4076785293512054,Sell,62.890255,62.99688,62.87087,62.9678,761
2025-09-02 06:00:00,0,0.5852985915811564,0.4147014084188436,Sell,62.9678,63.132587,62.87087,63.08412,2494
2025-09-02 07:00:00,0,0.6061591945390704,0.3938408054609296,Sell,63.08412,63.28768,63.07443,63.20044,5128
2025-09-02 08:00:00,0,0.555073970921364,0.444926029078636,Sell,63.210133,63.801426,63.20044,63.762653,11095
2025-09-02 09:00:00,1,0.5342530383151247,0.4657469616848753,Sell,63.762653,64.00498,63.63664,63.937134,8467
2025-09-02 10:00:00,1,0.47546919344216565,0.5245308065578344,Hold,63.937134,63.9856,63.820812,63.888664,4963
2025-09-02 11:00:00,1,0.49764613525885426,0.5023538647411457,Hold,63.87897,63.92744,63.6948,63.733574,8699
2025-09-02 12:00:00,0,0.6604793400211352,0.3395206599788648,Sell,63.733574,63.81112,62.5316,62.570374,22329
2025-09-02 13:00:00,0,0.6249622895213309,0.3750377104786691,Sell,62.570374,63.17136,62.521908,62.9678,23473
2025-09-02 14:00:00,0,0.5775192795948957,0.4224807204051043,Sell,62.977493,63.307068,62.744854,63.219826,14967
2025-09-02 15:00:00,1,0.5268758543161962,0.4731241456838038,Sell,63.219826,63.559093,63.14228,63.413692,15698
2025-09-02 16:00:00,1,0.5257556911923337,0.4742443088076663,Sell,63.413692,63.743267,63.37492,63.67541,9602
2025-09-02 17:00:00,1,0.5090864339657346,0.4909135660342654,Sell,63.665718,63.743267,63.500935,63.568787,8368
2025-09-02 18:00:00,1,0.49615730711591494,0.5038426928840851,Hold,63.559093,63.67541,63.48155,63.5494,15078
2025-09-02 19:00:00,1,0.528351982842777,0.47164801715722304,Sell,63.559093,63.6948,63.5494,63.60756,3428
2025-09-02 20:00:00,1,0.4924619198798598,0.5075380801201401,Hold,63.597866,63.64633,63.500935,63.60756,2361
2025-09-02 22:00:00,1,0.5022151103364997,0.4977848896635003,Sell,63.60756,63.60756,63.46216,63.57848,706
2025-09-02 23:00:00,1,0.541806070731713,0.45819392926828695,Sell,63.588173,63.64633,63.5494,63.568787,339
2025-09-03 00:00:00,1,0.4895590464971067,0.5104409535028933,Hold,63.57848,63.656025,63.539707,63.626945,757
2025-09-03 01:00:00,1,0.4525178011826373,0.5474821988173627,Hold,63.63664,63.704494,63.57848,63.57848,1203
2025-09-03 02:00:00,1,0.4479006777000282,0.5520993222999717,Hold,63.588173,63.626945,63.510628,63.530014,728
2025-09-03 03:00:00,1,0.459125352013351,0.5408746479866491,Hold,63.530014,63.539707,63.34584,63.384613,1362
2025-09-03 04:00:00,1,0.49622767311691846,0.5037723268830816,Hold,63.384613,63.442772,63.365227,63.423386,726
2025-09-03 05:00:00,1,0.5633182320652369,0.4366817679347631,Sell,63.413692,63.46216,63.326454,63.365227,875
2025-09-03 06:00:00,1,0.5490658698216045,0.45093413017839545,Sell,63.355534,63.48155,63.31676,63.404,1408
2025-09-03 07:00:00,1,0.535172969809306,0.46482703019069405,Sell,63.404,63.47185,63.22952,63.31676,3750
2025-09-03 08:00:00,1,0.5158022285212586,0.48419777147874143,Sell,63.307068,63.530014,63.17136,63.404,5173
2025-09-03 09:00:00,0,0.5707487504798401,0.4292512495201599,Sell,63.394306,63.394306,62.35712,62.43467,19314
2025-09-03 10:00:00,0,0.5436131786695522,0.45638682133044783,Sell,62.43467,62.50252,62.066322,62.163254,10808
2025-09-03 11:00:00,0,0.5838036912979319,0.41619630870206814,Sell,62.172947,62.49283,62.15356,62.29896,9654
2025-09-03 12:00:00,0,0.5921298145756655,0.4078701854243345,Sell,62.28927,62.473442,62.105095,62.46375,9149
2025-09-03 13:00:00,0,0.5476259420673056,0.45237405793269436,Sell,62.46375,62.744854,62.192333,62.269882,21597
2025-09-03 14:00:00,0,0.5057347117385779,0.49426528826142213,Sell,62.26019,62.26019,61.91123,62.02755,20203
2025-09-03 15:00:00,1,0.5732571755209825,0.42674282447901746,Sell,62.02755,62.832092,61.843376,62.715775,24630
2025-09-03 16:00:00,0,0.4838863409266591,0.5161136590733408,Hold,62.725468,62.803013,61.99847,62.037243,16057
2025-09-03 17:00:00,0,0.46101588204210736,0.5389841179578927,Hold,62.02755,62.12448,61.765827,61.872456,9365
2025-09-03 18:00:00,0,0.4468296881464709,0.5531703118535292,Hold,61.872456,62.046936,61.862762,61.89184,13306
2025-09-03 19:00:00,0,0.45654111287749827,0.5434588871225017,Hold,61.89184,62.008163,61.82399,61.959694,3644
2025-09-03 20:00:00,0,0.45012382787474464,0.5498761721252554,Hold,61.969387,61.99847,61.775524,61.814297,2334
2025-09-03 22:00:00,0,0.47974058290748284,0.5202594170925172,Hold,61.862762,61.88215,61.804604,61.843376,821
2025-09-03 23:00:00,0,0.5180262946058198,0.48197370539418016,Sell,61.833683,61.843376,61.804604,61.82399,312
2025-09-04 00:00:00,1,0.49309745088446094,0.506902549115539,Hold,61.833683,61.833683,61.688282,61.775524,1117
2025-09-04 01:00:00,1,0.49066940434068385,0.5093305956593162,Hold,61.775524,61.775524,61.601044,61.659203,1860
2025-09-04 02:00:00,1,0.48685345364560323,0.5131465463543967,Hold,61.67859,61.71736,61.571964,61.688282,1272
2025-09-04 03:00:00,1,0.48452806531908327,0.5154719346809167,Hold,61.688282,61.70767,61.5138,61.59135,1008
2025-09-04 04:00:00,1,0.5188349863967272,0.4811650136032728,Sell,61.601044,61.601044,61.5138,61.581657,561
2025-09-04 05:00:00,1,0.49793288908105926,0.5020671109189407,Hold,61.59135,61.62043,61.465336,61.54288,1305
2025-09-04 06:00:00,0,0.5100398184502088,0.48996018154979115,Sell,61.54288,61.581657,61.261776,61.30055,4299
2025-09-04 07:00:00,0,0.4814660521681568,0.5185339478318431,Hold,61.290855,61.41687,61.116375,61.193924,5236
2025-09-04 08:00:00,0,0.525416342061189,0.47458365793881097,Sell,61.193924,61.775524,61.15515,61.407177,12903
2025-09-04 09:00:00,0,0.4739664316090372,0.5260335683909628,Hold,61.397484,61.465336,61.203617,61.281162,3851
2025-09-04 10:00:00,0,0.4623970044915065,0.5376029955084936,Hold,61.290855,61.38779,60.9419,61.029137,7117
2025-09-04 11:00:00,0,0.47638158475372894,0.5236184152462711,Hold,61.029137,61.533188,60.98067,61.41687,7275
2025-09-04 12:00:00,0,0.4610669720064357,0.5389330279935642,Hold,61.41687,61.47503,61.21331,61.30055,6195
2025-09-04 13:00:00,0,0.4765641910822514,0.5234358089177487,Hold,61.290855,61.426563,60.796497,61.252083,17612
2025-09-04 14:00:00,1,0.4618931190676969,0.5381068809323031,Hold,61.24239,61.639816,61.06791,61.571964,21037
2025-09-04 15:00:00,1,0.4237168491311178,0.5762831508688822,Hold,61.571964,61.74644,61.41687,61.5138,11331
2025-09-04 16:00:00,1,0.44417922958068806,0.5558207704193119,Hold,61.50411,61.71736,61.33932,61.64951,9782
2025-09-04 17:00:00,1,0.35481056819374773,0.6451894318062523,Hold,61.64951,61.736748,61.47503,61.62043,10574
2025-09-04 18:00:00,1,0.3588001255274912,0.6411998744725088,Hold,61.62043,61.688282,61.436256,61.484722,13634
2025-09-04 19:00:00,1,0.30882416669938345,0.6911758333006166,Hold,61.484722,61.484722,61.31024,61.38779,3756
2025-09-04 20:00:00,1,0.33621648436558066,0.6637835156344194,Hold,61.397484,61.41687,61.319935,61.397484,1809
2025-09-04 22:00:00,1,0.34722316595746716,0.6527768340425328,Hold,61.38779,61.436256,61.290855,61.33932,509
2025-09-04 23:00:00,1,0.3740573458097097,0.6259426541902904,Hold,61.33932,61.397484,61.329628,61.35871,192
2025-09-05 00:00:00,1,0.356548169388,0.6434518306120001,Hold,61.368404,61.397484,61.281162,61.34902,780
2025-09-05 01:00:00,1,0.3734185258618684,0.6265814741381316,Hold,61.35871,61.378098,61.193924,61.290855,1249
2025-09-05 02:00:00,1,0.3370750770834771,0.6629249229165228,Hold,61.27147,61.426563,61.232697,61.38779,755
2025-09-05 03:00:00,1,0.34752580481550266,0.6524741951844973,Hold,61.397484,61.426563,61.368404,61.38779,431
2025-09-05 04:00:00,1,0.34980091748660286,0.6501990825133972,Hold,61.378098,61.455643,61.368404,61.38779,645
2025-09-05 05:00:00,1,0.37699654956463596,0.6230034504353641,Hold,61.378098,61.465336,61.33932,61.397484,1004
2025-09-05 06:00:00,0,0.3696567491258897,0.6303432508741103,Hold,61.397484,61.47503,61.135765,61.261776,3191
2025-09-05 07:00:00,0,0.34554863640422834,0.6544513635957716,Hold,61.252083,61.34902,61.10668,61.232697,3362
2025-09-05 08:00:00,1,0.35541285870974193,0.6445871412902581,Hold,61.223003,61.44595,61.116375,61.436256,5148
2025-09-05 09:00:00,1,0.3282243755878824,0.6717756244121176,Hold,61.436256,61.54288,61.21331,61.426563,4416
2025-09-05 10:00:00,1,0.3470341874657323,0.6529658125342677,Hold,61.41687,61.426563,60.86435,60.95159,6719
2025-09-05 11:00:00,1,0.33474266031225963,0.6652573396877404,Hold,60.95159,61.203617,60.932205,60.95159,5124
2025-09-05 12:00:00,0,0.3745039064355548,0.6254960935644451,Hold,60.95159,61.03883,59.875633,60.282753,34763
2025-09-05 13:00:00,0,0.33443676758522184,0.6655632324147782,Hold,60.273056,60.515392,60.030724,60.214897,26433
2025-09-05 14:00:00,0,0.3198907003784416,0.6801092996215584,Hold,60.22459,60.22459,59.807777,59.9241,19845
2025-09-05 15:00:00,0,0.32320991319358866,0.6767900868064114,Hold,59.9241,60.040417,59.58483,59.642994,22779
2025-09-05 16:00:00,0,0.30882384330705276,0.6911761566929473,Hold,59.642994,59.96287,59.565445,59.943485,11045
2025-09-05 17:00:00,0,0.30007213279099954,0.6999278672090005,Hold,59.943485,59.96287,59.710846,59.856247,10157
2025-09-05 18:00:00,0,0.32922724299454675,0.6707727570054532,Hold,59.856247,60.185818,59.836857,60.16643,17085
2025-09-05 19:00:00,0,0.324171709592674,0.6758282904073261,Hold,60.15674,60.16643,60.030724,60.117966,3611
2025-09-05 20:00:00,0,0.3127604518250556,0.6872395481749445,Hold,60.12766,60.15674,60.001644,60.0695,2247
2025-09-07 22:00:00,0,0.2945969738735298,0.7054030261264702,Hold,60.09858,60.476616,59.95318,60.0695,4002
2025-09-07 23:00:00,0,0.33937334394888974,0.6606266560511103,Hold,60.059803,60.321526,60.02103,60.311832,1540
2025-09-08 00:00:00,0,0.3243533993407967,0.6756466006592032,Hold,60.311832,60.379684,60.214897,60.30214,1455
2025-09-08 01:00:00,0,0.28975057836703105,0.7102494216329689,Hold,60.292446,60.77711,60.205204,60.680176,4517
2025-09-08 02:00:00,0,0.30241993122812716,0.6975800687718728,Hold,60.68987,60.728645,60.592937,60.699562,1493
2025-09-08 03:00:00,0,0.2901603293540997,0.7098396706459003,Hold,60.70926,60.728645,60.66079,60.699562,981
2025-09-08 04:00:00,0,0.27105699844205966,0.7289430015579403,Hold,60.699562,60.728645,60.641403,60.670483,914
2025-09-08 05:00:00,0,0.3323890293357775,0.6676109706642225,Hold,60.670483,60.922512,60.651096,60.89343,2128
2025-09-08 06:00:00,0,0.3424461017408616,0.6575538982591385,Hold,60.89343,61.14546,60.80619,61.048523,5016
2025-09-08 07:00:00,0,0.31765645593407105,0.6823435440659289,Hold,61.03883,61.09699,60.86435,60.874043,4502
2025-09-08 08:00:00,0,0.2895668508308725,0.7104331491691275,Hold,60.874043,61.06791,60.825577,60.98067,5137
2025-09-08 09:00:00,1,0.35401738533478116,0.6459826146652188,Hold,60.98067,61.232697,60.961285,61.193924,4769
2025-09-08 10:00:00,1,0.3601528929594497,0.6398471070405503,Hold,61.18423,61.30055,61.048523,61.203617,6158
2025-09-08 11:00:00,1,0.3078979770198697,0.6921020229801302,Hold,61.193924,61.397484,61.019444,61.27147,5677
2025-09-08 12:00:00,0,0.33468383628948817,0.6653161637105118,Hold,61.27147,61.319935,61.029137,61.058216,6518
2025-09-08 13:00:00,0,0.36614057342626033,0.6338594265737396,Hold,61.06791,61.12607,60.12766,60.185818,21592
2025-09-08 14:00:00,0,0.35461252322753795,0.6453874767724621,Hold,60.185818,60.515392,60.05011,60.321526,12930
2025-09-08 15:00:00,0,0.38422023602577304,0.615779763974227,Hold,60.321526,60.728645,60.321526,60.53478,12972
2025-09-08 16:00:00,0,0.3080801211925306,0.6919198788074694,Hold,60.525085,60.622017,60.273056,60.321526,6664
2025-09-08 17:00:00,0,0.30371599949737266,0.6962840005026274,Hold,60.321526,60.525085,60.282753,60.311832,6005
2025-09-08 18:00:00,0,0.3400217663827853,0.6599782336172146,Hold,60.321526,60.496006,60.263363,60.418457,14302
2025-09-08 19:00:00,0,0.37441649782430186,0.6255835021756981,Hold,60.418457,60.496006,60.39907,60.447536,2359
2025-09-08 20:00:00,0,0.38219095686710575,0.6178090431328942,Hold,60.45723,60.554165,60.45723,60.54447,1675
2025-09-08 22:00:00,0,0.3542045374330777,0.6457954625669222,Hold,60.515392,60.54447,60.48631,60.525085,336
2025-09-08 23:00:00,0,0.35991225697022666,0.6400877430297733,Hold,60.525085,60.563858,60.525085,60.53478,163
2025-09-09 00:00:00,0,0.3777814265100318,0.6222185734899681,Hold,60.53478,60.583244,60.476616,60.515392,1382
2025-09-09 01:00:00,0,0.40251756835181113,0.5974824316481888,Hold,60.525085,60.63171,60.45723,60.583244,1235
2025-09-09 02:00:00,0,0.34047499884136456,0.6595250011586354,Hold,60.583244,60.699562,60.57355,60.651096,1131
2025-09-09 03:00:00,0,0.3508803546532253,0.6491196453467747,Hold,60.66079,60.718952,60.612324,60.66079,729
2025-09-09 04:00:00,0,0.3638114967676621,0.6361885032323379,Hold,60.66079,60.796497,60.651096,60.796497,865
2025-09-09 05:00:00,0,0.34735706073369066,0.6526429392663093,Hold,60.80619,60.815884,60.70926,60.70926,913
2025-09-09 06:00:00,0,0.3704067752435208,0.6295932247564793,Hold,60.718952,60.9419,60.670483,60.844963,2789
2025-09-09 07:00:00,0,0.43376260678889866,0.5662373932111013,Hold,60.844963,61.06791,60.786804,60.95159,3756
2025-09-09 08:00:00,0,0.4278089704972222,0.5721910295027778,Hold,60.9419,61.223003,60.932205,61.058216,7024
2025-09-09 09:00:00,0,0.43899342880134457,0.5610065711986554,Hold,61.058216,61.09699,60.718952,60.786804,5005
2025-09-09 10:00:00,0,0.41567663702584984,0.5843233629741502,Hold,60.77711,60.89343,60.670483,60.815884,2949
2025-09-09 11:00:00,0,0.4529645453317287,0.5470354546682713,Hold,60.815884,60.9419,60.767418,60.903122,3053
2025-09-09 12:00:00,0,0.4869869036377028,0.5130130963622972,Hold,60.912815,61.10668,60.854656,60.922512,7653
2025-09-09 13:00:00,0,0.512864880559112,0.48713511944088805,Sell,60.922512,61.571964,60.89343,61.378098,34675
2025-09-09 14:00:00,0,0.48643912100698133,0.5135608789930186,Hold,61.378098,61.5138,61.10668,61.44595,12590
2025-09-09 15:00:00,0,0.5213132801420338,0.4786867198579662,Sell,61.44595,61.71736,60.95159,61.000057,19115
2025-09-09 16:00:00,0,0.45786416216702785,0.5421358378329721,Hold,61.00975,61.029137,60.77711,60.854656,10020
2025-09-09 17:00:00,0,0.5076508611785752,0.49234913882142484,Sell,60.854656,61.000057,60.74803,60.767418,7775
2025-09-09 18:00:00,0,0.4475786035072242,0.5524213964927758,Hold,60.767418,60.80619,60.622017,60.786804,12601
2025-09-09 19:00:00,0,0.43434760361026414,0.5656523963897359,Hold,60.786804,60.844963,60.73834,60.74803,2450
2025-09-09 20:00:00,0,0.4535373172541906,0.5464626827458094,Hold,60.73834,60.86435,60.70926,60.844963,2493
2025-09-09 22:00:00,0,0.4624751119769205,0.5375248880230795,Hold,60.815884,61.135765,60.796497,61.116375,1602
2025-09-09 23:00:00,0,0.45849493163600374,0.5415050683639963,Hold,61.116375,61.223003,61.03883,61.087296,1408
2025-09-10 00:00:00,0,0.42564323234658835,0.5743567676534116,Hold,61.10668,61.15515,60.990364,61.14546,1892
2025-09-10 01:00:00,0,0.4315484748811484,0.5684515251188516,Hold,61.14546,61.232697,61.087296,61.193924,1556
2025-09-10 02:00:00,0,0.4463804719197881,0.5536195280802119,Hold,61.203617,61.281162,61.164845,61.203617,844
2025-09-10 03:00:00,0,0.4730543266256348,0.5269456733743652,Hold,61.203617,61.290855,61.18423,61.281162,979
2025-09-10 04:00:00,0,0.4523827096386137,0.5476172903613863,Hold,61.27147,61.34902,61.261776,61.33932,785
2025-09-10 05:00:00,0,0.4382392590335818,0.5617607409664183,Hold,61.34902,61.436256,61.290855,61.34902,1396
2025-09-10 06:00:00,0,0.42084400925730225,0.5791559907426977,Hold,61.34902,61.494415,61.203617,61.290855,2471
2025-09-10 07:00:00,0,0.4157614365474899,0.58423856345251,Hold,61.30055,61.38779,61.135765,61.203617,3262
2025-09-10 08:00:00,0,0.3859070860550561,0.6140929139449439,Hold,61.21331,61.41687,61.116375,61.329628,3556
2025-09-10 09:00:00,0,0.4048494082501552,0.5951505917498447,Hold,61.329628,61.38779,61.048523,61.09699,3365
2025-09-10 10:00:00,0,0.34928762431896,0.65071237568104,Hold,61.087296,61.319935,61.00975,61.319935,2750
2025-09-10 11:00:00,0,0.3530329619021666,0.6469670380978334,Hold,61.319935,61.38779,61.261776,61.290855,2910
2025-09-10 12:00:00,0,0.36687288737121704,0.633127112628783,Hold,61.30055,61.54288,61.223003,61.30055,7361
2025-09-10 13:00:00,0,0.33848865139851975,0.6615113486014803,Hold,61.31024,61.494415,61.10668,61.30055,12377
2025-09-10 14:00:00,0,0.31399336902016445,0.6860066309798356,Hold,61.31024,61.5138,61.03883,61.319935,19328
2025-09-10 15:00:00,1,0.43825100800433886,0.5617489919956611,Hold,61.319935,62.037243,61.261776,62.008163,30773
2025-09-10 16:00:00,1,0.4006031206266218,0.5993968793733782,Hold,62.008163,62.114788,61.940308,62.017857,13741
2025-09-10 17:00:00,1,0.4178822688865765,0.5821177311134236,Hold,62.017857,62.017857,61.756134,61.804604,9846
2025-09-10 18:00:00,1,0.4020531947025674,0.5979468052974326,Hold,61.804604,61.88215,61.67859,61.814297,14916
2025-09-10 19:00:00,1,0.41827342980012805,0.581726570199872,Hold,61.82399,61.91123,61.785217,61.82399,2912
2025-09-10 20:00:00,1,0.4255493454296929,0.5744506545703071,Hold,61.82399,61.833683,61.74644,61.79491,1845
2025-09-10 22:00:00,1,0.4894798067785875,0.5105201932214125,Hold,61.843376,61.843376,61.736748,61.82399,488
2025-09-10 23:00:00,1,0.5038466570321136,0.4961533429678864,Sell,61.804604,61.82399,61.79491,61.79491,120
2025-09-11 00:00:00,1,0.5265176272946988,0.47348237270530125,Sell,61.804604,61.833683,61.756134,61.765827,536
2025-09-11 01:00:00,1,0.5468264015171079,0.45317359848289207,Sell,61.765827,61.765827,61.659203,61.736748,1015
2025-09-11 02:00:00,1,0.5298525975733839,0.4701474024266161,Sell,61.736748,61.756134,61.64951,61.697975,607
2025-09-11 03:00:00,1,0.5028281748847402,0.4971718251152598,Sell,61.697975,61.697975,61.601044,61.610737,649
2025-09-11 04:00:00,1,0.5410268813999821,0.4589731186000179,Sell,61.610737,61.639816,61.552574,61.581657,669
2025-09-11 05:00:00,1,0.5585501976566017,0.44144980234339826,Sell,61.571964,61.581657,61.47503,61.523495,1045
2025-09-11 06:00:00,1,0.5351997934466893,0.46480020655331067,Sell,61.533188,61.67859,61.533188,61.62043,1922
2025-09-11 07:00:00,1,0.502296804608965,0.497703195391035,Sell,61.62043,61.668896,61.54288,61.62043,3034
2025-09-11 08:00:00,1,0.5533182073936188,0.4466817926063812,Sell,61.630123,61.70767,61.24239,61.426563,8082
2025-09-11 09:00:00,1,0.530644416968669,0.46935558303133096,Sell,61.426563,61.610737,61.33932,61.41687,3830
2025-09-11 10:00:00,1,0.5134612412780432,0.48653875872195684,Sell,61.41687,61.426563,61.15515,61.193924,5589
2025-09-11 11:00:00,1,0.4523338964054379,0.547666103594562,Hold,61.203617,61.252083,60.932205,61.087296,6055
2025-09-11 12:00:00,1,0.3511962425839212,0.6488037574160788,Hold,61.077602,61.09699,60.757725,60.844963,11503
2025-09-11 13:00:00,1,0.39611999285765565,0.6038800071423444,Hold,60.844963,60.844963,60.36999,60.815884,24946
2025-09-11 14:00:00,0,0.39515169009429973,0.6048483099057003,Hold,60.815884,60.844963,60.45723,60.60263,12918
2025-09-11 15:00:00,0,0.41602104743495527,0.5839789525650447,Hold,60.612324,60.728645,60.418457,60.57355,11475
2025-09-11 16:00:00,0,0.4211860206912677,0.5788139793087324,Hold,60.583244,60.592937,60.437843,60.563858,6593
2025-09-11 17:00:00,0,0.4406573642119462,0.5593426357880538,Hold,60.563858,60.680176,60.466923,60.563858,7144
2025-09-11 18:00:00,0,0.43709437888242086,0.5629056211175791,Hold,60.563858,60.57355,60.33122,60.36999,14968
2025-09-11 19:00:00,0,0.43996011486131736,0.5600398851386826,Hold,60.36999,60.408764,60.30214,60.33122,2910
2025-09-11 20:00:00,0,0.5110183006063489,0.4889816993936511,Sell,60.34091,60.408764,60.33122,60.33122,1777
2025-09-11 22:00:00,0,0.5408965447060626,0.45910345529393737,Sell,60.3603,60.408764,60.273056,60.33122,593
2025-09-11 23:00:00,0,0.5689722079559196,0.43102779204408037,Sell,60.33122,60.34091,60.273056,60.292446,232
2025-09-12 00:00:00,0,0.5046596697234642,0.4953403302765358,Sell,60.292446,60.292446,60.137352,60.15674,1418
2025-09-12 01:00:00,0,0.492687925491111,0.507312074508889,Hold,60.15674,60.19551,59.96287,59.972565,1799
2025-09-12 02:00:00,0,0.4637169367246142,0.5362830632753858,Hold,59.982258,60.02103,59.904713,59.904713,1330
2025-09-12 03:00:00,0,0.5162483779744206,0.4837516220255794,Sell,59.904713,59.96287,59.86594,59.943485,1317
2025-09-12 04:00:00,0,0.4833703958722919,0.5166296041277081,Hold,59.943485,59.982258,59.914406,59.933792,681
2025-09-12 05:00:00,0,0.5208914877530729,0.4791085122469271,Sell,59.933792,60.030724,59.904713,59.982258,968
2025-09-12 06:00:00,0,0.45627017386541935,0.5437298261345807,Hold,59.972565,60.001644,59.807777,59.84655,2673
2025-09-12 07:00:00,0,0.46692981463867617,0.5330701853613238,Hold,59.84655,60.243977,59.798084,60.176125,5410
2025-09-12 08:00:00,0,0.43672889936898307,0.5632711006310169,Hold,60.185818,60.53478,60.176125,60.437843,6474
2025-09-12 09:00:00,0,0.4332160630345916,0.5667839369654084,Hold,60.437843,60.903122,60.42815,60.651096,10288
2025-09-12 10:00:00,0,0.4189732388072678,0.5810267611927322,Hold,60.66079,61.09699,60.651096,61.058216,6633
2025-09-12 11:00:00,0,0.46149762256437205,0.5385023774356279,Hold,61.058216,61.494415,61.019444,61.484722,11363
2025-09-12 12:00:00,0,0.42725654507950894,0.5727434549204911,Hold,61.494415,62.017857,61.290855,61.571964,35214
2025-09-12 13:00:00,0,0.4390551615438927,0.5609448384561073,Hold,61.581657,61.610737,61.223003,61.426563,21201
2025-09-12 14:00:00,0,0.4396528302614027,0.5603471697385973,Hold,61.41687,61.552574,61.24239,61.378098,11863
2025-09-12 15:00:00,0,0.4446615921108043,0.5553384078891956,Hold,61.368404,61.571964,61.27147,61.30055,10523
2025-09-12 16:00:00,0,0.4230625310145038,0.5769374689854962,Hold,61.31024,61.35871,60.641403,60.641403,15050
2025-09-12 17:00:00,0,0.40134251444655816,0.5986574855534419,Hold,60.63171,60.73834,60.53478,60.60263,11215
2025-09-12 18:00:00,0,0.4154459623728882,0.5845540376271118,Hold,60.60263,60.815884,60.583244,60.63171,17679
2025-09-12 19:00:00,0,0.43795461135961467,0.5620453886403853,Hold,60.63171,60.68987,60.57355,60.592937,3608
2025-09-12 20:00:00,0,0.45745645912181987,0.5425435408781801,Hold,60.592937,60.767418,60.583244,60.680176,3713
2025-09-14 22:00:00,0,0.4362704126546574,0.5637295873453426,Hold,61.03883,61.06791,60.60263,60.74803,1691
2025-09-14 23:00:00,0,0.4256993429005765,0.5743006570994236,Hold,60.73834,60.77711,60.718952,60.757725,353
2025-09-15 00:00:00,0,0.4876052117649369,0.5123947882350631,Hold,60.74803,60.932205,60.73834,60.932205,742
2025-09-15 01:00:00,0,0.5249002057072385,0.4750997942927615,Sell,60.932205,61.10668,60.932205,61.077602,1124
2025-09-15 02:00:00,0,0.5001179526731757,0.4998820473268243,Sell,61.077602,61.10668,61.029137,61.077602,554
2025-09-15 03:00:00,0,0.5364504110907538,0.46354958890924625,Sell,61.06791,61.193924,61.048523,61.14546,958
2025-09-15 04:00:00,0,0.5037507513809815,0.49624924861901853,Sell,61.15515,61.15515,61.087296,61.09699,565
2025-09-15 05:00:00,0,0.5284925199753566,0.4715074800246434,Sell,61.09699,61.18423,61.06791,61.15515,658
2025-09-15 06:00:00,0,0.5274397922355982,0.4725602077644018,Sell,61.14546,61.30055,60.98067,60.98067,2340
2025-09-15 07:00:00,0,0.5710876711095875,0.42891232889041253,Sell,60.970978,61.12607,60.89343,61.06791,3003
2025-09-15 08:00:00,0,0.519735936620738,0.480264063379262,Sell,61.077602,61.135765,60.98067,61.077602,3494
2025-09-15 09:00:00,0,0.5205703381964769,0.4794296618035231,Sell,61.06791,61.164845,60.844963,61.058216,3348
2025-09-15 10:00:00,0,0.4906739888533285,0.5093260111466715,Hold,61.048523,61.077602,60.815884,60.844963,2490
2025-09-15 11:00:00,0,0.4750388676039698,0.5249611323960302,Hold,60.844963,61.10668,60.80619,61.00975,3433
2025-09-15 12:00:00,0,0.4301992721565163,0.5698007278434837,Hold,61.019444,61.135765,60.9419,61.019444,4413
2025-09-15 13:00:00,0,0.5015829619792107,0.4984170380207893,Sell,61.00975,61.436256,61.000057,61.397484,13844
2025-09-15 14:00:00,0,0.4832776365527672,0.5167223634472329,Hold,61.407177,61.71736,61.38779,61.494415,17170
2025-09-15 15:00:00,0,0.5163579452622754,0.4836420547377246,Sell,61.494415,61.50411,61.12607,61.174538,9684
2025-09-15 16:00:00,0,0.5314044656934173,0.46859553430658274,Sell,61.174538,61.368404,61.10668,61.281162,4704
2025-09-15 17:00:00,0,0.520324102396522,0.47967589760347795,Sell,61.290855,61.523495,61.290855,61.378098,5316
2025-09-15 18:00:00,0,0.5629316096245974,0.43706839037540257,Sell,61.378098,61.436256,61.261776,61.397484,8762
2025-09-15 19:00:00,0,0.5462731807354567,0.4537268192645433,Sell,61.397484,61.41687,61.30055,61.368404,1805
2025-09-15 20:00:00,0,0.5275203694503997,0.4724796305496003,Sell,61.368404,61.41687,61.31024,61.33932,1298
2025-09-15 22:00:00,0,0.55293648160736,0.44706351839264,Sell,61.368404,61.41687,61.319935,61.397484,437
2025-09-15 23:00:00,0,0.5305741695291983,0.46942583047080166,Sell,61.397484,61.407177,61.368404,61.378098,106
2025-09-16 00:00:00,0,0.5012615986661219,0.49873840133387815,Sell,61.378098,61.44595,61.35871,61.397484,593
2025-09-16 01:00:00,0,0.5444293993797035,0.45557060062029653,Sell,61.407177,61.56227,61.397484,61.50411,949
2025-09-16 02:00:00,0,0.5382127681408824,0.46178723185911763,Sell,61.494415,61.571964,61.465336,61.484722,651
2025-09-16 03:00:00,0,0.5322379836125445,0.4677620163874555,Sell,61.484722,61.523495,61.44595,61.50411,527
2025-09-16 04:00:00,0,0.46758520307305074,0.5324147969269493,Hold,61.50411,61.54288,61.50411,61.523495,298
2025-09-16 05:00:00,0,0.44267547166552407,0.5573245283344759,Hold,61.523495,61.54288,61.38779,61.5138,828
2025-09-16 06:00:00,0,0.47571566582815233,0.5242843341718477,Hold,61.5138,61.601044,61.27147,61.368404,2383
2025-09-16 07:00:00,0,0.44767642332457874,0.5523235766754213,Hold,61.34902,61.34902,61.019444,61.135765,4343
2025-09-16 08:00:00,0,0.42736341027596164,0.5726365897240384,Hold,61.12607,61.34902,60.98067,61.058216,4638
2025-09-16 09:00:00,0,0.4419689772634464,0.5580310227365536,Hold,61.048523,61.261776,60.961285,61.21331,2923
2025-09-16 10:00:00,0,0.4658428825748368,0.5341571174251631,Hold,61.21331,61.41687,61.203617,61.378098,2357
2025-09-16 11:00:00,0,0.5220236076859635,0.47797639231403655,Sell,61.378098,61.804604,61.34902,61.688282,6628
2025-09-16 12:00:00,0,0.5485013305368078,0.45149866946319217,Sell,61.688282,62.26019,61.668896,62.15356,17101
2025-09-16 13:00:00,0,0.4957301502465671,0.5042698497534329,Hold,62.15356,62.337734,61.940308,62.114788,16443
2025-09-16 14:00:00,0,0.5148059081780795,0.4851940918219205,Sell,62.114788,62.376507,61.85307,62.347427,14200
2025-09-16 15:00:00,0,0.4882913071232005,0.5117086928767995,Hold,62.347427,62.580067,62.269882,62.550987,14445
2025-09-16 16:00:00,0,0.4516673834779135,0.5483326165220865,Hold,62.550987,62.58976,62.473442,62.541294,8803
2025-09-16 17:00:00,1,0.46755964027741986,0.5324403597225802,Hold,62.541294,62.773933,62.541294,62.70608,9452
2025-09-16 18:00:00,0,0.4687637724316822,0.5312362275683178,Hold,62.69639,62.69639,62.50252,62.50252,13759
2025-09-16 19:00:00,0,0.5026924637336236,0.49730753626637636,Sell,62.50252,62.628536,62.43467,62.58976,3331
2025-09-16 20:00:00,1,0.46451457376537375,0.5354854262346262,Hold,62.580067,62.628536,62.550987,62.570374,1622
2025-09-16 22:00:00,1,0.515416583075329,0.484583416924671,Sell,62.609146,62.686695,62.483135,62.657616,653
2025-09-16 23:00:00,1,0.4923059089144223,0.5076940910855777,Hold,62.647923,62.657616,62.58976,62.647923,262
2025-09-17 00:00:00,1,0.49128255990285835,0.5087174400971417,Hold,62.63823,62.657616,62.512215,62.541294,759
2025-09-17 01:00:00,1,0.5163030359880703,0.48369696401192974,Sell,62.541294,62.56068,62.454056,62.50252,951
2025-09-17 02:00:00,1,0.498535489833193,0.5014645101668069,Hold,62.512215,62.512215,62.43467,62.473442,537
2025-09-17 03:00:00,0,0.4862667805272405,0.5137332194727595,Hold,62.46375,62.473442,62.405586,62.415283,803
2025-09-17 04:00:00,1,0.5127125422071609,0.4872874577928391,Sell,62.415283,62.49283,62.395893,62.473442,845
2025-09-17 05:00:00,1,0.49973466956633916,0.5002653304336608,Hold,62.46375,62.483135,62.366814,62.454056,863
2025-09-17 06:00:00,1,0.4889481595341217,0.5110518404658784,Hold,62.43467,62.570374,62.366814,62.473442,1844
2025-09-17 07:00:00,0,0.41182674065959646,0.5881732593404035,Hold,62.473442,62.49283,62.192333,62.23111,3162
2025-09-17 08:00:00,0,0.4041816206515327,0.5958183793484673,Hold,62.23111,62.279575,62.017857,62.15356,4840
2025-09-17 09:00:00,0,0.40648055023507357,0.5935194497649264,Hold,62.143867,62.29896,62.08571,62.12448,2184
2025-09-17 10:00:00,0,0.4484340404220721,0.5515659595779279,Hold,62.114788,62.172947,61.872456,61.99847,3829
2025-09-17 11:00:00,0,0.44126961909963386,0.5587303809003661,Hold,61.99847,62.26019,61.930614,62.250496,3424
2025-09-17 12:00:00,0,0.41187191332978784,0.5881280866702121,Hold,62.250496,62.35712,62.18264,62.250496,4557
2025-09-17 13:00:00,1,0.4830820094092601,0.51691799059074,Hold,62.240803,62.473442,62.221416,62.415283,7119
2025-09-17 14:00:00,1,0.470693702022117,0.529306297977883,Hold,62.415283,62.61884,62.163254,62.3862,12690
2025-09-17 15:00:00,0,0.4444627053154828,0.5555372946845172,Hold,62.3862,62.473442,62.02755,62.347427,9544
2025-09-17 16:00:00,0,0.42680092927706903,0.573199070722931,Hold,62.347427,62.46375,62.240803,62.318348,6632
2025-09-17 17:00:00,1,0.46031409918967525,0.5396859008103247,Hold,62.318348,62.43467,62.26019,62.35712,5933
2025-09-17 18:00:00,0,0.4390957759854618,0.5609042240145382,Hold,62.376507,62.395893,61.736748,61.82399,14237
2025-09-17 19:00:00,0,0.43523647950292843,0.5647635204970716,Hold,61.82399,62.05663,61.804604,61.988777,2943
2025-09-17 20:00:00,0,0.4372982529213099,0.5627017470786901,Hold,61.988777,62.105095,61.959694,62.008163,818
2025-09-17 22:00:00,0,0.43991981053450335,0.5600801894654966,Hold,62.02755,62.172947,61.959694,62.143867,196
2025-09-17 23:00:00,0,0.47257010041695074,0.5274298995830493,Hold,62.163254,62.172947,62.0954,62.134174,109
2025-09-18 00:00:00,0,0.4944930306412451,0.5055069693587548,Hold,62.12448,62.12448,61.85307,61.862762,335
2025-09-18 01:00:00,0,0.4476813093982513,0.5523186906017488,Hold,61.85307,61.862762,61.610737,61.736748,746
2025-09-18 02:00:00,0,0.4846931004903221,0.5153068995096779,Hold,61.736748,61.89184,61.71736,61.88215,334
2025-09-18 03:00:00,0,0.4848962372764852,0.5151037627235149,Hold,61.89184,62.017857,61.89184,61.95,488
2025-09-18 04:00:00,0,0.4471483742022583,0.5528516257977417,Hold,61.959694,61.988777,61.82399,61.843376,182
2025-09-18 05:00:00,0,0.47346828202709823,0.5265317179729018,Hold,61.82399,61.862762,61.727055,61.785217,186
2025-09-18 06:00:00,0,0.4647975314973539,0.5352024685026461,Hold,61.775524,61.901535,61.688282,61.804604,236
2025-09-18 07:00:00,0,0.41652902582425594,0.583470974175744,Hold,61.85307,61.95,61.62043,61.727055,669
2025-09-18 08:00:00,0,0.41123156687096163,0.5887684331290384,Hold,61.727055,62.28927,61.67859,62.250496,954
2025-09-18 09:00:00,0,0.48970667769188425,0.5102933223081157,Hold,62.23111,62.23111,61.50411,61.533188,1130
2025-09-18 10:00:00,0,0.4386754431573234,0.5613245568426766,Hold,61.533188,62.066322,61.50411,61.959694,855
2025-09-18 11:00:00,1,0.44502724542227967,0.5549727545777203,Hold,61.969387,62.473442,61.969387,62.395893,957
2025-09-18 12:00:00,0,0.41739999132367706,0.582600008676323,Hold,62.405586,62.483135,62.15356,62.163254,1064
2025-09-18 13:00:00,0,0.4748158650936393,0.5251841349063606,Hold,62.18264,62.240803,61.92092,62.134174,2039
2025-09-18 14:00:00,1,0.49538348163954454,0.5046165183604554,Hold,62.134174,62.570374,62.114788,62.172947,2353
2025-09-18 15:00:00,0,0.45387810576208953,0.5461218942379105,Hold,62.172947,62.337734,61.56227,61.862762,3535
2025-09-18 16:00:00,0,0.45895438165656344,0.5410456183434366,Hold,61.862762,61.862762,61.59135,61.59135,675
2025-09-18 17:00:00,0,0.44755857555378054,0.5524414244462195,Hold,61.59135,61.62043,61.38779,61.47503,1513
2025-09-18 18:00:00,0,0.44820000687810635,0.5517999931218937,Hold,61.494415,61.785217,61.47503,61.775524,4027
2025-09-18 19:00:00,0,0.39291090176730015,0.6070890982326999,Hold,61.775524,61.775524,61.688282,61.74644,663
2025-09-18 20:00:00,0,0.371576979206625,0.628423020793375,Hold,61.736748,61.756134,61.64951,61.688282,167
2025-09-18 22:00:00,1,0.3678468096739073,0.6321531903260926,Hold,61.639816,61.688282,61.571964,61.59135,122
2025-09-18 23:00:00,1,0.4065762203862257,0.5934237796137742,Hold,61.59135,61.601044,61.56227,61.571964,43
2025-09-19 00:00:00,1,0.39535418176712844,0.6046458182328716,Hold,61.571964,61.669357,61.542744,61.61092,1037
2025-09-19 01:00:00,1,0.3674431832290741,0.6325568167709259,Hold,61.60118,61.698574,61.542744,61.640137,914
2025-09-19 02:00:00,1,0.3329722151227453,0.6670277848772548,Hold,61.659615,61.669357,61.49405,61.513527,839
2025-09-19 03:00:00,1,0.3712663623919445,0.6287336376080555,Hold,61.513527,61.542744,61.45509,61.513527,801
2025-09-19 04:00:00,1,0.3727265734689126,0.6272734265310874,Hold,61.513527,61.523266,61.367435,61.43561,1258
2025-09-19 05:00:00,0,0.3439999741596678,0.6560000258403322,Hold,61.43561,61.513527,61.21161,61.31874,2616
2025-09-19 06:00:00,1,0.3423943817060826,0.6576056182939174,Hold,61.309002,61.47457,61.309002,61.425873,2188
2025-09-19 07:00:00,0,0.3398488565033313,0.6601511434966687,Hold,61.425873,61.61092,61.250565,61.260303,6083
2025-09-19 08:00:00,0,0.3856599311930016,0.6143400688069984,Hold,61.260303,61.357697,61.04604,61.094734,9333
2025-09-19 09:00:00,0,0.40336681997465357,0.5966331800253464,Hold,61.094734,61.19213,60.958385,61.05578,6993
2025-09-19 10:00:00,0,0.4044815344090179,0.5955184655909821,Hold,61.05578,61.43561,60.90969,61.260303,6334
2025-09-19 11:00:00,1,0.3480271672474124,0.6519728327525875,Hold,61.260303,61.571964,61.19213,61.299263,6842
2025-09-19 12:00:00,1,0.35104736055742247,0.6489526394425775,Hold,61.299263,61.377174,61.15317,61.33822,8137
2025-09-19 13:00:00,0,0.3264781696346482,0.6735218303653518,Hold,61.347958,61.377174,60.958385,61.15317,15913
2025-09-19 14:00:00,0,0.35885422947290474,0.6411457705270953,Hold,61.16291,61.552483,60.958385,61.114216,16387
2025-09-19 15:00:00,0,0.3593062453577234,0.6406937546422766,Hold,61.114216,61.143433,60.578552,60.860992,20271
2025-09-19 16:00:00,0,0.36501814847058955,0.6349818515294104,Hold,60.860992,60.958385,60.77334,60.802555,8574
2025-09-19 17:00:00,0,0.3655255299054248,0.6344744700945752,Hold,60.812294,60.938908,60.724644,60.89021,8037
2025-09-19 18:00:00,0,0.3509847581517553,0.6490152418482447,Hold,60.89021,60.938908,60.724644,60.802555,14012
2025-09-19 19:00:00,0,0.39522913006426164,0.6047708699357384,Hold,60.802555,60.812294,60.695423,60.724644,4327
2025-09-19 20:00:00,0,0.3985541067367791,0.601445893263221,Hold,60.7149,60.77334,60.705162,60.734383,1717
2025-09-21 22:00:00,0,0.4175804409139484,0.5824195590860516,Hold,60.675945,60.89021,60.675945,60.87073,1123
2025-09-21 23:00:00,0,0.39214967000793854,0.6078503299920615,Hold,60.87073,60.90969,60.851254,60.90969,328
2025-09-22 00:00:00,0,0.3991652693006579,0.6008347306993421,Hold,60.89995,60.977863,60.87073,60.968124,821
2025-09-22 01:00:00,0,0.4163227620414626,0.5836772379585373,Hold,60.958385,61.15317,60.92917,61.065517,1750
2025-09-22 02:00:00,0,0.39493326241739346,0.6050667375826065,Hold,61.075256,61.17265,61.075256,61.084995,1284
2025-09-22 03:00:00,1,0.39692204932724423,0.6030779506727557,Hold,61.075256,61.20187,61.075256,61.16291,659
2025-09-22 04:00:00,1,0.4339042037863301,0.5660957962136699,Hold,61.15317,61.16291,61.104477,61.15317,469
2025-09-22 05:00:00,1,0.42426444785698286,0.5757355521430172,Hold,61.16291,61.289524,61.133694,61.15317,1375
2025-09-22 06:00:00,1,0.419446187289615,0.580553812710385,Hold,61.16291,61.357697,61.094734,61.221348,3428
2025-09-22 07:00:00,1,0.42620439959666295,0.5737956004033371,Hold,61.221348,61.347958,61.05578,61.143433,5573
2025-09-22 08:00:00,0,0.44255923550769954,0.5574407644923005,Hold,61.143433,61.17265,60.822037,60.851254,6915
2025-09-22 09:00:00,0,0.4728662243741921,0.5271337756258079,Hold,60.851254,60.89995,60.60777,60.64673,7466
2025-09-22 10:00:00,0,0.40288084196747426,0.5971191580325257,Hold,60.64673,60.64673,60.296112,60.335068,8808
2025-09-22 11:00:00,0,0.3642737713177015,0.6357262286822984,Hold,60.335068,60.46168,60.237675,60.266895,7240
2025-09-22 12:00:00,0,0.34892592883006246,0.6510740711699375,Hold,60.257156,60.42272,60.091587,60.169502,11121
2025-09-22 13:00:00,0,0.37477114474879647,0.6252288552512035,Hold,60.169502,60.36429,60.003933,60.31559,18361
2025-09-22 14:00:00,0,0.346687732192061,0.653312267807939,Hold,60.30585,60.568813,60.247414,60.549335,13363
2025-09-22 15:00:00,0,0.37077182002977205,0.629228179970228,Hold,60.559074,60.62725,60.412983,60.559074,12479
2025-09-22 16:00:00,0,0.34894735118561365,0.6510526488143864,Hold,60.559074,60.617508,60.46168,60.529854,6585
2025-09-22 17:00:00,0,0.33081567822654173,0.6691843217734583,Hold,60.529854,60.802555,60.529854,60.685684,10570
2025-09-22 18:00:00,0,0.29216753392009087,0.7078324660799091,Hold,60.685684,60.734383,60.46168,60.685684,17465
2025-09-22 19:00:00,0,0.271846875860407,0.728153124139593,Hold,60.675945,60.724644,60.656467,60.656467,2465
2025-09-22 20:00:00,0,0.25403257512368804,0.745967424876312,Hold,60.666206,60.75386,60.656467,60.7149,1555
2025-09-22 22:00:00,0,0.2633025451620116,0.7366974548379883,Hold,60.705162,60.734383,60.64673,60.64673,462
2025-09-22 23:00:00,0,0.26933500265027016,0.7306649973497299,Hold,60.64673,60.724644,60.59803,60.724644,483
2025-09-23 00:00:00,0,0.2492359321687191,0.7507640678312809,Hold,60.7149,60.77334,60.63699,60.64673,980
2025-09-23 01:00:00,0,0.2794512812847107,0.7205487187152892,Hold,60.63699,60.63699,60.42272,60.42272,1799
2025-09-23 02:00:00,0,0.30859305560735567,0.6914069443926443,Hold,60.42272,60.442204,60.30585,60.35455,1462
2025-09-23 03:00:00,0,0.31968570673278635,0.6803142932672137,Hold,60.35455,60.35455,60.276634,60.296112,805
2025-09-23 04:00:00,0,0.3111571001392083,0.6888428998607917,Hold,60.286373,60.383766,60.276634,60.32533,831
2025-09-23 05:00:00,0,0.33006945812383587,0.6699305418761641,Hold,60.32533,60.442204,60.237675,60.296112,1219
2025-09-23 06:00:00,0,0.33434885521246394,0.6656511447875361,Hold,60.286373,60.510376,60.257156,60.374027,2826
2025-09-23 07:00:00,0,0.3629396709428766,0.6370603290571234,Hold,60.36429,60.617508,60.247414,60.617508,3688
2025-09-23 08:00:00,0,0.3448234752150772,0.6551765247849228,Hold,60.617508,60.724644,60.32533,60.578552,6428
2025-09-23 09:00:00,0,0.4168418478814002,0.5831581521185998,Hold,60.578552,61.065517,60.529854,61.02656,8144
2025-09-23 10:00:00,0,0.4375798968562056,0.5624201031437944,Hold,61.02656,61.396656,60.99734,61.32848,9782
2025-09-23 11:00:00,0,0.38773545256980446,0.6122645474301955,Hold,61.31874,61.416134,61.21161,61.377174,6643
2025-09-23 12:00:00,0,0.4109871670958143,0.5890128329041857,Hold,61.377174,61.542744,61.299263,61.44535,10683
2025-09-23 13:00:00,0,0.3893379543795485,0.6106620456204515,Hold,61.44535,61.698574,61.32848,61.679096,17394
2025-09-23 14:00:00,0,0.36838605935119795,0.631613940648802,Hold,61.669357,62.000492,61.649876,61.912838,28430
2025-09-23 15:00:00,0,0.3657014490286071,0.634298550971393,Hold,61.912838,62.2245,61.88362,61.932316,21469
2025-09-23 16:00:00,0,0.42349479040483995,0.57650520959516,Hold,61.94206,62.01023,61.669357,61.698574,12820
2025-09-23 17:00:00,0,0.3840603526066003,0.6159396473933997,Hold,61.708313,61.84466,61.542744,61.640137,12247
2025-09-23 18:00:00,0,0.37835557832704675,0.6216444216729533,Hold,61.640137,61.912838,61.591442,61.89336,15433
2025-09-23 19:00:00,0,0.34531354811540754,0.6546864518845925,Hold,61.89336,62.146584,61.89336,62.01997,7160
2025-09-23 20:00:00,0,0.36658614146483737,0.6334138585351626,Hold,62.02971,62.04919,61.932316,61.990753,2302
2025-09-23 22:00:00,0,0.40278585231368585,0.5972141476863142,Hold,61.981014,62.1758,61.951797,62.146584,1069
2025-09-23 23:00:00,0,0.3941987675815791,0.6058012324184209,Hold,62.146584,62.156322,62.05893,62.05893,226
2025-09-24 00:00:00,0,0.3736716203892132,0.6263283796107868,Hold,62.06867,62.088146,61.981014,62.05893,1602
2025-09-24 01:00:00,0,0.35410973854036376,0.6458902614596362,Hold,62.06867,62.078407,61.94206,61.971275,1432
2025-09-24 02:00:00,0,0.3621696680217125,0.6378303319782874,Hold,61.971275,61.971275,61.88362,61.922577,902
2025-09-24 03:00:00,0,0.36852145254921725,0.6314785474507827,Hold,61.912838,61.971275,61.912838,61.971275,552
2025-09-24 04:00:00,0,0.3567865207787403,0.6432134792212597,Hold,61.971275,61.971275,61.873882,61.873882,462
2025-09-24 05:00:00,0,0.3787208250598753,0.6212791749401247,Hold,61.864143,61.990753,61.78623,61.854404,1679
2025-09-24 06:00:00,0,0.403001933478091,0.596998066521909,Hold,61.864143,61.932316,61.76675,61.88362,1602
2025-09-24 07:00:00,0,0.48940210140801244,0.5105978985919876,Hold,61.88362,62.19528,61.795967,62.117363,5535
2025-09-24 08:00:00,0,0.4237858914632028,0.5762141085367972,Hold,62.117363,62.156322,61.60118,61.76675,7547
2025-09-24 09:00:00,0,0.4542999871812527,0.5457000128187472,Hold,61.75701,62.136845,61.718052,62.117363,5275
2025-09-24 10:00:00,0,0.5003723868475555,0.4996276131524445,Sell,62.107624,62.516678,62.107624,62.380325,10631
2025-09-24 11:00:00,0,0.5272247838667252,0.4727752161332748,Sell,62.380325,62.50694,62.32189,62.497196,5368
2025-09-24 12:00:00,0,0.4675619102389578,0.5324380897610421,Hold,62.487457,62.769897,62.46798,62.565372,13601
2025-09-24 13:00:00,0,0.5328379903496289,0.46716200965037114,Sell,62.555634,62.769897,62.487457,62.701725,14858
2025-09-24 14:00:00,0,0.5171477493307722,0.48285225066922777,Sell,62.701725,62.91599,62.419285,62.86729,18848
2025-09-24 15:00:00,0,0.48841153570279044,0.5115884642972095,Hold,62.87703,63.15947,62.86729,63.0426,19872
2025-09-24 16:00:00,0,0.4696732194519455,0.5303267805480545,Hold,63.0426,63.14973,62.91599,63.120514,9948
2025-09-24 17:00:00,0,0.444570039740285,0.555429960259715,Hold,63.120514,63.35426,63.110775,63.217907,13254
2025-09-24 18:00:00,0,0.43689501893992894,0.563104981060071,Hold,63.227646,63.35426,63.120514,63.169212,17038
2025-09-24 19:00:00,0,0.45536548957935574,0.5446345104206443,Hold,63.169212,63.18869,63.101036,63.110775,4231
2025-09-24 20:00:00,0,0.44374889554992253,0.5562511044500775,Hold,63.110775,63.14973,63.101036,63.120514,1994
2025-09-24 22:00:00,0,0.4428379920576809,0.5571620079423192,Hold,63.110775,63.110775,63.013382,63.062077,912
2025-09-24 23:00:00,0,0.43349659897144466,0.5665034010285553,Hold,63.07182,63.07182,63.013382,63.0426,339
2025-09-25 00:00:00,0,0.47627851035998076,0.5237214896400193,Hold,63.03286,63.237385,62.993904,63.19843,2610
2025-09-25 01:00:00,0,0.416410251432224,0.583589748567776,Hold,63.208168,63.227646,62.974422,63.03286,2425
2025-09-25 02:00:00,0,0.45663202047459234,0.5433679795254076,Hold,63.02312,63.110775,62.964684,63.08156,1443
2025-09-25 03:00:00,0,0.427615699521477,0.572384300478523,Hold,63.08156,63.091297,62.964684,63.0426,1308
2025-09-25 04:00:00,0,0.4254793654865987,0.5745206345134013,Hold,63.03286,63.052338,62.984165,63.003643,523
2025-09-25 05:00:00,0,0.4879752872034058,0.5120247127965942,Hold,62.993904,63.08156,62.925728,63.07182,1606
2025-09-25 06:00:00,0,0.5048337444564517,0.4951662555435483,Sell,63.07182,63.208168,63.003643,63.13999,2491
2025-09-25 07:00:00,0,0.43868099966125024,0.5613190003387498,Hold,63.13999,63.15947,62.779636,63.003643,6804
2025-09-25 08:00:00,0,0.4142849266891682,0.5857150733108318,Hold,63.003643,63.0426,62.58485,62.63355,7600
2025-09-25 09:00:00,0,0.46758058956327697,0.532419410436723,Hold,62.63355,62.984165,62.604332,62.90625,4409
2025-09-25 10:00:00,0,0.47704128208384894,0.522958717916151,Hold,62.90625,63.14973,62.769897,63.101036,6353
2025-09-25 11:00:00,0,0.4047008658470923,0.5952991341529077,Hold,63.091297,63.14973,62.87703,62.993904,6779
2025-09-25 12:00:00,0,0.3789720697310781,0.6210279302689219,Hold,62.984165,63.0426,62.76016,62.87703,8732
2025-09-25 13:00:00,0,0.384622686738695,0.615377313261305,Hold,62.886772,62.89651,62.4485,62.555634,16190
2025-09-25 14:00:00,0,0.34531488790768666,0.6546851120923134,Hold,62.555634,62.653027,62.390064,62.526417,13248
2025-09-25 15:00:00,0,0.48217980912178604,0.517820190878214,Hold,62.536156,63.276344,62.50694,63.15947,17701
2025-09-25 16:00:00,0,0.476987014646331,0.523012985353669,Hold,63.169212,63.17895,62.945206,63.003643,8438
2025-09-25 17:00:00,0,0.4712757442250465,0.5287242557749535,Hold,63.003643,63.334778,62.925728,63.130253,16177
2025-09-25 18:00:00,0,0.5303505015566063,0.46964949844339365,Sell,63.13999,63.558784,63.062077,63.519825,15436
2025-09-25 19:00:00,0,0.4422908626849018,0.5577091373150982,Hold,63.529564,63.6367,63.422432,63.617218,5791
2025-09-25 20:00:00,0,0.4104911027077976,0.5895088972922025,Hold,63.60748,63.626957,63.47113,63.519825,2599
2025-09-25 22:00:00,0,0.398636598317414,0.601363401682586,Hold,63.500347,63.656178,63.49061,63.617218,1059
2025-09-25 23:00:00,0,0.39671515842540606,0.6032848415745939,Hold,63.617218,63.626957,63.529564,63.558784,901
2025-09-26 00:00:00,0,0.45561189037221184,0.5443881096277882,Hold,63.568523,63.59774,63.500347,63.549046,1528
2025-09-26 01:00:00,0,0.46263332194945017,0.5373666780505498,Hold,63.549046,63.685394,63.451653,63.617218,2041
2025-09-26 02:00:00,0,0.4790133894445043,0.5209866105554957,Hold,63.617218,63.6367,63.519825,63.529564,941
2025-09-26 03:00:00,0,0.4336928607882649,0.5663071392117351,Hold,63.539303,63.558784,63.451653,63.49061,1068
2025-09-26 04:00:00,0,0.40774344453745676,0.5922565554625432,Hold,63.49061,63.549046,63.451653,63.47113,636
2025-09-26 05:00:00,0,0.4422664001692747,0.5577335998307253,Hold,63.47113,63.578262,63.46139,63.519825,978
2025-09-26 06:00:00,0,0.41836644891546715,0.5816335510845329,Hold,63.519825,63.695133,63.44191,63.47113,2535
2025-09-26 07:00:00,0,0.43761138392625804,0.5623886160737419,Hold,63.47113,63.60748,63.344517,63.412693,5730
2025-09-26 08:00:00,0,0.4271759913581128,0.5728240086418872,Hold,63.412693,63.48087,63.295822,63.451653,4927
2025-09-26 09:00:00,0,0.43176214080854547,0.5682378591914545,Hold,63.44191,63.48087,63.0426,63.052338,6466
2025-09-26 10:00:00,0,0.42907554806073833,0.5709244519392617,Hold,63.0426,63.247124,62.974422,63.15947,6769
2025-09-26 11:00:00,0,0.41861798784314497,0.581382012156855,Hold,63.15947,63.422432,63.130253,63.14973,5335
2025-09-26 12:00:00,0,0.4528820642133149,0.5471179357866851,Hold,63.15947,63.64644,63.091297,63.510086,8473
2025-09-26 13:00:00,0,0.5280691695500513,0.47193083044994866,Sell,63.519825,63.860703,63.510086,63.821743,15919
2025-09-26 14:00:00,1,0.5615846224591086,0.43841537754089144,Sell,63.831486,64.64959,63.812004,64.60089,31297
2025-09-26 15:00:00,1,0.5324078763794043,0.46759212362059566,Sell,64.61063,64.688545,64.39636,64.44506,19754
2025-09-26 16:00:00,1,0.49656805374292373,0.5034319462570762,Hold,64.44506,64.49376,64.06523,64.14314,16910
2025-09-26 17:00:00,1,0.441223510689773,0.5587764893102269,Hold,64.1334,64.21132,63.685394,63.91914,17186
2025-09-26 18:00:00,1,0.44239762807298216,0.5576023719270178,Hold,63.91914,64.08471,63.734093,63.821743,19543
2025-09-26 19:00:00,1,0.5042279916333385,0.49577200836666147,Sell,63.821743,63.841225,63.539303,63.578262,5031
2025-09-26 20:00:00,1,0.4885867038272439,0.5114132961727561,Hold,63.588,63.675655,63.412693,63.49061,2770
2025-09-28 22:00:00,1,0.4458464190227747,0.5541535809772253,Hold,63.373737,63.44191,63.17895,63.412693,2396
2025-09-28 23:00:00,1,0.4579625417299708,0.5420374582700291,Hold,63.412693,63.48087,63.295822,63.44191,1058
2025-09-29 00:00:00,1,0.47971399737337084,0.5202860026266292,Hold,63.43217,63.451653,63.32504,63.44191,1230
2025-09-29 01:00:00,1,0.4965722370188938,0.5034277629811061,Hold,63.44191,63.568523,63.35426,63.402954,1866
2025-09-29 02:00:00,1,0.5236727646911262,0.4763272353088738,Sell,63.402954,63.626957,63.334778,63.578262,1702
2025-09-29 03:00:00,1,0.5177909368044395,0.48220906319556045,Sell,63.578262,63.626957,63.49061,63.539303,1113
2025-09-29 04:00:00,1,0.44430200966586464,0.5556979903341354,Hold,63.539303,63.665916,63.510086,63.626957,804
2025-09-29 05:00:00,1,0.43913610679739273,0.5608638932026073,Hold,63.626957,63.656178,63.549046,63.60748,1104
2025-09-29 06:00:00,1,0.4653904785277226,0.5346095214722775,Hold,63.588,63.695133,63.393215,63.60748,2402
2025-09-29 07:00:00,1,0.4335868964625427,0.5664131035374573,Hold,63.59774,63.59774,63.18869,63.286083,5733
2025-09-29 08:00:00,1,0.39805800291155163,0.6019419970884483,Hold,63.276344,63.334778,63.03286,63.30556,7263
2025-09-29 09:00:00,1,0.4026508908219816,0.5973491091780184,Hold,63.295822,63.295822,62.86729,62.91599,5867
2025-09-29 10:00:00,1,0.3288161089089776,0.6711838910910224,Hold,62.91599,63.003643,62.75042,62.779636,5528
2025-09-29 11:00:00,1,0.3780216098409325,0.6219783901590674,Hold,62.78938,62.87703,62.662766,62.769897,5051
2025-09-29 12:00:00,1,0.3903126372857238,0.6096873627142763,Hold,62.769897,62.90625,62.497196,62.828335,10659
2025-09-29 13:00:00,1,0.5039811111871397,0.49601888881286027,Sell,62.828335,62.828335,61.951797,62.01023,27151
2025-09-29 14:00:00,1,0.5129978688924559,0.4870021311075441,Sell,62.01023,62.18554,61.89336,61.922577,20953
2025-09-29 15:00:00,0,0.5059265142227491,0.49407348577725085,Sell,61.922577,61.981014,61.47457,61.630398,24190
2025-09-29 16:00:00,0,0.46416541441417414,0.5358345855858259,Hold,61.640137,61.77649,61.591442,61.669357,11626
2025-09-29 17:00:00,0,0.5192345184330217,0.4807654815669783,Sell,61.669357,61.669357,61.367435,61.416134,12345
2025-09-29 18:00:00,0,0.5158267359175214,0.4841732640824786,Sell,61.406395,61.84466,61.33822,61.571964,18396
2025-09-29 19:00:00,0,0.5250420866847665,0.4749579133152335,Sell,61.581703,61.61092,61.46483,61.571964,4984
2025-09-29 20:00:00,1,0.5358838384591359,0.4641161615408641,Sell,61.571964,61.60118,61.46483,61.533005,2821
2025-09-29 22:00:00,1,0.5551630753472362,0.4448369246527638,Sell,61.49405,61.552483,61.43561,61.47457,585
2025-09-29 23:00:00,1,0.5375390635861138,0.4624609364138862,Sell,61.47457,61.513527,61.44535,61.45509,306
2025-09-30 00:00:00,1,0.42286089801792853,0.5771391019820715,Hold,61.44535,61.45509,61.377174,61.425873,1669
2025-09-30 01:00:00,1,0.4320397119656569,0.5679602880343431,Hold,61.416134,61.56222,61.377174,61.542744,2130
2025-09-30 02:00:00,1,0.42397651782444656,0.5760234821755534,Hold,61.533005,61.533005,61.396656,61.425873,1279
2025-09-30 03:00:00,1,0.45110224755913886,0.5488977524408611,Hold,61.425873,61.45509,61.270042,61.45509,2314
2025-09-30 04:00:00,1,0.4165139668176123,0.5834860331823877,Hold,61.46483,61.503788,61.396656,61.43561,963
2025-09-30 05:00:00,1,0.43002177880742104,0.569978221192579,Hold,61.43561,61.581703,61.386917,61.552483,1632
2025-09-30 06:00:00,1,0.41539347482294847,0.5846065251770516,Hold,61.533005,61.61092,61.425873,61.533005,2484
2025-09-30 07:00:00,0,0.4101210852406524,0.5898789147593476,Hold,61.523266,61.542744,61.016823,61.123955,7525
2025-09-30 08:00:00,1,0.47536210018153535,0.5246378998184646,Hold,61.114216,61.347958,60.822037,61.31874,9449
2025-09-30 09:00:00,0,0.37005419866607314,0.6299458013339269,Hold,61.309002,61.377174,61.02656,61.04604,5444
2025-09-30 10:00:00,1,0.38959996839233413,0.6104000316076659,Hold,61.0363,61.49405,60.99734,61.299263,6636
2025-09-30 11:00:00,0,0.4015640973215936,0.5984359026784064,Hold,61.299263,61.396656,60.60777,60.675945,10994
2025-09-30 12:00:00,0,0.3669891786804154,0.6330108213195846,Hold,60.675945,60.851254,60.412983,60.724644,25766
2025-09-30 13:00:00,0,0.3467680529315855,0.6532319470684145,Hold,60.724644,61.15317,60.685684,61.065517,20657
2025-09-30 14:00:00,0,0.3840765823882832,0.6159234176117168,Hold,61.065517,61.114216,60.59803,60.617508,15125
2025-09-30 15:00:00,0,0.291368802278809,0.708631197721191,Hold,60.60777,61.377174,60.58829,61.114216,31003
2025-09-30 16:00:00,0,0.2703099880781622,0.7296900119218378,Hold,61.114216,61.32848,61.05578,61.075256,11249
2025-09-30 17:00:00,0,0.3485460542191992,0.6514539457808008,Hold,61.075256,61.123955,60.7636,60.792816,10925
2025-09-30 18:00:00,0,0.3057056829854018,0.6942943170145982,Hold,60.792816,60.948647,60.705162,60.938908,14811
2025-09-30 19:00:00,0,0.28644321616860796,0.7135567838313921,Hold,60.948647,60.987602,60.860992,60.89995,3459
2025-09-30 20:00:00,0,0.31669440179834274,0.6833055982016573,Hold,60.89995,60.938908,60.7636,60.802555,2578
2025-09-30 22:00:00,0,0.3177829206767575,0.6822170793232425,Hold,60.831776,60.938908,60.792816,60.860992,707
2025-09-30 23:00:00,0,0.32192239598865113,0.6780776040113489,Hold,60.860992,60.89021,60.831776,60.87073,436
2025-10-01 00:00:00,0,0.40650278456804434,0.5934972154319557,Hold,60.88047,60.948647,60.578552,60.59803,1994
2025-10-01 01:00:00,0,0.38627647605826954,0.6137235239417305,Hold,60.58829,60.89995,60.58829,60.851254,2355
2025-10-01 02:00:00,0,0.3262844229215694,0.6737155770784307,Hold,60.851254,60.938908,60.792816,60.831776,1174
2025-10-01 03:00:00,0,0.32640733108491,0.67359266891509,Hold,60.822037,60.90969,60.77334,60.89021,862
2025-10-01 04:00:00,1,0.33542870779754186,0.6645712922024581,Hold,60.88047,60.987602,60.87073,60.977863,798
2025-10-01 05:00:00,0,0.31897628883618545,0.6810237111638145,Hold,60.977863,61.02656,60.812294,60.812294,1253
2025-10-01 06:00:00,0,0.3003717300669359,0.699628269933064,Hold,60.802555,61.016823,60.792816,60.948647,2666
2025-10-01 07:00:00,1,0.3675947121419266,0.6324052878580734,Hold,60.958385,61.20187,60.91943,61.133694,5027
2025-10-01 08:00:00,0,0.384068598196719,0.615931401803281,Hold,61.123955,61.250565,60.403244,60.568813,11799
2025-10-01 09:00:00,0,0.389000911886896,0.610999088113104,Hold,60.568813,60.63699,60.01367,60.237675,11902
2025-10-01 10:00:00,1,0.35018880238364464,0.6498111976163554,Hold,60.247414,60.77334,60.237675,60.58829,7956
2025-10-01 11:00:00,0,0.3613551302264324,0.6386448697735676,Hold,60.58829,60.60777,60.374027,60.4909,5622
2025-10-01 12:00:00,0,0.34967056345194875,0.6503294365480512,Hold,60.500637,60.539597,60.15002,60.266895,10416
2025-10-01 13:00:00,0,0.3078924584894857,0.6921075415105142,Hold,60.276634,60.520115,59.799408,59.964973,26117
2025-10-01 14:00:00,0,0.33762841339895183,0.6623715866010482,Hold,59.964973,60.393505,59.85784,60.237675,24295
2025-10-01 15:00:00,0,0.24643068161787932,0.7535693183821207,Hold,60.247414,60.451942,59.838364,60.18898,22602
2025-10-01 16:00:00,0,0.21614562239902807,0.7838543776009719,Hold,60.18898,60.675945,60.15002,60.208458,14967
2025-10-01 17:00:00,0,0.21820098021304601,0.781799019786954,Hold,60.19872,60.36429,60.08185,60.169502,8680
2025-10-01 18:00:00,0,0.24070649709037706,0.7592935029096229,Hold,60.17924,60.36429,60.091587,60.32533,12920
2025-10-01 19:00:00,0,0.20351839598490806,0.7964816040150919,Hold,60.335068,60.48116,60.31559,60.35455,3297
2025-10-01 20:00:00,0,0.20920793458208964,0.7907920654179104,Hold,60.36429,60.393505,60.120804,60.18898,2727
2025-10-01 22:00:00,0,0.25332447805582237,0.7466755219441776,Hold,60.169502,60.208458,59.964973,59.974716,994
2025-10-01 23:00:00,0,0.2408731337272204,0.7591268662727796,Hold,59.994194,60.335068,59.994194,60.218197,1784
2025-10-02 00:00:00,0,0.2302266071927951,0.7697733928072049,Hold,60.227936,60.90969,60.19872,60.335068,5101
2025-10-02 01:00:00,1,0.2505249502512711,0.7494750497487289,Hold,60.335068,60.510376,60.276634,60.47142,1824
2025-10-02 02:00:00,1,0.23885623673284354,0.7611437632671565,Hold,60.48116,60.656467,60.451942,60.568813,1645
2025-10-02 03:00:00,1,0.2350946262645104,0.7649053737354896,Hold,60.559074,60.578552,60.393505,60.510376,721
2025-10-02 04:00:00,1,0.26299060200920493,0.737009397990795,Hold,60.510376,60.529854,60.42272,60.43246,562
2025-10-02 05:00:00,1,0.2546533800822467,0.7453466199177533,Hold,60.43246,60.62725,60.43246,60.451942,1107
2025-10-02 06:00:00,1,0.26878389028513805,0.731216109714862,Hold,60.451942,60.47142,60.18898,60.266895,2753
2025-10-02 07:00:00,1,0.26363373818335956,0.7363662618166404,Hold,60.266895,60.412983,60.08185,60.296112,4345
2025-10-02 08:00:00,1,0.2536777205727542,0.7463222794272458,Hold,60.286373,60.451942,60.111065,60.247414,6688
2025-10-02 09:00:00,0,0.29193723415949974,0.7080627658405003,Hold,60.247414,60.276634,59.6241,59.78967,12380
2025-10-02 10:00:00,0,0.27373509344383984,0.7262649065561602,Hold,59.78967,60.120804,59.73123,59.90654,6510
2025-10-02 11:00:00,0,0.2576190202347206,0.7423809797652794,Hold,59.91628,59.994194,59.711754,59.8968,5444
2025-10-02 12:00:00,0,0.2698049912599643,0.7301950087400357,Hold,59.8968,59.945496,59.75071,59.838364,8934
2025-10-02 13:00:00,0,0.27434378627664247,0.7256562137233575,Hold,59.838364,60.052628,59.46827,59.90654,24105
2025-10-02 14:00:00,0,0.28367170399691594,0.7163282960030841,Hold,59.8968,60.227936,59.370876,59.429314,25802
2025-10-02 15:00:00,0,0.2951276529306085,0.7048723470693915,Hold,59.429314,59.516968,59.078697,59.234528,21849
2025-10-02 16:00:00,0,0.2877850696323359,0.7122149303676641,Hold,59.234528,59.29296,58.844955,59.030003,17462
2025-10-02 17:00:00,0,0.3118077340624944,0.6881922659375056,Hold,59.030003,59.088436,58.844955,58.844955,10368
2025-10-02 18:00:00,0,0.32184561982543886,0.6781543801745611,Hold,58.854694,59.02026,58.825474,58.952087,19282
2025-10-02 19:00:00,0,0.3343038765054928,0.6656961234945071,Hold,58.961826,59.06896,58.952087,59.04948,2977
2025-10-02 20:00:00,0,0.3023851299183714,0.6976148700816286,Hold,59.04948,59.195568,59.01052,59.098175,2814
2025-10-02 22:00:00,0,0.33920810587865247,0.6607918941213475,Hold,59.117653,59.18583,59.078697,59.088436,604
2025-10-02 23:00:00,0,0.3490039531801185,0.6509960468198814,Hold,59.098175,59.156612,59.04948,59.127396,340
2025-10-03 00:00:00,0,0.37540755950598664,0.6245924404940133,Hold,59.137135,59.146873,59.02026,59.05922,1546
2025-10-03 01:00:00,0,0.4177585087511037,0.5822414912488962,Hold,59.04948,59.22479,59.04948,59.146873,1566
2025-10-03 02:00:00,0,0.4083122017579224,0.5916877982420776,Hold,59.137135,59.156612,59.078697,59.127396,754
2025-10-03 03:00:00,0,0.4202405473942859,0.5797594526057142,Hold,59.117653,59.29296,59.117653,59.22479,1592
2025-10-03 04:00:00,0,0.4415008809383219,0.5584991190616782,Hold,59.21505,59.3027,59.205307,59.283222,698
2025-10-03 05:00:00,0,0.49208623523371287,0.5079137647662871,Hold,59.283222,59.419575,59.263744,59.409836,2081
2025-10-03 06:00:00,0,0.4234656609251516,0.5765343390748484,Hold,59.400093,59.61436,59.370876,59.526707,4091
2025-10-03 07:00:00,0,0.38752131633362974,0.6124786836663703,Hold,59.516968,59.672794,59.3514,59.370876,5418
2025-10-03 08:00:00,0,0.3627479792033129,0.6372520207966871,Hold,59.380615,59.77993,59.312443,59.770187,7578
2025-10-03 09:00:00,0,0.3934525112104638,0.6065474887895361,Hold,59.770187,59.77993,59.156612,59.244267,6487
2025-10-03 10:00:00,0,0.34792728354254737,0.6520727164574527,Hold,59.244267,59.380615,59.117653,59.156612,6224
2025-10-03 11:00:00,0,0.34099392736279205,0.659006072637208,Hold,59.156612,59.370876,59.04948,59.117653,4713
2025-10-03 12:00:00,0,0.3749587518752334,0.6250412481247666,Hold,59.107914,59.29296,58.971565,59.273483,7940
2025-10-03 13:00:00,0,0.31608547347230026,0.6839145265276998,Hold,59.283222,59.429314,59.088436,59.312443,16565
2025-10-03 14:00:00,0,0.3612450702224925,0.6387549297775075,Hold,59.312443,59.672794,59.16635,59.439053,18117
2025-10-03 15:00:00,0,0.33114001134861165,0.6688599886513884,Hold,59.439053,59.682533,59.3027,59.45853,15555
2025-10-03 16:00:00,0,0.3622220731038924,0.6377779268961077,Hold,59.45853,59.61436,59.409836,59.555923,8250
2025-10-03 17:00:00,0,0.38511799277416914,0.6148820072258309,Hold,59.555923,59.60462,59.429314,59.555923,8507
2025-10-03 18:00:00,0,0.30210268553896813,0.6978973144610319,Hold,59.555923,59.58514,59.107914,59.205307,17156
2025-10-03 19:00:00,0,0.3028127474625399,0.6971872525374601,Hold,59.205307,59.29296,59.137135,59.156612,4532
2025-10-03 20:00:00,0,0.3234017534740268,0.6765982465259732,Hold,59.156612,59.263744,59.03974,59.107914,3119
2025-10-05 22:00:00,0,0.38693468276998777,0.6130653172300122,Hold,59.546185,60.237675,59.49749,59.818886,5211
2025-10-05 23:00:00,0,0.4045121397942431,0.595487860205757,Hold,59.828625,60.01367,59.799408,59.984455,2090
2025-10-06 00:00:00,0,0.40599872780952606,0.5940012721904739,Hold,60.003933,60.227936,59.91628,60.169502,2870
2025-10-06 01:00:00,0,0.4172404687101763,0.5827595312898237,Hold,60.169502,60.18898,60.06237,60.17924,1298
2025-10-06 02:00:00,0,0.4290918030793525,0.5709081969206475,Hold,60.17924,60.19872,60.130543,60.15002,1217
2025-10-06 03:00:00,0,0.47789817067358986,0.5221018293264101,Hold,60.15002,60.208458,60.130543,60.19872,995
2025-10-06 04:00:00,0,0.4780408293876316,0.5219591706123684,Hold,60.19872,60.30585,60.169502,60.247414,1427
2025-10-06 05:00:00,0,0.4405682940426504,0.5594317059573496,Hold,60.247414,60.257156,59.955235,60.130543,1997
2025-10-06 06:00:00,0,0.4330290584754695,0.5669709415245305,Hold,60.120804,60.130543,59.85784,60.111065,3983
2025-10-06 07:00:00,0,0.3665996283507404,0.6334003716492596,Hold,60.111065,60.42272,59.945496,59.994194,7784
2025-10-06 08:00:00,0,0.4605238637194673,0.5394761362805327,Hold,59.994194,60.36429,59.90654,60.296112,7162
2025-10-06 09:00:00,1,0.443454780629327,0.556545219370673,Hold,60.30585,60.451942,60.19872,60.393505,3948
2025-10-06 10:00:00,0,0.4717119885616481,0.5282880114383519,Hold,60.393505,60.500637,60.101326,60.101326,4082
2025-10-06 11:00:00,0,0.4408541373487417,0.5591458626512583,Hold,60.111065,60.15002,59.44879,59.663055,9431
2025-10-06 12:00:00,0,0.4496541895604318,0.5503458104395682,Hold,59.653316,60.03315,59.653316,59.77993,8877
2025-10-06 13:00:00,0,0.4609319916294095,0.5390680083705905,Hold,59.77993,60.30585,59.643578,60.286373,16278
2025-10-06 14:00:00,0,0.4195844010586885,0.5804155989413116,Hold,60.286373,60.296112,59.653316,59.702015,14515
2025-10-06 15:00:00,0,0.43141720776234854,0.5685827922376514,Hold,59.692276,60.227936,59.594883,60.14028,14076
2025-10-06 16:00:00,0,0.39772231355429,0.60227768644571,Hold,60.130543,60.374027,60.01367,60.04289,9210
2025-10-06 17:00:00,0,0.42466019420394263,0.5753398057960574,Hold,60.052628,60.19872,59.8968,60.130543,7511
2025-10-06 18:00:00,0,0.4208407150655846,0.5791592849344154,Hold,60.130543,60.247414,59.974716,60.08185,9632
2025-10-06 19:00:00,0,0.4016149366082381,0.5983850633917619,Hold,60.08185,60.18898,60.052628,60.14028,2188
2025-10-06 20:00:00,0,0.4373968278895001,0.5626031721104999,Hold,60.15002,60.227936,60.02341,60.111065,1898
2025-10-06 22:00:00,0,0.46273723786277254,0.5372627621372275,Hold,60.120804,60.208458,60.07211,60.091587,628
2025-10-06 23:00:00,0,0.4604816330916648,0.5395183669083352,Hold,60.08185,60.120804,60.052628,60.08185,251
2025-10-07 00:00:00,0,0.4883499955436262,0.5116500044563739,Hold,60.08185,60.120804,60.04289,60.08185,544
2025-10-07 01:00:00,0,0.5072138089850746,0.4927861910149254,Sell,60.091587,60.218197,60.08185,60.15002,841
2025-10-07 02:00:00,1,0.48718583858823583,0.5128141614117642,Hold,60.15002,60.31559,60.14028,60.276634,897
2025-10-07 03:00:00,1,0.46894216889703155,0.5310578311029684,Hold,60.286373,60.32533,60.247414,60.276634,595
2025-10-07 04:00:00,0,0.4784857247301119,0.521514275269888,Hold,60.276634,60.276634,60.08185,60.111065,786
2025-10-07 05:00:00,1,0.5132041701435701,0.4867958298564299,Sell,60.120804,60.34481,60.08185,60.296112,1169
2025-10-07 06:00:00,1,0.494413696566505,0.505586303433495,Hold,60.296112,60.42272,60.17924,60.218197,2758
2025-10-07 07:00:00,0,0.47208640904949434,0.5279135909505057,Hold,60.227936,60.276634,59.8968,60.06237,5174
2025-10-07 08:00:00,0,0.40695769637462037,0.5930423036253796,Hold,60.06237,60.30585,59.877323,59.8968,5633
2025-10-07 09:00:00,0,0.45050075727701927,0.5494992427229808,Hold,59.8968,59.974716,59.672794,59.935757,6243
2025-10-07 10:00:00,0,0.44298046175490363,0.5570195382450964,Hold,59.935757,60.111065,59.86758,60.003933,3793
2025-10-07 11:00:00,0,0.5009261582658938,0.4990738417341062,Sell,60.003933,60.227936,59.974716,60.130543,4051
2025-10-07 12:00:00,0,0.43723482588026386,0.5627651741197361,Hold,60.14028,60.18898,59.721493,59.75071,7702
2025-10-07 13:00:00,0,0.4313159342266677,0.5686840657733323,Hold,59.75071,60.257156,59.137135,60.08185,32716
2025-10-07 14:00:00,0,0.3567739243260804,0.6432260756739197,Hold,60.08185,60.111065,59.60462,60.01367,15658
2025-10-07 15:00:00,0,0.39791699688544374,0.6020830031145563,Hold,60.02341,60.218197,59.818886,59.955235,10544
2025-10-07 16:00:00,0,0.34668842427484636,0.6533115757251536,Hold,59.955235,60.01367,59.770187,59.85784,7409
2025-10-07 17:00:00,0,0.3944835885533277,0.6055164114466722,Hold,59.86758,60.111065,59.799408,59.935757,5738
2025-10-07 18:00:00,0,0.4428609420195769,0.5571390579804232,Hold,59.945496,60.374027,59.926018,60.374027,12629
2025-10-07 19:00:00,0,0.44636481818956497,0.553635181810435,Hold,60.36429,60.48116,60.32533,60.451942,3902
2025-10-07 20:00:00,0,0.40574229737524875,0.5942577026247513,Hold,60.451942,60.4909,60.383766,60.42272,2474
2025-10-07 22:00:00,0,0.4529919905933261,0.5470080094066738,Hold,60.43246,60.578552,60.43246,60.539597,1005
2025-10-07 23:00:00,0,0.49535192003741146,0.5046480799625885,Hold,60.559074,60.559074,60.500637,60.520115,395
2025-10-08 00:00:00,0,0.4609120768131968,0.5390879231868032,Hold,60.529854,60.59803,60.46168,60.559074,1676
2025-10-08 01:00:00,0,0.4649157552936412,0.5350842447063588,Hold,60.549335,60.63699,60.529854,60.59803,969
2025-10-08 02:00:00,0,0.47359084890235126,0.5264091510976487,Hold,60.60777,60.7149,60.59803,60.666206,947
2025-10-08 03:00:00,0,0.4272895625619393,0.5727104374380607,Hold,60.656467,60.734383,60.60777,60.617508,1598
2025-10-08 04:00:00,0,0.4481364495127898,0.5518635504872103,Hold,60.62725,60.656467,60.559074,60.60777,654
2025-10-08 05:00:00,0,0.4973891319762497,0.5026108680237503,Hold,60.60777,60.675945,60.58829,60.64673,729
2025-10-08 06:00:00,0,0.5255632699801323,0.47443673001986775,Sell,60.656467,60.812294,60.617508,60.7636,3315
2025-10-08 07:00:00,0,0.4765228564643162,0.5234771435356838,Hold,60.7636,60.822037,60.60777,60.7149,3816
2025-10-08 08:00:00,0,0.45610800557774,0.54389199442226,Hold,60.7149,60.75386,60.500637,60.64673,6495
2025-10-08 09:00:00,0,0.5211554682389231,0.4788445317610769,Sell,60.656467,61.016823,60.60777,60.89021,8208
2025-10-08 10:00:00,0,0.4560964634910311,0.5439035365089688,Hold,60.89021,60.968124,60.675945,60.812294,5126
2025-10-08 11:00:00,1,0.49670306222700666,0.5032969377729933,Hold,60.802555,61.084995,60.783077,61.04604,4040
2025-10-08 12:00:00,0,0.486931324144931,0.513068675855069,Hold,61.0363,61.17265,60.948647,60.987602,10212
2025-10-08 13:00:00,0,0.43051843158790687,0.5694815684120931,Hold,60.977863,61.04604,60.4909,60.60777,19399
2025-10-08 14:00:00,0,0.4424435027464294,0.5575564972535706,Hold,60.60777,60.938908,60.4909,60.91943,15464
2025-10-08 15:00:00,1,0.48855744084175756,0.5114425591582424,Hold,60.92917,61.270042,60.91943,61.20187,19690
2025-10-08 16:00:00,1,0.38740410910573075,0.6125958908942692,Hold,61.20187,61.27978,60.812294,60.99734,11888
2025-10-08 17:00:00,1,0.4085942456013637,0.5914057543986363,Hold,60.987602,61.16291,60.958385,61.084995,6912
2025-10-08 18:00:00,0,0.4018673542221909,0.5981326457778091,Hold,61.084995,61.114216,60.74412,60.77334,16117
2025-10-08 19:00:00,0,0.39223881406338085,0.6077611859366192,Hold,60.7636,60.822037,60.74412,60.7636,2779
2025-10-08 20:00:00,0,0.4457791129454738,0.5542208870545262,Hold,60.7636,60.812294,60.64673,60.675945,2153
2025-10-08 22:00:00,0,0.4549416022164654,0.5450583977835346,Hold,60.685684,60.724644,60.412983,60.568813,1824
2025-10-08 23:00:00,0,0.4693675798834758,0.5306324201165242,Hold,60.568813,60.568813,60.30585,60.43246,2390
2025-10-09 00:00:00,0,0.45562640755982936,0.5443735924401707,Hold,60.442204,60.48116,60.247414,60.335068,1777
2025-10-09 01:00:00,0,0.4962311871386463,0.5037688128613538,Hold,60.335068,60.549335,60.169502,60.48116,3435
2025-10-09 02:00:00,0,0.44241126142101955,0.5575887385789804,Hold,60.48116,60.539597,60.35455,60.43246,1296
2025-10-09 03:00:00,0,0.4711236151525311,0.5288763848474689,Hold,60.43246,60.559074,60.43246,60.500637,960
2025-10-09 04:00:00,0,0.44739650797638,0.55260349202362,Hold,60.510376,60.59803,60.510376,60.568813,569
2025-10-09 05:00:00,1,0.4165373775228388,0.5834626224771612,Hold,60.568813,61.007084,60.559074,60.977863,2640
2025-10-09 06:00:00,1,0.36676315527266734,0.6332368447273327,Hold,60.987602,61.007084,60.812294,60.977863,3076
2025-10-09 07:00:00,1,0.4074201770209082,0.5925798229790917,Hold,60.968124,61.143433,60.91943,61.094734,4783
2025-10-09 08:00:00,1,0.37364098702743526,0.6263590129725647,Hold,61.084995,61.20187,60.88047,61.084995,6257
2025-10-09 09:00:00,0,0.4027105685208428,0.5972894314791573,Hold,61.084995,61.231087,60.7149,60.77334,5650
2025-10-09 10:00:00,0,0.507328337078669,0.492671662921331,Sell,60.77334,60.792816,60.451942,60.529854,6154
2025-10-09 11:00:00,0,0.4710162025834701,0.5289837974165299,Hold,60.529854,60.841515,60.529854,60.62725,5565
2025-10-09 12:00:00,1,0.4734258640887653,0.5265741359112347,Hold,60.617508,60.99734,60.549335,60.938908,6550
2025-10-09 13:00:00,1,0.48453224145180884,0.5154677585481912,Hold,60.948647,61.21161,60.617508,60.64673,16529
2025-10-09 14:00:00,1,0.4513586743146502,0.5486413256853497,Hold,60.64673,60.948647,60.46168,60.666206,16848
2025-10-09 15:00:00,1,0.5676017485821795,0.4323982514178205,Sell,60.666206,60.841515,60.296112,60.31559,14033
2025-10-09 16:00:00,1,0.48863538834060144,0.5113646116593986,Hold,60.31559,60.47142,59.78967,59.838364,16013
2025-10-09 17:00:00,1,0.4589086087963817,0.5410913912036184,Hold,59.848103,59.945496,59.653316,59.848103,13777
2025-10-09 18:00:00,1,0.4357847226573747,0.5642152773426252,Hold,59.848103,59.964973,59.73123,59.75071,15907
2025-10-09 19:00:00,1,0.48066965974825204,0.519330340251748,Hold,59.76045,59.90654,59.653316,59.85784,5414
2025-10-09 20:00:00,1,0.4648715409277896,0.5351284590722104,Hold,59.848103,59.955235,59.818886,59.91628,2488
2025-10-09 22:00:00,1,0.46024957762680274,0.5397504223731973,Hold,59.887062,59.926018,59.838364,59.926018,614
2025-10-09 23:00:00,1,0.4366375970295396,0.5633624029704605,Hold,59.935757,60.03315,59.935757,59.974716,459
2025-10-10 00:00:00,1,0.49116619560950814,0.5088338043904919,Hold,59.984455,60.06237,59.91628,60.052628,951
2025-10-10 01:00:00,1,0.4549735240046018,0.5450264759953982,Hold,60.04289,60.06237,59.848103,59.994194,1427
2025-10-10 02:00:00,1,0.4647933283756963,0.5352066716243037,Hold,59.994194,60.02341,59.85784,59.90654,693
2025-10-10 03:00:00,1,0.514608764781841,0.48539123521815897,Sell,59.91628,59.935757,59.78967,59.78967,926
2025-10-10 04:00:00,1,0.5153848317291702,0.48461516827082984,Sell,59.77993,59.78967,59.6241,59.653316,1685
2025-10-10 05:00:00,1,0.5365899903046841,0.46341000969531587,Sell,59.653316,59.818886,59.63384,59.770187,1208
2025-10-10 06:00:00,0,0.40890808568223186,0.5910919143177682,Hold,59.77993,59.828625,59.526707,59.555923,3783
2025-10-10 07:00:00,1,0.48716926104404656,0.5128307389559534,Hold,59.555923,59.77993,59.44879,59.653316,5674
2025-10-10 08:00:00,1,0.4371607976832609,0.5628392023167391,Hold,59.653316,59.90654,59.526707,59.672794,6480
2025-10-10 09:00:00,1,0.40146199475738886,0.5985380052426111,Hold,59.672794,59.711754,59.390354,59.555923,7329
2025-10-10 10:00:00,1,0.46458936862020206,0.5354106313797979,Hold,59.546185,59.594883,59.107914,59.117653,8023
2025-10-10 11:00:00,1,0.4793060649029637,0.5206939350970363,Hold,59.117653,59.32218,59.03974,59.098175,6323
2025-10-10 12:00:00,1,0.4796704157158185,0.5203295842841815,Hold,59.088436,59.107914,58.591732,58.689125,16054
2025-10-10 13:00:00,1,0.4176487875786285,0.5823512124213714,Hold,58.708603,58.78652,58.017113,58.630688,39435
2025-10-10 14:00:00,1,0.3708842676085346,0.6291157323914653,Hold,58.630688,58.94235,58.250854,58.552773,22075
2025-10-10 15:00:00,0,0.42204017017390827,0.5779598298260917,Hold,58.543034,58.572254,57.36458,57.393795,33913
2025-10-10 16:00:00,0,0.4074120416492643,0.5925879583507356,Hold,57.403534,57.59832,57.169792,57.374317,21704
2025-10-10 17:00:00,0,0.4112623140481966,0.5887376859518034,Hold,57.384056,57.569103,57.3451,57.413273,13015
2025-10-10 18:00:00,0,0.4018158789287367,0.5981841210712633,Hold,57.42301,57.432755,57.169792,57.257446,21197
2025-10-10 19:00:00,0,0.4264387335116304,0.5735612664883696,Hold,57.257446,57.432755,57.237965,57.286663,5051
2025-10-10 20:00:00,0,0.40580392336716087,0.5941960766328391,Hold,57.286663,57.35484,56.702305,56.721783,7692
2025-10-12 22:00:00,0,0.40926921070177474,0.5907307892982252,Hold,57.46197,58.270332,57.46197,57.77363,13062
2025-10-12 23:00:00,0,0.38504144011151914,0.6149585598884808,Hold,57.77363,58.085285,57.666496,58.065807,2250
2025-10-13 00:00:00,1,0.4041706375602629,0.595829362439737,Hold,58.065807,58.250854,57.841805,58.1632,3190
2025-10-13 01:00:00,1,0.43979560622837766,0.5602043937716223,Hold,58.15346,58.406685,58.04633,58.348248,3534
2025-10-13 02:00:00,1,0.41842572731341054,0.5815742726865895,Hold,58.33851,58.44564,58.260593,58.270332,2454
2025-10-13 03:00:00,0,0.39849784213592193,0.601502157864078,Hold,58.270332,58.36773,58.124245,58.1632,2523
2025-10-13 04:00:00,0,0.38245433319781164,0.6175456668021884,Hold,58.17294,58.241116,58.085285,58.095028,1668
2025-10-13 05:00:00,1,0.4209847213957293,0.5790152786042707,Hold,58.095028,58.270332,58.065807,58.231377,1379
2025-10-13 06:00:00,1,0.4077206534845411,0.5922793465154589,Hold,58.221638,58.30929,58.124245,58.280075,2822
2025-10-13 07:00:00,0,0.4063244025121129,0.5936755974878871,Hold,58.280075,58.36773,58.03659,58.221638,5451
2025-10-13 08:00:00,1,0.3759102571199843,0.6240897428800156,Hold,58.221638,58.47486,58.085285,58.44564,8046
2025-10-13 09:00:00,1,0.4112656991941633,0.5887343008058368,Hold,58.44564,58.60147,58.31903,58.523556,5210
2025-10-13 10:00:00,1,0.3957582848319778,0.6042417151680222,Hold,58.523556,58.591732,58.289814,58.406685,4746
2025-10-13 11:00:00,1,0.4018504995486293,0.5981495004513707,Hold,58.406685,58.562515,58.124245,58.2119,8290
2025-10-13 12:00:00,0,0.4176310208238618,0.5823689791761382,Hold,58.2119,58.280075,57.783367,57.851543,9705
2025-10-13 13:00:00,1,0.43219086836239956,0.5678091316376004,Hold,57.851543,58.241116,57.666496,58.221638,16625
2025-10-13 14:00:00,1,0.3981843608924879,0.6018156391075121,Hold,58.2119,58.543034,58.143723,58.387207,13589
2025-10-13 15:00:00,1,0.4331824259021209,0.5668175740978791,Hold,58.396946,58.465122,57.87102,57.948936,13004
2025-10-13 16:00:00,1,0.4179828587540035,0.5820171412459965,Hold,57.939198,58.1632,57.91972,58.095028,5866
2025-10-13 17:00:00,1,0.4243426605391481,0.575657339460852,Hold,58.114506,58.250854,58.065807,58.17294,5932
2025-10-13 18:00:00,1,0.4439250027936057,0.5560749972063943,Hold,58.17294,58.182682,57.88076,57.91972,13268
2025-10-13 19:00:00,1,0.45780192785481894,0.5421980721451811,Hold,57.91972,58.17294,57.91972,58.104767,2295
2025-10-13 20:00:00,1,0.4110784938216489,0.588921506178351,Hold,58.104767,58.1632,57.948936,58.007374,2370
2025-10-13 22:00:00,1,0.4626333579441446,0.5373666420558554,Hold,58.02685,58.124245,57.987892,58.124245,333
2025-10-13 23:00:00,1,0.426667087077568,0.573332912922432,Hold,58.114506,58.114506,58.085285,58.095028,116
2025-10-14 00:00:00,1,0.4815186231816517,0.5184813768183483,Hold,58.095028,58.231377,58.085285,58.2119,1210
2025-10-14 01:00:00,1,0.42529206961688165,0.5747079303831184,Hold,58.221638,58.260593,58.114506,58.143723,1225
2025-10-14 02:00:00,1,0.42133239108902376,0.5786676089109762,Hold,58.15346,58.19242,58.075546,58.085285,903
2025-10-14 03:00:00,1,0.4596103513901224,0.5403896486098776,Hold,58.075546,58.182682,58.04633,58.1632,719
2025-10-14 04:00:00,1,0.47198967810263653,0.5280103218973635,Hold,58.1632,58.1632,57.8905,57.948936,1447
2025-10-14 05:00:00,1,0.5447166969141761,0.4552833030858239,Sell,57.939198,57.948936,57.578842,57.60806,3114
2025-10-14 06:00:00,1,0.5124954399510702,0.48750456004892984,Sell,57.59832,57.841805,57.48145,57.539886,3255
2025-10-14 07:00:00,0,0.48281294705888383,0.5171870529411162,Hold,57.530148,57.549625,56.877613,57.130833,9376
2025-10-14 08:00:00,0,0.49154953657926886,0.5084504634207312,Hold,57.130833,57.160053,56.565952,56.78022,10875
2025-10-14 09:00:00,0,0.5029603107335502,0.4970396892664498,Sell,56.77048,56.887352,56.49778,56.819176,7871
2025-10-14 10:00:00,0,0.4882419011413156,0.5117580988586844,Hold,56.819176,56.90683,56.17638,56.273773,9440
2025-10-14 11:00:00,0,0.511277696324821,0.488722303675179,Sell,56.283512,56.828915,56.283512,56.77048,8159
2025-10-14 12:00:00,0,0.5416230301809357,0.4583769698190643,Sell,56.78022,56.848392,56.4783,56.57569,9580
2025-10-14 13:00:00,0,0.5593989561176306,0.4406010438823694,Sell,56.57569,57.19901,56.556213,56.85813,20349
2025-10-14 14:00:00,0,0.5622581326956421,0.43774186730435793,Sell,56.848392,57.0237,56.60491,56.76074,15778
2025-10-14 15:00:00,0,0.5556437978732487,0.4443562021267513,Sell,56.77048,57.091877,56.50752,57.004223,13732
2025-10-14 16:00:00,0,0.5064866580494249,0.49351334195057506,Sell,56.994484,57.33536,56.975006,57.160053,9834
2025-10-14 17:00:00,0,0.5004887187692341,0.49951128123076594,Sell,57.169792,57.442493,57.169792,57.276924,6484
2025-10-14 18:00:00,0,0.4703037366362518,0.5296962633637482,Hold,57.276924,57.35484,57.101616,57.286663,10792
2025-10-14 19:00:00,0,0.464895157954773,0.535104842045227,Hold,57.296402,57.32562,56.848392,56.91657,4853
2025-10-14 20:00:00,0,0.46085787266480377,0.5391421273351962,Hold,56.90683,57.18927,56.90683,57.06266,1848
2025-10-14 22:00:00,0,0.47561409048629527,0.5243859095137047,Hold,57.0724,57.257446,57.04318,57.169792,570
2025-10-14 23:00:00,0,0.4820847285428484,0.5179152714571515,Hold,57.169792,57.208748,57.121094,57.130833,243
2025-10-15 00:00:00,0,0.5281181200115121,0.47188187998848785,Sell,57.14057,57.14057,57.03344,57.101616,744
2025-10-15 01:00:00,0,0.5187020781232459,0.48129792187675413,Sell,57.101616,57.150314,57.01396,57.101616,895
2025-10-15 02:00:00,0,0.48582573039499033,0.5141742696050097,Hold,57.121094,57.208748,56.945786,56.945786,924
2025-10-15 03:00:00,0,0.5123009390759714,0.4876990609240286,Sell,56.936047,57.14057,56.848392,56.994484,1523
2025-10-15 04:00:00,0,0.5457235665901751,0.45427643340982493,Sell,56.994484,57.04318,56.936047,57.004223,440
2025-10-15 05:00:00,0,0.5514846325053079,0.4485153674946921,Sell,57.004223,57.111355,56.984745,57.0724,904
2025-10-15 06:00:00,0,0.5732065407231898,0.4267934592768102,Sell,57.06266,57.30614,57.04318,57.237965,2955
2025-10-15 07:00:00,0,0.5574940929896457,0.4425059070103543,Sell,57.228226,57.228226,56.955524,57.160053,3905
2025-10-15 08:00:00,0,0.5337136211928235,0.4662863788071765,Sell,57.160053,57.36458,57.03344,57.14057,5411
2025-10-15 09:00:00,0,0.5606746333911912,0.43932536660880883,Sell,57.150314,57.31588,57.03344,57.18927,3439
2025-10-15 10:00:00,0,0.5283777784920339,0.47162222150796607,Sell,57.18927,57.30614,57.082138,57.19901,2578
2025-10-15 11:00:00,0,0.6299356763866499,0.37006432361335007,Sell,57.19901,57.384056,57.101616,57.30614,3516
2025-10-15 12:00:00,1,0.6126474003887727,0.38735259961122726,Sell,57.30614,57.87102,57.267185,57.793106,8948
2025-10-15 13:00:00,1,0.5739250073794496,0.4260749926205504,Sell,57.793106,57.812588,57.31588,57.384056,12393
2025-10-15 14:00:00,0,0.5380105888464471,0.46198941115355285,Sell,57.393795,57.47171,57.111355,57.130833,9223
2025-10-15 15:00:00,0,0.5402590589730271,0.45974094102697294,Sell,57.130833,57.18927,56.77048,56.867874,12142
2025-10-15 16:00:00,0,0.5264561321857969,0.4735438678142031,Sell,56.85813,57.01396,56.682827,57.004223,6616
2025-10-15 17:00:00,0,0.5281087199676239,0.4718912800323761,Sell,57.01396,57.06266,56.73152,56.838654,6828
2025-10-15 18:00:00,0,0.5723434204515447,0.42765657954845526,Sell,56.838654,57.03344,56.692566,57.03344,11201
2025-10-15 19:00:00,0,0.5790633447283934,0.4209366552716066,Sell,57.03344,57.111355,56.90683,56.936047,1749
2025-10-15 20:00:00,0,0.5797145442617339,0.42028545573826614,Sell,56.945786,57.286663,56.936047,57.218487,3137
2025-10-15 22:00:00,0,0.5338557422941577,0.46614425770584234,Sell,57.237965,57.30614,57.130833,57.130833,490
2025-10-15 23:00:00,0,0.5640247506428233,0.4359752493571767,Sell,57.130833,57.160053,57.0237,57.160053,478
2025-10-16 00:00:00,1,0.47545199261000165,0.5245480073899984,Hold,57.150314,57.47171,57.150314,57.286663,1694
2025-10-16 01:00:00,0,0.4557864780127748,0.5442135219872253,Hold,57.276924,57.3451,57.150314,57.19901,805
2025-10-16 02:00:00,0,0.4483845228493956,0.5516154771506043,Hold,57.208748,57.257446,57.130833,57.17953,542
2025-10-16 03:00:00,1,0.4821300455158087,0.5178699544841914,Hold,57.17953,57.3451,57.130833,57.32562,1089
2025-10-16 04:00:00,1,0.39570763108550205,0.6042923689144979,Hold,57.32562,57.36458,57.286663,57.30614,674
2025-10-16 05:00:00,0,0.40124299103134314,0.5987570089686569,Hold,57.31588,57.3451,57.14057,57.247707,1066
2025-10-16 06:00:00,1,0.4142494227384814,0.5857505772615186,Hold,57.247707,57.413273,57.208748,57.31588,1473
2025-10-16 07:00:00,1,0.4941933888453242,0.5058066111546757,Hold,57.30614,57.569103,57.17953,57.500927,3647
2025-10-16 08:00:00,1,0.5205386911861195,0.4794613088138805,Sell,57.500927,57.520405,57.0724,57.150314,4635
2025-10-16 09:00:00,0,0.5098942198646951,0.4901057801353049,Sell,57.160053,57.276924,56.936047,56.965267,3149
2025-10-16 10:00:00,0,0.5391706998289921,0.46082930017100787,Sell,56.965267,57.14057,56.926308,57.101616,2724
2025-10-16 11:00:00,1,0.5253973454454006,0.4746026545545994,Sell,57.111355,57.393795,57.091877,57.091877,2846
2025-10-16 12:00:00,1,0.5187403743509273,0.48125962564907265,Sell,57.101616,57.160053,56.975006,57.004223,4033
2025-10-16 13:00:00,1,0.5260179301382327,0.4739820698617673,Sell,57.004223,57.150314,56.751,56.90683,7924
2025-10-16 14:00:00,1,0.563849867309778,0.43615013269022196,Sell,56.91657,56.926308,56.721783,56.867874,6967
2025-10-16 15:00:00,0,0.48609593669785894,0.513904063302141,Hold,56.877613,57.121094,56.234818,56.61465,15221
2025-10-16 16:00:00,0,0.4613876777948725,0.5386123222051276,Hold,56.62439,56.955524,56.020554,56.29325,15407
2025-10-16 17:00:00,0,0.47781858518551557,0.5221814148144844,Hold,56.302994,56.419865,55.874462,55.92316,14672
2025-10-16 18:00:00,0,0.4935015114840416,0.5064984885159585,Hold,55.92316,56.195858,55.76733,56.108204,15849
2025-10-16 19:00:00,0,0.483060808221655,0.516939191778345,Hold,56.098465,56.127686,55.92316,56.020554,3253
2025-10-16 20:00:00,0,0.5216756141344555,0.4783243858655445,Sell,56.030293,56.078987,55.854984,55.92316,1573
2025-10-16 22:00:00,0,0.5577565502526443,0.44224344974735574,Sell,56.001072,56.05951,55.9329,55.991333,376
2025-10-16 23:00:00,0,0.5930907737439478,0.4069092262560522,Sell,55.981594,55.991333,55.8842,55.89394,396
2025-10-17 00:00:00,0,0.6236080510715031,0.3763919489284969,Sell,55.89394,55.943024,55.81541,55.933205,1895
2025-10-17 01:00:00,0,0.5837448038975926,0.41625519610240735,Sell,55.933205,55.933205,55.589634,55.60927,2812
2025-10-17 02:00:00,0,0.5785882505991787,0.42141174940082127,Sell,55.599453,55.835045,55.47184,55.776146,2313
2025-10-17 03:00:00,0,0.5803729197416968,0.4196270802583032,Sell,55.78596,55.87431,55.687798,55.78596,1769
2025-10-17 04:00:00,0,0.5701846054544784,0.42981539454552165,Sell,55.78596,55.962654,55.746696,55.76633,2747
2025-10-17 05:00:00,0,0.5625890348347649,0.43741096516523514,Sell,55.76633,55.84486,55.727062,55.75651,1530
2025-10-17 06:00:00,0,0.5241660975863248,0.4758339024136752,Sell,55.75651,55.913574,55.520924,55.55037,3684
2025-10-17 07:00:00,0,0.5371371124072284,0.4628628875927716,Sell,55.540554,55.75651,55.41294,55.648533,8628
2025-10-17 08:00:00,0,0.5190204003248267,0.48097959967517334,Sell,55.648533,55.70743,55.226433,55.304962,7737
2025-10-17 09:00:00,0,0.5060876701714678,0.49391232982853217,Sell,55.295147,55.50129,55.118454,55.33441,10668
2025-10-17 10:00:00,0,0.546154681108244,0.45384531889175606,Sell,55.33441,55.78596,55.246067,55.60927,10352
2025-10-17 11:00:00,0,0.5316222007230165,0.46837779927698353,Sell,55.60927,56.041183,55.570004,56.00192,13780
2025-10-17 12:00:00,0,0.5129322873352207,0.48706771266477933,Sell,55.992104,56.23751,55.913574,56.109898,12516
2025-10-17 13:00:00,0,0.4562052485991288,0.5437947514008712,Hold,56.109898,56.149166,55.668167,55.86449,24739
2025-10-17 14:00:00,0,0.40888032624858905,0.591119673751411,Hold,55.86449,56.080452,55.776146,55.98229,15415
2025-10-17 15:00:00,0,0.3892804602759836,0.6107195397240164,Hold,55.97247,56.18843,55.73688,56.041183,15390
2025-10-17 16:00:00,0,0.36677373508916694,0.6332262649108331,Hold,56.03137,56.15898,55.717247,55.805595,8840
2025-10-17 17:00:00,0,0.39514987185263223,0.6048501281473677,Hold,55.805595,56.149166,55.70743,55.962654,9774
2025-10-17 18:00:00,0,0.36444227448715527,0.6355577255128447,Hold,55.962654,56.26696,55.95284,56.109898,17715
2025-10-17 19:00:00,0,0.3692301596784457,0.6307698403215543,Hold,56.119717,56.198246,56.03137,56.080452,4049
2025-10-17 20:00:00,0,0.36976879521959033,0.6302312047804097,Hold,56.080452,56.257145,56.070633,56.198246,2493
2025-10-19 22:00:00,0,0.3355389304106409,0.6644610695893591,Hold,56.26696,56.37494,56.041183,56.100082,2741
2025-10-19 23:00:00,0,0.36030048356183847,0.6396995164381616,Hold,56.100082,56.168797,55.89394,55.903755,917
2025-10-20 00:00:00,0,0.35646652575107024,0.6435334742489298,Hold,55.903755,55.98229,55.84486,55.943024,1395
2025-10-20 01:00:00,0,0.3578546272435148,0.6421453727564852,Hold,55.933205,56.021553,55.717247,55.84486,2094
2025-10-20 02:00:00,0,0.37231464266393594,0.6276853573360641,Hold,55.84486,55.992104,55.835045,55.89394,919
2025-10-20 03:00:00,0,0.4023466414672469,0.597653358532753,Hold,55.903755,55.97247,55.86449,55.92339,920
2025-10-20 04:00:00,0,0.4079281453625207,0.5920718546374792,Hold,55.913574,55.95284,55.854675,55.933205,676
2025-10-20 05:00:00,0,0.39260285259347943,0.6073971474065205,Hold,55.933205,55.943024,55.76633,55.776146,1209
2025-10-20 06:00:00,0,0.40461633408041076,0.5953836659195892,Hold,55.76633,55.805595,55.53074,55.57982,3613
2025-10-20 07:00:00,0,0.4067948301690039,0.5932051698309961,Hold,55.57982,55.854675,55.55037,55.628902,5349
2025-10-20 08:00:00,0,0.4634233129817735,0.5365766870182265,Hold,55.628902,55.933205,55.599453,55.89394,6630
2025-10-20 09:00:00,0,0.4366089504375836,0.5633910495624164,Hold,55.903755,56.041183,55.75651,55.805595,4598
2025-10-20 10:00:00,0,0.4108916120249452,0.5891083879750548,Hold,55.81541,56.00192,55.638718,55.697617,4014
2025-10-20 11:00:00,0,0.4319447838530371,0.568055216146963,Hold,55.697617,55.73688,55.50129,55.697617,5491
2025-10-20 12:00:00,0,0.47019061923381217,0.5298093807661879,Hold,55.687798,55.78596,55.491474,55.540554,7222
2025-10-20 13:00:00,0,0.4408281592300245,0.5591718407699755,Hold,55.53074,55.727062,54.931946,55.520924,33577
2025-10-20 14:00:00,0,0.3919475527127553,0.6080524472872447,Hold,55.520924,55.717247,55.33441,55.53074,13937
2025-10-20 15:00:00,0,0.39762883331766546,0.6023711666823346,Hold,55.53074,55.84486,55.295147,55.45221,17510
2025-10-20 16:00:00,0,0.4408334112542631,0.5591665887457369,Hold,55.44239,55.638718,55.44239,55.570004,8184
2025-10-20 17:00:00,0,0.4278230225817652,0.5721769774182348,Hold,55.57982,55.95284,55.50129,55.86449,12106
2025-10-20 18:00:00,0,0.42481027304554,0.57518972695446,Hold,55.87431,56.03137,55.78596,55.86449,17834
2025-10-20 19:00:00,0,0.4342870417224453,0.5657129582775546,Hold,55.86449,55.98229,55.76633,55.943024,4443
2025-10-20 20:00:00,0,0.3977769280046152,0.6022230719953847,Hold,55.95284,55.98229,55.805595,55.884125,2391
2025-10-20 22:00:00,0,0.4372920661979351,0.5627079338020649,Hold,55.903755,55.943024,55.84486,55.89394,503
2025-10-20 23:00:00,0,0.46434663360819217,0.5356533663918078,Hold,55.884125,55.92339,55.854675,55.92339,282
2025-10-21 00:00:00,0,0.32880984585380757,0.6711901541461924,Hold,55.92339,55.97247,55.81541,55.933205,1034
2025-10-21 01:00:00,0,0.29007710513571533,0.7099228948642846,Hold,55.92339,55.943024,55.56019,55.76633,2068
2025-10-21 02:00:00,0,0.30015137855191854,0.6998486214480815,Hold,55.76633,55.86449,55.727062,55.776146,1134
2025-10-21 03:00:00,0,0.3132799151967888,0.6867200848032111,Hold,55.76633,55.81541,55.73688,55.805595,572
2025-10-21 04:00:00,0,0.3240990235316514,0.6759009764683486,Hold,55.795776,55.87431,55.75651,55.835045,1114
2025-10-21 05:00:00,0,0.3532319212352269,0.6467680787647732,Hold,55.825226,56.070633,55.81541,55.962654,2322
2025-10-21 06:00:00,0,0.3430354053057654,0.6569645946942346,Hold,55.98229,56.149166,55.81541,55.835045,3334
2025-10-21 07:00:00,0,0.3483010017435219,0.651698998256478,Hold,55.835045,55.835045,55.638718,55.687798,5503
2025-10-21 08:00:00,0,0.42336936258574864,0.5766306374142514,Hold,55.687798,56.227695,55.677982,56.139347,7114
2025-10-21 09:00:00,0,0.47913699178303104,0.520863008216969,Hold,56.12953,56.32586,55.913574,56.306225,6125
2025-10-21 10:00:00,1,0.45171600831777864,0.5482839916822213,Hold,56.306225,56.561447,56.276775,56.463284,8455
2025-10-21 11:00:00,0,0.4375305001866254,0.5624694998133746,Hold,56.45347,56.61053,56.276775,56.335674,6879
2025-10-21 12:00:00,0,0.46525239651262096,0.534747603487379,Hold,56.32586,56.708694,56.306225,56.40439,7955
2025-10-21 13:00:00,0,0.4621962162675904,0.5378037837324097,Hold,56.394573,56.394573,55.373676,55.373676,29212
2025-10-21 14:00:00,0,0.38118489122599886,0.6188151087740011,Hold,55.373676,55.98229,55.31478,55.776146,20388
2025-10-21 15:00:00,0,0.43432387852498744,0.5656761214750126,Hold,55.78596,56.384754,55.70743,56.28659,22344
2025-10-21 16:00:00,0,0.3936841127433433,0.6063158872566567,Hold,56.29641,57.012997,56.12953,56.149166,34510
2025-10-21 17:00:00,0,0.3937862816937006,0.6062137183062994,Hold,56.149166,56.45347,55.92339,56.168797,14181
2025-10-21 18:00:00,0,0.40756256238794447,0.5924374376120556,Hold,56.17861,56.306225,56.060818,56.26696,14419
2025-10-21 19:00:00,0,0.4407633763161233,0.5592366236838767,Hold,56.257145,56.37494,56.23751,56.34549,2877
2025-10-21 20:00:00,0,0.4407513792018788,0.5592486207981212,Hold,56.355305,56.551632,56.355305,56.522182,3029
2025-10-21 22:00:00,0,0.44504982297131757,0.5549501770286824,Hold,56.531998,56.58108,56.473103,56.512367,771
2025-10-21 23:00:00,0,0.4535788313183577,0.5464211686816423,Hold,56.522182,56.571266,56.463284,56.473103,502
2025-10-22 00:00:00,0,0.4850624389962692,0.5149375610037308,Hold,56.482918,56.502552,56.34549,56.37494,1748
2025-10-22 01:00:00,0,0.4634765232053034,0.5365234767946966,Hold,56.37494,56.443653,56.28659,56.37494,1495
2025-10-22 02:00:00,0,0.519717617403573,0.48028238259642697,Sell,56.37494,56.698875,56.365124,56.649796,1600
2025-10-22 03:00:00,0,0.5392574515654015,0.4607425484345985,Sell,56.649796,57.307487,56.63998,57.11116,7665
2025-10-22 04:00:00,0,0.5285082066083716,0.4714917933916284,Sell,57.101345,57.19951,57.071896,57.14061,1623
2025-10-22 05:00:00,0,0.5223685106938265,0.4776314893061735,Sell,57.130795,57.278038,57.120975,57.179874,3097
2025-10-22 06:00:00,0,0.5143197449327787,0.48568025506722134,Sell,57.179874,57.42528,57.130795,57.238773,4596
2025-10-22 07:00:00,0,0.5617812520412564,0.4382187479587436,Sell,57.228954,57.268223,56.983547,57.091526,7687
2025-10-22 08:00:00,0,0.5291847985084257,0.4708152014915743,Sell,57.091526,57.346752,57.03263,57.179874,7295
2025-10-22 09:00:00,0,0.4977130594029793,0.5022869405970207,Hold,57.179874,57.24859,56.983547,57.08171,4294
2025-10-22 10:00:00,0,0.5047689418651085,0.49523105813489154,Sell,57.08171,57.317303,56.855938,57.21914,7055
2025-10-22 11:00:00,0,0.49262119739600124,0.5073788026039987,Hold,57.228954,57.45473,57.11116,57.258404,8312
2025-10-22 12:00:00,0,0.4594153840871088,0.5405846159128912,Hold,57.258404,57.53326,57.11116,57.130795,10299
2025-10-22 13:00:00,0,0.5063439381377667,0.4936560618622333,Sell,57.130795,57.739403,57.071896,57.651054,20799
2025-10-22 14:00:00,0,0.488100924586657,0.511899075413343,Hold,57.651054,57.700138,57.356567,57.50381,18281
2025-10-22 15:00:00,0,0.4948381646822483,0.5051618353177517,Hold,57.50381,57.837566,57.238773,57.67069,23675
2025-10-22 16:00:00,0,0.45231958214150775,0.5476804178584922,Hold,57.67069,57.759037,57.179874,57.601974,18660
2025-10-22 17:00:00,0,0.45564653822564666,0.5443534617743533,Hold,57.601974,57.660873,57.317303,57.346752,10868
2025-10-22 18:00:00,0,0.40975145764835647,0.5902485423516435,Hold,57.356567,57.552895,57.307487,57.493996,16682
2025-10-22 19:00:00,0,0.47000170793194607,0.5299982920680539,Hold,57.50381,58.730846,57.48418,58.29893,30561
2025-10-22 20:00:00,0,0.43305236519308277,0.5669476348069172,Hold,58.29893,58.59342,57.739403,58.289116,16686
2025-10-22 22:00:00,0,0.5116311781036186,0.4883688218963814,Sell,58.838825,58.878094,58.54434,58.69158,5845
2025-10-22 23:00:00,0,0.49993466031245565,0.5000653396875443,Hold,58.7014,59.054787,58.681767,58.96644,4314
2025-10-23 00:00:00,0,0.5282192606683843,0.4717807393316157,Sell,58.976254,59.152946,58.79956,58.85846,6866
2025-10-23 01:00:00,0,0.5351968301570513,0.46480316984294867,Sell,58.848644,58.88791,58.622868,58.711216,5567
2025-10-23 02:00:00,0,0.5925387286358884,0.4074612713641116,Sell,58.711216,59.035152,58.662132,58.96644,4159
2025-10-23 03:00:00,0,0.5844716555124737,0.4155283444875263,Sell,58.96644,59.31001,58.878094,59.133316,7693
2025-10-23 04:00:00,0,0.5793167948482107,0.42068320515178925,Sell,59.1235,59.496517,59.1235,59.349274,5567
2025-10-23 05:00:00,0,0.5671350844541526,0.4328649155458474,Sell,59.33946,59.78119,59.329643,59.76156,7490
2025-10-23 06:00:00,0,0.5789337420231685,0.4210662579768315,Sell,59.771374,59.771374,59.270744,59.33946,10063
2025-10-23 07:00:00,0,0.578872342665727,0.42112765733427304,Sell,59.349274,59.56523,59.28056,59.319824,10799
2025-10-23 08:00:00,0,0.582323530112011,0.417676469887989,Sell,59.319824,60.222923,59.290375,60.213108,26836
2025-10-23 09:00:00,0,0.534866177611216,0.465133822388784,Sell,60.213108,60.664658,60.18366,60.63521,23494
2025-10-23 10:00:00,0,0.523917802377224,0.47608219762277604,Sell,60.625393,60.743187,60.340717,60.487965,19886
2025-10-23 11:00:00,0,0.5204394205215557,0.4795605794784443,Sell,60.487965,60.939514,60.193474,60.458515,23928
2025-10-23 12:00:00,0,0.5332120374245558,0.4667879625754442,Sell,60.458515,60.615574,59.98733,60.595943,29226
2025-10-23 13:00:00,0,0.5170657602709129,0.4829342397290871,Sell,60.586124,60.97878,59.99715,60.52723,57453
2025-10-23 14:00:00,0,0.5185020446734595,0.4814979553265405,Sell,60.52723,60.537045,60.164024,60.31127,20947
2025-10-23 15:00:00,0,0.5818462022002854,0.4181537977997146,Sell,60.31127,60.910065,60.10513,60.900246,34795
2025-10-23 16:00:00,0,0.5460874415477818,0.45391255845221823,Sell,60.900246,61.05731,60.586124,60.880615,20098
2025-10-23 17:00:00,0,0.5584621700103468,0.4415378299896532,Sell,60.880615,60.94933,60.340717,60.54686,23425
2025-10-23 18:00:00,0,0.5269428404345845,0.4730571595654155,Sell,60.55668,60.723553,60.43888,60.57631,22314
2025-10-23 19:00:00,0,0.47541272457652983,0.5245872754234702,Hold,60.586124,60.664658,60.429066,60.49778,4680
2025-10-23 20:00:00,0,0.4988650850197897,0.5011349149802102,Hold,60.487965,60.63521,60.4487,60.615574,3044
2025-10-23 22:00:00,0,0.5053100517791357,0.4946899482208643,Sell,60.65484,60.664658,60.46833,60.595943,817
2025-10-23 23:00:00,0,0.4598741027441825,0.5401258972558175,Hold,60.586124,60.595943,60.43888,60.537045,555
2025-10-24 00:00:00,0,0.5071763005482947,0.49282369945170534,Sell,60.537045,60.595943,60.31127,60.478146,2998
2025-10-24 01:00:00,0,0.5028209074079268,0.49717909259207316,Sell,60.46833,60.46833,60.13458,60.144394,2756
2025-10-24 02:00:00,0,0.5408036105213115,0.45919638947868846,Sell,60.15421,60.31127,60.085495,60.281822,2197
2025-10-24 03:00:00,0,0.48816172242354305,0.511838277576457,Hold,60.272003,60.43888,60.20329,60.291637,1997
2025-10-24 04:00:00,0,0.4656606916600981,0.534339308339902,Hold,60.291637,60.458515,60.281822,60.3898,1492
2025-10-24 05:00:00,0,0.45200949992624034,0.5479905000737597,Hold,60.3898,60.458515,60.340717,60.36035,1820
2025-10-24 06:00:00,0,0.4450978614411929,0.5549021385588071,Hold,60.370167,60.537045,60.252373,60.31127,4916
2025-10-24 07:00:00,0,0.558507895832586,0.441492104167414,Sell,60.31127,60.86098,60.23274,60.84135,7148
2025-10-24 08:00:00,0,0.504450342775322,0.49554965722467803,Sell,60.83153,60.988594,60.51741,60.54686,10039
2025-10-24 09:00:00,0,0.5280849790421641,0.4719150209578359,Sell,60.54686,60.684288,60.478146,60.54686,5446
2025-10-24 10:00:00,0,0.5672550809506706,0.43274491904932944,Sell,60.537045,60.78245,60.51741,60.772636,6228
2025-10-24 11:00:00,1,0.6686633410871498,0.33133665891285025,Sell,60.772636,61.32235,60.73337,61.2929,14347
2025-10-24 12:00:00,0,0.5888127411514796,0.41118725884852037,Sell,61.302715,61.440144,60.57631,60.664658,15888
2025-10-24 13:00:00,0,0.6193005767128276,0.38069942328717243,Sell,60.674473,61.02786,60.625393,60.94933,21138
2025-10-24 14:00:00,0,0.5839775749728137,0.41602242502718634,Sell,60.959145,61.243816,60.78245,61.037674,20504
2025-10-24 15:00:00,0,0.562804887774581,0.43719511222541896,Sell,61.047493,61.253635,60.96896,61.126022,16409
2025-10-24 16:00:00,0,0.4799932952230555,0.5200067047769446,Hold,61.126022,61.165287,60.76282,60.772636,13524
2025-10-24 17:00:00,0,0.4344649080788303,0.5655350919211697,Hold,60.78245,60.792267,60.370167,60.40943,19146
2025-10-24 18:00:00,0,0.4081302669693492,0.5918697330306508,Hold,60.41925,60.566494,60.291637,60.43888,22083
2025-10-24 19:00:00,0,0.42958547239561634,0.5704145276043837,Hold,60.429066,60.458515,60.281822,60.36035,4171
2025-10-24 20:00:00,0,0.45316533936419445,0.5468346606358055,Hold,60.350536,60.36035,60.252373,60.31127,2184
2025-10-26 22:00:00,1,0.5143054168014128,0.48569458319858716,Sell,60.684288,61.02786,60.63521,60.880615,3834
2025-10-26 23:00:00,1,0.5084931847811262,0.49150681521887385,Sell,60.880615,60.91988,60.723553,60.78245,1164
2025-10-27 00:00:00,1,0.4872707316652723,0.5127292683347278,Hold,60.78245,60.880615,60.615574,60.625393,2014
2025-10-27 01:00:00,0,0.5499819223750351,0.45001807762496493,Sell,60.625393,60.65484,60.399616,60.41925,3617
2025-10-27 02:00:00,1,0.5101296336160744,0.48987036638392556,Sell,60.429066,60.625393,60.40943,60.615574,1383
2025-10-27 03:00:00,0,0.48450886679195315,0.5154911332080468,Hold,60.60576,60.615574,60.379986,60.3898,1436
2025-10-27 04:00:00,1,0.5010501514818249,0.49894984851817514,Sell,60.3898,60.645023,60.36035,60.625393,1210
2025-10-27 05:00:00,1,0.5282370148160503,0.47176298518394966,Sell,60.625393,60.753002,60.57631,60.723553,1638
2025-10-27 06:00:00,1,0.5053815738826064,0.4946184261173936,Sell,60.73337,60.821716,60.566494,60.595943,1957
2025-10-27 07:00:00,0,0.4900121908477808,0.5099878091522192,Hold,60.595943,60.684288,60.242558,60.49778,6007
2025-10-27 08:00:00,0,0.4521242136118477,0.5478757863881523,Hold,60.49778,60.507595,59.59468,59.59468,14831
2025-10-27 09:00:00,0,0.4700968021182322,0.5299031978817679,Hold,59.59468,59.898987,59.555416,59.70266,9077
2025-10-27 10:00:00,0,0.46420366448821015,0.5357963355117898,Hold,59.70266,60.056046,59.65358,59.791008,6563
2025-10-27 11:00:00,0,0.49311301589741136,0.5068869841025887,Hold,59.78119,60.370167,59.771374,60.321087,7600
2025-10-27 12:00:00,0,0.5007003295902971,0.4992996704097029,Sell,60.321087,60.43888,60.085495,60.429066,8045
2025-10-27 13:00:00,1,0.5303969837392811,0.4696030162607189,Sell,60.43888,60.743187,60.213108,60.684288,20605
2025-10-27 14:00:00,1,0.519755319391492,0.480244680608508,Sell,60.694107,60.851166,60.350536,60.76282,14758
2025-10-27 15:00:00,1,0.4937811541862532,0.5062188458137469,Hold,60.772636,60.89043,60.43888,60.537045,17098
2025-10-27 16:00:00,1,0.5147557622228498,0.4852442377771502,Sell,60.537045,60.615574,60.330902,60.458515,15993
2025-10-27 17:00:00,1,0.5041021848703636,0.4958978151296364,Sell,60.458515,60.57631,60.213108,60.330902,8672
2025-10-27 18:00:00,1,0.5258965543955747,0.4741034456044253,Sell,60.330902,60.3898,59.99715,60.291637,15414
2025-10-27 19:00:00,1,0.5283549020510498,0.47164509794895015,Sell,60.281822,60.370167,60.193474,60.281822,2562
2025-10-27 20:00:00,1,0.5181502308910939,0.4818497691089061,Sell,60.291637,60.49778,60.242558,60.41925,2042
2025-10-27 22:00:00,1,0.5471721530068187,0.45282784699318135,Sell,60.370167,60.370167,60.213108,60.222923,555
2025-10-27 23:00:00,1,0.5301571100252861,0.4698428899747139,Sell,60.222923,60.23274,60.13458,60.164024,622
2025-10-28 00:00:00,1,0.6050523192848966,0.39494768071510344,Sell,60.173843,60.18366,59.977516,60.006966,1643
2025-10-28 01:00:00,1,0.647562861000117,0.35243713899988305,Sell,59.99715,60.252373,59.98733,60.23274,1704
2025-10-28 02:00:00,1,0.6423125974365613,0.35768740256343867,Sell,60.222923,60.262188,60.065865,60.164024,1211
2025-10-28 03:00:00,1,0.6741903697217838,0.3258096302782162,Sell,60.164024,60.20329,60.12476,60.13458,444
2025-10-28 04:00:00,1,0.6557344832333962,0.3442655167666038,Sell,60.114944,60.15421,60.006966,60.04623,998
2025-10-28 05:00:00,1,0.6849184584092175,0.3150815415907825,Sell,60.04623,60.164024,59.957882,60.07568,1645
2025-10-28 06:00:00,1,0.6315569726157833,0.36844302738421675,Sell,60.085495,60.173843,59.93825,59.977516,1900
2025-10-28 07:00:00,0,0.5959381469363104,0.4040618530636896,Sell,59.977516,60.20329,59.378723,59.427803,8486
2025-10-28 08:00:00,0,0.5174075714119915,0.48259242858800855,Sell,59.427803,59.467068,58.82901,59.1235,16199
2025-10-28 09:00:00,0,0.5843437995534962,0.41565620044650375,Sell,59.1235,59.270744,58.976254,59.25111,8799
2025-10-28 10:00:00,0,0.5902375692130096,0.4097624307869904,Sell,59.26093,59.5456,59.17258,59.319824,6846
2025-10-28 11:00:00,0,0.6102446556699952,0.3897553443300048,Sell,59.319824,59.555416,59.211845,59.378723,6204
2025-10-28 12:00:00,0,0.5680727838009315,0.4319272161990685,Sell,59.378723,59.53578,58.96644,59.162766,11191
2025-10-28 13:00:00,0,0.5944685974395587,0.4055314025604413,Sell,59.162766,59.65358,59.162766,59.467068,18779
2025-10-28 14:00:00,0,0.5976818247554636,0.4023181752445364,Sell,59.457253,59.584866,58.85846,58.897724,18525
2025-10-28 15:00:00,0,0.48556234817962074,0.5144376518203793,Hold,58.897724,59.074417,58.662132,58.79956,17975
2025-10-28 16:00:00,0,0.521572735444477,0.478427264555523,Sell,58.789745,59.152946,58.75048,58.96644,19339
2025-10-28 17:00:00,0,0.5228060308814073,0.4771939691185927,Sell,58.976254,59.20203,58.946808,59.1235,8374
2025-10-28 18:00:00,0,0.5190468077725033,0.48095319222749666,Sell,59.133316,59.162766,58.819195,58.897724,17042
2025-10-28 19:00:00,0,0.4989630042602583,0.5010369957397417,Hold,58.90754,58.956623,58.77993,58.85846,3541
2025-10-28 20:00:00,0,0.5507145917722733,0.44928540822772667,Sell,58.85846,59.133316,58.77993,59.074417,3627
2025-10-28 22:00:00,0,0.5526697179936005,0.44733028200639946,Sell,59.074417,59.14313,59.025337,59.054787,860
2025-10-28 23:00:00,0,0.5443531647357276,0.4556468352642724,Sell,59.0646,59.17258,59.035152,59.1235,499
2025-10-29 00:00:00,0,0.5207011475615727,0.4792988524384273,Sell,59.1235,59.20203,59.0646,59.09405,1247
2025-10-29 01:00:00,0,0.540550333247985,0.45944966675201504,Sell,59.084232,59.300194,59.074417,59.211845,1709
2025-10-29 02:00:00,0,0.597201520174282,0.40279847982571804,Sell,59.211845,59.23148,58.848644,58.93699,2149
2025-10-29 03:00:00,0,0.5567112855833194,0.4432887144166806,Sell,58.93699,59.0646,58.90754,59.054787,1486
2025-10-29 04:00:00,0,0.49406406513284773,0.5059359348671523,Hold,59.054787,59.054787,58.90754,58.90754,682
2025-10-29 05:00:00,0,0.518155373211297,0.481844626788703,Sell,58.90754,59.103867,58.88791,59.015522,1585
2025-10-29 06:00:00,0,0.5596933643661846,0.44030663563381545,Sell,59.005703,59.26093,59.005703,59.25111,2130
2025-10-29 07:00:00,0,0.5634500766405157,0.4365499233594843,Sell,59.25111,59.408173,59.133316,59.162766,4677
2025-10-29 08:00:00,0,0.5959436526364882,0.4040563473635118,Sell,59.17258,59.182396,58.603237,58.6425,12357
2025-10-29 09:00:00,0,0.5303709250423307,0.46962907495766926,Sell,58.632687,59.26093,58.622868,59.074417,7913
2025-10-29 10:00:00,0,0.5483983096546795,0.4516016903453205,Sell,59.084232,59.290375,58.976254,59.26093,6303
2025-10-29 11:00:00,0,0.5261522434582019,0.4738477565417981,Sell,59.26093,59.408173,59.182396,59.270744,6395
2025-10-29 12:00:00,0,0.5123778656499584,0.48762213435004165,Sell,59.270744,59.270744,58.927174,59.084232,7647
2025-10-29 13:00:00,0,0.5133675206605461,0.48663247933945386,Sell,59.0646,59.378723,58.946808,59.26093,16511
2025-10-29 14:00:00,0,0.5543128724944887,0.4456871275055113,Sell,59.25111,59.791008,59.25111,59.76156,25210
2025-10-29 15:00:00,0,0.5496353948150086,0.45036460518499144,Sell,59.76156,59.869537,59.64376,59.73211,15983
2025-10-29 16:00:00,0,0.4701692157248603,0.5298307842751397,Hold,59.741924,59.898987,59.467068,59.51615,15545
2025-10-29 17:00:00,0,0.4990406486638543,0.5009593513361457,Hold,59.51615,59.584866,59.38854,59.525967,10411
2025-10-29 18:00:00,0,0.4631115443027983,0.5368884556972018,Hold,59.53578,59.584866,59.20203,59.35909,18250
2025-10-29 19:00:00,0,0.41290034241284806,0.5870996575871519,Hold,59.35909,59.467068,59.17258,59.23148,4412
2025-10-29 20:00:00,0,0.44095023770887853,0.5590497622911215,Hold,59.22166,59.319824,59.20203,59.25111,1942
2025-10-29 22:00:00,0,0.44725216750147173,0.5527478324985282,Hold,59.28056,59.35909,59.0646,59.074417,987
2025-10-29 23:00:00,0,0.4854401575685608,0.5145598424314393,Hold,59.074417,59.133316,59.025337,59.1235,828
2025-10-30 00:00:00,0,0.45058638476686985,0.5494136152331301,Hold,59.133316,59.319824,59.1235,59.28056,1666
2025-10-30 01:00:00,0,0.41901449497727583,0.5809855050227242,Hold,59.270744,59.300194,59.103867,59.162766,2267
2025-10-30 02:00:00,0,0.4660711492864055,0.5339288507135945,Hold,59.162766,59.17258,58.96644,58.986073,3153
2025-10-30 03:00:00,0,0.46335557090642154,0.5366444290935785,Hold,58.995888,59.28056,58.986073,59.270744,2114
2025-10-30 04:00:00,0,0.4418196371840565,0.5581803628159435,Hold,59.26093,59.319824,58.85846,59.0646,4894
2025-10-30 05:00:00,0,0.4366745021249623,0.5633254978750377,Hold,59.054787,59.162766,58.986073,59.074417,1894
2025-10-30 06:00:00,0,0.4208486617271312,0.5791513382728688,Hold,59.0646,59.192215,58.93699,58.995888,2934
2025-10-30 07:00:00,0,0.3955464565279635,0.6044535434720365,Hold,58.986073,59.1235,58.740665,58.79956,4713
2025-10-30 08:00:00,0,0.4110350615526712,0.5889649384473288,Hold,58.80938,59.1235,58.789745,59.025337,6533
2025-10-30 09:00:00,0,0.40532859696966783,0.5946714030303322,Hold,59.025337,59.14313,58.85846,58.976254,5180
2025-10-30 10:00:00,0,0.43510723334362034,0.5648927666563797,Hold,58.976254,59.182396,58.878094,58.986073,5035
2025-10-30 11:00:00,0,0.4473755124577289,0.5526244875422711,Hold,58.986073,59.11368,58.878094,59.015522,3917
2025-10-30 12:00:00,0,0.47348316140561336,0.5265168385943866,Hold,59.025337,59.074417,58.72103,58.85846,9289
2025-10-30 13:00:00,0,0.41732601726528024,0.5826739827347198,Hold,58.85846,59.005703,58.54434,58.760296,18842
2025-10-30 14:00:00,0,0.5107987911841911,0.48920120881580886,Sell,58.760296,59.437622,58.730846,59.31001,18255
2025-10-30 15:00:00,0,0.49427027163639037,0.5057297283636096,Hold,59.31001,59.59468,59.270744,59.33946,13937
2025-10-30 16:00:00,0,0.5339984625414055,0.4660015374585945,Sell,59.33946,59.604496,59.329643,59.57505,9374
2025-10-30 17:00:00,0,0.543257745960009,0.456742254039991,Sell,59.56523,59.67321,59.457253,59.5456,8396
2025-10-30 18:00:00,0,0.5296508799165142,0.47034912008348584,Sell,59.555416,59.57505,59.28056,59.349274,15986
2025-10-30 19:00:00,0,0.5709760242504601,0.4290239757495399,Sell,59.33946,59.378723,59.11368,59.133316,4211
2025-10-30 20:00:00,0,0.5665231756192405,0.4334768243807595,Sell,59.133316,59.211845,59.11368,59.182396,2726
2025-10-30 22:00:00,0,0.6013324225020241,0.3986675774979759,Sell,59.192215,59.192215,59.09405,59.14313,631
2025-10-30 23:00:00,0,0.6114176215359823,0.38858237846401766,Sell,59.133316,59.192215,59.11368,59.17258,539
2025-10-31 00:00:00,0,0.595459880333547,0.404540119666453,Sell,59.182396,59.192215,59.074417,59.152946,993
2025-10-31 01:00:00,0,0.5832455755016256,0.4167544244983744,Sell,59.152946,59.28056,59.133316,59.192215,1215
2025-10-31 02:00:00,0,0.5912600998764836,0.40873990012351635,Sell,59.192215,59.211845,59.025337,59.1235,1190
2025-10-31 03:00:00,0,0.6141946005190281,0.3858053994809719,Sell,59.133316,59.133316,59.005703,59.025337,970
2025-10-31 04:00:00,0,0.6220753631988699,0.3779246368011301,Sell,59.015522,59.074417,58.995888,59.054787,472
2025-10-31 05:00:00,0,0.6184751519214037,0.3815248480785963,Sell,59.054787,59.074417,58.946808,58.986073,1413
2025-10-31 06:00:00,0,0.6783428691234337,0.32165713087656633,Sell,58.995888,59.162766,58.956623,59.133316,2303
2025-10-31 07:00:00,0,0.627896529753133,0.37210347024686696,Sell,59.1235,59.35909,59.1235,59.329643,5081
2025-10-31 08:00:00,0,0.6647433941533463,0.33525660584665373,Sell,59.33946,59.417988,59.0646,59.084232,5790
2025-10-31 09:00:00,0,0.6992774137822321,0.30072258621776793,Sell,59.074417,59.25111,58.91736,58.995888,6886
2025-10-31 10:00:00,0,0.6424669165529303,0.3575330834470697,Sell,58.995888,59.31001,58.88791,59.270744,6169
2025-10-31 11:00:00,0,0.6614706086552722,0.3385293913447278,Sell,59.270744,59.33946,59.17258,59.25111,4986
2025-10-31 12:00:00,0,0.6367575290681955,0.3632424709318045,Sell,59.241295,59.78119,59.211845,59.712475,23036
2025-10-31 13:00:00,0,0.5894233548503257,0.4105766451496743,Sell,59.712475,60.252373,59.70266,60.085495,25163
2025-10-31 14:00:00,0,0.595697561163133,0.404302438836867,Sell,60.07568,60.09531,59.408173,59.820457,16701
2025-10-31 15:00:00,0,0.589945158028617,0.410054841971383,Sell,59.830273,59.99715,59.35909,59.5456,24080
2025-10-31 16:00:00,0,0.48060432152589044,0.5193956784741096,Hold,59.5456,59.712475,59.368908,59.67321,13276
2025-10-31 17:00:00,0,0.4619820781205083,0.5380179218794917,Hold,59.663395,59.88917,59.65358,59.76156,10916
2025-10-31 18:00:00,0,0.432888859179474,0.567111140820526,Hold,59.771374,59.918617,59.692844,59.722294,13810
2025-10-31 19:00:00,0,0.401172833735279,0.598827166264721,Hold,59.722294,59.830273,59.692844,59.76156,3389
2025-10-31 20:00:00,0,0.4122558517130557,0.5877441482869443,Hold,59.76156,59.800823,59.663395,59.76156,2550
2025-11-02 23:00:00,1,0.5064301541487812,0.49356984585121877,Sell,60.272003,60.350536,60.006966,60.272003,5698
2025-11-03 00:00:00,1,0.45615746615869746,0.5438425338413025,Hold,60.272003,60.291637,60.09531,60.13458,1551
2025-11-03 01:00:00,0,0.42050015710772476,0.5794998428922753,Hold,60.144394,60.321087,59.977516,60.04623,2350
2025-11-03 02:00:00,1,0.4557461654122901,0.5442538345877099,Hold,60.04623,60.23274,60.036415,60.12476,1254
2025-11-03 03:00:00,1,0.4651351002337888,0.5348648997662112,Hold,60.114944,60.144394,60.006966,60.144394,701
2025-11-03 04:00:00,0,0.5020093665703503,0.49799063342964967,Sell,60.13458,60.144394,59.977516,60.006966,676
2025-11-03 05:00:00,1,0.5277241385496497,0.4722758614503503,Sell,60.006966,60.321087,60.006966,60.301453,1313
2025-11-03 06:00:00,1,0.5026346884279197,0.4973653115720803,Sell,60.291637,60.370167,60.20329,60.301453,2789
2025-11-03 07:00:00,1,0.5088567585699184,0.4911432414300816,Sell,60.301453,60.330902,60.07568,60.15421,2572
2025-11-03 08:00:00,0,0.4777902507137713,0.5222097492862288,Hold,60.15421,60.213108,59.722294,59.722294,7397
2025-11-03 09:00:00,0,0.47428083108148134,0.5257191689185187,Hold,59.73211,59.879353,59.584866,59.849903,5659
2025-11-03 10:00:00,1,0.5181013382457859,0.48189866175421414,Sell,59.840088,60.09531,59.65358,60.07568,5666
2025-11-03 11:00:00,0,0.4736621392672743,0.5263378607327257,Hold,60.065865,60.07568,59.476887,59.70266,6296
2025-11-03 12:00:00,0,0.4750864562806478,0.5249135437193522,Hold,59.70266,59.869537,59.67321,59.76156,4597
2025-11-03 13:00:00,0,0.4836731053407684,0.5163268946592316,Hold,59.76156,59.918617,59.663395,59.73211,8015
2025-11-03 14:00:00,0,0.4663156941810653,0.5336843058189347,Hold,59.722294,60.04623,59.496517,59.73211,19276
2025-11-03 15:00:00,0,0.47867328341013304,0.521326716589867,Hold,59.741924,59.898987,59.398354,59.869537,15554
2025-11-03 16:00:00,0,0.3887347144185901,0.6112652855814099,Hold,59.849903,60.340717,59.849903,60.18366,19270
2025-11-03 17:00:00,0,0.3744738230620511,0.6255261769379489,Hold,60.173843,60.252373,60.026596,60.15421,7461
2025-11-03 18:00:00,0,0.38999890839884893,0.6100010916011511,Hold,60.144394,60.18366,59.830273,59.840088,7403
2025-11-03 19:00:00,0,0.3633248494983025,0.6366751505016974,Hold,59.849903,59.98733,59.62413,59.869537,14446
2025-11-03 20:00:00,0,0.3996947805272472,0.6003052194727527,Hold,59.879353,59.948067,59.820457,59.948067,2749
2025-11-03 21:00:00,0,0.4151689528213342,0.5848310471786657,Hold,59.957882,59.9677,59.830273,59.898987,1298
2025-11-03 23:00:00,0,0.3772255090038646,0.6227744909961355,Hold,59.908802,59.908802,59.791008,59.898987,678
2025-11-04 00:00:00,0,0.4087862729215037,0.5912137270784963,Hold,59.898987,59.898987,59.76156,59.78119,517
2025-11-04 01:00:00,0,0.40435993633586176,0.5956400636641382,Hold,59.78119,59.849903,59.741924,59.81064,1343
2025-11-04 02:00:00,0,0.4170070352943336,0.5829929647056664,Hold,59.81064,59.81064,59.663395,59.67321,894
2025-11-04 03:00:00,0,0.4368742644487238,0.5631257355512762,Hold,59.67321,59.840088,59.67321,59.81064,1373
2025-11-04 04:00:00,1,0.4290907214422505,0.5709092785577494,Hold,59.81064,59.81064,59.73211,59.741924,640
2025-11-04 05:00:00,1,0.4677819068730601,0.5322180931269399,Hold,59.741924,59.791008,59.70266,59.741924,990
2025-11-04 06:00:00,0,0.4422438472835804,0.5577561527164197,Hold,59.741924,59.771374,59.65358,59.663395,1229
2025-11-04 07:00:00,0,0.4195321755624382,0.5804678244375618,Hold,59.67321,59.73211,59.457253,59.486702,3436
2025-11-04 08:00:00,0,0.4657473978202474,0.5342526021797527,Hold,59.496517,59.506336,58.946808,59.09405,10675
2025-11-04 09:00:00,0,0.38373246100749897,0.616267538992501,Hold,59.09405,59.22166,58.986073,59.025337,5755
2025-11-04 10:00:00,0,0.368373619196671,0.631626380803329,Hold,59.025337,59.133316,58.838825,59.005703,6272
2025-11-04 11:00:00,0,0.43653802888803,0.5634619711119699,Hold,59.005703,59.084232,58.90754,59.0646,3091
2025-11-04 12:00:00,0,0.4044500099823125,0.5955499900176875,Hold,59.0646,59.241295,58.995888,59.162766,4478
2025-11-04 13:00:00,0,0.4114877470920418,0.5885122529079583,Hold,59.152946,59.182396,58.897724,58.897724,8334
2025-11-04 14:00:00,0,0.40917380398777353,0.5908261960122265,Hold,58.88791,59.555416,58.88791,59.408173,19772
2025-11-04 15:00:00,0,0.45832645821721424,0.5416735417827858,Hold,59.417988,59.65358,59.329643,59.65358,12096
2025-11-04 16:00:00,0,0.383479627365996,0.616520372634004,Hold,59.65358,59.73211,59.467068,59.604496,13579
2025-11-04 17:00:00,0,0.40131100580788953,0.5986889941921105,Hold,59.614315,59.78119,59.467068,59.663395,8486
2025-11-04 18:00:00,0,0.40533904263939113,0.5946609573606089,Hold,59.663395,59.741924,59.38854,59.525967,8805
2025-11-04 19:00:00,0,0.4088199396393226,0.5911800603606774,Hold,59.53578,59.604496,59.368908,59.417988,13582
2025-11-04 20:00:00,0,0.4723901727597219,0.527609827240278,Hold,59.417988,59.447437,59.23148,59.270744,2919
2025-11-04 21:00:00,0,0.480298940446944,0.519701059553056,Hold,59.28056,59.329643,59.22166,59.319824,1427
2025-11-04 23:00:00,0,0.5076618550143983,0.4923381449856017,Sell,59.319824,59.33946,59.152946,59.17258,776
2025-11-05 00:00:00,0,0.5244544524981181,0.47554554750188194,Sell,59.17258,59.23148,59.09405,59.14313,768
2025-11-05 01:00:00,0,0.5156974251625456,0.4843025748374544,Sell,59.14313,59.211845,58.90754,59.015522,2834
2025-11-05 02:00:00,0,0.5084213474564752,0.49157865254352484,Sell,59.015522,59.152946,58.995888,59.103867,1084
2025-11-05 03:00:00,0,0.5056443854599101,0.4943556145400899,Sell,59.11368,59.38854,59.103867,59.368908,1579
2025-11-05 04:00:00,0,0.49904790811096855,0.5009520918890314,Hold,59.368908,59.457253,59.319824,59.378723,1207
2025-11-05 05:00:00,0,0.47702855881574313,0.5229714411842569,Hold,59.38854,59.53578,59.368908,59.53578,1132
2025-11-05 06:00:00,0,0.48593173547917157,0.5140682645208284,Hold,59.53578,59.59468,59.417988,59.447437,1626
2025-11-05 07:00:00,0,0.5156758073693157,0.48432419263068427,Sell,59.457253,59.486702,59.300194,59.457253,2823
2025-11-05 08:00:00,0,0.48478376613323215,0.5152162338667678,Hold,59.467068,59.614315,59.270744,59.53578,5413
2025-11-05 09:00:00,1,0.5015770383582419,0.49842296164175814,Sell,59.525967,59.879353,59.476887,59.76156,7474
2025-11-05 10:00:00,1,0.49355483623844226,0.5064451637615577,Hold,59.76156,59.9677,59.741924,59.78119,4806
2025-11-05 11:00:00,0,0.5184656293198356,0.48153437068016436,Sell,59.771374,59.908802,59.398354,59.417988,4980
2025-11-05 12:00:00,0,0.5189828747698932,0.48101712523010676,Sell,59.417988,59.417988,59.054787,59.23148,9983
2025-11-05 13:00:00,0,0.5046066405691583,0.49539335943084173,Sell,59.241295,59.270744,59.005703,59.11368,11553
2025-11-05 14:00:00,0,0.44939787791618224,0.5506021220838178,Hold,59.1235,59.14313,58.927174,59.035152,14438
2025-11-05 15:00:00,1,0.45605483212581327,0.5439451678741867,Hold,59.025337,59.614315,58.946808,59.59468,21329
2025-11-05 16:00:00,0,0.57075417212341,0.42924582787659005,Sell,59.604496,59.722294,58.681767,58.7014,31557
2025-11-05 17:00:00,0,0.5673382834285602,0.4326617165714398,Sell,58.7014,58.77993,58.51489,58.662132,14301
2025-11-05 18:00:00,0,0.5886997623227044,0.4113002376772956,Sell,58.662132,58.75048,58.54434,58.7014,8652
2025-11-05 19:00:00,0,0.6577443175217523,0.34225568247824767,Sell,58.7014,58.72103,58.426544,58.49526,20241
2025-11-05 20:00:00,0,0.6091823643343253,0.39081763566567473,Sell,58.48544,58.554153,58.48544,58.51489,3867
2025-11-05 21:00:00,0,0.6272109190964289,0.3727890809035711,Sell,58.51489,58.583603,58.48544,58.54434,2227
2025-11-05 23:00:00,0,0.6288670363674933,0.3711329636325067,Sell,58.583603,58.6425,58.48544,58.505074,1014
2025-11-06 00:00:00,0,0.5672725896260952,0.43272741037390483,Sell,58.48544,58.563972,58.48544,58.554153,553
2025-11-06 01:00:00,0,0.5867464545885019,0.41325354541149806,Sell,58.554153,58.622868,58.455994,58.524704,1747
2025-11-06 02:00:00,0,0.5907641813325668,0.4092358186674332,Sell,58.524704,58.662132,58.48544,58.6425,1136
2025-11-06 03:00:00,0,0.6155702083685295,0.3844297916314705,Sell,58.652317,58.711216,58.603237,58.7014,1143
2025-11-06 04:00:00,0,0.6123843835816536,0.3876156164183464,Sell,58.69158,58.77011,58.67195,58.69158,1169
2025-11-06 05:00:00,0,0.6138509680520519,0.38614903194794814,Sell,58.69158,58.77993,58.69158,58.77011,1102
2025-11-06 06:00:00,0,0.6128118178850049,0.38718818211499506,Sell,58.760296,58.838825,58.67195,58.838825,1655
2025-11-06 07:00:00,0,0.6243458823683746,0.3756541176316254,Sell,58.838825,58.897724,58.662132,58.681767,3122
2025-11-06 08:00:00,1,0.5774073444154678,0.4225926555845322,Sell,58.681767,59.23148,58.367645,59.22166,13054
2025-11-06 09:00:00,1,0.5770519298940138,0.42294807010598623,Sell,59.20203,59.398354,58.956623,59.025337,11192
2025-11-06 10:00:00,1,0.5679948100071187,0.4320051899928813,Sell,59.015522,59.074417,58.819195,59.044968,5812
2025-11-06 11:00:00,0,0.5747339739379583,0.42526602606204167,Sell,59.044968,59.084232,58.77011,58.819195,4499
2025-11-06 12:00:00,1,0.5942385825089093,0.40576141749109074,Sell,58.82901,59.044968,58.82901,59.005703,5540
2025-11-06 13:00:00,0,0.506974268478003,0.493025731521997,Sell,59.005703,59.054787,58.622868,58.67195,8852
2025-11-06 14:00:00,0,0.60090656606089,0.39909343393911,Sell,58.681767,58.760296,58.053524,58.053524,33987
2025-11-06 15:00:00,0,0.5274121497190987,0.47258785028090133,Sell,58.053524,58.132053,57.749218,58.03389,23367
2025-11-06 16:00:00,0,0.5513783669016392,0.4486216330983608,Sell,58.024075,58.308746,57.84738,57.90628,17874
2025-11-06 17:00:00,0,0.5674554329895799,0.4325445670104201,Sell,57.90628,58.230217,57.857197,58.181137,8623
2025-11-06 18:00:00,0,0.5343928751890396,0.46560712481096045,Sell,58.181137,58.34801,57.965176,58.210583,10469
2025-11-06 19:00:00,0,0.5284890820859818,0.4715109179140182,Sell,58.2204,58.40691,58.171318,58.35783,11966
2025-11-06 20:00:00,0,0.4411333815072438,0.5588666184927562,Hold,58.367645,58.583603,58.34801,58.38728,5214
2025-11-06 21:00:00,0,0.4927184862378962,0.5072815137621038,Hold,58.38728,58.475624,58.37746,58.43636,1811
2025-11-06 23:00:00,0,0.49386537393955465,0.5061346260604453,Hold,58.554153,58.7014,58.524704,58.563972,1494
2025-11-07 00:00:00,0,0.5438447396260603,0.4561552603739397,Sell,58.563972,58.603237,58.54434,58.554153,476
2025-11-07 01:00:00,0,0.5361840227136395,0.4638159772863605,Sell,58.554153,58.662132,58.505074,58.583603,2562
2025-11-07 02:00:00,0,0.5780551196183117,0.4219448803816883,Sell,58.583603,58.711216,58.534523,58.67195,1803
2025-11-07 03:00:00,0,0.5488464298166551,0.4511535701833449,Sell,58.67195,58.67195,58.51489,58.583603,1259
2025-11-07 04:00:00,0,0.5347493056919508,0.4652506943080492,Sell,58.573788,58.72103,58.505074,58.6425,1395
2025-11-07 05:00:00,0,0.5689613871455397,0.4310386128544603,Sell,58.6425,58.75048,58.603237,58.75048,1396
2025-11-07 06:00:00,0,0.5463938197856925,0.45360618021430754,Sell,58.740665,59.054787,58.72103,59.044968,3793
2025-11-07 07:00:00,0,0.53175723934836,0.46824276065164006,Sell,59.054787,59.084232,58.88791,58.976254,4548
2025-11-07 08:00:00,0,0.5364242414587385,0.46357575854126154,Sell,58.976254,59.1235,58.77993,59.015522,7082
2025-11-07 09:00:00,0,0.6132630756992972,0.38673692430070283,Sell,59.015522,59.241295,58.90754,59.211845,7532
2025-11-07 10:00:00,0,0.5612779180253636,0.43872208197463636,Sell,59.20203,59.349274,59.005703,59.0646,5656
2025-11-07 11:00:00,0,0.6410606132547763,0.35893938674522374,Sell,59.054787,59.054787,58.789745,58.88791,5214
2025-11-07 12:00:00,0,0.5985537699537493,0.4014462300462507,Sell,58.878094,58.986073,58.789745,58.848644,3700
2025-11-07 13:00:00,0,0.6064402690644186,0.3935597309355814,Sell,58.848644,58.927174,58.7014,58.789745,8292
2025-11-07 14:00:00,0,0.5566974578319285,0.4433025421680715,Sell,58.77993,59.005703,58.48544,58.838825,19569
2025-11-07 15:00:00,0,0.505124409494201,0.494875590505799,Sell,58.838825,58.848644,58.426544,58.475624,13436
2025-11-07 16:00:00,0,0.5097354881008742,0.4902645118991258,Sell,58.46581,58.711216,58.446175,58.662132,11520
2025-11-07 17:00:00,0,0.45883246960261215,0.5411675303973879,Hold,58.662132,58.819195,58.230217,58.416725,17266
2025-11-07 18:00:00,0,0.47994939204147435,0.5200506079585256,Hold,58.426544,58.75048,58.416725,58.662132,9024
2025-11-07 19:00:00,0,0.46130698779559204,0.538693012204408,Hold,58.652317,58.75048,58.583603,58.740665,16484
2025-11-07 20:00:00,0,0.42930998934174136,0.5706900106582586,Hold,58.740665,58.75048,58.554153,58.711216,5041
2025-11-07 21:00:00,0,0.44927353107210205,0.5507264689278979,Hold,58.7014,58.79956,58.681767,58.740665,2133
2025-11-09 23:00:00,0,0.5063871765072896,0.4936128234927104,Sell,58.77011,58.868275,58.6425,58.79956,1539
2025-11-10 00:00:00,0,0.5237485897895636,0.4762514102104364,Sell,58.789745,58.88791,58.662132,58.85846,910
2025-11-10 01:00:00,0,0.43499684261678523,0.5650031573832148,Hold,58.85846,59.14313,58.85846,58.976254,2773
2025-11-10 02:00:00,0,0.432738294819765,0.567261705180235,Hold,58.96644,59.084232,58.927174,59.084232,1473
2025-11-10 03:00:00,0,0.41803566202021153,0.5819643379797885,Hold,59.084232,59.162766,59.0646,59.074417,1715
2025-11-10 04:00:00,0,0.4212810569049778,0.5787189430950221,Hold,59.074417,59.17258,59.074417,59.1235,1178
2025-11-10 05:00:00,0,0.4930425771957593,0.5069574228042407,Hold,59.1235,59.25111,59.1235,59.22166,1192
2025-11-10 06:00:00,0,0.42554166894419465,0.5744583310558053,Hold,59.22166,59.26093,59.152946,59.192215,1367
2025-11-10 07:00:00,0,0.4104060627231504,0.5895939372768496,Hold,59.192215,59.270744,59.044968,59.14313,3085
2025-11-10 08:00:00,0,0.42884551162602147,0.5711544883739785,Hold,59.14313,59.368908,58.90754,58.995888,7763
2025-11-10 09:00:00,0,0.4529299815261552,0.5470700184738448,Hold,58.986073,59.368908,58.93699,59.26093,5182
2025-11-10 10:00:00,0,0.5474597253050442,0.45254027469495584,Sell,59.26093,59.290375,58.730846,58.730846,7337
2025-11-10 11:00:00,0,0.5022025766253992,0.49779742337460076,Sell,58.730846,58.90754,58.681767,58.760296,4163
2025-11-10 12:00:00,0,0.48870097796581885,0.5112990220341811,Hold,58.77011,58.986073,58.77011,58.946808,3729
2025-11-10 13:00:00,0,0.47671130386615196,0.5232886961338481,Hold,58.946808,58.995888,58.848644,58.878094,4784
2025-11-10 14:00:00,0,0.539585551823104,0.46041444817689603,Sell,58.868275,59.11368,58.48544,58.534523,17702
2025-11-10 15:00:00,0,0.5442368454788864,0.4557631545211136,Sell,58.534523,58.789745,58.426544,58.446175,14771
2025-11-10 16:00:00,0,0.5216631520615881,0.4783368479384119,Sell,58.446175,58.563972,58.318565,58.455994,13697
2025-11-10 17:00:00,0,0.49566123867910894,0.5043387613208911,Hold,58.455994,58.88791,58.455994,58.878094,9853
2025-11-10 18:00:00,0,0.49273547092638753,0.5072645290736124,Hold,58.88791,58.946808,58.79956,58.868275,7798
2025-11-10 19:00:00,0,0.4894610860258421,0.5105389139741578,Hold,58.878094,59.09405,58.878094,58.995888,12625
2025-11-10 20:00:00,0,0.5496814195420155,0.45031858045798445,Sell,59.005703,59.084232,58.986073,59.044968,2931
2025-11-10 21:00:00,0,0.5772473514766836,0.4227526485233164,Sell,59.044968,59.054787,58.88791,58.946808,1777
2025-11-10 23:00:00,0,0.5573279945874906,0.4426720054125094,Sell,58.96644,58.96644,58.85846,58.878094,655
2025-11-11 00:00:00,0,0.5452622275039583,0.45473777249604175,Sell,58.868275,58.946808,58.868275,58.897724,554
2025-11-11 01:00:00,0,0.5668523190089685,0.4331476809910315,Sell,58.897724,58.91736,58.789745,58.80938,1183
2025-11-11 02:00:00,0,0.5830686755759789,0.41693132442402114,Sell,58.79956,58.897724,58.760296,58.85846,777
2025-11-11 03:00:00,0,0.5887514217727521,0.4112485782272479,Sell,58.85846,59.015522,58.85846,58.878094,1320
2025-11-11 04:00:00,0,0.5794404318336192,0.42055956816638085,Sell,58.878094,58.927174,58.819195,58.88791,862
2025-11-11 05:00:00,0,0.5257839238170957,0.4742160761829043,Sell,58.878094,58.88791,58.7014,58.711216,1388
2025-11-11 06:00:00,0,0.57262177576679,0.42737822423321004,Sell,58.711216,58.80938,58.652317,58.760296,1249
2025-11-11 07:00:00,0,0.5212769805631007,0.4787230194368993,Sell,58.760296,58.77993,58.563972,58.6425,3108
2025-11-11 08:00:00,0,0.5263458641217851,0.4736541358782149,Sell,58.6425,58.946808,58.613052,58.91736,6360
2025-11-11 09:00:00,0,0.4884069481759329,0.5115930518240671,Hold,58.91736,59.378723,58.90754,59.270744,11006
2025-11-11 10:00:00,0,0.4603559956112201,0.5396440043887799,Hold,59.26093,59.417988,59.084232,59.241295,4930
2025-11-11 11:00:00,0,0.5334105891397655,0.46658941086023453,Sell,59.23148,59.467068,59.152946,59.457253,4231
2025-11-11 12:00:00,0,0.49130399969230365,0.5086960003076963,Hold,59.457253,59.457253,59.300194,59.329643,3657
2025-11-11 13:00:00,0,0.5464867022566845,0.4535132977433155,Sell,59.329643,59.692844,59.26093,59.65358,11058
2025-11-11 14:00:00,1,0.4991037843718066,0.5008962156281934,Hold,59.65358,59.918617,59.417988,59.88917,20628
2025-11-11 15:00:00,0,0.4082528135072973,0.5917471864927026,Hold,59.879353,59.898987,59.67321,59.849903,11551
2025-11-11 16:00:00,1,0.41314595106352475,0.5868540489364753,Hold,59.849903,60.15421,59.81064,59.977516,20242
2025-11-11 17:00:00,1,0.4298440536648787,0.5701559463351213,Hold,59.977516,60.07568,59.771374,59.869537,9127
2025-11-11 18:00:00,1,0.43333545173093785,0.5666645482690622,Hold,59.859722,59.9677,59.800823,59.879353,5727
2025-11-11 19:00:00,1,0.4931648913463863,0.5068351086536137,Hold,59.879353,60.01678,59.820457,59.898987,15979
2025-11-11 20:00:00,1,0.4677613577824456,0.5322386422175545,Hold,59.898987,59.928436,59.78119,59.800823,2650
2025-11-11 21:00:00,1,0.5196058435566212,0.4803941564433788,Sell,59.800823,59.93825,59.791008,59.918617,1816
2025-11-11 23:00:00,1,0.4587532493005816,0.5412467506994184,Hold,59.928436,59.93825,59.849903,59.88917,632
2025-11-12 00:00:00,1,0.46086788000662987,0.5391321199933701,Hold,59.88917,59.908802,59.820457,59.849903,562
2025-11-12 01:00:00,1,0.4575394585686779,0.5424605414313222,Hold,59.849903,59.869537,59.73211,59.800823,1364
2025-11-12 02:00:00,1,0.4578409186604836,0.5421590813395164,Hold,59.800823,59.830273,59.741924,59.76156,1011
2025-11-12 03:00:00,1,0.4702238218812846,0.5297761781187154,Hold,59.76156,59.791008,59.663395,59.68303,1031
2025-11-12 04:00:00,1,0.5057143786228615,0.4942856213771385,Sell,59.68303,59.78119,59.68303,59.712475,785
2025-11-12 05:00:00,1,0.48172436792810047,0.5182756320718995,Hold,59.722294,59.73211,59.633945,59.68303,1025
2025-11-12 06:00:00,1,0.5003803555517502,0.4996196444482498,Sell,59.68303,59.76156,59.663395,59.663395,1217
2025-11-12 07:00:00,1,0.503614587247527,0.49638541275247305,Sell,59.67321,59.73211,59.584866,59.59468,2668
2025-11-12 08:00:00,1,0.5044326481532053,0.4955673518467947,Sell,59.59468,59.67321,59.447437,59.467068,4934
2025-11-12 09:00:00,0,0.5675741452501226,0.4324258547498774,Sell,59.476887,59.5456,59.300194,59.319824,5868
2025-11-12 10:00:00,1,0.5606615716610486,0.4393384283389514,Sell,59.31001,59.51615,59.25111,59.506336,5084
2025-11-12 11:00:00,1,0.596996741262607,0.40300325873739296,Sell,59.51615,59.57505,59.211845,59.23148,5374
2025-11-12 12:00:00,1,0.6129295031037176,0.38707049689628237,Sell,59.23148,59.349274,59.22166,59.31001,4701
2025-11-12 13:00:00,1,0.6139293241945277,0.3860706758054723,Sell,59.300194,59.349274,58.90754,58.93699,15443
2025-11-12 14:00:00,0,0.5594954910247752,0.44050450897522475,Sell,58.946808,58.956623,57.994625,58.024075,36987
2025-11-12 15:00:00,0,0.49711015887287247,0.5028898411271275,Hold,58.024075,58.26948,57.82775,57.837566,23801
2025-11-12 16:00:00,0,0.47557666137253657,0.5244233386274635,Hold,57.82775,57.90628,57.346752,57.493996,27256
2025-11-12 17:00:00,0,0.4696334387925397,0.5303665612074603,Hold,57.493996,57.660873,57.415466,57.51363,11958
2025-11-12 18:00:00,0,0.4586989533746209,0.5413010466253791,Hold,57.50381,57.543076,57.228954,57.29767,11109
2025-11-12 19:00:00,0,0.4550560510825699,0.5449439489174301,Hold,57.287853,57.444916,57.268223,57.29767,16154
2025-11-12 20:00:00,0,0.47621563026191344,0.5237843697380866,Hold,57.287853,57.405647,57.24859,57.3762,4878
2025-11-12 21:00:00,0,0.47421939042644407,0.525780609573556,Hold,57.3762,57.42528,57.268223,57.405647,3127
2025-11-12 23:00:00,0,0.45027916881373115,0.5497208311862689,Hold,57.395832,57.42528,57.120975,57.130795,1334
2025-11-13 00:00:00,0,0.4665793922384139,0.5334206077615862,Hold,57.150425,57.278038,57.150425,57.19951,833
2025-11-13 01:00:00,0,0.4826414223996388,0.5173585776003612,Hold,57.209324,57.29767,57.05226,57.238773,3154
2025-11-13 02:00:00,0,0.5015899306904879,0.49841006930951215,Sell,57.228954,57.405647,57.21914,57.29767,1963
2025-11-13 03:00:00,0,0.4805070729693718,0.5194929270306282,Hold,57.307487,57.42528,57.268223,57.415466,1780
2025-11-13 04:00:00,0,0.46540015771042487,0.5345998422895751,Hold,57.405647,57.42528,57.29767,57.336933,1195
2025-11-13 05:00:00,0,0.4613829993647032,0.5386170006352968,Hold,57.336933,57.386017,57.258404,57.327118,1112
2025-11-13 06:00:00,0,0.4940961502417969,0.5059038497582031,Hold,57.317303,57.444916,57.287853,57.386017,1455
2025-11-13 07:00:00,0,0.47181189471997503,0.528188105280025,Hold,57.386017,57.48418,57.29767,57.336933,2604
2025-11-13 08:00:00,0,0.4582616381808071,0.5417383618191929,Hold,57.327118,57.3762,57.130795,57.238773,4531
2025-11-13 09:00:00,0,0.5176815103547228,0.48231848964527724,Sell,57.238773,57.307487,57.071896,57.287853,4413
2025-11-13 10:00:00,0,0.4881749236482985,0.5118250763517015,Hold,57.29767,57.768852,57.29767,57.700138,7133
2025-11-13 11:00:00,0,0.4846540466838672,0.5153459533161329,Hold,57.690323,57.808117,57.651054,57.778667,3262
2025-11-13 12:00:00,0,0.4589613241323268,0.5410386758676732,Hold,57.778667,57.92591,57.729588,57.857197,4543
2025-11-13 13:00:00,0,0.5652805034539223,0.43471949654607767,Sell,57.84738,58.12224,57.788483,58.024075,9139
2025-11-13 14:00:00,0,0.5446205044221245,0.4553794955778755,Sell,58.024075,58.053524,57.808117,57.92591,11595
2025-11-13 15:00:00,0,0.4614380762342687,0.5385619237657313,Hold,57.92591,58.053524,57.690323,57.749218,12462
2025-11-13 16:00:00,0,0.5121217107908189,0.4878782892091811,Sell,57.739403,57.974995,57.709953,57.95536,14516
2025-11-13 17:00:00,0,0.4791075836483129,0.520892416351687,Hold,57.93573,57.93573,57.680504,57.778667,9960
2025-11-13 18:00:00,0,0.4658647066909584,0.5341352933090415,Hold,57.778667,57.817932,57.464546,57.582344,7445
2025-11-13 19:00:00,0,0.5127588838726276,0.4872411161273724,Sell,57.582344,57.759037,57.45473,57.690323,12084
2025-11-13 20:00:00,0,0.47919601562176456,0.5208039843782355,Hold,57.67069,57.690323,57.493996,57.53326,2274
2025-11-13 21:00:00,0,0.47110550890093694,0.5288944910990631,Hold,57.53326,57.64124,57.50381,57.523445,1537
2025-11-13 23:00:00,0,0.5630414621048814,0.4369585378951186,Sell,57.631424,57.945545,57.631424,57.90628,1574
2025-11-14 00:00:00,0,0.6462065307758524,0.35379346922414756,Sell,57.89646,58.141872,57.886646,58.01426,2287
2025-11-14 01:00:00,0,0.5762171766738825,0.4237828233261175,Sell,58.004444,59.53578,57.98481,59.133316,19125
2025-11-14 02:00:00,0,0.6197287682186441,0.3802712317813559,Sell,59.14313,59.241295,58.67195,58.85846,7880
2025-11-14 03:00:00,0,0.6015395348293032,0.3984604651706968,Sell,58.868275,58.927174,58.43636,58.534523,3926
2025-11-14 04:00:00,0,0.5918214389169114,0.4081785610830886,Sell,58.534523,58.59342,58.455994,58.48544,1507
2025-11-14 05:00:00,0,0.6335700707710427,0.36642992922895734,Sell,58.475624,58.67195,58.475624,58.54434,1765
2025-11-14 06:00:00,0,0.6377580410881036,0.36224195891189637,Sell,58.554153,58.652317,58.32838,58.426544,3099
2025-11-14 07:00:00,0,0.6589305510019936,0.3410694489980064,Sell,58.416725,58.573788,58.318565,58.54434,3318
2025-11-14 08:00:00,0,0.6915014262232854,0.30849857377671464,Sell,58.534523,58.613052,58.171318,58.26948,6929
2025-11-14 09:00:00,0,0.5770155634370909,0.42298443656290907,Sell,58.279297,58.91736,58.259666,58.760296,6930
2025-11-14 10:00:00,0,0.598899507457253,0.40110049254274704,Sell,58.75048,59.26093,58.72103,59.241295,9514
2025-11-14 11:00:00,0,0.6264992964628652,0.3735007035371348,Sell,59.241295,59.25111,58.289116,58.46581,13374
2025-11-14 12:00:00,0,0.611213170973278,0.388786829026722,Sell,58.46581,58.69158,58.40691,58.43636,6913
2025-11-14 13:00:00,0,0.618705834327798,0.381294165672202,Sell,58.43636,58.79956,58.367645,58.67195,8933
2025-11-14 14:00:00,0,0.5670249154275555,0.4329750845724445,Sell,58.681767,58.976254,58.583603,58.93699,16332
2025-11-14 15:00:00,0,0.5602929992156044,0.4397070007843956,Sell,58.93699,59.20203,58.82901,59.152946,13156
2025-11-14 16:00:00,0,0.5312051201944914,0.4687948798055086,Sell,59.162766,59.290375,58.995888,59.054787,12252
2025-11-14 17:00:00,0,0.508746893714879,0.491253106285121,Sell,59.054787,59.192215,58.897724,59.09405,9766
2025-11-14 18:00:00,0,0.5015587156133745,0.4984412843866255,Sell,59.084232,59.17258,58.956623,58.96644,6213
2025-11-14 19:00:00,0,0.5112408262428741,0.48875917375712585,Sell,58.96644,59.0646,58.838825,58.976254,12093
2025-11-14 20:00:00,0,0.6093988292904275,0.39060117070957245,Sell,58.976254,58.976254,58.77993,58.79956,3591
2025-11-14 21:00:00,0,0.5677627496822116,0.43223725031778837,Sell,58.79956,58.927174,58.72103,58.848644,1751
2025-11-16 23:00:00,0,0.6405941866719448,0.3594058133280552,Sell,58.7014,58.740665,58.34801,58.46581,2258
2025-11-17 00:00:00,0,0.5896996434995168,0.41030035650048324,Sell,58.455994,58.48544,58.24985,58.455994,1168
2025-11-17 01:00:00,0,0.5594890174333913,0.4405109825666087,Sell,58.46581,58.48544,58.289116,58.35783,1166
2025-11-17 02:00:00,0,0.548707759708464,0.45129224029153603,Sell,58.367645,58.416725,58.24985,58.38728,879
2025-11-17 03:00:00,0,0.5483923236735383,0.4516076763264617,Sell,58.37746,58.46581,58.35783,58.416725,930
2025-11-17 04:00:00,0,0.5406575299043687,0.45934247009563134,Sell,58.40691,58.46581,58.318565,58.32838,464
2025-11-17 05:00:00,0,0.589019738772538,0.410980261227462,Sell,58.318565,58.40691,58.289116,58.367645,594
2025-11-17 06:00:00,0,0.5585963883494655,0.44140361165053454,Sell,58.367645,58.416725,58.230217,58.32838,590
2025-11-17 07:00:00,0,0.5478898386312033,0.45211016136879667,Sell,58.318565,58.573788,58.24985,58.51489,1634
2025-11-17 08:00:00,0,0.5317648996160779,0.46823510038392213,Sell,58.51489,58.681767,58.397095,58.455994,3012
2025-11-17 09:00:00,0,0.5260064553341549,0.4739935446658451,Sell,58.446175,58.69158,58.40691,58.632687,2978
2025-11-17 10:00:00,0,0.448707077402796,0.5512929225972041,Hold,58.622868,59.103867,58.613052,58.995888,4891
2025-11-17 11:00:00,0,0.416532270794165,0.583467729205835,Hold,58.995888,59.054787,58.878094,59.025337,3075
2025-11-17 12:00:00,0,0.4414222528966236,0.5585777471033764,Hold,59.035152,59.074417,58.82901,58.995888,2884
2025-11-17 13:00:00,0,0.5008190832185241,0.4991809167814759,Sell,58.995888,59.329643,58.976254,59.162766,6885
2025-11-17 14:00:00,0,0.51250039110868,0.48749960889132005,Sell,59.152946,59.162766,58.82901,58.897724,8231
2025-11-17 15:00:00,0,0.5017654923485272,0.4982345076514728,Sell,58.897724,59.015522,58.711216,58.789745,7719
2025-11-17 16:00:00,0,0.51321326786484,0.48678673213516,Sell,58.79956,59.054787,58.730846,58.946808,8061
2025-11-17 17:00:00,0,0.5033714533006864,0.49662854669931356,Sell,58.956623,59.0646,58.82901,58.897724,4907
2025-11-17 18:00:00,0,0.5153738390255861,0.4846261609744139,Sell,58.88791,59.015522,58.838825,58.878094,4926
2025-11-17 19:00:00,0,0.5647941374441019,0.4352058625558981,Sell,58.878094,58.93699,58.613052,58.613052,16725
2025-11-17 20:00:00,0,0.5754616792846,0.4245383207154,Sell,58.613052,58.730846,58.613052,58.652317,3030
2025-11-17 21:00:00,0,0.6103324872699414,0.3896675127300586,Sell,58.652317,58.67195,58.583603,58.622868,1517
2025-11-17 23:00:00,0,0.5589630470638539,0.4410369529361461,Sell,58.6425,58.67195,58.59342,58.662132,155
2025-11-18 00:00:00,0,0.5629040638982282,0.4370959361017718,Sell,58.652317,58.760296,58.524704,58.59342,375
2025-11-18 01:00:00,0,0.5727126271163366,0.42728737288366336,Sell,58.613052,58.622868,58.426544,58.455994,531
2025-11-18 02:00:00,0,0.5960306107850141,0.40396938921498593,Sell,58.46581,58.563972,58.46581,58.505074,243
2025-11-18 03:00:00,0,0.5917075796281118,0.4082924203718882,Sell,58.524704,58.554153,58.455994,58.475624,145
2025-11-18 04:00:00,0,0.5897376186252037,0.4102623813747963,Sell,58.475624,58.475624,58.32838,58.40691,418
2025-11-18 05:00:00,0,0.6341216878467923,0.36587831215320765,Sell,58.397095,58.43636,58.367645,58.416725,136
2025-11-18 06:00:00,0,0.5656303355050843,0.43436966449491565,Sell,58.40691,58.40691,58.240032,58.308746,367
2025-11-18 07:00:00,0,0.5785955746858882,0.4214044253141118,Sell,58.279297,58.446175,58.24985,58.29893,754
2025-11-18 08:00:00,0,0.5533732102136281,0.44662678978637194,Sell,58.279297,58.652317,58.2204,58.583603,1120
2025-11-18 09:00:00,0,0.5788979159125718,0.4211020840874282,Sell,58.59342,58.69158,58.34801,58.524704,840
2025-11-18 10:00:00,0,0.5689905628199563,0.4310094371800437,Sell,58.534523,58.878094,58.534523,58.85846,1138
2025-11-18 11:00:00,0,0.5211775490573021,0.47882245094269793,Sell,58.82901,58.956623,58.760296,58.946808,827
2025-11-18 12:00:00,0,0.5149542231923949,0.4850457768076051,Sell,58.93699,58.93699,58.72103,58.868275,1312
2025-11-18 13:00:00,0,0.5449758210805175,0.45502417891948255,Sell,58.85846,59.054787,58.72103,58.740665,2534
2025-11-18 14:00:00,0,0.6502756521793028,0.34972434782069717,Sell,58.740665,58.77011,58.38728,58.475624,3068
2025-11-18 15:00:00,0,0.5512415757902684,0.44875842420973155,Sell,58.46581,58.79956,58.318565,58.79956,1960
2025-11-18 16:00:00,0,0.5163736604740155,0.48362633952598455,Sell,58.79956,59.044968,58.730846,58.976254,3154
2025-11-18 17:00:00,0,0.4981382139128077,0.5018617860871923,Hold,58.96644,59.290375,58.789745,59.290375,3717
2025-11-18 18:00:00,1,0.5204592272265604,0.47954077277343965,Sell,59.290375,59.800823,59.28056,59.59468,4702
2025-11-18 19:00:00,1,0.5559577722663419,0.4440422277336581,Sell,59.584866,59.751743,59.53578,59.712475,3977
2025-11-18 20:00:00,1,0.4934158322168375,0.5065841677831625,Hold,59.70266,59.81064,59.62413,59.67321,978
2025-11-18 21:00:00,1,0.515291458161041,0.48470854183895895,Sell,59.65358,59.65358,59.447437,59.555416,1461
2025-11-18 23:00:00,1,0.547287423641582,0.452712576358418,Sell,59.506336,59.67321,59.506336,59.604496,179
2025-11-19 00:00:00,1,0.555096296379834,0.44490370362016596,Sell,59.604496,59.604496,59.457035,59.486526,1381
2025-11-19 01:00:00,1,0.5603261147360511,0.4396738852639489,Sell,59.496357,59.506187,59.28991,59.368557,4269
2025-11-19 02:00:00,1,0.5612973803799868,0.4387026196200132,Sell,59.378387,59.555344,59.368557,59.506187,1587
2025-11-19 03:00:00,1,0.5139280995797966,0.48607190042020343,Sell,59.496357,59.575005,59.378387,59.39805,1313
2025-11-19 04:00:00,1,0.4931651149281602,0.5068348850718398,Hold,59.40788,59.486526,59.39805,59.437374,800
2025-11-19 05:00:00,1,0.5363207599939043,0.4636792400060957,Sell,59.457035,59.584835,59.447205,59.516018,1429
2025-11-19 06:00:00,1,0.5576907189172291,0.4423092810827709,Sell,59.506187,59.525852,59.348896,59.378387,1242
2025-11-19 07:00:00,1,0.49753121081148644,0.5024687891885136,Hold,59.388218,59.486526,59.230927,59.28991,3568
2025-11-19 08:00:00,0,0.6030542123595429,0.39694578764045707,Sell,59.28008,59.30957,58.985153,59.112953,9282
2025-11-19 09:00:00,1,0.5464256220410749,0.4535743779589251,Sell,59.132618,59.466866,59.0638,59.30957,5694
2025-11-19 10:00:00,1,0.5616580614812338,0.43834193851876624,Sell,59.30957,59.329235,59.08346,59.15228,5634
2025-11-19 11:00:00,0,0.6173963414387662,0.3826036585612338,Sell,59.14245,59.14245,58.444454,58.49361,15738
2025-11-19 12:00:00,0,0.6021914219273443,0.3978085780726557,Sell,58.48378,58.542763,58.04139,58.080715,16945
2025-11-19 13:00:00,0,0.5108049423382653,0.48919505766173466,Sell,58.070885,58.139698,57.68748,58.139698,24391
2025-11-19 14:00:00,0,0.5299204096988512,0.47007959030114876,Sell,58.14953,58.179024,57.66782,57.89393,23106
2025-11-19 15:00:00,0,0.5184977087720055,0.4815022912279945,Sell,57.89393,58.247837,57.864437,58.04139,19971
2025-11-19 16:00:00,0,0.5356414040792059,0.4643585959207941,Sell,58.04139,58.35598,57.982407,58.090546,18395
2025-11-19 17:00:00,0,0.4646102505057695,0.5353897494942306,Hold,58.080715,58.247837,57.91359,58.139698,12527
2025-11-19 18:00:00,0,0.5006295900828834,0.49937040991711656,Sell,58.139698,58.316654,58.04139,58.228176,7690
2025-11-19 19:00:00,0,0.47401378478755746,0.5259862152124426,Hold,58.228176,58.346146,58.188854,58.277332,17458
2025-11-19 20:00:00,0,0.5025253462771909,0.4974746537228091,Sell,58.287163,58.326485,58.198685,58.306824,3860
2025-11-19 21:00:00,0,0.5457739779121059,0.4542260220878941,Sell,58.306824,58.424793,58.287163,58.405132,2925
2025-11-19 23:00:00,0,0.5467802608876393,0.4532197391123607,Sell,58.38547,58.51327,58.316654,58.51327,1004
2025-11-20 00:00:00,0,0.5334997301216448,0.46650026987835524,Sell,58.50344,58.641075,58.3953,58.47395,1905
2025-11-20 01:00:00,0,0.5128513773643333,0.4871486226356667,Sell,58.48378,58.50344,58.38547,58.46412,1862
2025-11-20 02:00:00,0,0.5269578834693998,0.47304211653060024,Sell,58.46412,58.562428,58.336315,58.346146,2722
2025-11-20 03:00:00,0,0.5335007666205681,0.4664992333794319,Sell,58.35598,58.47395,58.35598,58.414963,1643
2025-11-20 04:00:00,0,0.5537691904685836,0.44623080953141636,Sell,58.414963,58.48378,58.346146,58.444454,735
2025-11-20 05:00:00,0,0.5322592343578951,0.46774076564210487,Sell,58.434624,58.5231,58.38547,58.3953,982
2025-11-20 06:00:00,0,0.49515552142270286,0.5048444785772972,Hold,58.3953,58.434624,58.336315,58.37564,1216
2025-11-20 07:00:00,0,0.518706020014077,0.48129397998592305,Sell,58.37564,58.63124,58.25767,58.37564,4715
2025-11-20 08:00:00,0,0.5474501267598821,0.45254987324011786,Sell,58.37564,58.700058,58.37564,58.63124,7152
2025-11-20 09:00:00,0,0.5299513311648225,0.4700486688351775,Sell,58.63124,58.768875,58.542763,58.670567,6721
2025-11-20 10:00:00,0,0.583081881068438,0.41691811893156205,Sell,58.680397,58.94583,58.660736,58.818027,7871
2025-11-20 11:00:00,0,0.5257773249570891,0.47422267504291093,Sell,58.808197,58.857353,58.650906,58.749214,3726
2025-11-20 12:00:00,1,0.5305548093613855,0.46944519063861445,Sell,58.749214,58.94583,58.749214,58.877014,5480
2025-11-20 13:00:00,0,0.5583763524080408,0.44162364759195916,Sell,58.867184,58.936,58.552597,58.61158,10391
2025-11-20 14:00:00,0,0.5257353302034298,0.4742646697965702,Sell,58.62141,58.857353,58.532932,58.70989,17235
2025-11-20 15:00:00,1,0.5045477243105488,0.49545227568945116,Sell,58.70989,59.08346,58.63124,58.906506,19492
2025-11-20 16:00:00,1,0.6531746416685001,0.34682535833149986,Sell,58.906506,58.916336,57.92342,57.95291,42729
2025-11-20 17:00:00,1,0.5748194394980071,0.42518056050199293,Sell,57.94308,58.080715,57.599003,58.070885,26017
2025-11-20 18:00:00,1,0.6059524422611674,0.3940475577388326,Sell,58.070885,58.247837,57.874268,57.94308,14693
2025-11-20 19:00:00,1,0.552161535325616,0.44783846467438404,Sell,57.94308,58.061054,57.78579,58.002068,18997
2025-11-20 20:00:00,0,0.5832589049489554,0.4167410950510446,Sell,58.011898,58.02173,57.648155,57.716972,4725
2025-11-20 21:00:00,1,0.586311843779218,0.41368815622078203,Sell,57.716972,57.78579,57.70714,57.76613,1992
2025-11-20 23:00:00,0,0.5572122563085093,0.44278774369149065,Sell,57.80545,57.80545,57.481033,57.481033,1902
2025-11-21 00:00:00,0,0.5474246206564628,0.4525753793435372,Sell,57.500694,57.608833,57.471203,57.589172,925
2025-11-21 01:00:00,0,0.5286473298510241,0.47135267014897586,Sell,57.589172,57.648155,57.3434,57.36306,4184
2025-11-21 02:00:00,0,0.5541810380747415,0.4458189619252585,Sell,57.36306,57.372894,57.20577,57.26475,3776
2025-11-21 03:00:00,0,0.5740473708181548,0.4259526291818452,Sell,57.26475,57.294247,57.146782,57.166443,2516
2025-11-21 04:00:00,0,0.5486977164335273,0.45130228356647273,Sell,57.166443,57.176277,57.038643,57.068134,3570
2025-11-21 05:00:00,0,0.5460264802374192,0.4539735197625808,Sell,57.068134,57.36306,57.068134,57.313908,2951
2025-11-21 06:00:00,0,0.5557308777397771,0.44426912226022286,Sell,57.304077,57.412216,57.24509,57.25492,2041
2025-11-21 07:00:00,0,0.5961654426772609,0.4038345573227391,Sell,57.25492,57.25492,56.812534,56.812534,6675
2025-11-21 08:00:00,0,0.5752090396671437,0.42479096033285635,Sell,56.822365,57.23526,56.77321,57.186108,9712
2025-11-21 09:00:00,0,0.6383468234548157,0.36165317654518425,Sell,57.176277,57.313908,56.753548,56.76338,7720
2025-11-21 10:00:00,0,0.5732135911032501,0.4267864088967499,Sell,56.753548,56.76338,56.44879,56.497948,11043
2025-11-21 11:00:00,0,0.5803171549196993,0.41968284508030074,Sell,56.50778,56.99932,56.50778,56.910843,6131
2025-11-21 12:00:00,0,0.5807810677516764,0.41921893224832363,Sell,56.901012,57.618664,56.724056,57.490864,21793
2025-11-21 13:00:00,0,0.5875278830253693,0.4124721169746307,Sell,57.500694,57.56951,57.24509,57.294247,10397
2025-11-21 14:00:00,0,0.6190326694674522,0.38096733053254783,Sell,57.304077,57.304077,56.40947,56.497948,31805
2025-11-21 15:00:00,0,0.6196715639177103,0.3803284360822897,Sell,56.497948,57.018982,56.42913,56.63558,32552
2025-11-21 16:00:00,0,0.5779781629160782,0.4220218370839218,Sell,56.63558,56.910843,56.468452,56.832195,18124
2025-11-21 17:00:00,0,0.5398462114220771,0.4601537885779229,Sell,56.842026,57.028812,56.743717,56.861687,10398
2025-11-21 18:00:00,0,0.537042196557794,0.46295780344220605,Sell,56.851856,56.99932,56.724056,56.861687,9335
2025-11-21 19:00:00,0,0.5494220558670235,0.45057794413297647,Sell,56.871517,57.19594,56.851856,56.891182,13957
2025-11-21 20:00:00,0,0.6037861976956727,0.39621380230432734,Sell,56.901012,57.077965,56.871517,56.969826,4485
2025-11-21 21:00:00,0,0.5986305060864454,0.4013694939135546,Sell,56.979656,57.038643,56.940334,56.99932,2562
2025-11-23 23:00:00,0,0.5899179432321379,0.41008205676786214,Sell,57.068134,57.12712,56.66507,56.78304,3767
2025-11-24 00:00:00,0,0.53569905853998,0.46430094146002,Sell,56.78304,56.871517,56.753548,56.861687,920
2025-11-24 01:00:00,0,0.5417924660875579,0.45820753391244207,Sell,56.871517,57.058304,56.851856,56.98949,1975
2025-11-24 02:00:00,0,0.5416916463253689,0.4583083536746311,Sell,56.98949,57.038643,56.920673,56.959995,744
2025-11-24 03:00:00,0,0.5241402405456989,0.47585975945430115,Sell,56.969826,57.0878,56.950165,57.0878,704
2025-11-24 04:00:00,0,0.49527853331729516,0.5047214666827049,Hold,57.0878,57.146782,57.038643,57.068134,931
2025-11-24 05:00:00,0,0.5224844412896195,0.47751555871038054,Sell,57.068134,57.12712,57.028812,57.09763,893
2025-11-24 06:00:00,0,0.5507494587445251,0.4492505412554749,Sell,57.09763,57.26475,57.09763,57.22543,1515
2025-11-24 07:00:00,0,0.5234905093409529,0.47650949065904713,Sell,57.2156,57.274586,56.822365,56.851856,3210
2025-11-24 08:00:00,0,0.4965247262565095,0.5034752737434904,Hold,56.861687,56.871517,56.724056,56.77321,5099
2025-11-24 09:00:00,0,0.5529744138492731,0.44702558615072685,Sell,56.77321,56.842026,56.44879,56.497948,6075
2025-11-24 10:00:00,0,0.4669817729727308,0.5330182270272692,Hold,56.497948,56.822365,56.488113,56.724056,4763
2025-11-24 11:00:00,0,0.478783029125465,0.521216970874535,Hold,56.724056,57.00915,56.704395,56.959995,3337
2025-11-24 12:00:00,0,0.48473852776588666,0.5152614722341133,Hold,56.959995,57.22543,56.881348,57.19594,6587
2025-11-24 13:00:00,0,0.46792053564866093,0.5320794643513391,Hold,57.19594,57.25492,57.028812,57.20577,6723
2025-11-24 14:00:00,0,0.4252952974634566,0.5747047025365434,Hold,57.19594,57.19594,56.615917,57.09763,26196
2025-11-24 15:00:00,0,0.41782582857032885,0.5821741714296711,Hold,57.10746,57.2156,56.930504,57.186108,14222
2025-11-24 16:00:00,0,0.4623614913462962,0.5376385086537038,Hold,57.186108,57.549847,57.166443,57.520355,15312
2025-11-24 17:00:00,0,0.4545805008777215,0.5454194991222785,Hold,57.520355,57.608833,57.422047,57.56951,8554
2025-11-24 18:00:00,1,0.4494378929667834,0.5505621070332166,Hold,57.559677,57.90376,57.549847,57.854603,10179
2025-11-24 19:00:00,1,0.4168928819422906,0.5831071180577094,Hold,57.854603,57.94308,57.756294,57.80545,13757
2025-11-24 20:00:00,1,0.41966297043086964,0.5803370295691304,Hold,57.80545,58.061054,57.80545,57.962746,4481
2025-11-24 21:00:00,1,0.44747994946684255,0.5525200505331574,Hold,57.962746,57.992237,57.884098,57.89393,2366
2025-11-24 23:00:00,1,0.4560971126998582,0.5439028873001418,Hold,57.89393,57.962746,57.864437,57.884098,720
2025-11-25 00:00:00,1,0.4274103912254394,0.5725896087745606,Hold,57.89393,57.90376,57.81528,57.864437,698
2025-11-25 01:00:00,1,0.374276596006422,0.625723403993578,Hold,57.864437,57.884098,57.69731,57.746464,2123
2025-11-25 02:00:00,1,0.3896201389207805,0.6103798610792195,Hold,57.746464,57.82511,57.69731,57.756294,950
2025-11-25 03:00:00,1,0.3872507261113256,0.6127492738886744,Hold,57.756294,57.77596,57.599003,57.608833,965
2025-11-25 04:00:00,1,0.39918292662193966,0.6008170733780603,Hold,57.608833,57.638325,57.549847,57.618664,928
2025-11-25 05:00:00,1,0.4363520761775019,0.5636479238224981,Hold,57.618664,57.69731,57.559677,57.599003,1004
2025-11-25 06:00:00,0,0.42934081189121576,0.5706591881087842,Hold,57.608833,57.638325,57.451538,57.549847,1188
2025-11-25 07:00:00,0,0.45642620699867875,0.5435737930013212,Hold,57.549847,57.608833,57.471203,57.589172,2054
2025-11-25 08:00:00,0,0.527595603346828,0.472404396653172,Sell,57.589172,57.68748,57.313908,57.35323,5704
2025-11-25 09:00:00,1,0.5329821745347169,0.46701782546528314,Sell,57.35323,57.67765,57.32374,57.657986,5392
2025-11-25 10:00:00,1,0.4493293107981932,0.5506706892018067,Hold,57.66782,57.77596,57.599003,57.657986,4229
2025-11-25 11:00:00,1,0.436941531642083,0.563058468357917,Hold,57.638325,57.80545,57.441708,57.608833,3897
2025-11-25 12:00:00,0,0.5252217196031104,0.47477828039688963,Sell,57.608833,57.67765,56.360313,56.724056,33053
2025-11-25 13:00:00,0,0.4737528418230087,0.5262471581769913,Hold,56.714226,57.20577,56.625748,56.733887,22243
2025-11-25 14:00:00,0,0.5054956220276023,0.49450437797239766,Sell,56.743717,56.792873,56.252174,56.360313,30371
2025-11-25 15:00:00,0,0.48972498321631164,0.5102750167836884,Hold,56.360313,56.52744,56.134205,56.262005,25455
2025-11-25 16:00:00,0,0.4804661895845025,0.5195338104154975,Hold,56.262005,56.68473,56.242344,56.64541,23168
2025-11-25 17:00:00,0,0.49043134025042245,0.5095686597495775,Hold,56.64541,56.930504,56.63558,56.743717,13362
2025-11-25 18:00:00,0,0.5084385099535732,0.4915614900464268,Sell,56.733887,57.00915,56.733887,56.822365,11501
2025-11-25 19:00:00,0,0.5094945652898467,0.4905054347101533,Sell,56.822365,57.048473,56.68473,56.842026,19409
2025-11-25 20:00:00,0,0.5547672336008426,0.44523276639915743,Sell,56.851856,57.156612,56.842026,56.969826,4526
2025-11-25 21:00:00,0,0.5653158292265511,0.4346841707734489,Sell,56.969826,57.146782,56.920673,57.12712,2328
2025-11-25 23:00:00,0,0.5447331153091922,0.4552668846908078,Sell,57.068134,57.10746,56.969826,57.0878,592
2025-11-26 00:00:00,0,0.5447444132678771,0.45525558673212285,Sell,57.09763,57.146782,56.99932,57.10746,692
2025-11-26 01:00:00,0,0.5345535756027419,0.46544642439725814,Sell,57.09763,57.166443,57.018982,57.09763,1749
2025-11-26 02:00:00,0,0.5714960842669407,0.42850391573305935,Sell,57.09763,57.26475,57.018982,57.19594,1812
2025-11-26 03:00:00,0,0.5656324640658082,0.43436753593419175,Sell,57.186108,57.2156,57.13695,57.186108,1005
2025-11-26 04:00:00,0,0.5181887468799816,0.4818112531200184,Sell,57.186108,57.22543,57.176277,57.186108,690
2025-11-26 05:00:00,0,0.5368297724521246,0.4631702275478754,Sell,57.176277,57.22543,57.13695,57.176277,724
2025-11-26 06:00:00,0,0.5218778647633132,0.4781221352366868,Sell,57.166443,57.23526,57.0878,57.10746,1348
2025-11-26 07:00:00,0,0.5804312420486852,0.41956875795131476,Sell,57.10746,57.313908,56.861687,56.891182,4168
2025-11-26 08:00:00,0,0.5904024959467014,0.40959750405329864,Sell,56.891182,57.077965,56.694565,56.98949,7833
2025-11-26 09:00:00,0,0.5569910416543142,0.44300895834568577,Sell,56.98949,57.09763,56.861687,56.969826,5884
2025-11-26 10:00:00,0,0.5811627543550038,0.41883724564499625,Sell,56.969826,56.99932,56.68473,56.959995,4830
2025-11-26 11:00:00,0,0.5463668383576624,0.4536331616423376,Sell,56.959995,57.22543,56.77321,56.950165,7184
2025-11-26 12:00:00,0,0.5449642492952353,0.45503575070476465,Sell,56.950165,57.028812,56.743717,56.802704,5914
2025-11-26 13:00:00,0,0.5917327895578093,0.4082672104421907,Sell,56.812534,57.048473,56.802704,56.98949,6102
2025-11-26 14:00:00,0,0.5543713176216603,0.44562868237833975,Sell,56.979656,57.077965,56.77321,56.910843,14591
2025-11-26 15:00:00,0,0.5414075782476901,0.45859242175230985,Sell,56.910843,57.09763,56.861687,57.00915,12677
2025-11-26 16:00:00,0,0.5297215985818832,0.47027840141811683,Sell,57.00915,57.36306,56.861687,57.35323,15580
2025-11-26 17:00:00,0,0.540281503347883,0.45971849665211695,Sell,57.35323,57.441708,57.028812,57.058304,11420
2025-11-26 18:00:00,0,0.5009781531095399,0.49902184689046014,Sell,57.058304,57.3434,56.959995,57.32374,10222
2025-11-26 19:00:00,0,0.4984601034475696,0.5015398965524305,Hold,57.33357,57.69731,57.304077,57.618664,18643
2025-11-26 20:00:00,0,0.4649630994974575,0.5350369005025425,Hold,57.608833,57.726803,57.57934,57.57934,3924
2025-11-26 21:00:00,0,0.4485079212746505,0.5514920787253494,Hold,57.57934,57.657986,57.540016,57.559677,1698
2025-11-26 23:00:00,0,0.4793454137267599,0.5206545862732401,Hold,57.589172,57.608833,57.451538,57.481033,393
2025-11-27 00:00:00,0,0.5020144023332834,0.4979855976667166,Sell,57.481033,57.540016,57.46137,57.530186,196
2025-11-27 01:00:00,0,0.5110513180567398,0.48894868194326024,Sell,57.540016,57.549847,57.304077,57.3434,1472
2025-11-27 02:00:00,0,0.47596805220060573,0.5240319477993942,Hold,57.3434,57.46137,57.3434,57.382725,543
2025-11-27 03:00:00,0,0.49517768429033765,0.5048223157096623,Hold,57.382725,57.422047,57.284416,57.3434,1129
2025-11-27 04:00:00,0,0.468189171381785,0.531810828618215,Hold,57.35323,57.372894,57.304077,57.313908,522
2025-11-27 05:00:00,0,0.4584518915668147,0.5415481084331852,Hold,57.32374,57.392555,57.32374,57.382725,337
2025-11-27 06:00:00,0,0.46091570669974735,0.5390842933002526,Hold,57.382725,57.46137,57.3434,57.431877,708
2025-11-27 07:00:00,0,0.5272680441208792,0.47273195587912076,Sell,57.441708,57.657986,57.441708,57.638325,1795
2025-11-27 08:00:00,0,0.5291829764519301,0.47081702354806987,Sell,57.618664,57.78579,57.57934,57.726803,4773
2025-11-27 09:00:00,0,0.506435984952873,0.493564015047127,Sell,57.726803,57.79562,57.628494,57.77596,2608
2025-11-27 10:00:00,0,0.5008036137402598,0.49919638625974017,Sell,57.77596,57.874268,57.657986,57.844772,3040
2025-11-27 11:00:00,0,0.47992362502880787,0.5200763749711921,Hold,57.844772,57.962746,57.78579,57.83494,2624
2025-11-27 12:00:00,0,0.5055906051511575,0.4944093948488425,Sell,57.82511,57.95291,57.81528,57.864437,2222
2025-11-27 13:00:00,0,0.4706153597970087,0.5293846402029914,Hold,57.864437,57.94308,57.520355,57.70714,9802
2025-11-27 14:00:00,0,0.502814313475374,0.497185686524626,Sell,57.70714,57.982407,57.67765,57.79562,6607
2025-11-27 15:00:00,0,0.4867769644976369,0.513223035502363,Hold,57.79562,57.91359,57.78579,57.884098,2454
2025-11-27 16:00:00,0,0.4813888118254982,0.5186111881745018,Hold,57.884098,58.002068,57.79562,57.864437,4156
2025-11-27 17:00:00,0,0.547466015510826,0.45253398448917403,Sell,57.854603,58.080715,57.81528,58.061054,2269
2025-11-27 18:00:00,0,0.49898272362898466,0.5010172763710153,Hold,58.05122,58.14953,58.03156,58.100376,2255
2025-11-27 19:00:00,0,0.4747012004106304,0.5252987995893696,Hold,58.080715,58.169193,58.080715,58.100376,524
2025-11-27 23:00:00,0,0.5395658954761517,0.46043410452384825,Sell,58.080715,58.090546,57.92342,57.992237,888
2025-11-28 00:00:00,0,0.5057338855899223,0.49426611441007773,Sell,57.992237,58.02173,57.92342,58.002068,566
2025-11-28 01:00:00,0,0.5342158897032369,0.46578411029676314,Sell,58.002068,58.061054,57.89393,57.962746,916
2025-11-28 02:00:00,0,0.5974549597064576,0.40254504029354243,Sell,57.972576,58.080715,57.94308,58.080715,569
2025-11-28 13:00:00,0,0.5237049023938958,0.4762950976061042,Sell,57.746464,57.982407,57.589172,57.83494,1391
2025-11-28 14:00:00,0,0.5514953008482416,0.4485046991517584,Sell,57.844772,58.247837,57.76613,58.218346,7017
2025-11-28 15:00:00,0,0.5407716261935172,0.45922837380648285,Sell,58.228176,58.316654,58.070885,58.14953,6962
2025-11-28 16:00:00,1,0.5606159433459529,0.4393840566540471,Sell,58.159363,58.63124,58.080715,58.542763,10703
2025-11-28 17:00:00,1,0.5228427898068022,0.4771572101931978,Sell,58.542763,58.562428,58.208515,58.434624,7511
2025-11-28 18:00:00,0,0.4884136680203199,0.5115863319796801,Hold,58.434624,58.562428,58.011898,58.03156,7014
2025-11-28 19:00:00,0,0.4414215159030715,0.5585784840969286,Hold,58.04139,58.080715,57.284416,57.490864,13925
2025-11-30 23:00:00,0,0.4150408651930265,0.5849591348069735,Hold,57.962746,58.60175,57.83494,58.405132,6644
2025-12-01 00:00:00,0,0.39328491063042753,0.6067150893695725,Hold,58.38547,58.434624,58.061054,58.169193,2272
2025-12-01 01:00:00,0,0.43655842271308515,0.5634415772869148,Hold,58.159363,58.346146,58.070885,58.346146,1948
2025-12-01 02:00:00,0,0.45888841102791683,0.5411115889720832,Hold,58.346146,58.47395,58.296993,58.45429,1761
2025-12-01 03:00:00,0,0.4968365871356557,0.5031634128643443,Hold,58.46412,58.58209,58.424793,58.532932,2360
2025-12-01 04:00:00,0,0.4817505078464215,0.5182494921535785,Hold,58.532932,58.63124,58.51327,58.60175,1459
2025-12-01 05:00:00,1,0.4998316268601145,0.5001683731398855,Hold,58.59192,58.798367,58.58209,58.768875,2612
2025-12-01 06:00:00,1,0.40924159074508437,0.5907584092549156,Hold,58.768875,58.95566,58.61158,58.63124,3547
2025-12-01 07:00:00,1,0.4080252844588145,0.5919747155411855,Hold,58.63124,58.798367,58.572258,58.63124,2864
2025-12-01 08:00:00,1,0.4573256877772486,0.5426743122227514,Hold,58.63124,58.886845,58.542763,58.72955,7497
2025-12-01 09:00:00,1,0.43552764691409024,0.5644723530859097,Hold,58.72955,58.837692,58.60175,58.739384,4504
2025-12-01 10:00:00,0,0.49289171037461016,0.5071082896253898,Hold,58.739384,58.768875,58.3953,58.444454,3959
2025-12-01 11:00:00,0,0.49201187589135226,0.5079881241086477,Hold,58.444454,58.444454,58.100376,58.306824,6379
2025-12-01 12:00:00,0,0.5003689378447224,0.49963106215527764,Sell,58.316654,58.336315,58.070885,58.139698,4465
2025-12-01 13:00:00,0,0.5438474243974084,0.4561525756025916,Sell,58.139698,58.188854,57.844772,57.94308,10473
2025-12-01 14:00:00,0,0.42664843813143966,0.5733515618685603,Hold,57.95291,58.562428,57.90376,58.45429,21659
2025-12-01 15:00:00,0,0.4388784533514489,0.5611215466485511,Hold,58.45429,58.63124,58.306824,58.434624,14300
2025-12-01 16:00:00,0,0.473308401739944,0.526691598260056,Hold,58.434624,58.434624,58.120037,58.179024,14224
2025-12-01 17:00:00,0,0.4941716388010609,0.5058283611989391,Hold,58.169193,58.424793,58.159363,58.218346,7990
2025-12-01 18:00:00,0,0.47861913869174477,0.5213808613082552,Hold,58.228176,58.48378,58.188854,58.37564,7778
2025-12-01 19:00:00,0,0.4702591493659544,0.5297408506340455,Hold,58.37564,58.444454,58.2675,58.405132,12950
2025-12-01 20:00:00,0,0.43568232988512384,0.5643176701148762,Hold,58.405132,58.562428,58.3953,58.434624,4017
2025-12-01 21:00:00,1,0.4557960021844686,0.5442039978155314,Hold,58.434624,58.572258,58.424793,58.50344,1488
2025-12-01 23:00:00,1,0.4852549855932419,0.514745014406758,Hold,58.51327,58.660736,58.47395,58.58209,987
2025-12-02 00:00:00,1,0.45201449118794423,0.5479855088120558,Hold,58.58209,58.60175,58.51327,58.51327,398
2025-12-02 01:00:00,0,0.4928600817276131,0.5071399182723869,Hold,58.51327,58.542763,58.346146,58.35598,1460
2025-12-02 02:00:00,1,0.47569735352868836,0.5243026464713116,Hold,58.346146,58.434624,58.336315,58.405132,746
2025-12-02 03:00:00,1,0.5034527503996521,0.4965472496003479,Sell,58.3953,58.414963,58.326485,58.405132,860
2025-12-02 04:00:00,1,0.4890050073905342,0.5109949926094658,Hold,58.405132,58.444454,58.36581,58.38547,651
2025-12-02 05:00:00,1,0.4889280057294335,0.5110719942705665,Hold,58.37564,58.434624,58.35598,58.38547,451
2025-12-02 06:00:00,1,0.517425475471173,0.482574524528827,Sell,58.3953,58.48378,58.35598,58.444454,632
2025-12-02 07:00:00,0,0.53153076991478,0.46846923008522,Sell,58.45429,58.532932,58.25767,58.2675,2347
2025-12-02 08:00:00,0,0.4853827587818502,0.5146172412181498,Hold,58.2675,58.50344,58.14953,58.169193,5367
2025-12-02 09:00:00,0,0.49763697963524156,0.5023630203647584,Hold,58.179024,58.38547,58.090546,58.208515,4156
2025-12-02 10:00:00,1,0.5289907356342998,0.47100926436570023,Sell,58.208515,58.424793,58.159363,58.346146,2992
2025-12-02 11:00:00,0,0.5536778003395674,0.44632219966043263,Sell,58.346146,58.38547,58.070885,58.100376,4525
2025-12-02 12:00:00,0,0.5762588511303113,0.4237411488696887,Sell,58.110207,58.238007,58.090546,58.198685,2683
2025-12-02 13:00:00,0,0.5673199000795012,0.43268009992049883,Sell,58.208515,58.277332,57.854603,57.93325,9305
2025-12-02 14:00:00,0,0.5568453667514499,0.4431546332485501,Sell,57.94308,58.110207,57.294247,57.490864,28432
2025-12-02 15:00:00,0,0.5292843369787884,0.4707156630212116,Sell,57.490864,58.3953,57.471203,58.218346,40088
2025-12-02 16:00:00,0,0.5627835718482762,0.4372164281517238,Sell,58.228176,58.316654,57.79562,57.82511,12674
2025-12-02 17:00:00,0,0.5173373094707785,0.4826626905292215,Sell,57.83494,58.03156,57.82511,57.91359,7395
2025-12-02 18:00:00,0,0.5496099657769556,0.45039003422304436,Sell,57.90376,58.159363,57.83494,57.992237,9713
2025-12-02 19:00:00,0,0.5587541658871017,0.4412458341128983,Sell,57.992237,58.02173,57.500694,57.628494,20211
2025-12-02 20:00:00,0,0.5773686535949657,0.4226313464050343,Sell,57.628494,57.68748,57.57934,57.657986,3232
2025-12-02 21:00:00,0,0.5628855791983332,0.43711442080166685,Sell,57.657986,57.756294,57.500694,57.599003,3650
2025-12-02 23:00:00,0,0.5730593128064504,0.4269406871935496,Sell,57.657986,57.726803,57.599003,57.657986,583
2025-12-03 00:00:00,0,0.5735389704887358,0.4264610295112642,Sell,57.657986,57.68748,57.608833,57.628494,510
2025-12-03 01:00:00,0,0.5778181279092174,0.4221818720907826,Sell,57.618664,57.736633,57.540016,57.549847,1935
2025-12-03 02:00:00,0,0.6079688298402623,0.39203117015973765,Sell,57.540016,57.57934,57.382725,57.559677,3350
2025-12-03 03:00:00,0,0.5996991174260189,0.4003008825739811,Sell,57.559677,57.69731,57.559677,57.67765,1263
2025-12-03 04:00:00,0,0.6256866828691464,0.3743133171308536,Sell,57.66782,57.726803,57.638325,57.70714,518
2025-12-03 05:00:00,0,0.636429333469936,0.363570666530064,Sell,57.70714,57.756294,57.66782,57.66782,633
2025-12-03 06:00:00,0,0.6474641384858018,0.35253586151419825,Sell,57.657986,57.854603,57.638325,57.82511,1699
2025-12-03 07:00:00,0,0.6662059131324297,0.3337940868675703,Sell,57.83494,57.992237,57.82511,57.93325,3124
2025-12-03 08:00:00,0,0.6062613913889664,0.3937386086110336,Sell,57.93325,58.120037,57.884098,58.061054,5330
2025-12-03 09:00:00,0,0.6198974288321986,0.38010257116780144,Sell,58.070885,58.48378,58.05122,58.46412,11045
2025-12-03 10:00:00,0,0.5903478340221794,0.4096521659778206,Sell,58.47395,58.60175,58.37564,58.50344,8202
2025-12-03 11:00:00,0,0.5752174131060303,0.42478258689396975,Sell,58.50344,58.51327,58.3953,58.434624,3477
2025-12-03 12:00:00,0,0.588689982298027,0.41131001770197295,Sell,58.424793,58.45429,58.306824,58.405132,5153
2025-12-03 13:00:00,0,0.5423528787387368,0.45764712126126317,Sell,58.405132,58.48378,58.061054,58.36581,14557
2025-12-03 14:00:00,0,0.5911577382776572,0.40884226172234284,Sell,58.36581,58.36581,57.982407,58.198685,15342
2025-12-03 15:00:00,0,0.5579742948591828,0.4420257051408172,Sell,58.208515,58.542763,58.090546,58.51327,15371
2025-12-03 16:00:00,0,0.6163501379347233,0.38364986206527674,Sell,58.5231,58.63124,57.864437,57.962746,21654
2025-12-03 17:00:00,0,0.5957255184343893,0.40427448156561074,Sell,57.95291,58.45429,57.93325,58.238007,13467
2025-12-03 18:00:00,0,0.6139019254566447,0.3860980745433553,Sell,58.228176,58.336315,58.061054,58.110207,11524
2025-12-03 19:00:00,0,0.566361488578578,0.43363851142142196,Sell,58.110207,58.129868,57.844772,57.972576,20182
2025-12-03 20:00:00,0,0.5780704384046758,0.42192956159532424,Sell,57.972576,58.120037,57.94308,58.090546,2449
2025-12-03 21:00:00,0,0.5845004475712604,0.4154995524287396,Sell,58.100376,58.129868,58.080715,58.110207,1306
2025-12-03 23:00:00,0,0.5461710856415811,0.4538289143584189,Sell,58.090546,58.100376,57.972576,58.02173,711
2025-12-04 00:00:00,0,0.654810215011088,0.34518978498891195,Sell,58.011898,58.070885,57.982407,58.04139,231
2025-12-04 01:00:00,0,0.6336095340188457,0.3663904659811543,Sell,58.03156,58.188854,58.03156,58.120037,1000
2025-12-04 02:00:00,0,0.6150421114796027,0.38495788852039725,Sell,58.110207,58.277332,58.04139,58.25767,1084
2025-12-04 03:00:00,0,0.6224354451285823,0.3775645548714177,Sell,58.247837,58.287163,58.208515,58.25767,568
2025-12-04 04:00:00,0,0.629687130806734,0.370312869193266,Sell,58.25767,58.287163,58.218346,58.287163,361
2025-12-04 05:00:00,0,0.6145434323241876,0.3854565676758124,Sell,58.287163,58.346146,58.179024,58.208515,1030
2025-12-04 06:00:00,0,0.6459874415387468,0.35401255846125324,Sell,58.218346,58.444454,58.218346,58.405132,1344
2025-12-04 07:00:00,0,0.5959130788303258,0.40408692116967415,Sell,58.38547,58.405132,58.296993,58.336315,1918
2025-12-04 08:00:00,0,0.6202940602738193,0.3797059397261807,Sell,58.346146,58.405132,58.100376,58.36581,6320
2025-12-04 09:00:00,0,0.6766661521653015,0.32333384783469854,Sell,58.36581,58.3953,58.090546,58.208515,4284
2025-12-04 10:00:00,0,0.644628536680491,0.355371463319509,Sell,58.218346,58.346146,58.120037,58.316654,2564
2025-12-04 11:00:00,0,0.6227179561708381,0.37728204382916186,Sell,58.306824,58.3953,58.179024,58.238007,2840
2025-12-04 12:00:00,0,0.5828319873623258,0.4171680126376742,Sell,58.238007,58.37564,58.198685,58.326485,3631
2025-12-04 13:00:00,0,0.5548593964651872,0.4451406035348128,Sell,58.336315,58.48378,58.306824,58.37564,6791
2025-12-04 14:00:00,0,0.6188878602629725,0.3811121397370275,Sell,58.38547,58.38547,57.81528,57.884098,21334
2025-12-04 15:00:00,0,0.5487489680285232,0.45125103197147676,Sell,57.89393,58.62141,57.864437,58.45429,22950
2025-12-04 16:00:00,0,0.5072018685874962,0.49279813141250384,Sell,58.45429,59.004814,58.414963,58.847523,28954
2025-12-04 17:00:00,0,0.5324576132598329,0.4675423867401671,Sell,58.847523,58.916336,58.690228,58.778706,11463
2025-12-04 18:00:00,0,0.5176874319695765,0.48231256803042355,Sell,58.768875,58.95566,58.759045,58.847523,8982
2025-12-04 19:00:00,0,0.5546929168590831,0.44530708314091694,Sell,58.847523,58.877014,58.61158,58.690228,16256
2025-12-04 20:00:00,0,0.5479403150261122,0.4520596849738878,Sell,58.690228,58.749214,58.62141,58.680397,3715
2025-12-04 21:00:00,0,0.5287019275850655,0.4712980724149345,Sell,58.690228,58.788536,58.670567,58.690228,1827
2025-12-04 23:00:00,0,0.5333601661948737,0.4666398338051263,Sell,58.690228,58.72955,58.62141,58.70989,504
2025-12-05 00:00:00,0,0.45857862286120166,0.5414213771387983,Hold,58.700058,58.700058,58.63124,58.63124,300
2025-12-05 01:00:00,0,0.4847684588895896,0.5152315411104105,Hold,58.641075,58.700058,58.58209,58.59192,1426
2025-12-05 02:00:00,0,0.4525703112836118,0.5474296887163882,Hold,58.60175,58.61158,58.444454,58.47395,1693
2025-12-05 03:00:00,0,0.4951448380597528,0.5048551619402473,Hold,58.47395,58.5231,58.414963,58.49361,1261
2025-12-05 04:00:00,0,0.4775252560679907,0.5224747439320093,Hold,58.48378,58.5231,58.434624,58.45429,515
2025-12-05 05:00:00,0,0.4733355615329999,0.5266644384670001,Hold,58.45429,58.58209,58.45429,58.562428,1026
2025-12-05 06:00:00,0,0.44611982645757975,0.5538801735424203,Hold,58.562428,58.61158,58.49361,58.562428,785
2025-12-05 07:00:00,0,0.48399329178688627,0.5160067082131137,Hold,58.562428,58.63124,58.46412,58.542763,3607
2025-12-05 08:00:00,0,0.4819492390139954,0.5180507609860046,Hold,58.552597,58.71972,58.47395,58.62141,6461
2025-12-05 09:00:00,0,0.4608395651727438,0.5391604348272562,Hold,58.62141,58.768875,58.48378,58.690228,4478
2025-12-05 10:00:00,0,0.4399543742311383,0.5600456257688617,Hold,58.680397,58.680397,58.444454,58.562428,4270
2025-12-05 11:00:00,0,0.46260404734850963,0.5373959526514904,Hold,58.562428,58.63124,58.46412,58.542763,2629
2025-12-05 12:00:00,0,0.4800202628646023,0.5199797371353977,Hold,58.542763,58.59192,58.424793,58.572258,3660
2025-12-05 13:00:00,0,0.4654932114712022,0.5345067885287977,Hold,58.572258,58.759045,58.48378,58.60175,6399
2025-12-05 14:00:00,0,0.5003266300251655,0.49967336997483447,Sell,58.61158,59.07363,58.48378,58.985153,19677
2025-12-05 15:00:00,1,0.548223739915275,0.45177626008472505,Sell,58.965492,59.476696,58.965492,59.27025,30397
2025-12-05 16:00:00,0,0.49269928959409315,0.5073007104059069,Hold,59.28008,59.339066,58.867184,58.906506,18434
2025-12-05 17:00:00,1,0.48723744171001365,0.5127625582899864,Hold,58.916336,59.3194,58.886845,59.240757,9562
2025-12-05 18:00:00,1,0.4682139840314924,0.5317860159685076,Hold,59.240757,59.27025,59.024475,59.05397,8104
2025-12-05 19:00:00,1,0.4685873731603953,0.5314126268396047,Hold,59.04414,59.112953,58.985153,59.093292,13317
2025-12-05 20:00:00,1,0.4243879475417336,0.5756120524582664,Hold,59.093292,59.16211,59.024475,59.093292,5017
2025-12-05 21:00:00,1,0.4373557047139248,0.5626442952860752,Hold,59.093292,59.18177,59.07363,59.122784,1466
2025-12-07 23:00:00,1,0.4381699396519493,0.5618300603480507,Hold,59.132618,59.27025,59.03431,59.21126,1158
2025-12-08 00:00:00,0,0.406945245388224,0.5930547546117759,Hold,59.21126,59.21126,59.03431,59.03431,874
2025-12-08 01:00:00,1,0.4331223390489575,0.5668776609510424,Hold,59.03431,59.14245,58.95566,59.0638,1662
2025-12-08 02:00:00,1,0.4691028218283369,0.5308971781716632,Hold,59.0638,59.16211,59.014645,59.15228,978
2025-12-08 03:00:00,1,0.45551543307453335,0.5444845669254667,Hold,59.15228,59.21126,59.122784,59.16211,679
2025-12-08 04:00:00,1,0.5061109013993708,0.49388909860062924,Sell,59.17194,59.21126,59.14245,59.18177,392
2025-12-08 05:00:00,1,0.500951365491157,0.49904863450884296,Sell,59.18177,59.250587,59.07363,59.18177,1000
2025-12-08 06:00:00,1,0.5234889138963543,0.4765110861036457,Sell,59.17194,59.240757,59.132618,59.20143,974
2025-12-08 07:00:00,1,0.4996741645121644,0.5003258354878356,Hold,59.1916,59.260418,59.122784,59.1916,1144
2025-12-08 08:00:00,1,0.4588282765131326,0.5411717234868674,Hold,59.1916,59.28008,58.886845,58.896675,5419
2025-12-08 09:00:00,1,0.49007896250141103,0.509921037498589,Hold,58.906506,58.94583,58.49361,58.60175,10541
2025-12-08 10:00:00,1,0.420558687815267,0.579441312184733,Hold,58.60175,58.641075,58.444454,58.50344,6500
2025-12-08 11:00:00,1,0.4879058497729715,0.5120941502270284,Hold,58.50344,58.59192,58.36581,58.444454,4261
2025-12-08 12:00:00,0,0.46074505427528134,0.5392549457247187,Hold,58.45429,58.46412,58.179024,58.238007,6389
2025-12-08 13:00:00,1,0.4815569345582365,0.5184430654417636,Hold,58.238007,58.62141,58.198685,58.47395,12896
2025-12-08 14:00:00,1,0.4476419024455058,0.5523580975544942,Hold,58.47395,58.5231,58.090546,58.326485,25663
2025-12-08 15:00:00,1,0.4616014938991246,0.5383985061008754,Hold,58.316654,58.46412,58.159363,58.316654,12194
2025-12-08 16:00:00,1,0.46633423327013945,0.5336657667298605,Hold,58.306824,58.306824,58.05122,58.277332,12472
2025-12-08 17:00:00,0,0.45012727512222295,0.549872724877777,Hold,58.277332,58.277332,58.011898,58.090546,7358
2025-12-08 18:00:00,0,0.42940362666859766,0.5705963733314023,Hold,58.090546,58.110207,57.68748,57.80545,13759
2025-12-08 19:00:00,0,0.40740534633265413,0.5925946536673459,Hold,57.79562,57.91359,57.726803,57.81528,14876
2025-12-08 20:00:00,0,0.4146974401550896,0.5853025598449104,Hold,57.81528,57.864437,57.78579,57.864437,2542
2025-12-08 21:00:00,0,0.3900197877871029,0.6099802122128971,Hold,57.864437,57.884098,57.80545,57.854603,2062
2025-12-08 23:00:00,0,0.39976855160112945,0.6002314483988705,Hold,57.874268,57.884098,57.82511,57.854603,909
2025-12-09 00:00:00,0,0.41942281689642097,0.5805771831035791,Hold,57.864437,57.90376,57.83494,57.884098,565
2025-12-09 01:00:00,0,0.4357116903837325,0.5642883096162675,Hold,57.874268,57.89393,57.746464,57.77596,1649
2025-12-09 02:00:00,0,0.448342122582347,0.551657877417653,Hold,57.77596,57.82511,57.736633,57.746464,796
2025-12-09 03:00:00,0,0.4479048776323662,0.5520951223676338,Hold,57.746464,57.76613,57.69731,57.756294,826
2025-12-09 04:00:00,0,0.4402301226631201,0.5597698773368799,Hold,57.756294,57.76613,57.657986,57.69731,994
2025-12-09 05:00:00,0,0.4353169199215016,0.5646830800784983,Hold,57.69731,57.70714,57.589172,57.68748,1120
2025-12-09 06:00:00,0,0.5009447748540758,0.49905522514592415,Sell,57.68748,57.746464,57.599003,57.726803,1330
2025-12-09 07:00:00,0,0.5048907910044925,0.4951092089955075,Sell,57.736633,57.874268,57.68748,57.79562,2033
2025-12-09 08:00:00,0,0.47035314319185856,0.5296468568081414,Hold,57.79562,57.89393,57.67765,57.68748,4653
2025-12-09 09:00:00,0,0.4824139780434745,0.5175860219565255,Hold,57.68748,57.80545,57.638325,57.78579,3343
2025-12-09 10:00:00,1,0.4083691937497632,0.5916308062502368,Hold,57.79562,58.129868,57.79562,58.02173,4872
2025-12-09 11:00:00,1,0.40363192734316333,0.5963680726568367,Hold,58.011898,58.139698,57.94308,58.120037,2074
2025-12-09 12:00:00,1,0.36853816309881504,0.631461836901185,Hold,58.120037,58.169193,57.982407,58.02173,3658
2025-12-09 13:00:00,1,0.4634277648652958,0.5365722351347042,Hold,58.011898,58.03156,57.66782,57.80545,7326
2025-12-09 14:00:00,0,0.46917560918214013,0.5308243908178598,Hold,57.81528,57.884098,57.510525,57.510525,16045
2025-12-09 15:00:00,0,0.5421729726837445,0.45782702731625546,Sell,57.520355,57.628494,57.176277,57.284416,20618
2025-12-09 16:00:00,0,0.5701621081587891,0.4298378918412109,Sell,57.284416,57.402386,57.13695,57.23526,13541
2025-12-09 17:00:00,0,0.5333984516231602,0.46660154837683976,Sell,57.24509,57.294247,57.176277,57.186108,6008
2025-12-09 18:00:00,0,0.5249937814102545,0.47500621858974545,Sell,57.186108,57.32374,57.166443,57.19594,6365
2025-12-09 19:00:00,0,0.47678580250653335,0.5232141974934666,Hold,57.19594,57.451538,57.166443,57.412216,13250
2025-12-09 20:00:00,0,0.4834682123484484,0.5165317876515516,Hold,57.412216,57.431877,57.32374,57.3434,2540
2025-12-09 21:00:00,0,0.5130219467692553,0.4869780532307447,Sell,57.3434,57.422047,57.32374,57.402386,1902
2025-12-09 23:00:00,0,0.5185095875963315,0.4814904124036685,Sell,57.382725,57.441708,57.3434,57.36306,513
2025-12-10 00:00:00,0,0.5286546481896077,0.4713453518103923,Sell,57.36306,57.431877,57.35323,57.382725,360
2025-12-10 01:00:00,0,0.511502348237637,0.48849765176236304,Sell,57.372894,57.431877,57.3434,57.402386,1096
2025-12-10 02:00:00,0,0.512067223812576,0.48793277618742403,Sell,57.412216,57.451538,57.35323,57.36306,1402
2025-12-10 03:00:00,0,0.5282394814920633,0.47176051850793665,Sell,57.36306,57.372894,57.284416,57.36306,698
2025-12-10 04:00:00,0,0.49402043564534626,0.5059795643546537,Hold,57.35323,57.392555,57.304077,57.33357,399
2025-12-10 05:00:00,0,0.44295822340760643,0.5570417765923936,Hold,57.32374,57.412216,57.313908,57.382725,477
2025-12-10 06:00:00,0,0.49366418758050595,0.5063358124194941,Hold,57.382725,57.481033,57.36306,57.431877,815
2025-12-10 07:00:00,0,0.5634487443099168,0.43655125569008324,Sell,57.422047,57.451538,57.26475,57.32374,1224
2025-12-10 08:00:00,0,0.570655813039119,0.42934418696088095,Sell,57.313908,57.441708,57.19594,57.274586,5332
2025-12-10 09:00:00,0,0.5702804006104664,0.42971959938953364,Sell,57.274586,57.500694,57.09763,57.26475,5044
2025-12-10 10:00:00,1,0.5495031495908053,0.45049685040919474,Sell,57.274586,57.628494,57.26475,57.589172,5116
2025-12-10 11:00:00,1,0.5604871663395413,0.4395128336604587,Sell,57.589172,57.66782,57.530186,57.559677,3173
2025-12-10 12:00:00,1,0.5568842819042361,0.4431157180957639,Sell,57.559677,57.67765,57.500694,57.510525,4213
2025-12-10 13:00:00,0,0.5483860514904664,0.4516139485095336,Sell,57.520355,57.530186,57.274586,57.33357,7823
2025-12-10 14:00:00,0,0.5558529187978519,0.4441470812021481,Sell,57.32374,57.33357,56.792873,56.910843,19985
2025-12-10 15:00:00,0,0.5290528511914923,0.47094714880850774,Sell,56.901012,56.99932,56.733887,56.78304,13232
2025-12-10 16:00:00,0,0.5058928845696888,0.49410711543031116,Sell,56.77321,57.156612,56.68473,57.146782,11919
2025-12-10 17:00:00,0,0.4753853539969329,0.5246146460030672,Hold,57.13695,57.20577,57.038643,57.10746,8532
2025-12-10 18:00:00,0,0.5272105289031498,0.4727894710968502,Sell,57.10746,57.57934,57.0878,57.36306,16050
2025-12-10 19:00:00,0,0.4972517082102078,0.5027482917897922,Hold,57.372894,57.79562,57.32374,57.76613,19712
2025-12-10 20:00:00,1,0.5138006189148274,0.4861993810851726,Sell,57.77596,58.05122,57.756294,57.92342,11282
2025-12-10 21:00:00,1,0.4804345357771366,0.5195654642228634,Hold,57.92342,58.002068,57.91359,57.962746,1791
2025-12-10 23:00:00,1,0.4978879210813432,0.5021120789186568,Hold,57.91359,57.94308,57.746464,57.746464,1026
2025-12-11 00:00:00,1,0.4079590976741371,0.5920409023258629,Hold,57.746464,57.844772,57.746464,57.78579,459
2025-12-11 01:00:00,1,0.4355387199619333,0.5644612800380667,Hold,57.77596,57.92342,57.726803,57.83494,1868
2025-12-11 02:00:00,1,0.4656780372487293,0.5343219627512708,Hold,57.83494,57.864437,57.68748,57.68748,1332
2025-12-11 03:00:00,1,0.45247895695614126,0.5475210430438587,Hold,57.69731,57.70714,57.422047,57.471203,2254
2025-12-11 04:00:00,1,0.43184642990704286,0.5681535700929572,Hold,57.451538,57.490864,57.392555,57.412216,858
2025-12-11 05:00:00,1,0.4547849358903033,0.5452150641096967,Hold,57.412216,57.451538,57.274586,57.294247,1310
2025-12-11 06:00:00,1,0.4700986122255065,0.5299013877744936,Hold,57.284416,57.294247,57.10746,57.146782,2113
2025-12-11 07:00:00,1,0.44376901630767474,0.5562309836923253,Hold,57.13695,57.19594,56.99932,57.077965,3641
2025-12-11 08:00:00,0,0.4796896251691458,0.5203103748308542,Hold,57.077965,57.09763,56.66507,56.753548,9249
2025-12-11 09:00:00,0,0.47756004203262775,0.5224399579673722,Hold,56.77321,56.832195,56.66507,56.733887,5210
2025-12-11 10:00:00,0,0.42385889665833487,0.5761411033416651,Hold,56.724056,56.753548,56.53727,56.606087,6695
2025-12-11 11:00:00,0,0.47762667697161154,0.5223733230283885,Hold,56.606087,56.792873,56.55693,56.76338,3555
2025-12-11 12:00:00,0,0.45351575322840515,0.5464842467715949,Hold,56.753548,56.891182,56.733887,56.792873,4810
2025-12-11 13:00:00,0,0.44651272707490847,0.5534872729250915,Hold,56.792873,56.881348,56.586422,56.625748,8235
2025-12-11 14:00:00,0,0.4248374916320833,0.5751625083679167,Hold,56.63558,56.63558,56.212852,56.350483,24393
2025-12-11 15:00:00,0,0.4167909636622633,0.5832090363377367,Hold,56.350483,56.53727,56.291496,56.44879,12999
2025-12-11 16:00:00,0,0.40353608058390117,0.5964639194160988,Hold,56.44879,56.51761,56.045727,56.262005,27951
2025-12-11 17:00:00,0,0.436983281158553,0.563016718841447,Hold,56.262005,56.44879,56.242344,56.340652,6684
2025-12-11 18:00:00,0,0.4415031734486132,0.5584968265513868,Hold,56.340652,56.55693,56.281666,56.43896,9965
2025-12-11 19:00:00,0,0.40488936519823826,0.5951106348017617,Hold,56.44879,56.851856,56.42913,56.812534,25007
2025-12-11 20:00:00,0,0.44214996488144687,0.5578500351185531,Hold,56.812534,56.832195,56.68473,56.832195,4379
2025-12-11 21:00:00,0,0.4176419268860019,0.5823580731139981,Hold,56.832195,56.959995,56.822365,56.940334,2254
2025-12-11 23:00:00,0,0.42699703243319803,0.573002967566802,Hold,56.910843,57.10746,56.901012,56.910843,1667
2025-12-12 00:00:00,0,0.4672102880780064,0.5327897119219935,Hold,56.910843,56.98949,56.901012,56.940334,580
2025-12-12 01:00:00,1,0.49012084886307367,0.5098791511369263,Hold,56.940334,57.038643,56.910843,56.99932,1483
2025-12-12 02:00:00,1,0.5029015314493597,0.4970984685506403,Sell,56.99932,57.0878,56.99932,57.038643,958
2025-12-12 03:00:00,1,0.5364946386432236,0.46350536135677645,Sell,57.028812,57.20577,56.98949,57.028812,2710
2025-12-12 04:00:00,1,0.4925761001322759,0.5074238998677241,Hold,57.028812,57.068134,56.98949,57.038643,551
2025-12-12 05:00:00,1,0.46957033335051285,0.5304296666494872,Hold,57.038643,57.156612,57.028812,57.11729,1068
2025-12-12 06:00:00,0,0.4803344763294125,0.5196655236705875,Hold,57.11729,57.12712,56.920673,56.940334,1421
2025-12-12 07:00:00,1,0.46223952866791207,0.5377604713320879,Hold,56.940334,57.018982,56.861687,56.969826,2005
2025-12-12 08:00:00,1,0.5208058933442793,0.4791941066557207,Sell,56.969826,57.146782,56.881348,57.11729,3879
2025-12-12 09:00:00,1,0.4930822707702479,0.5069177292297521,Hold,57.12712,57.146782,56.586422,56.615917,4848
2025-12-12 10:00:00,1,0.4791244815094378,0.5208755184905622,Hold,56.625748,56.66507,56.42913,56.596256,3781
2025-12-12 11:00:00,0,0.4645799292110371,0.5354200707889629,Hold,56.606087,56.606087,56.389805,56.51761,3431
2025-12-12 12:00:00,1,0.4373475422226173,0.5626524577773827,Hold,56.51761,56.704395,56.488113,56.606087,3812
2025-12-12 13:00:00,1,0.4371532865864477,0.5628467134135523,Hold,56.596256,56.704395,56.478283,56.63558,5829
2025-12-12 14:00:00,1,0.4440269989127187,0.5559730010872813,Hold,56.63558,56.65524,56.340652,56.606087,14125
2025-12-12 15:00:00,0,0.4510268238214897,0.5489731761785104,Hold,56.606087,56.606087,56.183357,56.232513,13251
2025-12-12 16:00:00,1,0.4261945473325719,0.5738054526674281,Hold,56.232513,56.743717,56.203022,56.68473,13469
2025-12-12 17:00:00,1,0.41460413474177454,0.5853958652582254,Hold,56.694565,56.743717,56.596256,56.66507,6550
2025-12-12 18:00:00,0,0.34521760025956527,0.6547823997404347,Hold,56.66507,56.704395,56.51761,56.52744,5646
2025-12-12 19:00:00,0,0.3500936090142108,0.6499063909857892,Hold,56.52744,56.64541,56.42913,56.43896,12968
2025-12-12 20:00:00,0,0.4061701409502917,0.5938298590497083,Hold,56.43896,56.52744,56.360313,56.497948,2449
2025-12-12 21:00:00,0,0.3990051138598363,0.6009948861401637,Hold,56.488113,56.56676,56.458622,56.55693,1192
2025-12-14 23:00:00,1,0.37831966677926054,0.6216803332207395,Hold,56.52744,56.68473,56.40947,56.606087,1225
2025-12-15 00:00:00,1,0.3821103297146127,0.6178896702853873,Hold,56.625748,56.724056,56.56676,56.704395,862
2025-12-15 01:00:00,1,0.3744687878063485,0.6255312121936515,Hold,56.694565,56.733887,56.64541,56.694565,851
2025-12-15 02:00:00,1,0.3749052105100145,0.6250947894899854,Hold,56.704395,56.822365,56.694565,56.724056,1069
2025-12-15 03:00:00,1,0.37925315854401837,0.6207468414559816,Hold,56.724056,56.78304,56.714226,56.743717,644
2025-12-15 04:00:00,1,0.3813471714579676,0.6186528285420324,Hold,56.743717,56.792873,56.743717,56.753548,474
2025-12-15 05:00:00,1,0.42184469541887354,0.5781553045811265,Hold,56.753548,56.77321,56.694565,56.714226,478
2025-12-15 06:00:00,1,0.41978896996391957,0.5802110300360804,Hold,56.704395,56.812534,56.6749,56.733887,824
2025-12-15 07:00:00,1,0.38553323464987865,0.6144667653501213,Hold,56.733887,56.802704,56.65524,56.66507,1198
2025-12-15 08:00:00,1,0.4059104263146687,0.5940895736853313,Hold,56.6749,56.724056,56.497948,56.586422,3367
2025-12-15 09:00:00,1,0.45408067829771925,0.5459193217022807,Hold,56.596256,56.743717,56.468452,56.56676,4172
2025-12-15 10:00:00,1,0.5056994050663343,0.49430059493366574,Sell,56.586422,56.63558,56.31116,56.340652,3840
2025-12-15 11:00:00,0,0.47832681910377245,0.5216731808962276,Hold,56.350483,56.458622,56.08505,56.163696,4053
2025-12-15 12:00:00,0,0.555455417334329,0.444544582665671,Sell,56.173527,56.242344,56.114544,56.212852,3546
2025-12-15 13:00:00,1,0.4502900219639301,0.5497099780360699,Hold,56.222683,56.42913,55.99657,56.104713,9392
2025-12-15 14:00:00,1,0.43251943057865216,0.5674805694213478,Hold,56.104713,56.222683,55.86877,55.96708,13611
2025-12-15 15:00:00,1,0.4119615374568137,0.5880384625431863,Hold,55.96708,56.07522,55.7508,55.83928,13058
2025-12-15 16:00:00,0,0.4335115055032498,0.5664884944967502,Hold,55.83928,55.85894,55.446045,55.642662,21081
2025-12-15 17:00:00,1,0.4548831790329939,0.5451168209670061,Hold,55.63283,55.780293,55.554184,55.672153,7638
2025-12-15 18:00:00,0,0.4191461272293971,0.580853872770603,Hold,55.672153,55.672153,55.446045,55.564014,7870
2025-12-15 19:00:00,1,0.3499404388742318,0.6500595611257682,Hold,55.554184,55.917927,55.554184,55.780293,16291
2025-12-15 20:00:00,1,0.36843478113086703,0.631565218869133,Hold,55.770462,55.790123,55.652493,55.691814,2149
2025-12-15 21:00:00,1,0.3624312281721448,0.6375687718278552,Hold,55.691814,55.7508,55.613167,55.72131,1715
2025-12-15 23:00:00,1,0.4051076625965176,0.5948923374034825,Hold,55.72131,55.74097,55.613167,55.681984,463
2025-12-16 00:00:00,1,0.4874106933366347,0.5125893066633653,Hold,55.691814,55.72131,55.672153,55.71148,327
2025-12-16 01:00:00,1,0.45169720918853634,0.5483027908114637,Hold,55.71148,55.72131,55.524693,55.524693,1571
2025-12-16 02:00:00,1,0.43782172047526535,0.5621782795247346,Hold,55.534523,55.63283,55.475536,55.505028,917
2025-12-16 03:00:00,1,0.46875432156844354,0.5312456784315565,Hold,55.524693,55.564014,55.51486,55.524693,881
2025-12-16 04:00:00,1,0.4893844567811373,0.5106155432188627,Hold,55.524693,55.583675,55.505028,55.544353,396
2025-12-16 05:00:00,0,0.4929542625867864,0.5070457374132136,Hold,55.534523,55.564014,55.367397,55.39689,1235
2025-12-16 06:00:00,1,0.4835318697890984,0.5164681302109015,Hold,55.39689,55.603336,55.38706,55.603336,1127
2025-12-16 07:00:00,1,0.5038386942199942,0.49616130578000583,Sell,55.583675,55.583675,55.41655,55.426384,2012
2025-12-16 08:00:00,1,0.5009911838411504,0.4990088161588496,Sell,55.41655,55.495197,55.003654,55.19044,6273
2025-12-16 09:00:00,0,0.5310080817265368,0.4689919182734632,Sell,55.19044,55.219933,54.875854,54.895515,6295
2025-12-16 10:00:00,0,0.5128665087615665,0.4871334912384335,Sell,54.885685,54.974163,54.748055,54.875854,4703
2025-12-16 11:00:00,1,0.4847959996767156,0.5152040003232844,Hold,54.895515,55.003654,54.836533,54.94467,2978
2025-12-16 12:00:00,1,0.4840891067943326,0.5159108932056674,Hold,54.925007,55.04298,54.905346,54.964333,3634
2025-12-16 13:00:00,0,0.49360666086282307,0.5063933391371769,Hold,54.954502,55.013485,54.649746,54.748055,7328
2025-12-16 14:00:00,0,0.5069469188911863,0.49305308110881374,Sell,54.748055,54.748055,54.34499,54.36465,12637
2025-12-16 15:00:00,0,0.47589699452118034,0.5241030054788196,Hold,54.35482,54.423634,54.05006,54.315495,16282
2025-12-16 16:00:00,0,0.45777734503246414,0.5422226549675359,Hold,54.305664,54.62025,54.217186,54.59076,12799
2025-12-16 17:00:00,0,0.43348311664992306,0.5665168833500769,Hold,54.60059,54.70873,54.423634,54.433464,7875
2025-12-16 18:00:00,0,0.45013654426471106,0.5498634557352889,Hold,54.433464,54.669407,54.394142,54.47279,5912
2025-12-16 19:00:00,0,0.48520281048282493,0.514797189517175,Hold,54.48262,54.49245,54.276173,54.315495,11040
2025-12-16 20:00:00,0,0.5131435481206039,0.4868564518793961,Sell,54.315495,54.35482,54.227016,54.236847,2851
2025-12-16 21:00:00,0,0.45216234360839735,0.5478376563916026,Hold,54.24668,54.25651,54.14837,54.236847,2444
2025-12-16 23:00:00,0,0.46297384157271715,0.5370261584272829,Hold,54.295834,54.649746,54.266342,54.649746,1254
2025-12-17 00:00:00,0,0.553442327393413,0.44655767260658696,Sell,54.639915,55.239597,54.62025,54.797207,2838
2025-12-17 01:00:00,0,0.491544570132381,0.5084554298676189,Hold,54.807037,54.915176,54.70873,54.807037,1160
2025-12-17 02:00:00,0,0.5247507529265482,0.47524924707345184,Sell,54.816868,55.111794,54.816868,54.925007,920
2025-12-17 03:00:00,0,0.5434356353784722,0.45656436462152783,Sell,54.94467,55.07247,54.915176,55.03315,587
2025-12-17 04:00:00,0,0.5358590426682904,0.46414095733170957,Sell,55.04298,55.111794,54.983994,55.092133,791
2025-12-17 05:00:00,0,0.5351910220378778,0.46480897796212217,Sell,55.111794,55.27892,55.082302,55.15112,554
2025-12-17 06:00:00,0,0.5326857069595379,0.4673142930404621,Sell,55.15112,55.25926,55.003654,55.14129,226
2025-12-17 07:00:00,0,0.5485756713258431,0.45142432867415694,Sell,55.111794,55.26909,55.06264,55.07247,460
2025-12-17 08:00:00,0,0.5781732909289214,0.42182670907107855,Sell,55.082302,55.377228,54.94467,55.377228,1312
2025-12-17 09:00:00,0,0.5910711043111186,0.40892889568888136,Sell,55.347736,55.72131,55.249428,55.593506,3826
2025-12-17 10:00:00,0,0.6108563105552973,0.3891436894447027,Sell,55.583675,55.780293,55.583675,55.63283,1299
2025-12-17 11:00:00,0,0.6204819962053907,0.3795180037946093,Sell,55.63283,55.662323,55.446045,55.465706,839
2025-12-17 12:00:00,0,0.596525992874136,0.403474007125864,Sell,55.455875,55.564014,55.249428,55.26909,1364
2025-12-17 13:00:00,0,0.6079854987827864,0.3920145012172136,Sell,55.28875,55.41655,55.210102,55.39689,1792
2025-12-17 14:00:00,0,0.5078722078567457,0.4921277921432543,Sell,55.38706,55.38706,54.777546,55.06264,4598
2025-12-17 15:00:00,0,0.565632972537058,0.434367027462942,Sell,55.04298,55.38706,54.94467,55.092133,2656
2025-12-17 16:00:00,0,0.5628318864504407,0.4371681135495593,Sell,55.101963,55.377228,55.04298,55.25926,2028
2025-12-17 17:00:00,0,0.5637433023409064,0.4362566976590936,Sell,55.249428,55.27892,55.07247,55.17078,1948
2025-12-17 18:00:00,0,0.5482172492465348,0.4517827507534652,Sell,55.17078,55.26909,55.03315,55.06264,1203
2025-12-17 19:00:00,0,0.5388401278105811,0.4611598721894189,Sell,55.05281,55.17078,54.94467,55.17078,3935
2025-12-17 20:00:00,0,0.5453669218995514,0.4546330781004486,Sell,55.15112,55.809788,55.15112,55.71148,1503
2025-12-17 21:00:00,0,0.5491672374234701,0.45083276257652993,Sell,55.74097,56.016235,55.74097,55.937588,999
2025-12-17 23:00:00,0,0.5180823890984685,0.4819176109015315,Sell,55.937588,56.065388,55.937588,55.98674,472
2025-12-18 00:00:00,0,0.5363550625491837,0.46364493745081625,Sell,55.98674,56.055824,55.91766,55.967003,1435
2025-12-18 01:00:00,0,0.5503496507863804,0.44965034921361957,Sell,55.967003,56.055824,55.92753,55.967003,2475
2025-12-18 02:00:00,0,0.5523518091116084,0.4476481908883916,Sell,55.967003,56.00648,55.177486,55.48342,9555
2025-12-18 03:00:00,0,0.4971442924015087,0.5028557075984913,Hold,55.493294,55.552505,55.443947,55.48342,1342
2025-12-18 04:00:00,0,0.49926019778457686,0.5007398022154231,Hold,55.48342,55.51303,55.384735,55.453815,1037
2025-12-18 05:00:00,0,0.5284698473476482,0.47153015265235176,Sell,55.443947,55.572243,55.404472,55.572243,632
2025-12-18 06:00:00,0,0.4881792735013901,0.5118207264986099,Hold,55.572243,55.661064,55.562374,55.661064,1352
2025-12-18 07:00:00,0,0.48929073241866716,0.5107092675813328,Hold,55.651196,55.71041,55.53277,55.542637,2487
2025-12-18 08:00:00,0,0.5319696954915466,0.4680303045084534,Sell,55.552505,55.62159,55.364994,55.394604,5309
2025-12-18 09:00:00,0,0.5221398234538088,0.4778601765461912,Sell,55.394604,55.493294,55.147877,55.276176,7045
2025-12-18 10:00:00,0,0.5400472012492094,0.45995279875079065,Sell,55.266304,55.355125,55.078796,55.088665,4293
2025-12-18 11:00:00,0,0.5645516510311354,0.43544834896886464,Sell,55.098534,55.276176,54.999844,55.049187,4674
2025-12-18 12:00:00,0,0.5567817836596253,0.4432182163403747,Sell,55.039318,55.266304,54.999844,55.187355,4431
2025-12-18 13:00:00,0,0.5305451761979624,0.4694548238020376,Sell,55.197224,55.503162,55.187355,55.31565,8253
2025-12-18 14:00:00,0,0.4963046506497218,0.5036953493502783,Hold,55.305782,55.661064,55.177486,55.651196,18661
2025-12-18 15:00:00,0,0.47579023287265804,0.524209767127342,Hold,55.651196,55.700542,55.404472,55.503162,13985
2025-12-18 16:00:00,0,0.47101125711229413,0.5289887428877058,Hold,55.503162,55.769623,55.404472,55.5229,11322
2025-12-18 17:00:00,0,0.43374232315759564,0.5662576768424044,Hold,55.5229,55.700542,55.42421,55.453815,8401
2025-12-18 18:00:00,0,0.44016551301896706,0.559834486981033,Hold,55.453815,55.53277,55.32552,55.384735,7825
2025-12-18 19:00:00,0,0.492296356703387,0.507703643296613,Hold,55.394604,55.42421,55.078796,55.098534,12823
2025-12-18 20:00:00,0,0.508539532710333,0.49146046728966697,Sell,55.098534,55.207092,55.088665,55.157745,2640
2025-12-18 21:00:00,0,0.44541699803784685,0.5545830019621532,Hold,55.157745,55.256435,55.13801,55.167614,2296
2025-12-18 23:00:00,0,0.42695327072444456,0.5730467292755554,Hold,55.167614,55.256435,55.11827,55.11827,891
2025-12-19 00:00:00,0,0.40741263889741963,0.5925873611025804,Hold,55.12814,55.157745,55.068928,55.147877,569
2025-12-19 01:00:00,0,0.38999659175917956,0.6100034082408204,Hold,55.147877,55.21696,55.01958,55.088665,2624
2025-12-19 02:00:00,0,0.4319556877365204,0.5680443122634796,Hold,55.088665,55.157745,55.059055,55.11827,1093
2025-12-19 03:00:00,0,0.43455996979754213,0.5654400302024578,Hold,55.11827,55.177486,55.059055,55.11827,1207
2025-12-19 04:00:00,0,0.4484249478553984,0.5515750521446017,Hold,55.11827,55.256435,55.11827,55.167614,1202
2025-12-19 05:00:00,0,0.46827251671051073,0.5317274832894893,Hold,55.167614,55.177486,55.068928,55.088665,847
2025-12-19 06:00:00,0,0.4379821218034348,0.5620178781965652,Hold,55.088665,55.197224,55.059055,55.167614,1094
2025-12-19 07:00:00,0,0.444780400453702,0.5552195995462981,Hold,55.157745,55.246567,54.92089,54.950497,3033
2025-12-19 08:00:00,0,0.41359572794345506,0.586404272056545,Hold,54.950497,55.256435,54.93076,55.12814,5843
2025-12-19 09:00:00,0,0.4242256731542313,0.5757743268457687,Hold,55.147877,55.21696,54.911022,55.108402,5325
2025-12-19 10:00:00,0,0.4239929276978679,0.5760070723021321,Hold,55.108402,55.374863,54.881416,55.266304,8479
2025-12-19 11:00:00,0,0.5094077606583497,0.4905922393416503,Sell,55.276176,55.51303,55.266304,55.493294,5613
2025-12-19 12:00:00,0,0.5091205655952111,0.4908794344047889,Sell,55.493294,55.63146,55.364994,55.572243,4187
2025-12-19 13:00:00,0,0.4836950593607492,0.5163049406392508,Hold,55.562374,55.81897,55.53277,55.749886,6824
2025-12-19 14:00:00,0,0.42019240834299554,0.5798075916570045,Hold,55.740017,55.799232,55.453815,55.71041,17396
2025-12-19 15:00:00,0,0.37537814835102046,0.6246218516489795,Hold,55.72028,55.769623,55.355125,55.443947,9998
2025-12-19 16:00:00,0,0.43081030668016107,0.5691896933198389,Hold,55.43408,55.799232,55.43408,55.700542,11838
2025-12-19 17:00:00,0,0.39821972080750884,0.6017802791924911,Hold,55.700542,55.769623,55.61172,55.73015,6522
2025-12-19 18:00:00,0,0.41641114334383467,0.5835888566561653,Hold,55.740017,55.97687,55.700542,55.90779,9737
2025-12-19 19:00:00,0,0.43892287180068634,0.5610771281993137,Hold,55.90779,55.90779,55.670933,55.77949,22303
2025-12-19 20:00:00,0,0.4370351869412761,0.5629648130587239,Hold,55.77949,55.92753,55.71041,55.81897,3452
2025-12-19 21:00:00,0,0.4118623990406906,0.5881376009593093,Hold,55.81897,55.858444,55.740017,55.799232,1607
2025-12-21 23:00:00,0,0.4595905160517086,0.5404094839482914,Hold,55.88805,56.253204,55.858444,56.12491,3270
2025-12-22 00:00:00,0,0.4382276846350013,0.5617723153649987,Hold,56.11504,56.17425,56.0953,56.144646,999
2025-12-22 01:00:00,0,0.4576500968666566,0.5423499031333434,Hold,56.154514,56.253204,56.12491,56.154514,2424
2025-12-22 02:00:00,0,0.4702227498669175,0.5297772501330825,Hold,56.164383,56.342026,56.154514,56.243336,1845
2025-12-22 03:00:00,0,0.4615942629656963,0.5384057370343037,Hold,56.243336,56.28281,56.164383,56.233467,1504
2025-12-22 04:00:00,0,0.4529920348819826,0.5470079651180174,Hold,56.233467,56.312416,56.19399,56.263073,915
2025-12-22 05:00:00,0,0.47822177111867,0.52177822888133,Hold,56.263073,56.509796,56.213726,56.401237,3226
2025-12-22 06:00:00,0,0.4391933975547877,0.5608066024452123,Hold,56.401237,56.49006,56.32229,56.430847,1498
2025-12-22 07:00:00,0,0.4225217200085626,0.5774782799914374,Hold,56.430847,56.509796,56.29268,56.332157,2191
2025-12-22 08:00:00,0,0.3701442212312411,0.6298557787687589,Hold,56.332157,56.3815,56.213726,56.351894,4747
2025-12-22 09:00:00,0,0.36039464499693336,0.6396053550030667,Hold,56.351894,56.411106,56.164383,56.302547,3262
2025-12-22 10:00:00,0,0.44192481561890595,0.558075184381094,Hold,56.312416,56.736786,56.27294,56.67757,5912
2025-12-22 11:00:00,0,0.4144504421626716,0.5855495578373284,Hold,56.67757,57.013115,56.67757,56.98351,7677
2025-12-22 12:00:00,0,0.38113048221556556,0.6188695177844344,Hold,56.993378,57.003246,56.87495,56.953903,7051
2025-12-22 13:00:00,0,0.3673776615081138,0.6326223384918862,Hold,56.96377,57.3684,56.934162,57.230232,15423
2025-12-22 14:00:00,0,0.3875319032755925,0.6124680967244075,Hold,57.220364,57.289448,56.904556,57.022984,18310
2025-12-22 15:00:00,0,0.34616723267010996,0.65383276732989,Hold,57.022984,57.2401,56.835472,56.855213,11540
2025-12-22 16:00:00,0,0.3294880702596686,0.6705119297403315,Hold,56.855213,57.121674,56.805866,57.052593,11651
2025-12-22 17:00:00,0,0.29621736843850194,0.7037826315614981,Hold,57.04272,57.190758,57.013115,57.04272,7294
2025-12-22 18:00:00,0,0.279776518092474,0.7202234819075259,Hold,57.052593,57.220364,57.04272,57.16115,6410
2025-12-22 19:00:00,0,0.28575525735291823,0.7142447426470817,Hold,57.15128,57.299316,57.07233,57.26971,12804
2025-12-22 20:00:00,0,0.30203935066922916,0.6979606493307708,Hold,57.27958,57.328922,57.210495,57.230232,4684
2025-12-22 21:00:00,0,0.35741845682831136,0.6425815431716886,Hold,57.2401,57.24997,57.121674,57.190758,2655
2025-12-22 23:00:00,0,0.35294359843932555,0.6470564015606745,Hold,57.190758,57.230232,57.032852,57.121674,807
2025-12-23 00:00:00,0,0.33285386532754097,0.667146134672459,Hold,57.121674,57.16115,57.07233,57.0822,696
2025-12-23 01:00:00,0,0.3758633246228355,0.6241366753771644,Hold,57.092068,57.210495,57.07233,57.121674,1601
2025-12-23 02:00:00,0,0.374847705257934,0.625152294742066,Hold,57.121674,57.210495,57.101936,57.17102,1486
2025-12-23 03:00:00,0,0.3279020712055099,0.6720979287944902,Hold,57.18089,57.220364,57.14141,57.190758,898
2025-12-23 04:00:00,0,0.29212862641191883,0.7078713735880812,Hold,57.190758,57.190758,57.131542,57.131542,441
2025-12-23 05:00:00,0,0.3336819144959024,0.6663180855040975,Hold,57.131542,57.131542,57.003246,57.032852,1255
2025-12-23 06:00:00,0,0.3557640889929687,0.6442359110070313,Hold,57.022984,57.111805,57.003246,57.092068,1294
2025-12-23 07:00:00,0,0.33611300246356246,0.6638869975364375,Hold,57.092068,57.17102,57.06246,57.121674,1627
2025-12-23 08:00:00,0,0.30853931731013423,0.6914606826898657,Hold,57.121674,57.299316,57.111805,57.190758,4673
2025-12-23 09:00:00,0,0.35392806835647245,0.6460719316435275,Hold,57.190758,57.33879,57.17102,57.26971,2925
2025-12-23 10:00:00,0,0.35848679589995264,0.6415132041000473,Hold,57.259842,57.407875,57.17102,57.319054,3381
2025-12-23 11:00:00,0,0.33113191243817575,0.6688680875618243,Hold,57.328922,57.388138,57.210495,57.328922,2655
2025-12-23 12:00:00,0,0.3875549431343138,0.6124450568656862,Hold,57.328922,57.417744,57.24997,57.37827,2595
2025-12-23 13:00:00,0,0.37422323695102805,0.6257767630489719,Hold,57.388138,57.46709,57.319054,57.407875,5522
2025-12-23 14:00:00,0,0.32071893401455803,0.679281065985442,Hold,57.407875,57.45722,56.98351,57.032852,15218
2025-12-23 15:00:00,0,0.290766519347463,0.709233480652537,Hold,57.032852,57.200626,56.993378,57.022984,8382
2025-12-23 16:00:00,0,0.3720477943177162,0.6279522056822838,Hold,57.022984,57.43748,56.993378,57.319054,11987
2025-12-23 17:00:00,0,0.3870041917294994,0.6129958082705006,Hold,57.309185,57.506565,57.299316,57.47696,8533
2025-12-23 18:00:00,0,0.3617452717874458,0.6382547282125541,Hold,57.47696,57.64473,57.45722,57.55591,6687
2025-12-23 19:00:00,0,0.36426113935425536,0.6357388606457446,Hold,57.565777,57.723682,57.54604,57.694077,10017
2025-12-23 20:00:00,0,0.3446664176456208,0.6553335823543792,Hold,57.684208,57.74342,57.64473,57.684208,2902
2025-12-23 21:00:00,0,0.32659802438979846,0.6734019756102015,Hold,57.684208,57.792767,57.684208,57.703945,1848
2025-12-23 23:00:00,0,0.36288661720496246,0.6371133827950375,Hold,57.703945,57.782898,57.595387,57.782898,800
2025-12-24 00:00:00,0,0.3463875142543123,0.6536124857456878,Hold,57.782898,57.85198,57.703945,57.74342,939
2025-12-24 01:00:00,0,0.38590280307879526,0.6140971969212048,Hold,57.74342,57.74342,57.516434,57.605255,2705
2025-12-24 02:00:00,0,0.3367441440818165,0.6632558559181835,Hold,57.615124,57.67434,57.605255,57.615124,1055
2025-12-24 03:00:00,0,0.352623568450221,0.647376431549779,Hold,57.624992,57.684208,57.585518,57.67434,1071
2025-12-24 04:00:00,0,0.38346499111343396,0.616535008886566,Hold,57.684208,57.75329,57.45722,57.723682,3056
2025-12-24 05:00:00,0,0.34340080220538827,0.6565991977946117,Hold,57.73355,57.763157,57.67434,57.703945,1159
2025-12-24 06:00:00,0,0.4023090689402206,0.5976909310597793,Hold,57.694077,57.861847,57.6546,57.802635,1030
2025-12-24 07:00:00,0,0.3694209629138092,0.6305790370861908,Hold,57.802635,57.891457,57.773026,57.822372,1186
2025-12-24 08:00:00,0,0.36809068286557695,0.631909317134423,Hold,57.822372,57.980274,57.802635,57.84211,3492
2025-12-24 09:00:00,0,0.3596088531455369,0.6403911468544631,Hold,57.83224,57.85198,57.615124,57.723682,3044
2025-12-24 10:00:00,0,0.41038819579354674,0.5896118042064533,Hold,57.73355,57.85198,57.664467,57.812504,1465
2025-12-24 11:00:00,0,0.390506838703107,0.609493161296893,Hold,57.812504,57.9408,57.67434,57.85198,2184
2025-12-24 12:00:00,0,0.32499227825821236,0.6750077217417876,Hold,57.85198,57.960537,57.6546,57.703945,4689
2025-12-24 13:00:00,0,0.3391493845709034,0.6608506154290966,Hold,57.713814,57.782898,57.63486,57.75329,4157
2025-12-24 14:00:00,0,0.36397427791244075,0.6360257220875593,Hold,57.75329,57.921062,57.64473,57.802635,8145
2025-12-24 15:00:00,0,0.33952039395531375,0.6604796060446863,Hold,57.792767,57.861847,57.3684,57.45722,8958
2025-12-24 16:00:00,0,0.32442482146509927,0.6755751785349007,Hold,57.44735,57.684208,57.407875,57.6546,5965
2025-12-24 17:00:00,0,0.27363537757371903,0.726364622426281,Hold,57.6546,57.812504,57.53617,57.595387,5588
2025-12-24 18:00:00,0,0.29770788727385455,0.7022921127261454,Hold,57.595387,57.64473,57.506565,57.63486,3814
2025-12-25 23:00:00,0,0.3998542132587018,0.6001457867412983,Hold,57.585518,57.773026,57.585518,57.75329,873
2025-12-26 00:00:00,0,0.4342091204253164,0.5657908795746835,Hold,57.75329,57.782898,57.63486,57.684208,597
2025-12-26 01:00:00,0,0.410227772405177,0.589772227594823,Hold,57.67434,57.822372,57.664467,57.694077,1718
2025-12-26 02:00:00,0,0.4024928113601437,0.5975071886398563,Hold,57.684208,57.773026,57.6546,57.723682,851
2025-12-26 03:00:00,0,0.4214758205470182,0.5785241794529818,Hold,57.723682,57.74342,57.6546,57.664467,559
2025-12-26 04:00:00,0,0.43189134764293124,0.5681086523570688,Hold,57.664467,57.67434,57.55591,57.6546,579
2025-12-26 05:00:00,0,0.4459812832092597,0.5540187167907402,Hold,57.6546,57.664467,57.54604,57.664467,1041
2025-12-26 06:00:00,0,0.45154820529192113,0.5484517947080789,Hold,57.6546,57.782898,57.624992,57.723682,1542
2025-12-26 07:00:00,0,0.3848192143744936,0.6151807856255064,Hold,57.723682,57.792767,57.63486,57.64473,1117
2025-12-26 08:00:00,0,0.49874797796914594,0.5012520220308541,Hold,57.64473,57.83224,57.565777,57.802635,4014
2025-12-26 09:00:00,0,0.44766097908948693,0.552339020910513,Hold,57.792767,57.901325,57.595387,57.67434,3291
2025-12-26 10:00:00,1,0.475570430272251,0.524429569727749,Hold,57.664467,58.108574,57.664467,57.792767,4184
2025-12-26 11:00:00,1,0.49820324378921294,0.501796756210787,Hold,57.782898,57.881588,57.46709,57.63486,4242
2025-12-26 12:00:00,1,0.4687423428479198,0.5312576571520802,Hold,57.64473,57.74342,57.565777,57.595387,2557
2025-12-26 13:00:00,1,0.474522231753981,0.525477768246019,Hold,57.605255,57.694077,57.24997,57.27958,7244
2025-12-26 14:00:00,1,0.4503881735973566,0.5496118264026434,Hold,57.26971,57.26971,56.98351,57.121674,12665
2025-12-26 15:00:00,0,0.3559877816337774,0.6440122183662226,Hold,57.111805,57.121674,56.618355,56.67757,11495
2025-12-26 16:00:00,0,0.3306768851464282,0.6693231148535719,Hold,56.67757,56.717045,56.460453,56.519665,10903
2025-12-26 17:00:00,0,0.38677964564201783,0.6132203543579822,Hold,56.519665,56.58875,56.39137,56.48019,6469
2025-12-26 18:00:00,0,0.3638128435823512,0.6361871564176488,Hold,56.48019,56.549274,56.263073,56.27294,7439
2025-12-26 19:00:00,0,0.3651591598718003,0.6348408401281997,Hold,56.28281,56.351894,55.90779,55.99661,18797
2025-12-26 20:00:00,0,0.38199646994354897,0.618003530056451,Hold,55.99661,56.18412,55.967003,56.154514,4166
2025-12-26 21:00:00,0,0.396824737319912,0.6031752626800879,Hold,56.154514,56.263073,56.11504,56.18412,1778
2025-12-28 23:00:00,0,0.4100109841788529,0.5899890158211472,Hold,56.29268,56.48019,56.164383,56.460453,2096
2025-12-29 00:00:00,0,0.36661352751918846,0.6333864724808116,Hold,56.450584,56.49006,56.39137,56.401237,1242
2025-12-29 01:00:00,0,0.4125675475778079,0.5874324524221921,Hold,56.39137,56.539406,56.32229,56.3815,2641
2025-12-29 02:00:00,0,0.47473246437741584,0.5252675356225842,Hold,56.3815,56.549274,56.342026,56.529537,1227
2025-12-29 03:00:00,0,0.4484664650256271,0.5515335349743729,Hold,56.529537,56.608486,56.48019,56.57888,1066
2025-12-29 04:00:00,0,0.445363051538491,0.554636948461509,Hold,56.57888,56.608486,56.539406,56.56901,453
2025-12-29 05:00:00,0,0.4922261732801346,0.5077738267198654,Hold,56.559143,56.76639,56.529537,56.638096,1766
2025-12-29 06:00:00,0,0.46961375978212017,0.5303862402178798,Hold,56.638096,56.67757,56.549274,56.57888,1112
2025-12-29 07:00:00,0,0.5359171546836862,0.46408284531631383,Sell,56.57888,56.6677,56.519665,56.608486,2105
2025-12-29 08:00:00,0,0.576888120810986,0.42311187918901405,Sell,56.618355,56.855213,56.559143,56.845345,5369
2025-12-29 09:00:00,0,0.5873723440119928,0.4126276559880072,Sell,56.845345,57.328922,56.845345,57.220364,7802
2025-12-29 10:00:00,0,0.5787989464063542,0.4212010535936458,Sell,57.230232,57.24997,56.96377,57.230232,4906
2025-12-29 11:00:00,0,0.5495816085529697,0.45041839144703033,Sell,57.230232,57.309185,57.15128,57.259842,3266
2025-12-29 12:00:00,0,0.6006405217403302,0.3993594782596698,Sell,57.26971,57.417744,57.131542,57.37827,4578
2025-12-29 13:00:00,0,0.5558857043108528,0.4441142956891472,Sell,57.37827,57.506565,57.299316,57.328922,7268
2025-12-29 14:00:00,0,0.5492128191059653,0.4507871808940347,Sell,57.328922,57.516434,57.111805,57.35853,15085
2025-12-29 15:00:00,0,0.5441241023861708,0.4558758976138292,Sell,57.34866,57.486828,57.289448,57.45722,11993
2025-12-29 16:00:00,0,0.5584369426312766,0.44156305736872337,Sell,57.45722,57.53617,57.24997,57.259842,13093
2025-12-29 17:00:00,0,0.5406321985437144,0.45936780145628564,Sell,57.259842,57.43748,57.220364,57.24997,6648
2025-12-29 18:00:00,0,0.4968880447558769,0.5031119552441231,Hold,57.259842,57.309185,57.052593,57.17102,8810
2025-12-29 19:00:00,0,0.5243009024120414,0.4756990975879586,Sell,57.17102,57.427612,57.14141,57.27958,12418
2025-12-29 20:00:00,0,0.45803508625791817,0.5419649137420819,Hold,57.27958,57.27958,57.06246,57.0822,2417
2025-12-29 21:00:00,0,0.44873626457112775,0.5512637354288723,Hold,57.092068,57.131542,57.022984,57.07233,1677
2025-12-29 23:00:00,0,0.5058443569180942,0.49415564308190585,Sell,57.052593,57.101936,56.894688,57.022984,802
2025-12-30 00:00:00,0,0.4575535930376393,0.5424464069623607,Hold,57.032852,57.052593,56.96377,56.98351,233
2025-12-30 01:00:00,0,0.5517010601461206,0.44829893985387936,Sell,56.98351,57.17102,56.845345,57.15128,2200
2025-12-30 02:00:00,0,0.5134326919870289,0.4865673080129711,Sell,57.15128,57.24997,57.07233,57.200626,1130
2025-12-30 03:00:00,0,0.46669427237705635,0.5333057276229436,Hold,57.210495,57.388138,57.200626,57.299316,1049
2025-12-30 04:00:00,0,0.45044886093832703,0.549551139061673,Hold,57.289448,57.33879,57.27958,57.309185,348
2025-12-30 05:00:00,0,0.5088394090860022,0.4911605909139978,Sell,57.299316,57.44735,57.2401,57.35853,1011
2025-12-30 06:00:00,0,0.4526240442641504,0.5473759557358495,Hold,57.35853,57.407875,57.190758,57.210495,1111
2025-12-30 07:00:00,0,0.5224825192712257,0.4775174807287743,Sell,57.210495,57.33879,57.17102,57.299316,1028
2025-12-30 08:00:00,0,0.545644052175026,0.454355947824974,Sell,57.289448,57.516434,57.230232,57.45722,4934
2025-12-30 09:00:00,1,0.5415410859604362,0.45845891403956385,Sell,57.45722,57.684208,57.407875,57.595387,5000
2025-12-30 10:00:00,0,0.5320010867085659,0.46799891329143406,Sell,57.595387,57.67434,57.398006,57.53617,3416
2025-12-30 11:00:00,1,0.5620051821307555,0.43799481786924455,Sell,57.516434,57.63486,57.47696,57.615124,2452
2025-12-30 12:00:00,1,0.5429706187894571,0.45702938121054293,Sell,57.624992,57.703945,57.486828,57.57565,4147
2025-12-30 13:00:00,1,0.5608011848512912,0.43919881514870884,Sell,57.57565,57.67434,57.496696,57.605255,5684
2025-12-30 14:00:00,1,0.5647410648132052,0.4352589351867948,Sell,57.615124,57.703945,57.55591,57.624992,9779
2025-12-30 15:00:00,0,0.4998074504034772,0.5001925495965228,Hold,57.624992,57.67434,57.496696,57.53617,7732
2025-12-30 16:00:00,0,0.5385253733548276,0.46147462664517236,Sell,57.53617,57.595387,57.24997,57.319054,9289
2025-12-30 17:00:00,0,0.5242357085399494,0.4757642914600506,Sell,57.309185,57.3684,57.17102,57.24997,6319
2025-12-30 18:00:00,0,0.5143266888646025,0.48567331113539747,Sell,57.24997,57.319054,57.190758,57.24997,4232
2025-12-30 19:00:00,0,0.5048387817432123,0.4951612182567877,Sell,57.259842,57.289448,57.131542,57.190758,9705
2025-12-30 20:00:00,0,0.518050188987338,0.481949811012662,Sell,57.200626,57.230232,57.121674,57.17102,1934
2025-12-30 21:00:00,0,0.5693098145362259,0.43069018546377413,Sell,57.18089,57.220364,57.121674,57.190758,1048
2025-12-30 23:00:00,0,0.5786026875491342,0.42139731245086576,Sell,57.190758,57.200626,57.0822,57.16115,478
2025-12-31 00:00:00,0,0.5931842046028843,0.40681579539711565,Sell,57.17102,57.200626,57.15128,57.18089,146
2025-12-31 01:00:00,0,0.5503640534975716,0.44963594650242844,Sell,57.18089,57.190758,57.052593,57.06246,1229
2025-12-31 02:00:00,0,0.5439309834671728,0.45606901653282717,Sell,57.06246,57.18089,57.032852,57.101936,1174
2025-12-31 03:00:00,0,0.548378612513599,0.451621387486401,Sell,57.111805,57.200626,57.06246,57.131542,965
2025-12-31 04:00:00,0,0.6147409830340296,0.3852590169659704,Sell,57.131542,57.47696,57.121674,57.289448,2520
2025-12-31 05:00:00,0,0.5465735882010639,0.45342641179893606,Sell,57.289448,57.299316,57.06246,57.101936,1284
2025-12-31 06:00:00,0,0.5591393261360383,0.44086067386396166,Sell,57.101936,57.17102,57.07233,57.092068,706
2025-12-31 07:00:00,0,0.546356544629877,0.45364345537012296,Sell,57.092068,57.200626,57.04272,57.0822,887
2025-12-31 08:00:00,0,0.548588679845855,0.451411320154145,Sell,57.0822,57.092068,56.934162,56.953903,2646
2025-12-31 09:00:00,0,0.5658247196070277,0.43417528039297226,Sell,56.97364,57.417744,56.97364,57.309185,3892
2025-12-31 10:00:00,0,0.5751062865551596,0.4248937134448404,Sell,57.299316,57.407875,57.18089,57.33879,2770
2025-12-31 11:00:00,0,0.5326222066710873,0.4673777933289127,Sell,57.33879,57.585518,57.309185,57.47696,3087
2025-12-31 12:00:00,0,0.4924397188696184,0.5075602811303817,Hold,57.47696,57.585518,57.289448,57.37827,5224
2025-12-31 13:00:00,1,0.5312280099353152,0.46877199006468484,Sell,57.37827,57.782898,57.34866,57.67434,8123
2025-12-31 14:00:00,1,0.5596521279656562,0.4403478720343438,Sell,57.684208,57.713814,57.3684,57.486828,10739
2025-12-31 15:00:00,1,0.4740972693797061,0.5259027306202939,Hold,57.486828,57.624992,57.07233,57.0822,10105
2025-12-31 16:00:00,1,0.5046153179550354,0.49538468204496455,Sell,57.07233,57.319054,56.97364,57.101936,8514
2025-12-31 17:00:00,1,0.5032201403346228,0.4967798596653772,Sell,57.101936,57.15128,56.96377,56.98351,4856
2025-12-31 18:00:00,0,0.5190467721450991,0.4809532278549009,Sell,56.993378,57.022984,56.697308,56.815735,9729
2025-12-31 19:00:00,0,0.43062921060459164,0.5693707893954083,Hold,56.815735,56.855213,56.450584,56.717045,12628
2025-12-31 20:00:00,0,0.4528845805580106,0.5471154194419894,Hold,56.717045,56.736786,56.647964,56.68744,1635
2025-12-31 21:00:00,0,0.4497137221862631,0.550286277813737,Hold,56.68744,56.726913,56.647964,56.657833,698
2026-01-01 23:00:00,0,0.3866633664105909,0.613336633589409,Hold,56.657833,56.815735,56.657833,56.726913,1045
2026-01-02 00:00:00,0,0.375675649015314,0.6243243509846861,Hold,56.726913,56.726913,56.657833,56.6677,471
2026-01-02 01:00:00,0,0.3871252677685586,0.6128747322314414,Hold,56.6677,56.815735,56.657833,56.77626,1598
2026-01-02 02:00:00,0,0.42735796669600207,0.5726420333039979,Hold,56.77626,56.88482,56.76639,56.855213,1104
2026-01-02 03:00:00,1,0.4086848300219015,0.5913151699780985,Hold,56.855213,56.97364,56.845345,56.96377,964
2026-01-02 04:00:00,0,0.39922062436600975,0.6007793756339903,Hold,56.96377,57.022984,56.88482,56.914425,1099
2026-01-02 05:00:00,1,0.4013487957862653,0.5986512042137346,Hold,56.924294,56.993378,56.924294,56.993378,522
2026-01-02 06:00:00,1,0.42727859569861215,0.5727214043013878,Hold,56.993378,57.131542,56.97364,57.092068,1453
2026-01-02 07:00:00,1,0.41826870768483637,0.5817312923151636,Hold,57.092068,57.17102,56.934162,57.052593,2228
2026-01-02 08:00:00,0,0.47930497885534645,0.5206950211446535,Hold,57.04272,57.16115,56.559143,56.56901,7080
2026-01-02 09:00:00,0,0.38585614646478666,0.6141438535352133,Hold,56.56901,56.598618,56.263073,56.460453,7167
2026-01-02 10:00:00,0,0.49111189727776083,0.5088881027222392,Hold,56.47032,56.805866,56.47032,56.647964,5009
2026-01-02 11:00:00,0,0.4208893524518389,0.5791106475481611,Hold,56.647964,56.726913,56.3815,56.529537,3441
2026-01-02 12:00:00,0,0.42366677240973966,0.5763332275902604,Hold,56.529537,56.56901,56.154514,56.17425,4973
2026-01-02 13:00:00,0,0.43641967115544456,0.5635803288445554,Hold,56.18412,56.302547,56.105167,56.11504,7928
2026-01-02 14:00:00,0,0.36150587868519074,0.6384941213148092,Hold,56.11504,56.2236,55.88805,55.947266,15998
2026-01-02 15:00:00,0,0.3693550429288304,0.6306449570711696,Hold,55.957134,56.243336,55.858444,56.02622,13907
2026-01-02 16:00:00,0,0.3341615680899431,0.665838431910057,Hold,56.02622,56.18412,55.87818,56.02622,10223
2026-01-02 17:00:00,0,0.35588884075520916,0.6441111592447908,Hold,56.02622,56.440716,56.00648,56.253204,10011
2026-01-02 18:00:00,0,0.2940790973282231,0.7059209026717769,Hold,56.253204,56.47032,56.18412,56.430847,7146
2026-01-02 19:00:00,0,0.3086982729902338,0.6913017270097662,Hold,56.430847,56.68744,56.420975,56.49006,14234
2026-01-02 20:00:00,0,0.29224538623477136,0.7077546137652286,Hold,56.49006,56.56901,56.47032,56.539406,2859
2026-01-02 21:00:00,0,0.2935538158907388,0.7064461841092612,Hold,56.539406,56.598618,56.529537,56.57888,1356
2026-01-04 23:00:00,0,0.26088767334554114,0.7391123266544588,Hold,56.717045,56.746655,55.81897,56.56901,9953
2026-01-05 00:00:00,0,0.31117064752921403,0.688829352470786,Hold,56.56901,56.707176,56.559143,56.628223,2649
2026-01-05 01:00:00,0,0.29626589001189624,0.7037341099881038,Hold,56.628223,56.97364,56.499928,56.529537,6500
2026-01-05 02:00:00,0,0.2609457570174377,0.7390542429825623,Hold,56.519665,56.638096,56.499928,56.519665,1768
2026-01-05 03:00:00,0,0.3418286773933518,0.6581713226066481,Hold,56.519665,56.529537,56.27294,56.312416,2115
2026-01-05 04:00:00,0,0.33423525411335064,0.6657647458866494,Hold,56.302547,56.3815,56.243336,56.27294,1505
2026-01-05 05:00:00,0,0.36138844599719866,0.6386115540028013,Hold,56.27294,56.351894,56.0953,56.144646,2387
2026-01-05 06:00:00,0,0.36253127124337103,0.637468728756629,Hold,56.144646,56.27294,56.0953,56.134777,1963
2026-01-05 07:00:00,0,0.39206411496109084,0.6079358850389092,Hold,56.144646,56.233467,55.957134,56.01635,2924
2026-01-05 08:00:00,0,0.38076214886435245,0.6192378511356476,Hold,56.01635,56.164383,55.572243,55.858444,10513
2026-01-05 09:00:00,0,0.37334597404405034,0.6266540259559497,Hold,55.848576,56.697308,55.81897,56.657833,11048
2026-01-05 10:00:00,0,0.3422782461944503,0.6577217538055498,Hold,56.657833,56.68744,56.450584,56.628223,8222
2026-01-05 11:00:00,0,0.4111803904432474,0.5888196095567526,Hold,56.618355,56.993378,56.56901,56.88482,8626
2026-01-05 12:00:00,0,0.42314125458700985,0.5768587454129901,Hold,56.88482,57.0822,56.707176,57.0822,6672
2026-01-05 13:00:00,0,0.41202793302819024,0.5879720669718098,Hold,57.0822,57.200626,56.993378,57.14141,10025
2026-01-05 14:00:00,0,0.4089292838088937,0.5910707161911063,Hold,57.131542,57.43748,57.022984,57.220364,20103
2026-01-05 15:00:00,0,0.3941638424871379,0.6058361575128621,Hold,57.230232,57.74342,56.76639,57.6546,27994
2026-01-05 16:00:00,0,0.33732239431959926,0.6626776056804007,Hold,57.64473,57.6546,57.131542,57.35853,18359
2026-01-05 17:00:00,0,0.3203939191360296,0.6796060808639703,Hold,57.35853,57.565777,57.33879,57.54604,11617
2026-01-05 18:00:00,0,0.30195423674700994,0.6980457632529901,Hold,57.54604,57.6546,57.45722,57.516434,7626
2026-01-05 19:00:00,0,0.31098166596380594,0.6890183340361941,Hold,57.526302,57.63486,57.417744,57.53617,11617
2026-01-05 20:00:00,0,0.30200586776025024,0.6979941322397498,Hold,57.53617,57.64473,57.53617,57.57565,3447
2026-01-05 21:00:00,0,0.33591142934367274,0.6640885706563273,Hold,57.57565,57.64473,57.54604,57.585518,2603
2026-01-05 23:00:00,0,0.3237175682381903,0.6762824317618097,Hold,57.57565,57.615124,57.289448,57.45722,1667
2026-01-06 00:00:00,0,0.3461044714421332,0.6538955285578668,Hold,57.45722,57.54604,57.35853,57.506565,2109
2026-01-06 01:00:00,0,0.3721393182037458,0.6278606817962542,Hold,57.506565,57.516434,57.2401,57.24997,3422
2026-01-06 02:00:00,0,0.37309536609762434,0.6269046339023756,Hold,57.259842,57.328922,57.131542,57.230232,2082
2026-01-06 03:00:00,0,0.3566849888482803,0.6433150111517196,Hold,57.2401,57.398006,57.190758,57.35853,1148
2026-01-06 04:00:00,0,0.39220297668228615,0.6077970233177139,Hold,57.35853,57.398006,57.319054,57.34866,521
2026-01-06 05:00:00,0,0.3999145929515159,0.6000854070484841,Hold,57.34866,57.417744,57.309185,57.319054,1060
2026-01-06 06:00:00,0,0.41502008539820107,0.5849799146017989,Hold,57.309185,57.427612,57.26971,57.3684,1592
2026-01-06 07:00:00,0,0.4360656309192682,0.5639343690807318,Hold,57.3684,57.3684,57.121674,57.200626,3567
2026-01-06 08:00:00,0,0.40761104967495476,0.5923889503250452,Hold,57.190758,57.723682,57.0822,57.703945,7897
2026-01-06 09:00:00,0,0.39118313078391725,0.6088168692160827,Hold,57.713814,57.901325,57.526302,57.624992,10945
2026-01-06 10:00:00,1,0.38837829839343446,0.6116217016065655,Hold,57.63486,57.822372,57.605255,57.812504,4171
2026-01-06 11:00:00,1,0.3783025247985503,0.6216974752014497,Hold,57.812504,57.861847,57.6546,57.822372,5394
2026-01-06 12:00:00,0,0.35891290766974665,0.6410870923302534,Hold,57.83224,57.861847,57.615124,57.792767,5641
2026-01-06 13:00:00,1,0.40933956561243756,0.5906604343875624,Hold,57.792767,58.098705,57.74342,57.960537,13076
2026-01-06 14:00:00,1,0.336649310841845,0.663350689158155,Hold,57.970406,58.02962,57.328922,57.3684,21655
2026-01-06 15:00:00,1,0.29937853342990517,0.7006214665700948,Hold,57.3684,57.664467,56.97364,57.37827,31095
2026-01-06 16:00:00,1,0.3128692051205629,0.6871307948794372,Hold,57.37827,57.516434,57.18089,57.190758,11111
2026-01-06 17:00:00,1,0.305768519759152,0.694231480240848,Hold,57.200626,57.220364,56.825603,56.86508,11623
2026-01-06 18:00:00,1,0.2642487708656864,0.7357512291343136,Hold,56.87495,56.934162,56.598618,56.608486,10122
2026-01-06 19:00:00,0,0.24023039491988182,0.7597696050801181,Hold,56.618355,56.628223,56.17425,56.19399,23090
2026-01-06 20:00:00,0,0.2140098626788327,0.7859901373211673,Hold,56.19399,56.312416,56.0953,56.154514,5903
2026-01-06 21:00:00,0,0.22503275535468048,0.7749672446453195,Hold,56.164383,56.302547,56.134777,56.2236,2880
2026-01-06 23:00:00,0,0.2434936853843478,0.7565063146156522,Hold,56.253204,56.342026,55.63146,55.71041,4523
2026-01-07 00:00:00,0,0.28142368925929173,0.7185763107407083,Hold,55.72028,55.838707,55.02945,55.58211,13955
2026-01-07 01:00:00,0,0.340705223527221,0.659294776472779,Hold,55.58211,55.92753,55.562374,55.63146,11412
2026-01-07 02:00:00,0,0.3601262339052702,0.6398737660947298,Hold,55.63146,55.72028,55.5229,55.69067,2870
2026-01-07 03:00:00,0,0.33420048550166714,0.6657995144983329,Hold,55.700542,55.73015,55.5229,55.58211,2490
2026-01-07 04:00:00,0,0.3418537687494153,0.6581462312505847,Hold,55.58211,55.661064,55.453815,55.5229,2646
2026-01-07 05:00:00,0,0.3326182771516753,0.6673817228483248,Hold,55.51303,55.5229,55.384735,55.5229,2042
2026-01-07 06:00:00,0,0.3340496077601615,0.6659503922398384,Hold,55.53277,55.6808,55.453815,55.493294,2699
2026-01-07 07:00:00,0,0.3804779884028497,0.6195220115971503,Hold,55.48342,55.651196,55.384735,55.591984,4691
2026-01-07 08:00:00,0,0.37697103415631666,0.6230289658436834,Hold,55.601852,55.858444,55.5229,55.799232,8714
2026-01-07 09:00:00,0,0.35482688260111295,0.645173117398887,Hold,55.78936,55.91766,55.542637,55.601852,6877
2026-01-07 10:00:00,0,0.4013336680999501,0.5986663319000499,Hold,55.601852,56.144646,55.542637,56.12491,7394
2026-01-07 11:00:00,0,0.36858027141028177,0.6314197285897183,Hold,56.12491,56.243336,55.99661,56.0953,6429
2026-01-07 12:00:00,0,0.4065529037811863,0.5934470962188136,Hold,56.0953,56.342026,55.99661,56.29268,8165
2026-01-07 13:00:00,0,0.37432908506073936,0.6256709149392606,Hold,56.28281,56.420975,55.87818,56.243336,23666
2026-01-07 14:00:00,0,0.35649408927661574,0.6435059107233843,Hold,56.253204,56.332157,55.61172,55.769623,22385
2026-01-07 15:00:00,0,0.33884115075105764,0.6611588492489424,Hold,55.769623,55.90779,55.51303,55.700542,20081
2026-01-07 16:00:00,0,0.32729035958978997,0.67270964041021,Hold,55.700542,55.81897,55.41434,55.41434,15163
2026-01-07 17:00:00,0,0.3252347012220714,0.6747652987779287,Hold,55.42421,55.463684,55.12814,55.13801,17012
2026-01-07 18:00:00,0,0.32844435932859,0.67155564067141,Hold,55.13801,55.286045,55.12814,55.246567,12038
2026-01-07 19:00:00,0,0.3122716102714171,0.6877283897285829,Hold,55.266304,55.58211,55.22683,55.503162,21150
2026-01-07 20:00:00,0,0.26810684147672564,0.7318931585232744,Hold,55.503162,55.572243,55.364994,55.552505,4844
2026-01-07 21:00:00,0,0.2792068306797378,0.7207931693202623,Hold,55.552505,55.661064,55.5229,55.661064,2408
2026-01-07 23:00:00,0,0.30032363333787554,0.6996763666621244,Hold,55.6808,55.71041,55.552505,55.562374,1280
2026-01-08 00:00:00,0,0.3351778523132267,0.6648221476867733,Hold,55.552505,55.61172,55.53277,55.552505,489
2026-01-08 01:00:00,0,0.3713829883792666,0.6286170116207335,Hold,55.562374,55.72028,55.53277,55.69067,2358
2026-01-08 02:00:00,0,0.35766734835045655,0.6423326516495435,Hold,55.69067,55.69067,55.42421,55.48342,2862
2026-01-08 03:00:00,0,0.3155057388503706,0.6844942611496294,Hold,55.48342,55.542637,55.404472,55.5229,1212
2026-01-08 04:00:00,0,0.3490327284293076,0.6509672715706925,Hold,55.5229,55.591984,55.48342,55.53277,887
2026-01-08 05:00:00,0,0.34596536670024514,0.6540346332997549,Hold,55.542637,55.591984,55.473553,55.5229,1210
2026-01-08 06:00:00,0,0.360171178917987,0.639828821082013,Hold,55.51303,55.53277,55.355125,55.5229,2236
2026-01-08 07:00:00,0,0.35826870234499986,0.6417312976550001,Hold,55.51303,55.552505,55.394604,55.43408,1564
2026-01-08 08:00:00,0,0.34081873691731157,0.6591812630826884,Hold,55.42421,55.463684,55.2367,55.453815,5433
2026-01-08 09:00:00,0,0.3769829031971092,0.6230170968028907,Hold,55.443947,55.77949,55.32552,55.69067,5422
2026-01-08 10:00:00,0,0.39890545509891234,0.6010945449010876,Hold,55.6808,55.957134,55.651196,55.90779,5087
2026-01-08 11:00:00,0,0.3377916488920251,0.6622083511079748,Hold,55.89792,56.17425,55.838707,56.0953,6159
2026-01-08 12:00:00,0,0.32293763490899136,0.6770623650910086,Hold,56.0953,56.19399,56.045956,56.144646,6951
2026-01-08 13:00:00,0,0.3772655382725337,0.6227344617274664,Hold,56.144646,56.430847,56.02622,56.32229,13502
2026-01-08 14:00:00,0,0.36493689268789614,0.6350631073121038,Hold,56.32229,56.48019,56.164383,56.2236,20316
2026-01-08 15:00:00,0,0.4073594639975942,0.5926405360024058,Hold,56.213726,56.302547,55.99661,56.11504,14481
2026-01-08 16:00:00,0,0.4587908658457126,0.5412091341542874,Hold,56.12491,56.411106,56.105167,56.32229,12743
2026-01-08 17:00:00,0,0.4070749596701393,0.5929250403298607,Hold,56.312416,56.608486,56.29268,56.539406,11596
2026-01-08 18:00:00,0,0.3245654326060946,0.6754345673939054,Hold,56.529537,56.953903,56.499928,56.934162,14987
2026-01-08 19:00:00,0,0.33003515506751324,0.6699648449324868,Hold,56.944035,57.496696,56.78613,57.43748,33753
2026-01-08 20:00:00,0,0.3344598165745932,0.6655401834254068,Hold,57.43748,57.901325,57.43748,57.822372,12484
2026-01-08 21:00:00,0,0.2447801924041823,0.7552198075958176,Hold,57.822372,57.970406,57.595387,57.63486,7029
2026-01-08 23:00:00,0,0.246544388487194,0.7534556115128059,Hold,57.63486,57.684208,57.506565,57.516434,1882
2026-01-09 00:00:00,0,0.24088451358524904,0.7591154864147509,Hold,57.516434,57.53617,57.45722,57.45722,1483
2026-01-09 01:00:00,0,0.2582433961009893,0.7417566038990107,Hold,57.47696,57.486828,57.220364,57.33879,5344
2026-01-09 02:00:00,0,0.27086745995117284,0.7291325400488271,Hold,57.33879,57.427612,57.33879,57.388138,1687
2026-01-09 03:00:00,0,0.28254187046019125,0.7174581295398088,Hold,57.388138,57.388138,57.2401,57.34866,2005
2026-01-09 04:00:00,0,0.2877009987029563,0.7122990012970437,Hold,57.34866,57.44735,57.289448,57.427612,1353
2026-01-09 05:00:00,0,0.284869148516601,0.7151308514833989,Hold,57.417744,57.496696,57.33879,57.407875,1351
2026-01-09 06:00:00,0,0.29173851415838936,0.7082614858416106,Hold,57.398006,57.605255,57.388138,57.565777,2620
2026-01-09 07:00:00,0,0.32072435176351094,0.679275648236489,Hold,57.57565,57.763157,57.506565,57.565777,3252
2026-01-09 08:00:00,0,0.3134642794504821,0.686535720549518,Hold,57.565777,57.585518,57.388138,57.407875,6303
2026-01-09 09:00:00,0,0.28449535774822327,0.7155046422517768,Hold,57.417744,57.506565,56.855213,57.16115,10287
2026-01-09 10:00:00,0,0.2908371322498016,0.7091628677501984,Hold,57.16115,57.35853,57.101936,57.319054,5944
2026-01-09 11:00:00,0,0.3140075638596843,0.6859924361403157,Hold,57.33879,57.55591,57.33879,57.526302,4602
2026-01-09 12:00:00,0,0.25782573696121935,0.7421742630387806,Hold,57.516434,57.55591,57.3684,57.37827,4126
2026-01-09 13:00:00,0,0.28205897401997926,0.7179410259800207,Hold,57.37827,57.565777,57.2401,57.496696,8559
2026-01-09 14:00:00,0,0.3672839607490209,0.6327160392509791,Hold,57.506565,58.562546,57.417744,58.463856,34687
2026-01-09 15:00:00,0,0.35680436438147767,0.6431956356185223,Hold,58.453987,58.750057,58.177654,58.680973,20327
2026-01-09 16:00:00,0,0.38547538566338413,0.6145246143366159,Hold,58.671104,58.98691,58.53294,58.977043,24079
2026-01-09 17:00:00,0,0.3668963486655037,0.6331036513344963,Hold,58.977043,58.977043,58.483593,58.582283,19274
2026-01-09 18:00:00,0,0.3661624074298701,0.6338375925701298,Hold,58.59215,58.671104,58.32569,58.651367,11181
2026-01-09 19:00:00,0,0.37167871236111766,0.6283212876388824,Hold,58.651367,58.661236,58.207264,58.207264,22630
2026-01-09 20:00:00,0,0.36096182424908674,0.6390381757509133,Hold,58.207264,58.256607,57.980274,58.000015,7284
2026-01-09 21:00:00,0,0.3756977510448652,0.6243022489551349,Hold,58.000015,58.177654,57.9408,58.009884,4286
2026-01-11 23:00:00,0,0.41788202101629124,0.5821179789837088,Hold,58.227,59.016518,58.14805,58.81914,7967
2026-01-12 00:00:00,0,0.3839523212782883,0.6160476787217117,Hold,58.80927,58.80927,58.572414,58.671104,2887
2026-01-12 01:00:00,0,0.3876104908026539,0.6123895091973461,Hold,58.680973,58.70071,57.871716,58.019753,9560
2026-01-12 02:00:00,0,0.3595639276340582,0.6404360723659418,Hold,58.02962,58.42438,58.019753,58.384903,2647
2026-01-12 03:00:00,0,0.35900170907849194,0.6409982909215081,Hold,58.384903,58.52307,58.355297,58.404644,1632
2026-01-12 04:00:00,0,0.3819730747022459,0.6180269252977542,Hold,58.404644,58.49346,58.365166,58.43425,691
2026-01-12 05:00:00,0,0.38229341199731104,0.617706588002689,Hold,58.42438,58.53294,58.39477,58.513203,1004
2026-01-12 06:00:00,0,0.3627979215325176,0.6372020784674823,Hold,58.50333,58.53294,58.384903,58.453987,1114
2026-01-12 07:00:00,0,0.3912134296250888,0.6087865703749111,Hold,58.44412,58.463856,58.12831,58.177654,3446
2026-01-12 08:00:00,0,0.38652899946617536,0.6134710005338246,Hold,58.167786,58.355297,57.901325,58.167786,7354
2026-01-12 09:00:00,0,0.3913123145604118,0.6086876854395882,Hold,58.167786,58.207264,57.95067,58.098705,4264
2026-01-12 10:00:00,0,0.3592911900900792,0.6407088099099207,Hold,58.098705,58.23687,57.921062,58.03949,4319
2026-01-12 11:00:00,0,0.35578765735809287,0.6442123426419071,Hold,58.03949,58.04936,57.684208,57.83224,6440
2026-01-12 12:00:00,0,0.4054468887810785,0.5945531112189215,Hold,57.84211,58.266476,57.75329,58.24674,6232
2026-01-12 13:00:00,0,0.3245855049096969,0.6754144950903032,Hold,58.23687,58.305954,57.881588,58.000015,7649
2026-01-12 14:00:00,0,0.31269408321999304,0.687305916780007,Hold,58.000015,58.24674,57.713814,57.95067,16544
2026-01-12 15:00:00,0,0.3618185744440811,0.6381814255559188,Hold,57.960537,58.43425,57.960537,58.32569,12621
2026-01-12 16:00:00,0,0.35305260263837424,0.6469473973616258,Hold,58.32569,58.651367,58.177654,58.266476,15817
2026-01-12 17:00:00,0,0.4043503205555105,0.5956496794444894,Hold,58.266476,58.53294,58.177654,58.49346,7524
2026-01-12 18:00:00,0,0.327107225990854,0.6728927740091459,Hold,58.49346,58.50333,58.227,58.33556,8769
2026-01-12 19:00:00,0,0.43053139511647714,0.5694686048835229,Hold,58.32569,59.026386,58.29608,58.80927,23685
2026-01-12 20:00:00,0,0.3299731535438558,0.6700268464561442,Hold,58.81914,58.82901,58.562546,58.73032,4616
2026-01-12 21:00:00,0,0.42273460179303,0.57726539820697,Hold,58.73032,59.125076,58.671104,59.055996,5598
2026-01-12 23:00:00,0,0.35798430320327934,0.6420156967967207,Hold,59.164555,59.164555,58.89809,59.026386,1131
2026-01-13 00:00:00,0,0.3371763170096111,0.6628236829903889,Hold,59.016518,59.046127,58.858616,58.89809,868
2026-01-13 01:00:00,0,0.356962375758136,0.6430376242418641,Hold,58.917828,59.20403,58.858616,58.89809,3326
2026-01-13 02:00:00,0,0.4148148875073611,0.5851851124926388,Hold,58.90796,58.967175,58.69084,58.89809,2422
2026-01-13 03:00:00,0,0.44396502011348077,0.5560349798865192,Hold,58.90796,58.98691,58.868484,58.957306,1258
2026-01-13 04:00:00,0,0.4756648402562292,0.5243351597437709,Hold,58.957306,59.016518,58.88822,58.99678,589
2026-01-13 05:00:00,0,0.44308396747273804,0.556916032527262,Hold,58.99678,59.046127,58.868484,58.99678,857
2026-01-13 06:00:00,0,0.5632753566792453,0.43672464332075467,Sell,58.98691,59.322456,58.947437,59.29285,1963
2026-01-13 07:00:00,0,0.5199589039795404,0.48004109602045963,Sell,59.29285,59.29285,59.046127,59.055996,2847
2026-01-13 08:00:00,0,0.5830672900856608,0.4169327099143392,Sell,59.046127,59.421146,58.957306,59.332325,6767
2026-01-13 09:00:00,0,0.5839596295103933,0.41604037048960674,Sell,59.332325,60.023155,59.332325,59.736954,12911
2026-01-13 10:00:00,0,0.5486766057836288,0.45132339421637124,Sell,59.727085,59.865253,59.361935,59.559315,8268
2026-01-13 11:00:00,0,0.5735199099712417,0.4264800900287583,Sell,59.559315,59.98368,59.450756,59.944202,5901
2026-01-13 12:00:00,0,0.5258738036833475,0.47412619631665254,Sell,59.95407,59.96394,59.69748,59.934334,6907
2026-01-13 13:00:00,0,0.5016704266293626,0.49832957337063744,Sell,59.934334,59.99355,59.519836,59.628395,13605
2026-01-13 14:00:00,0,0.5259896045840184,0.47401039541598156,Sell,59.628395,60.625164,59.431015,60.200798,38857
2026-01-13 15:00:00,0,0.5118348365029814,0.48816516349701855,Sell,60.19093,60.615295,60.141582,60.54621,20135
2026-01-13 16:00:00,0,0.46655638097297397,0.533443619027026,Hold,60.536343,60.694244,60.39818,60.55608,18033
2026-01-13 17:00:00,0,0.4639558616282455,0.5360441383717545,Hold,60.54621,60.54621,59.924465,59.98368,14162
2026-01-13 18:00:00,0,0.46350477114203625,0.5364952288579637,Hold,59.98368,60.625164,59.973812,60.487,21701
2026-01-13 19:00:00,0,0.3888277273870321,0.6111722726129679,Hold,60.487,60.506737,59.638264,60.230404,29506
2026-01-13 20:00:00,0,0.39587349794369775,0.6041265020563023,Hold,60.230404,60.34883,60.131714,60.240273,3328
2026-01-13 21:00:00,0,0.40164580793818777,0.5983541920618123,Hold,60.240273,60.39818,60.17119,60.299488,3075
2026-01-13 23:00:00,0,0.39922487188764477,0.6007751281123552,Hold,60.319225,60.39818,60.26988,60.34883,523
2026-01-14 00:00:00,0,0.37652530017765923,0.6234746998223408,Hold,60.34883,60.34883,60.25014,60.27975,663
2026-01-14 01:00:00,0,0.38793641817441005,0.61206358182559,Hold,60.28962,60.299488,60.06263,60.220535,2384
2026-01-14 02:00:00,0,0.3804996696657835,0.6195003303342165,Hold,60.220535,60.27975,60.121845,60.121845,1324
2026-01-14 03:00:00,0,0.4313264089916267,0.5686735910083733,Hold,60.121845,60.210667,60.003418,60.17119,1601
2026-01-14 04:00:00,0,0.45619399539466005,0.5438060046053399,Hold,60.17119,60.240273,60.111977,60.16132,877
2026-01-14 05:00:00,0,0.46565270747691134,0.5343472925230887,Hold,60.16132,60.18106,60.033024,60.072502,1073
2026-01-14 06:00:00,0,0.43230500848813447,0.5676949915118655,Hold,60.08237,60.200798,59.845512,59.88499,1682
2026-01-14 07:00:00,0,0.45885331794907613,0.5411466820509239,Hold,59.904728,60.033024,59.825775,59.904728,2657
2026-01-14 08:00:00,0,0.4227663171517586,0.5772336828482414,Hold,59.904728,60.013287,59.677742,59.85538,5904
2026-01-14 09:00:00,0,0.47046115227451213,0.5295388477254879,Hold,59.85538,60.210667,59.59879,60.200798,7668
2026-01-14 10:00:00,1,0.5428184501337348,0.45718154986626525,Sell,60.19093,61.197563,60.16132,61.187695,14630
2026-01-14 11:00:00,0,0.5117377883252616,0.4882622116747384,Sell,61.187695,61.286385,60.911366,61.000183,7996
2026-01-14 12:00:00,0,0.5202461128247603,0.4797538871752397,Sell,61.010056,61.118614,60.6449,61.069267,9259
2026-01-14 13:00:00,0,0.47442143759315314,0.5255785624068469,Hold,61.079136,61.286385,60.704117,60.812675,15066
2026-01-14 14:00:00,0,0.4601350299296626,0.5398649700703374,Hold,60.832413,61.029793,60.74359,60.901493,12121
2026-01-14 15:00:00,0,0.4574598843045107,0.5425401156954893,Hold,60.901493,61.03966,60.427784,60.86202,21660
2026-01-14 16:00:00,0,0.420748126645824,0.579251873354176,Hold,60.871887,61.010056,60.56595,60.921234,14667
2026-01-14 17:00:00,0,0.44976911156937804,0.550230888430622,Hold,60.911366,61.23704,60.792934,60.980446,13068
2026-01-14 18:00:00,0,0.42883004535925523,0.5711699546407447,Hold,60.980446,61.0594,60.802807,61.019924,10101
2026-01-14 19:00:00,1,0.5268653991101668,0.47313460088983317,Sell,61.010056,61.53311,60.970577,61.493633,20887
2026-01-14 20:00:00,0,0.4941019523668674,0.5058980476331326,Hold,61.493633,61.54298,58.414513,59.470493,56536
2026-01-14 21:00:00,0,0.4315666916910029,0.5684333083089971,Hold,59.460625,61.03966,59.243507,60.25014,8221
2026-01-14 23:00:00,0,0.40703902527506813,0.5929609747249318,Hold,60.26001,60.338963,59.717216,59.95407,2249
2026-01-15 00:00:00,0,0.457012235204604,0.542987764795396,Hold,59.89486,60.240273,59.865253,60.200798,512
2026-01-15 01:00:00,0,0.5013724491555621,0.4986275508444379,Sell,60.210667,60.210667,59.28298,59.529705,2058
2026-01-15 02:00:00,0,0.5179601720155329,0.4820398279844671,Sell,59.519836,59.559315,59.273113,59.361935,413
2026-01-15 03:00:00,0,0.5020008189335463,0.4979991810664537,Sell,59.361935,59.5001,59.10534,59.263245,512
2026-01-15 04:00:00,0,0.5221552088455089,0.4778447911544911,Sell,59.29285,59.30272,59.164555,59.243507,251
2026-01-15 05:00:00,0,0.5027885063529142,0.49721149364708583,Sell,59.233635,59.263245,59.055996,59.19416,465
2026-01-15 06:00:00,0,0.539009822280357,0.460990177719643,Sell,59.154686,59.509968,59.154686,59.411278,829
2026-01-15 07:00:00,0,0.5032052263627382,0.49679477363726177,Sell,59.352066,59.411278,59.03626,59.233635,814
2026-01-15 08:00:00,0,0.5414043907685465,0.4585956092314535,Sell,59.20403,59.480362,59.065865,59.39154,1990
2026-01-15 09:00:00,0,0.5085369676919642,0.4914630323080358,Sell,59.40141,59.460625,58.562546,58.572414,2316
2026-01-15 10:00:00,0,0.5293303528324593,0.4706696471675407,Sell,58.60202,58.9277,58.355297,58.7994,3359
2026-01-15 11:00:00,0,0.5131571009606783,0.48684289903932165,Sell,58.83888,59.253376,58.7994,59.19416,2045
2026-01-15 12:00:00,0,0.5006207932491544,0.4993792067508456,Sell,59.213898,59.253376,58.562546,58.6415,2374
2026-01-15 13:00:00,0,0.44398869775995853,0.5560113022400415,Hold,58.63163,58.661236,58.365166,58.513203,2524
2026-01-15 14:00:00,0,0.48964449228870555,0.5103555077112945,Hold,58.52307,58.779663,58.108574,58.52307,4823
2026-01-15 15:00:00,0,0.47200604654153444,0.5279939534584656,Hold,58.54281,58.651367,58.227,58.562546,2932
2026-01-15 16:00:00,0,0.441316607587585,0.558683392412415,Hold,58.562546,58.651367,58.197395,58.23687,2477
2026-01-15 17:00:00,0,0.4152073872241821,0.5847926127758178,Hold,58.23687,58.33556,58.167786,58.305954,1961
2026-01-15 18:00:00,0,0.45299161456671083,0.5470083854332892,Hold,58.315823,58.71058,58.266476,58.404644,3274
2026-01-15 19:00:00,0,0.4020376316875705,0.5979623683124295,Hold,58.384903,58.453987,58.256607,58.276344,3964
2026-01-15 20:00:00,0,0.3984351916222168,0.6015648083777831,Hold,58.266476,58.32569,58.14805,58.227,658
2026-01-15 21:00:00,0,0.5023084821155729,0.4976915178844271,Sell,58.207264,58.54281,58.187523,58.50333,687
2026-01-15 23:00:00,0,0.5164700342149204,0.48352996578507956,Sell,58.483593,58.53294,58.33556,58.414513,360
2026-01-16 00:00:00,0,0.49907697084351,0.50092302915649,Hold,58.414513,58.592545,58.414513,58.454075,1117
2026-01-16 01:00:00,0,0.5057923821186464,0.4942076178813536,Sell,58.473854,58.65189,58.444183,58.483746,2664
2026-01-16 02:00:00,0,0.5503095393469087,0.44969046065309126,Sell,58.483746,58.523308,58.276043,58.374947,2063
2026-01-16 03:00:00,0,0.5432669034153417,0.4567330965846583,Sell,58.36506,58.444183,58.25626,58.315605,1425
2026-01-16 04:00:00,0,0.5421010397951088,0.4578989602048912,Sell,58.315605,58.374947,58.26615,58.335384,813
2026-01-16 05:00:00,0,0.5451775454486858,0.4548224545513142,Sell,58.325497,58.36506,58.22659,58.24637,1060
2026-01-16 06:00:00,0,0.5565201825306851,0.44347981746931486,Sell,58.24637,58.414513,58.167244,58.40462,1921
2026-01-16 07:00:00,0,0.5554337404744891,0.4445662595255109,Sell,58.39473,58.71123,58.38484,58.552982,5047
2026-01-16 08:00:00,0,0.5398150409751123,0.46018495902488765,Sell,58.552982,58.8497,58.345276,58.79036,7314
2026-01-16 09:00:00,0,0.5737607894585496,0.4262392105414504,Sell,58.79036,59.156315,58.67167,58.918938,9189
2026-01-16 10:00:00,0,0.5284131071479263,0.47158689285207367,Sell,58.92883,59.225548,58.889267,59.195877,5852
2026-01-16 11:00:00,0,0.4786042405442392,0.5213957594557608,Hold,59.185986,59.24533,59.037624,59.176094,5158
2026-01-16 12:00:00,0,0.5096854293487472,0.49031457065125283,Sell,59.185986,59.393692,59.047516,59.0673,7918
2026-01-16 13:00:00,0,0.5830511933731716,0.4169488066268284,Sell,59.0673,59.275,58.96839,59.225548,9358
2026-01-16 14:00:00,0,0.5582142330410302,0.44178576695896976,Sell,59.225548,59.314564,58.750793,58.800247,22018
2026-01-16 15:00:00,0,0.5616124473105085,0.4383875526894915,Sell,58.800247,59.09697,58.701344,58.94861,13525
2026-01-16 16:00:00,0,0.6204585096356204,0.37954149036437956,Sell,58.94861,59.185986,58.869484,59.09697,10526
2026-01-16 17:00:00,0,0.5595157928453501,0.44048420715464986,Sell,59.09697,59.23544,58.780468,59.037624,14485
2026-01-16 18:00:00,0,0.5445786052289139,0.4554213947710861,Sell,59.047516,59.20577,58.889267,59.09697,8077
2026-01-16 19:00:00,0,0.5252384461665399,0.4747615538334601,Sell,59.10686,59.10686,58.57276,58.731014,20428
2026-01-16 20:00:00,0,0.5101333758538036,0.4898666241461964,Sell,58.731014,58.82003,58.632107,58.65189,3444
2026-01-16 21:00:00,0,0.502563111012561,0.497436888987439,Sell,58.642,58.71123,58.552982,58.57276,2728
2026-01-18 23:00:00,0,0.45970090700522664,0.5402990929947733,Hold,58.295822,58.54309,57.959538,58.325497,6453
2026-01-19 00:00:00,0,0.5524522623552428,0.4475477376447572,Sell,58.335384,58.68156,58.295822,58.602436,2146
2026-01-19 01:00:00,0,0.5410076499408323,0.4589923500591677,Sell,58.612324,58.760685,58.4244,58.721123,2542
2026-01-19 02:00:00,0,0.5210041241331235,0.47899587586687653,Sell,58.721123,58.780468,58.65189,58.750793,1817
2026-01-19 03:00:00,0,0.5547282556983024,0.4452717443016976,Sell,58.760685,58.82003,58.731014,58.800247,985
2026-01-19 04:00:00,0,0.4991125523720097,0.5008874476279903,Hold,58.81014,58.909046,58.661777,58.661777,1931
2026-01-19 05:00:00,0,0.5249846558833486,0.47501534411665136,Sell,58.661777,58.770576,58.54309,58.632107,1662
2026-01-19 06:00:00,0,0.4939938318658365,0.5060061681341634,Hold,58.632107,58.642,58.26615,58.315605,2979
2026-01-19 07:00:00,0,0.5113588967240782,0.4886411032759218,Sell,58.315605,58.523308,58.206806,58.335384,4031
2026-01-19 08:00:00,0,0.48595486584808617,0.5140451341519139,Hold,58.345276,58.463966,57.96943,58.26615,7590
2026-01-19 09:00:00,0,0.4751596238553981,0.5248403761446019,Hold,58.28593,58.295822,57.890305,57.96943,5754
2026-01-19 10:00:00,0,0.4930582545042087,0.5069417454957913,Hold,57.96943,58.39473,57.959538,58.305714,4376
2026-01-19 11:00:00,0,0.4704245290417972,0.5295754709582028,Hold,58.305714,58.4244,58.12768,58.345276,4948
2026-01-19 12:00:00,0,0.45462295019022125,0.5453770498097787,Hold,58.335384,58.39473,58.196915,58.374947,3252
2026-01-19 13:00:00,0,0.447755388621156,0.552244611378844,Hold,58.374947,58.444183,58.28593,58.40462,3874
2026-01-19 14:00:00,0,0.5265446208590566,0.4734553791409434,Sell,58.40462,58.67167,58.335384,58.65189,5619
2026-01-19 15:00:00,0,0.46854490315780384,0.5314550968421962,Hold,58.661777,58.750793,58.51342,58.67167,5273
2026-01-19 16:00:00,0,0.4664792088432001,0.5335207911567998,Hold,58.68156,58.8497,58.582653,58.780468,6132
2026-01-19 17:00:00,0,0.47970318519248356,0.5202968148075164,Hold,58.780468,58.8497,58.54309,58.592545,3418
2026-01-19 18:00:00,0,0.46275545891709713,0.5372445410829029,Hold,58.592545,58.81014,58.582653,58.71123,1809
2026-01-19 19:00:00,0,0.43494263056469185,0.5650573694353082,Hold,58.721123,58.800247,58.71123,58.780468,551
2026-01-19 23:00:00,0,0.45911716296572136,0.5408828370342786,Hold,58.79036,58.81014,58.65189,58.740906,744
2026-01-20 00:00:00,0,0.5113568646318452,0.48864313536815485,Sell,58.740906,58.918938,58.731014,58.800247,1076
2026-01-20 01:00:00,0,0.4864356025791355,0.5135643974208646,Hold,58.79036,58.839813,58.622215,58.622215,2056
2026-01-20 02:00:00,0,0.5574269514870926,0.44257304851290735,Sell,58.632107,58.731014,58.582653,58.691452,1437
2026-01-20 03:00:00,0,0.585006333550153,0.41499366644984703,Sell,58.691452,58.770576,58.602436,58.760685,1065
2026-01-20 04:00:00,0,0.5570038481228693,0.4429961518771307,Sell,58.760685,58.859592,58.691452,58.701344,1028
2026-01-20 05:00:00,0,0.5728171194735063,0.42718288052649367,Sell,58.701344,58.750793,58.612324,58.67167,1170
2026-01-20 06:00:00,0,0.5291418619666466,0.4708581380333534,Sell,58.68156,58.800247,58.5332,58.71123,2017
2026-01-20 07:00:00,0,0.5418780234653456,0.45812197653465436,Sell,58.721123,58.938717,58.305714,58.36506,7270
2026-01-20 08:00:00,0,0.6099322932590695,0.3900677067409305,Sell,58.374947,58.40462,58.078228,58.39473,9995
2026-01-20 09:00:00,0,0.6325050233979834,0.3674949766020166,Sell,58.39473,58.889267,58.36506,58.8497,11207
2026-01-20 10:00:00,0,0.6456775808232609,0.3543224191767391,Sell,58.8497,59.047516,58.701344,58.978283,8121
2026-01-20 11:00:00,0,0.6052857196059354,0.39471428039406464,Sell,58.96839,59.0673,58.740906,59.047516,5126
2026-01-20 12:00:00,0,0.5670025539776509,0.43299744602234913,Sell,59.047516,59.324455,59.037624,59.24533,8473
2026-01-20 13:00:00,0,0.5962457996892232,0.4037542003107768,Sell,59.255222,59.265114,58.8497,58.92883,8526
2026-01-20 14:00:00,0,0.5152151047702874,0.4847848952297126,Sell,58.918938,59.848663,58.859592,59.749756,26779
2026-01-20 15:00:00,0,0.5565565278574058,0.44344347214259416,Sell,59.739864,59.848663,59.324455,59.393692,19137
2026-01-20 16:00:00,0,0.5078602991201423,0.4921397008798577,Sell,59.3838,59.69041,59.35413,59.66074,14547
2026-01-20 17:00:00,0,0.513370124383743,0.48662987561625703,Sell,59.65085,59.77943,59.571724,59.729977,8158
2026-01-20 18:00:00,0,0.5386449335221526,0.4613550664778474,Sell,59.739864,59.818993,59.52227,59.601395,10081
2026-01-20 19:00:00,0,0.5690169221277687,0.43098307787223133,Sell,59.601395,59.749756,59.23544,59.284893,31529
2026-01-20 20:00:00,0,0.6192582013962503,0.3807417986037497,Sell,59.275,59.35413,58.68156,58.82992,16888
2026-01-20 21:00:00,0,0.6289782357745922,0.3710217642254078,Sell,58.82003,58.938717,58.71123,58.869484,3637
2026-01-20 23:00:00,0,0.6264383957475277,0.3735616042524723,Sell,58.918938,59.185986,58.81014,58.978283,2152
2026-01-21 00:00:00,0,0.4493408043520077,0.5506591956479923,Hold,58.978283,59.057407,58.81014,59.017845,1794
2026-01-21 01:00:00,0,0.46746356204603573,0.5325364379539643,Hold,59.007954,59.12664,58.81014,59.09697,2537
2026-01-21 02:00:00,0,0.46562298462418433,0.5343770153758156,Hold,59.09697,59.23544,59.007954,59.116753,2241
2026-01-21 03:00:00,0,0.4743022580357232,0.5256977419642768,Hold,59.116753,59.225548,59.07719,59.07719,1793
2026-01-21 04:00:00,0,0.49322430567877357,0.5067756943212265,Hold,59.07719,59.146423,59.037624,59.0673,935
2026-01-21 05:00:00,0,0.5683269701344523,0.4316730298655477,Sell,59.07719,59.255222,59.057407,59.166206,2220
2026-01-21 06:00:00,0,0.5919479077650975,0.40805209223490246,Sell,59.166206,59.275,59.017845,59.195877,2037
2026-01-21 07:00:00,0,0.539610954542166,0.460389045457834,Sell,59.20577,59.20577,58.81014,58.92883,6264
2026-01-21 08:00:00,0,0.4920861755212011,0.5079138244787988,Hold,58.92883,59.10686,58.642,58.661777,10211
2026-01-21 09:00:00,0,0.5237289070405007,0.4762710929594993,Sell,58.661777,59.225548,58.57276,59.21566,12186
2026-01-21 10:00:00,0,0.5159131815533511,0.4840868184466489,Sell,59.21566,59.393692,59.047516,59.255222,9369
2026-01-21 11:00:00,0,0.509346536568503,0.49065346343149696,Sell,59.255222,59.93768,59.24533,59.720085,16077
2026-01-21 12:00:00,0,0.5419405856784035,0.45805941432159647,Sell,59.720085,59.93768,59.680523,59.83877,8144
2026-01-21 13:00:00,0,0.493254486852253,0.506745513147747,Hold,59.848663,60.22451,59.65085,59.67063,15946
2026-01-21 14:00:00,0,0.4497073745886378,0.5502926254113623,Hold,59.66074,59.83877,59.472816,59.67063,20409
2026-01-21 15:00:00,0,0.42995668357393324,0.5700433164260668,Hold,59.67063,59.878334,59.41347,59.83877,19920
2026-01-21 16:00:00,0,0.33678107412240793,0.663218925877592,Hold,59.83877,59.97724,59.621178,59.789318,15595
2026-01-21 17:00:00,0,0.3427384162071719,0.6572615837928282,Hold,59.77943,59.848663,59.591507,59.729977,8618
2026-01-21 18:00:00,1,0.3885408005257631,0.6114591994742369,Hold,59.729977,60.125603,59.710194,60.016804,13003
2026-01-21 19:00:00,1,0.35563053979303366,0.6443694602069663,Hold,60.016804,60.036587,59.759647,59.987133,14660
2026-01-21 20:00:00,1,0.3499348191307898,0.6500651808692102,Hold,59.987133,60.05637,59.878334,60.006916,3874
2026-01-21 21:00:00,1,0.3639222691053356,0.6360777308946644,Hold,60.006916,60.08604,59.957462,60.006916,2489
2026-01-21 23:00:00,1,0.36401117614429385,0.6359888238557061,Hold,60.016804,60.026695,59.759647,59.848663,1166
2026-01-22 00:00:00,1,0.41370748933563706,0.5862925106643629,Hold,59.83877,59.9179,59.79921,59.858555,885
2026-01-22 01:00:00,1,0.4660879943827794,0.5339120056172206,Hold,59.858555,60.11571,59.818993,60.04648,2916
2026-01-22 02:00:00,1,0.4278208780380982,0.5721791219619018,Hold,60.036587,60.105824,59.9179,60.07615,1606
2026-01-22 03:00:00,1,0.4559271102623102,0.5440728897376899,Hold,60.07615,60.155277,60.04648,60.105824,1325
2026-01-22 04:00:00,1,0.4519756441789188,0.5480243558210812,Hold,60.105824,60.145386,60.066257,60.105824,712
2026-01-22 05:00:00,1,0.46456054008516945,0.5354394599148306,Hold,60.095932,60.135494,60.006916,60.05637,1107
2026-01-22 06:00:00,1,0.487126884849084,0.512873115150916,Hold,60.04648,60.04648,59.858555,59.967354,1787
2026-01-22 07:00:00,1,0.46004215354854894,0.5399578464514511,Hold,59.97724,59.987133,59.700302,59.77943,4051
2026-01-22 08:00:00,1,0.4035143287666313,0.5964856712333687,Hold,59.77943,59.927788,59.640957,59.710194,7501
2026-01-22 09:00:00,0,0.3996153597779564,0.6003846402220436,Hold,59.720085,59.729977,59.34424,59.403584,9411
2026-01-22 10:00:00,0,0.39261283750375275,0.6073871624962472,Hold,59.403584,59.482708,59.10686,59.195877,12295
2026-01-22 11:00:00,0,0.36926464310961865,0.6307353568903813,Hold,59.195877,59.255222,58.82992,59.08708,13171
2026-01-22 12:00:00,0,0.37944692818478376,0.6205530718152162,Hold,59.08708,59.13653,58.79036,58.79036,7247
2026-01-22 13:00:00,0,0.41334598448464493,0.586654015515355,Hold,58.800247,59.12664,58.661777,59.047516,12924
2026-01-22 14:00:00,0,0.38055378939578277,0.6194462106042172,Hold,59.037624,59.34424,58.770576,59.10686,30783
2026-01-22 15:00:00,0,0.33685149163822237,0.6631485083617776,Hold,59.10686,59.195877,58.780468,59.0673,19228
2026-01-22 16:00:00,0,0.3395570274201238,0.6604429725798762,Hold,59.07719,59.304676,58.721123,58.82992,16481
2026-01-22 17:00:00,0,0.36327480767285025,0.6367251923271497,Hold,58.82992,58.82992,58.315605,58.50353,19055
2026-01-22 18:00:00,0,0.41490865185047243,0.5850913481495276,Hold,58.493637,58.661777,58.40462,58.612324,11217
2026-01-22 19:00:00,0,0.327239218147983,0.6727607818520169,Hold,58.622215,58.740906,58.5332,58.691452,14218
2026-01-22 20:00:00,0,0.3778936593808094,0.6221063406191907,Hold,58.68156,58.770576,58.65189,58.760685,3743
2026-01-22 21:00:00,0,0.4070954398004646,0.5929045601995354,Hold,58.760685,59.037624,58.740906,59.017845,3157
2026-01-22 23:00:00,0,0.34185600813468575,0.6581439918653142,Hold,59.007954,59.09697,58.869484,58.938717,1423
2026-01-23 00:00:00,0,0.39450069086756573,0.6054993091324343,Hold,58.94861,59.057407,58.92883,59.027737,684
2026-01-23 01:00:00,0,0.43158632561873933,0.5684136743812607,Hold,59.017845,59.156315,58.92883,59.116753,2771
2026-01-23 02:00:00,0,0.4398608454622831,0.5601391545377169,Hold,59.116753,59.23544,59.007954,59.195877,2134
2026-01-23 03:00:00,0,0.4186939021995026,0.5813060978004974,Hold,59.195877,59.284893,59.146423,59.176094,2344
2026-01-23 04:00:00,0,0.41794561212057507,0.5820543878794249,Hold,59.176094,59.265114,59.146423,59.23544,713
2026-01-23 05:00:00,0,0.4115663766680041,0.5884336233319959,Hold,59.23544,59.275,59.08708,59.156315,1404
2026-01-23 06:00:00,0,0.4275215580037634,0.5724784419962365,Hold,59.166206,59.334347,59.09697,59.314564,1871
2026-01-23 07:00:00,0,0.4389903587688317,0.5610096412311683,Hold,59.294785,59.304676,58.938717,59.017845,3185
2026-01-23 08:00:00,0,0.4302104314730143,0.5697895685269857,Hold,59.007954,59.453033,58.998062,59.24533,7598
2026-01-23 09:00:00,0,0.4262859047311481,0.573714095268852,Hold,59.255222,59.41347,59.20577,59.334347,5838
2026-01-23 10:00:00,0,0.40077661312889457,0.5992233868711054,Hold,59.34424,59.680523,59.324455,59.581615,6832
2026-01-23 11:00:00,0,0.4145754152992888,0.5854245847007111,Hold,59.581615,59.76954,59.52227,59.700302,5314
2026-01-23 12:00:00,0,0.42163282938048896,0.578367170619511,Hold,59.710194,59.878334,59.680523,59.77943,6219
2026-01-23 13:00:00,0,0.38124121584640885,0.6187587841535911,Hold,59.77943,60.39265,59.69041,60.35309,17416
2026-01-23 14:00:00,0,0.38015419789114085,0.6198458021088591,Hold,60.3432,60.590466,60.184948,60.48167,26947
2026-01-23 15:00:00,0,0.3584293564205745,0.6415706435794255,Hold,60.491558,60.521233,60.105824,60.11571,17424
2026-01-23 16:00:00,0,0.3567709612611998,0.6432290387388002,Hold,60.11571,60.521233,60.036587,60.442104,13805
2026-01-23 17:00:00,0,0.2807263715729151,0.7192736284270849,Hold,60.442104,60.560795,60.145386,60.50145,12981
2026-01-23 18:00:00,0,0.27458046458910923,0.7254195354108908,Hold,60.491558,60.580574,60.293747,60.412434,11116
2026-01-23 19:00:00,0,0.2825577378793146,0.7174422621206854,Hold,60.422325,60.590466,60.313526,60.412434,19541
2026-01-23 20:00:00,0,0.2827503418161146,0.7172496581838854,Hold,60.422325,60.550903,60.39265,60.491558,4815
2026-01-23 21:00:00,0,0.292372102194835,0.707627897805165,Hold,60.491558,60.689373,60.491558,60.61025,5303
2026-01-25 23:00:00,0,0.30387483049904007,0.6961251695009599,Hold,60.550903,60.630028,59.93768,60.37287,6650
2026-01-26 00:00:00,0,0.2912956618544642,0.7087043381455358,Hold,60.36298,60.48167,60.21462,60.432217,3223
2026-01-26 01:00:00,0,0.26961444242580446,0.7303855575741955,Hold,60.432217,60.62014,60.323418,60.451996,4256
2026-01-26 02:00:00,0,0.27976549975193793,0.7202345002480621,Hold,60.442104,60.48167,60.303635,60.313526,1740
2026-01-26 03:00:00,0,0.29963897866376066,0.7003610213362393,Hold,60.303635,60.432217,60.264072,60.432217,1096
2026-01-26 04:00:00,0,0.28354174316837655,0.7164582568316235,Hold,60.432217,60.531124,60.402542,60.521233,899
2026-01-26 05:00:00,0,0.3581168821070356,0.6418831178929645,Hold,60.521233,60.62014,60.35309,60.560795,1685
2026-01-26 06:00:00,1,0.3851244835337938,0.6148755164662062,Hold,60.550903,61.03555,60.50145,60.877296,6778
2026-01-26 07:00:00,0,0.3585974005323518,0.6414025994676482,Hold,60.867405,60.877296,60.264072,60.283855,7643
2026-01-26 08:00:00,0,0.38508172729102413,0.6149182727089759,Hold,60.283855,60.560795,60.11571,60.550903,11631
2026-01-26 09:00:00,0,0.3361457452841924,0.6638542547158076,Hold,60.560795,60.659702,60.145386,60.442104,7990
2026-01-26 10:00:00,0,0.41465929956574193,0.5853407004342581,Hold,60.432217,60.580574,60.283855,60.570686,4384
2026-01-26 11:00:00,0,0.3781816690656525,0.6218183309343475,Hold,60.570686,60.728935,60.39265,60.491558,5517
2026-01-26 12:00:00,0,0.3751818820023047,0.6248181179976953,Hold,60.491558,60.54101,60.19484,60.22451,6944
2026-01-26 13:00:00,0,0.3829295159346272,0.6170704840653728,Hold,60.2344,60.3432,59.898117,60.125603,12283
2026-01-26 14:00:00,0,0.32623528194165285,0.6737647180583471,Hold,60.125603,60.273964,59.83877,59.868446,20922
2026-01-26 15:00:00,0,0.3069679204868668,0.6930320795131333,Hold,59.868446,60.33331,59.759647,59.93768,15918
2026-01-26 16:00:00,0,0.4172050490362575,0.5827949509637425,Hold,59.93768,60.244293,59.76954,60.175056,12593
2026-01-26 17:00:00,0,0.38116275681842315,0.6188372431815768,Hold,60.175056,60.36298,60.066257,60.293747,7832
2026-01-26 18:00:00,0,0.41305521456186917,0.5869447854381309,Hold,60.293747,60.303635,59.878334,59.957462,10923
2026-01-26 19:00:00,0,0.34764395566252054,0.6523560443374794,Hold,59.957462,60.036587,59.82888,59.957462,11504
2026-01-26 20:00:00,0,0.35544062592670217,0.6445593740732978,Hold,59.957462,60.175056,59.66074,60.105824,11890
2026-01-26 21:00:00,0,0.32846231909568624,0.6715376809043138,Hold,60.11571,60.2344,59.97724,60.165165,2983
2026-01-26 23:00:00,0,0.3229921413724378,0.6770078586275622,Hold,60.11571,60.204727,60.08604,60.145386,531
2026-01-27 00:00:00,0,0.3303344681566191,0.6696655318433808,Hold,60.155277,60.184948,60.105824,60.145386,556
2026-01-27 01:00:00,0,0.4391489817587295,0.5608510182412705,Hold,60.135494,60.19484,59.542053,59.591507,4626
2026-01-27 02:00:00,0,0.3718501975170417,0.6281498024829584,Hold,59.591507,59.720085,59.561832,59.66074,2075
2026-01-27 03:00:00,0,0.4356675908600343,0.5643324091399657,Hold,59.65085,59.65085,59.561832,59.591507,1559
2026-01-27 04:00:00,0,0.42182671614463946,0.5781732838553606,Hold,59.591507,59.66074,59.561832,59.571724,888
2026-01-27 05:00:00,0,0.4383851981544125,0.5616148018455875,Hold,59.561832,59.789318,59.51238,59.749756,1640
2026-01-27 06:00:00,0,0.42716522883205005,0.57283477116795,Hold,59.759647,59.878334,59.69041,59.858555,1666
2026-01-27 07:00:00,0,0.4284972740862606,0.5715027259137394,Hold,59.858555,59.878334,59.63107,59.720085,2559
2026-01-27 08:00:00,0,0.4369455006213611,0.5630544993786388,Hold,59.729977,59.82888,59.482708,59.76954,6304
2026-01-27 09:00:00,0,0.42519602262005035,0.5748039773799496,Hold,59.76954,60.036587,59.63107,59.97724,5885
2026-01-27 10:00:00,0,0.4047184518050603,0.5952815481949397,Hold,59.987133,60.36298,59.957462,60.273964,8548
2026-01-27 11:00:00,0,0.4345412608563516,0.5654587391436484,Hold,60.264072,60.313526,59.90801,59.94757,5573
2026-01-27 12:00:00,0,0.4075969223818864,0.5924030776181136,Hold,59.94757,60.05637,59.77943,59.987133,5851
2026-01-27 13:00:00,0,0.4240733222791409,0.5759266777208591,Hold,59.987133,61.18391,59.94757,61.104782,26994
2026-01-27 14:00:00,0,0.3609075119328924,0.6390924880671076,Hold,61.104782,61.134457,60.273964,60.61025,30433
2026-01-27 15:00:00,0,0.360554273359033,0.639445726640967,Hold,60.61025,61.03555,60.432217,61.015766,17411
2026-01-27 16:00:00,0,0.3830300806305548,0.6169699193694451,Hold,61.025658,61.302597,60.946533,61.223473,19807
2026-01-27 17:00:00,0,0.3933680915977673,0.6066319084022327,Hold,61.21358,61.510303,61.18391,61.401505,18002
2026-01-27 18:00:00,0,0.39109736184405947,0.6089026381559406,Hold,61.401505,61.559757,61.24325,61.272926,13579
2026-01-27 19:00:00,0,0.3749344885583051,0.625065511441695,Hold,61.282818,61.896038,61.263035,61.510303,26255
2026-01-27 20:00:00,0,0.38279572209741786,0.6172042779025821,Hold,61.52019,61.94549,61.500412,61.87626,7168
2026-01-27 21:00:00,0,0.37328176799368623,0.6267182320063138,Hold,61.87626,61.896038,61.688335,61.88615,3946
2026-01-27 23:00:00,0,0.37113318463232914,0.6288668153676709,Hold,61.896038,61.985058,61.77735,61.856476,1467
2026-01-28 00:00:00,0,0.4284216859207249,0.5715783140792752,Hold,61.856476,61.965275,61.787243,61.84659,1578
2026-01-28 01:00:00,0,0.4646462310537498,0.5353537689462502,Hold,61.836697,61.955383,61.658665,61.76746,3773
2026-01-28 02:00:00,0,0.48268862558418363,0.5173113744158164,Hold,61.76746,62.0444,61.708115,61.955383,2521
2026-01-28 03:00:00,0,0.4598873640545709,0.5401126359454291,Hold,61.955383,62.17298,61.94549,62.01473,3453
2026-01-28 04:00:00,0,0.5192604501749737,0.4807395498250263,Sell,62.02462,62.16309,61.994946,62.133415,2469
2026-01-28 05:00:00,0,0.5211543534312447,0.4788456465687553,Sell,62.133415,62.19276,62.074074,62.18287,1374
2026-01-28 06:00:00,0,0.5206676782075622,0.4793323217924378,Sell,62.18287,62.31145,62.0444,62.08396,3476
2026-01-28 07:00:00,0,0.48904542698864034,0.5109545730113596,Hold,62.08396,62.093853,61.718006,61.816914,5971
2026-01-28 08:00:00,0,0.5365595638561209,0.4634404361438791,Sell,61.816914,62.113636,61.727898,62.02462,8722
2026-01-28 09:00:00,0,0.43307501104912677,0.5669249889508732,Hold,62.02462,62.03451,61.391613,61.49052,10509
2026-01-28 10:00:00,0,0.384878527643272,0.615121472356728,Hold,61.48063,61.60921,61.421288,61.46085,5397
2026-01-28 11:00:00,0,0.4466439157958082,0.5533560842041918,Hold,61.45096,61.91582,61.431175,61.88615,5607
2026-01-28 12:00:00,0,0.49314229381979297,0.5068577061802071,Hold,61.896038,62.47959,61.718006,62.123528,21957
2026-01-28 13:00:00,0,0.5723967994892153,0.4276032005107847,Sell,62.123528,62.697186,62.074074,62.657623,19212
2026-01-28 14:00:00,0,0.5097366246020618,0.4902633753979382,Sell,62.657623,62.825768,62.18287,62.489483,37839
2026-01-28 15:00:00,0,0.5072322791186518,0.49276772088134824,Sell,62.489483,62.568607,61.955383,62.271885,21688
2026-01-28 16:00:00,0,0.45500294618797676,0.5449970538120232,Hold,62.281776,62.400467,62.004837,62.05429,13471
2026-01-28 17:00:00,0,0.38755827975468116,0.6124417202453188,Hold,62.0444,62.242214,61.856476,62.05429,10969
2026-01-28 18:00:00,0,0.500081933294245,0.499918066705755,Sell,62.0444,62.489483,62.01473,62.410355,8620
2026-01-28 19:00:00,0,0.4677865073125186,0.5322134926874814,Hold,62.420246,62.598278,62.351013,62.538937,14608
2026-01-28 20:00:00,0,0.48598451076460336,0.5140154892353966,Hold,62.529045,62.776314,62.529045,62.687298,5072
2026-01-28 21:00:00,0,0.520226285150313,0.479773714849687,Sell,62.677406,62.87522,62.627953,62.805984,4149
2026-01-28 23:00:00,0,0.47578327104798745,0.5242167289520125,Hold,62.805984,63.132378,62.58839,62.687298,5233
2026-01-29 00:00:00,0,0.4745822369373067,0.5254177630626933,Hold,62.697186,62.974125,62.61806,62.845547,2293
2026-01-29 01:00:00,0,0.5607141576372484,0.4392858423627516,Sell,62.835655,63.132378,62.73675,63.122486,4724
2026-01-29 02:00:00,0,0.5532664069333647,0.4467335930666353,Sell,63.122486,63.359863,62.944454,63.3203,4236
2026-01-29 03:00:00,0,0.5432833560319367,0.45671664396806333,Sell,63.330193,63.399426,63.221394,63.369755,2797
2026-01-29 04:00:00,0,0.5896919003093726,0.4103080996906274,Sell,63.369755,63.67637,63.34997,63.617023,3830
2026-01-29 05:00:00,0,0.5446304540742931,0.4553695459257069,Sell,63.617023,63.617023,63.3203,63.4291,2819
2026-01-29 06:00:00,0,0.5662269041300935,0.43377309586990653,Sell,63.4291,63.775272,63.3203,63.488445,4251
2026-01-29 07:00:00,0,0.5623871428084538,0.4376128571915462,Sell,63.488445,63.696148,63.330193,63.379646,5117
2026-01-29 08:00:00,0,0.603352506140999,0.396647493859001,Sell,63.379646,63.963196,63.34997,63.913742,9979
2026-01-29 09:00:00,0,0.5859287750205469,0.41407122497945315,Sell,63.923634,64.37861,63.656586,64.14123,12702
2026-01-29 10:00:00,0,0.5900624848726169,0.4099375151273831,Sell,64.14123,64.16101,63.617023,64.022545,11023
2026-01-29 11:00:00,0,0.5818810622393077,0.4181189377606923,Sell,64.01265,64.210464,63.666477,64.022545,7811
2026-01-29 12:00:00,0,0.6089359471142508,0.3910640528857492,Sell,64.01265,64.1709,63.88407,63.98298,8499
2026-01-29 13:00:00,0,0.6024772963016896,0.39752270369831044,Sell,63.98298,64.912704,63.913742,64.73467,24956
2026-01-29 14:00:00,1,0.5825587163336287,0.41744128366637134,Sell,64.74456,65.75342,64.68522,65.40724,55777
2026-01-29 15:00:00,0,0.5355656926494385,0.46443430735056146,Sell,65.40724,65.46658,63.933525,64.71489,64690
2026-01-29 16:00:00,0,0.5372620711971168,0.4627379288028832,Sell,64.71489,65.031395,64.1709,64.52697,32500
2026-01-29 17:00:00,0,0.5463103924114282,0.4536896075885718,Sell,64.53686,64.96216,64.358826,64.78413,25965
2026-01-29 18:00:00,0,0.5101115699525672,0.48988843004743277,Sell,64.77424,64.873146,64.19068,64.40828,19307
2026-01-29 19:00:00,0,0.5104360961077175,0.48956390389228255,Sell,64.41817,64.873146,64.358826,64.665436,23224
2026-01-29 20:00:00,0,0.5158029496216514,0.4841970503783486,Sell,64.65555,65.20943,64.635765,64.76434,10229
2026-01-29 21:00:00,0,0.46856001944164744,0.5314399805583525,Hold,64.754456,64.80391,64.50719,64.794014,4432
2026-01-29 23:00:00,1,0.52483331516114,0.47516668483886004,Sell,64.80391,65.150085,64.665436,64.873146,2088
2026-01-30 00:00:00,0,0.5683991033540757,0.43160089664592427,Sell,64.86325,64.98194,63.399426,64.64565,8266
2026-01-30 01:00:00,0,0.5622095993321353,0.4377904006678647,Sell,64.64565,64.85336,63.973087,64.0621,8534
2026-01-30 02:00:00,0,0.5163421777613645,0.4836578222386355,Sell,64.08189,64.12145,62.944454,63.7456,13295
2026-01-30 03:00:00,0,0.44805202643004527,0.5519479735699547,Hold,63.755493,63.775272,63.409317,63.537895,3334
2026-01-30 04:00:00,0,0.47919816996835113,0.5208018300316488,Hold,63.537895,63.73571,63.528008,63.626915,2779
2026-01-30 05:00:00,0,0.493694847100101,0.506305152899899,Hold,63.617023,64.03243,63.537895,63.775272,4724
2026-01-30 06:00:00,0,0.45605372667729893,0.5439462733227011,Hold,63.765385,63.785164,63.28074,63.3203,3720
2026-01-30 07:00:00,0,0.4447550978872573,0.5552449021127427,Hold,63.340084,63.686256,63.31041,63.45877,5052
2026-01-30 08:00:00,0,0.5134215814371124,0.48657841856288764,Sell,63.44888,63.99287,63.389538,63.804947,10814
2026-01-30 09:00:00,0,0.5226894717573899,0.4773105282426101,Sell,63.795055,64.3885,63.775272,63.973087,10969
2026-01-30 10:00:00,0,0.4857050936593211,0.514294906340679,Hold,63.973087,64.1709,63.518116,63.923634,9596
2026-01-30 11:00:00,0,0.5745165266364712,0.42548347336352876,Sell,63.923634,64.358826,63.59724,64.30937,17171
2026-01-30 12:00:00,0,0.6236619456499475,0.3763380543500525,Sell,64.30937,64.64565,64.16101,64.52697,9346
2026-01-30 13:00:00,0,0.6117018977835791,0.3882981022164209,Sell,64.53686,64.724785,64.20058,64.5962,13813
2026-01-30 14:00:00,1,0.5916541267870548,0.40834587321294524,Sell,64.58631,65.19954,64.56653,64.972046,28247
2026-01-30 15:00:00,1,0.5276879170454297,0.4723120829545703,Sell,64.972046,65.07095,64.57642,64.89292,18231
2026-01-30 16:00:00,1,0.5334592451708102,0.4665407548291898,Sell,64.90282,65.38746,64.73467,64.972046,23211
2026-01-30 17:00:00,0,0.4103202773057434,0.5896797226942566,Hold,64.972046,65.12041,63.636803,63.824726,42667
2026-01-30 18:00:00,0,0.3960770747108978,0.6039229252891022,Hold,63.824726,64.072,63.478554,63.98298,22587
2026-01-30 19:00:00,1,0.5235096070533732,0.47649039294662676,Sell,63.99287,64.96216,63.963196,64.85336,24953
2026-01-30 20:00:00,1,0.5270225720511603,0.4729774279488397,Sell,64.85336,65.19954,64.83358,65.05118,9516
2026-01-30 21:00:00,1,0.509349262025582,0.49065073797441805,Sell,65.05118,65.150085,64.972046,65.0215,3424
2026-02-01 23:00:00,0,0.3025960606647985,0.6974039393352015,Hold,64.01265,64.03243,62.281776,62.5785,15988
2026-02-02 00:00:00,0,0.29239624267531505,0.707603757324685,Hold,62.58839,63.102707,62.568607,63.0038,3896
2026-02-02 01:00:00,0,0.27215947765618015,0.7278405223438198,Hold,63.01369,63.02358,61.925713,62.34112,16601
2026-02-02 02:00:00,0,0.27191860405987844,0.7280813959401216,Hold,62.34112,62.430138,61.63888,61.75757,5886
2026-02-02 03:00:00,0,0.25480692278407774,0.7451930772159223,Hold,61.74768,61.965275,61.59932,61.60921,5741
2026-02-02 04:00:00,0,0.24244824732966322,0.7575517526703368,Hold,61.6191,61.648773,61.431175,61.500412,4009
2026-02-02 05:00:00,0,0.23575670447231237,0.7642432955276877,Hold,61.500412,61.52019,60.75861,60.92675,10513
2026-02-02 06:00:00,0,0.26002107151898574,0.7399789284810143,Hold,60.92675,61.193798,60.78828,60.995987,6468
2026-02-02 07:00:00,0,0.2622721385981403,0.7377278614018596,Hold,60.986095,61.569645,60.986095,61.233364,10300
2026-02-02 08:00:00,0,0.22288504593869962,0.7771149540613004,Hold,61.24325,61.688335,60.986095,60.986095,13012
2026-02-02 09:00:00,0,0.26314887842897855,0.7368511215710214,Hold,60.995987,61.45096,60.719048,61.431175,13501
2026-02-02 10:00:00,0,0.2574623311031538,0.7425376688968461,Hold,61.421288,61.59932,61.07511,61.233364,9181
2026-02-02 11:00:00,0,0.25470589604987204,0.745294103950128,Hold,61.223473,61.34216,60.93664,61.18391,6360
2026-02-02 12:00:00,0,0.306493277914105,0.693506722085895,Hold,61.18391,61.6191,61.18391,61.441067,8630
2026-02-02 13:00:00,0,0.27348486563170565,0.7265151343682943,Hold,61.441067,61.441067,60.90697,61.431175,16490
2026-02-02 14:00:00,0,0.31426740915256457,0.6857325908474354,Hold,61.441067,61.87626,61.31249,61.38172,26074
2026-02-02 15:00:00,0,0.2794132227209773,0.7205867772790226,Hold,61.38172,61.88615,61.114674,61.272926,33652
2026-02-02 16:00:00,0,0.27147637014651854,0.7285236298534814,Hold,61.263035,61.530083,61.07511,61.292706,20719
2026-02-02 17:00:00,0,0.2822412917315864,0.7177587082684136,Hold,61.282818,61.302597,60.986095,61.094894,11029
2026-02-02 18:00:00,0,0.2755200665658125,0.7244799334341875,Hold,61.085003,61.401505,60.867405,61.05533,10378
2026-02-02 19:00:00,0,0.34615589689400844,0.6538441031059916,Hold,61.04544,61.539974,60.90697,61.371834,18595
2026-02-02 20:00:00,0,0.33385657588116596,0.666143424118834,Hold,61.38172,61.6191,61.35205,61.569645,4239
2026-02-02 21:00:00,0,0.3510711876234172,0.6489288123765828,Hold,61.569645,61.688335,61.48063,61.648773,2106
2026-02-02 23:00:00,0,0.3612074131735046,0.6387925868264954,Hold,61.59932,61.60921,61.114674,61.263035,2283
2026-02-03 00:00:00,0,0.4062057046490841,0.5937942953509159,Hold,61.263035,61.371834,61.21358,61.302597,1098
2026-02-03 01:00:00,0,0.432268549461555,0.567731450538445,Hold,61.32238,61.77735,61.302597,61.668552,4038
2026-02-03 02:00:00,0,0.4341665386963609,0.5658334613036391,Hold,61.668552,61.698227,60.877296,61.085003,5078
2026-02-03 03:00:00,0,0.42671562577524075,0.5732843742247593,Hold,61.06522,61.32238,60.93664,61.253143,2398
2026-02-03 04:00:00,0,0.40527226317736603,0.594727736822634,Hold,61.253143,61.34216,61.144344,61.233364,1247
2026-02-03 05:00:00,0,0.4392601576156255,0.5607398423843746,Hold,61.24325,61.292706,61.124565,61.193798,1467
2026-02-03 06:00:00,0,0.43623090228291267,0.5637690977170873,Hold,61.193798,61.24325,61.07511,61.164127,1634
2026-02-03 07:00:00,0,0.45326533082809256,0.5467346691719075,Hold,61.144344,61.38172,61.04544,61.233364,3626
2026-02-03 08:00:00,0,0.48704432036295053,0.5129556796370495,Hold,61.24325,61.48063,60.669594,60.946533,10387
2026-02-03 09:00:00,0,0.43302037204377825,0.5669796279562218,Hold,60.946533,61.193798,60.451996,61.05533,11355
2026-02-03 10:00:00,0,0.4110117241183383,0.5889882758816617,Hold,61.06522,61.658665,61.06522,61.539974,7796
2026-02-03 11:00:00,0,0.39366885239297394,0.6063311476070261,Hold,61.539974,61.718006,61.421288,61.668552,6298
2026-02-03 12:00:00,0,0.40563668793418917,0.5943633120658108,Hold,61.668552,61.90593,61.530083,61.87626,7837
2026-02-03 13:00:00,0,0.3547669435967715,0.6452330564032285,Hold,61.87626,62.02462,61.668552,61.91582,10576
2026-02-03 14:00:00,0,0.40077702190829473,0.5992229780917053,Hold,61.91582,62.44003,61.708115,62.05429,24517
2026-02-03 15:00:00,0,0.3808365481349051,0.6191634518650949,Hold,62.0444,62.281776,61.836697,62.05429,16430
2026-02-03 16:00:00,0,0.33259992773652763,0.6674000722634723,Hold,62.05429,62.31145,61.836697,61.985058,22939
2026-02-03 17:00:00,0,0.44620572179518725,0.5537942782048128,Hold,61.985058,63.04336,61.836697,62.44992,48073
2026-02-03 18:00:00,0,0.4185206940232465,0.5814793059767536,Hold,62.44992,62.667515,61.91582,62.400467,19374
2026-02-03 19:00:00,0,0.45700977506853213,0.5429902249314679,Hold,62.400467,62.87522,62.01473,62.7862,20202
2026-02-03 20:00:00,0,0.4545876978669324,0.5454123021330676,Hold,62.776314,63.508224,62.766422,63.379646,10572
2026-02-03 21:00:00,0,0.44477237914981843,0.5552276208501816,Hold,63.389538,63.44888,62.845547,63.201614,6413
2026-02-03 23:00:00,0,0.44411606444118795,0.5558839355588121,Hold,63.102707,63.14227,62.934563,63.063145,1314
2026-02-04 00:00:00,0,0.4424813424420003,0.5575186575579997,Hold,63.053253,63.201614,63.02358,63.063145,1014
2026-02-04 01:00:00,0,0.4166569243753028,0.5833430756246972,Hold,63.073032,63.468662,62.776314,63.34997,4702
2026-02-04 02:00:00,0,0.48154583065212936,0.5184541693478706,Hold,63.34997,63.43899,62.845547,62.964237,3441
2026-02-04 03:00:00,0,0.47969739325290633,0.5203026067470937,Hold,62.964237,63.18183,62.88511,63.14227,1982
2026-02-04 04:00:00,0,0.47729177204948703,0.522708227950513,Hold,63.14227,63.201614,63.073032,63.14227,890
2026-02-04 05:00:00,0,0.5023389877804498,0.49766101221955017,Sell,63.14227,63.16205,63.04336,63.053253,1214
2026-02-04 06:00:00,0,0.49783313767017673,0.5021668623298232,Hold,63.053253,63.132378,62.934563,63.03347,1496
2026-02-04 07:00:00,0,0.5198001434061695,0.48019985659383047,Sell,63.04336,63.1126,62.568607,62.667515,4878
2026-02-04 08:00:00,0,0.4827383105463666,0.5172616894536334,Hold,62.667515,63.0038,62.261997,62.47959,8853
2026-02-04 09:00:00,0,0.5294212424769565,0.47057875752304346,Sell,62.47959,63.082924,62.390575,63.04336,7624
2026-02-04 10:00:00,0,0.5460681055896179,0.45393189441038206,Sell,63.03347,63.092815,62.74664,62.835655,4665
2026-02-04 11:00:00,0,0.4859610136104697,0.5140389863895303,Hold,62.835655,62.835655,62.568607,62.61806,4390
2026-02-04 12:00:00,0,0.47914589097966026,0.5208541090203398,Hold,62.60817,62.914783,62.538937,62.707077,5190
2026-02-04 13:00:00,0,0.4465762873619183,0.5534237126380817,Hold,62.707077,62.796093,62.17298,62.202652,11088
2026-02-04 14:00:00,0,0.4922281542790886,0.5077718457209114,Hold,62.212543,62.805984,62.17298,62.5785,18877
2026-02-04 15:00:00,0,0.4847211179252699,0.51527888207473,Hold,62.558716,62.944454,62.34112,62.61806,19844
2026-02-04 16:00:00,0,0.439834257340878,0.560165742659122,Hold,62.627953,62.87522,62.291668,62.845547,14034
2026-02-04 17:00:00,1,0.5015972992774542,0.4984027007225458,Sell,62.835655,64.8138,62.796093,64.41817,63284
2026-02-04 18:00:00,1,0.4114759247154745,0.5885240752845255,Hold,64.42806,64.67533,63.933525,64.34894,29415
2026-02-04 19:00:00,0,0.3761575259378391,0.6238424740621609,Hold,64.329155,64.74456,62.934563,63.528008,48367
2026-02-04 20:00:00,0,0.3846685356705654,0.6153314643294345,Hold,63.537895,63.923634,63.468662,63.607132,6573
2026-02-04 21:00:00,0,0.3713803331244762,0.6286196668755237,Hold,63.617023,63.84451,63.55768,63.765385,2439
2026-02-04 23:00:00,0,0.3896623231394997,0.6103376768605002,Hold,63.785164,63.943417,63.31041,63.71593,2152
2026-02-05 00:00:00,0,0.4247127181393197,0.5752872818606802,Hold,63.70604,63.923634,63.636803,63.686256,1599
2026-02-05 01:00:00,0,0.4162917431219333,0.5837082568780667,Hold,63.686256,63.81484,63.379646,63.379646,5089
2026-02-05 02:00:00,0,0.4508289381525349,0.5491710618474651,Hold,63.389538,63.4291,62.895,62.993908,7465
2026-02-05 03:00:00,0,0.46804879958692297,0.5319512004130771,Hold,63.0038,63.29063,62.7862,63.14227,3779
2026-02-05 04:00:00,0,0.482315373224882,0.5176846267751181,Hold,63.14227,63.191723,62.974125,63.082924,1519
2026-02-05 05:00:00,0,0.460982860671028,0.539017139328972,Hold,63.063145,63.18183,62.904892,63.0038,2136
2026-02-05 06:00:00,0,0.45344421398114343,0.5465557860188566,Hold,63.0038,63.260956,62.993908,63.16205,1492
2026-02-05 07:00:00,0,0.47199117708802046,0.5280088229119795,Hold,63.18183,63.41921,63.102707,63.330193,3859
2026-02-05 08:00:00,0,0.5126584241727579,0.48734157582724213,Sell,63.330193,63.547787,63.25107,63.41921,5406
2026-02-05 09:00:00,0,0.48343257615671464,0.5165674238432854,Hold,63.41921,63.70604,63.260956,63.488445,6403
2026-02-05 10:00:00,0,0.47966129542348096,0.5203387045765191,Hold,63.478554,63.71593,63.41921,63.44888,4930
2026-02-05 11:00:00,1,0.4966565359471389,0.5033434640528611,Hold,63.43899,63.84451,63.369755,63.84451,7326
2026-02-05 12:00:00,0,0.5261091056211853,0.4738908943788147,Sell,63.8544,63.963196,62.88511,63.122486,13258
2026-02-05 13:00:00,0,0.4428565113871038,0.5571434886128962,Hold,63.1126,63.31041,62.538937,62.657623,16501
2026-02-05 14:00:00,0,0.45872739206226504,0.541272607937735,Hold,62.667515,62.984016,62.33123,62.86533,26614
2026-02-05 15:00:00,0,0.42978724908124977,0.5702127509187502,Hold,62.85544,62.895,61.965275,62.33123,23228
2026-02-05 16:00:00,0,0.45781300600096475,0.5421869939990352,Hold,62.34112,62.895,62.074074,62.88511,20449
2026-02-05 17:00:00,0,0.4388232985385241,0.5611767014614759,Hold,62.895,63.17194,62.687298,62.904892,11735
2026-02-05 18:00:00,0,0.39225488729070357,0.6077451127092964,Hold,62.895,62.993908,62.60817,62.687298,9613
2026-02-05 19:00:00,0,0.3808783345834749,0.619121665416525,Hold,62.687298,62.7862,62.242214,62.499374,19610
2026-02-05 20:00:00,0,0.3850150453911613,0.6149849546088386,Hold,62.499374,62.75653,62.4697,62.58839,3757
2026-02-05 21:00:00,0,0.4130345348951167,0.5869654651048832,Hold,62.5785,62.61806,62.32134,62.430138,2936
2026-02-05 23:00:00,0,0.4193578802598215,0.5806421197401785,Hold,62.410355,62.44992,62.004837,62.133415,1557
2026-02-06 00:00:00,0,0.5033579608406812,0.4966420391593188,Sell,62.123528,62.31145,61.62899,62.212543,4624
2026-02-06 01:00:00,0,0.5523962063010645,0.44760379369893555,Sell,62.232323,62.430138,61.925713,62.351013,5134
2026-02-06 02:00:00,0,0.6010121487708694,0.3989878512291306,Sell,62.360905,63.15216,62.32134,62.657623,7475
2026-02-06 03:00:00,0,0.6214516433415609,0.3785483566584391,Sell,62.637844,62.924675,62.627953,62.914783,1672
2026-02-06 04:00:00,0,0.5938996418387513,0.4061003581612487,Sell,62.904892,63.03347,62.895,62.944454,1292
2026-02-06 05:00:00,0,0.6235398236141255,0.3764601763858745,Sell,62.954346,63.56757,62.914783,63.389538,4564
2026-02-06 06:00:00,0,0.5959057911747934,0.40409420882520664,Sell,63.399426,63.646694,63.28074,63.389538,4107
2026-02-06 07:00:00,0,0.6293007410189148,0.37069925898108524,Sell,63.379646,63.56757,63.3203,63.478554,3874
2026-02-06 08:00:00,0,0.606132757620173,0.39386724237982695,Sell,63.488445,63.498333,62.954346,63.379646,10792
2026-02-06 09:00:00,0,0.6697315724227807,0.3302684275772193,Sell,63.389538,63.87418,63.201614,63.488445,21487
2026-02-06 10:00:00,0,0.5770766766065497,0.4229233233934503,Sell,63.478554,63.488445,62.5785,62.707077,9842
2026-02-06 11:00:00,0,0.5593591672399795,0.44064083276002053,Sell,62.71697,62.944454,62.123528,62.529045,13515
2026-02-06 12:00:00,0,0.5261023364739714,0.4738976635260286,Sell,62.529045,62.538937,61.975166,62.33123,10969
2026-02-06 13:00:00,0,0.5058560952137061,0.4941439047862939,Sell,62.32134,62.924675,61.52019,61.708115,31654
2026-02-06 14:00:00,0,0.5658188292401248,0.43418117075987517,Sell,61.688335,62.954346,61.579536,62.835655,30046
2026-02-06 15:00:00,0,0.621049156878265,0.378950843121735,Sell,62.845547,63.478554,62.776314,63.330193,29286
2026-02-06 16:00:00,0,0.6105177987411134,0.38948220125888655,Sell,63.330193,63.547787,63.102707,63.45877,13947
2026-02-06 17:00:00,0,0.6017200627053857,0.3982799372946143,Sell,63.45877,63.686256,63.389538,63.58735,11771
2026-02-06 18:00:00,0,0.5935724131514464,0.4064275868485536,Sell,63.59724,63.666477,63.132378,63.28074,15775
2026-02-06 19:00:00,0,0.5241970796935289,0.4758029203064711,Sell,63.29063,63.29063,62.687298,62.71697,21425
2026-02-06 20:00:00,0,0.5526231718793722,0.44737682812062785,Sell,62.71697,62.805984,62.5785,62.776314,5501
2026-02-06 21:00:00,0,0.5637704852621512,0.43622951473784877,Sell,62.7862,62.85544,62.64773,62.805984,3165
2026-02-08 23:00:00,0,0.501157018117799,0.498842981882201,Sell,62.30156,62.489483,61.935604,62.261997,5933
2026-02-09 00:00:00,0,0.5610871132403566,0.43891288675964335,Sell,62.261997,62.47959,62.18287,62.420246,1278
2026-02-09 01:00:00,0,0.5613945769526283,0.4386054230473717,Sell,62.420246,62.598278,62.360905,62.529045,2094
2026-02-09 02:00:00,0,0.5520080630523877,0.4479919369476123,Sell,62.529045,62.60817,62.16309,62.271885,2520
2026-02-09 03:00:00,0,0.5391652272472653,0.46083477275273466,Sell,62.271885,62.370792,62.202652,62.291668,1367
2026-02-09 04:00:00,0,0.4956538024295506,0.5043461975704494,Hold,62.291668,62.33123,62.19276,62.261997,944
2026-02-09 05:00:00,0,0.49899082883758394,0.5010091711624161,Hold,62.252106,62.32134,62.08396,62.212543,1534
2026-02-09 06:00:00,0,0.507728709139546,0.49227129086045396,Sell,62.19276,62.291668,62.113636,62.19276,1336
2026-02-09 07:00:00,0,0.4715188825074318,0.5284811174925682,Hold,62.18287,62.202652,61.994946,62.0444,3179
2026-02-09 08:00:00,0,0.5246363946852702,0.47536360531472976,Sell,62.05429,62.44003,62.0444,62.212543,5610
2026-02-09 09:00:00,0,0.48704587683758543,0.5129541231624146,Hold,62.222435,62.529045,62.064182,62.212543,6113
2026-02-09 10:00:00,0,0.5356021626204435,0.46439783737955653,Sell,62.212543,63.191723,62.16309,63.17194,9597
2026-02-09 11:00:00,0,0.4845219633500377,0.5154780366499623,Hold,63.16205,63.17194,62.815876,63.132378,5510
2026-02-09 12:00:00,0,0.488421092323497,0.5115789076765029,Hold,63.14227,63.221394,62.984016,63.04336,3836
2026-02-09 13:00:00,0,0.46359626166032464,0.5364037383396754,Hold,63.04336,63.053253,62.499374,62.538937,8597
2026-02-09 14:00:00,0,0.5692388022324794,0.43076119776752064,Sell,62.529045,63.617023,62.370792,63.369755,22188
2026-02-09 15:00:00,0,0.4727978254704631,0.5272021745295369,Hold,63.359863,63.528008,63.25107,63.468662,12000
2026-02-09 16:00:00,0,0.4933871663190046,0.5066128336809954,Hold,63.468662,64.1709,63.359863,64.14123,16180
2026-02-09 17:00:00,0,0.4461205291150975,0.5538794708849025,Hold,64.14123,64.1709,63.84451,64.052216,9344
2026-02-09 18:00:00,0,0.45874296259604996,0.54125703740395,Hold,64.072,64.072,63.686256,63.795055,8717
2026-02-09 19:00:00,0,0.46645998563214464,0.5335400143678554,Hold,63.785164,63.804947,63.498333,63.547787,14631
2026-02-09 20:00:00,0,0.5063446631118923,0.4936553368881077,Sell,63.55768,63.636803,63.508224,63.58735,2703
2026-02-09 21:00:00,0,0.5434925109222977,0.45650748907770233,Sell,63.59724,63.765385,63.59724,63.71593,1993
2026-02-09 23:00:00,0,0.5316252514381545,0.46837474856184547,Sell,63.73571,63.795055,63.607132,63.70604,876
2026-02-10 00:00:00,0,0.5053904101294766,0.4946095898705234,Sell,63.696148,63.696148,63.55768,63.607132,648
2026-02-10 01:00:00,0,0.5342092456117303,0.46579075438826967,Sell,63.607132,63.636803,63.17194,63.57746,3680
2026-02-10 02:00:00,0,0.5591388236747578,0.44086117632524224,Sell,63.58735,63.656586,63.498333,63.58735,1191
2026-02-10 03:00:00,0,0.5962421795654346,0.40375782043456543,Sell,63.58735,63.607132,63.379646,63.498333,2001
2026-02-10 04:00:00,0,0.6004444642951633,0.3995555357048367,Sell,63.488445,63.547787,63.44888,63.498333,935
2026-02-10 05:00:00,0,0.5952846213855943,0.40471537861440565,Sell,63.498333,63.56757,63.369755,63.389538,1660
2026-02-10 06:00:00,0,0.6330091840308542,0.36699081596914584,Sell,63.389538,63.72582,63.369755,63.656586,2566
2026-02-10 07:00:00,0,0.6376654974014961,0.36233450259850386,Sell,63.656586,63.72582,63.488445,63.617023,2719
2026-02-10 08:00:00,0,0.6147982032953827,0.3852017967046173,Sell,63.59724,63.923634,63.379646,63.903854,5963
2026-02-10 09:00:00,0,0.6295916419457078,0.3704083580542922,Sell,63.903854,63.98298,63.41921,63.4291,5739
2026-02-10 10:00:00,0,0.6337590305660228,0.3662409694339772,Sell,63.43899,63.765385,63.3203,63.636803,5267
2026-02-10 11:00:00,0,0.5528959580695129,0.44710404193048714,Sell,63.636803,63.95331,63.58735,63.88407,4562
2026-02-10 12:00:00,0,0.5237220532512828,0.47627794674871715,Sell,63.88407,63.893963,63.547787,63.7456,4499
2026-02-10 13:00:00,0,0.5275978140153311,0.4724021859846689,Sell,63.7456,64.00276,63.666477,63.804947,6787
2026-02-10 14:00:00,0,0.5647491073282352,0.43525089267176476,Sell,63.804947,63.963196,63.4291,63.804947,16361
2026-02-10 15:00:00,0,0.529134858469171,0.47086514153082903,Sell,63.824726,63.963196,63.41921,63.498333,14070
2026-02-10 16:00:00,0,0.47076912354115374,0.5292308764588463,Hold,63.488445,63.498333,63.082924,63.28074,14018
2026-02-10 17:00:00,0,0.5007858745797394,0.49921412542026056,Sell,63.270847,63.58735,63.17194,63.369755,8394
2026-02-10 18:00:00,0,0.432972456066545,0.567027543933455,Hold,63.369755,63.379646,62.954346,63.14227,15806
2026-02-10 19:00:00,0,0.47478862323991167,0.5252113767600883,Hold,63.14227,63.498333,63.092815,63.43899,12866
2026-02-10 20:00:00,0,0.485506191003334,0.514493808996666,Hold,63.43899,63.7456,63.3203,63.59724,8920
2026-02-10 21:00:00,0,0.47315888664999106,0.5268411133500089,Hold,63.607132,63.617023,63.4291,63.498333,3256
2026-02-10 23:00:00,0,0.563639677651146,0.436360322348854,Sell,63.498333,63.636803,63.44888,63.607132,969
2026-02-11 00:00:00,0,0.44254538030909296,0.557454619690907,Hold,63.617023,63.636803,63.518116,63.537895,610
2026-02-11 01:00:00,0,0.4951410250704003,0.5048589749295997,Hold,63.547787,63.686256,63.468662,63.646694,1630
2026-02-11 02:00:00,0,0.4924190775338054,0.5075809224661946,Hold,63.646694,63.923634,63.626915,63.834618,2260
2026-02-11 03:00:00,0,0.48471484085847183,0.5152851591415282,Hold,63.834618,63.864292,63.7456,63.804947,1226
2026-02-11 04:00:00,0,0.5560461915089614,0.4439538084910386,Sell,63.804947,63.824726,63.70604,63.71593,718
2026-02-11 05:00:00,0,0.5917442121299272,0.4082557878700728,Sell,63.71593,63.73571,63.59724,63.646694,2032
2026-02-11 06:00:00,0,0.5745027196641264,0.42549728033587364,Sell,63.656586,63.7456,63.636803,63.73571,1372
2026-02-11 07:00:00,0,0.5555521870413487,0.4444478129586513,Sell,63.7456,63.98298,63.67637,63.824726,3468
2026-02-11 08:00:00,0,0.5722707235201933,0.42772927647980674,Sell,63.824726,64.240135,63.824726,64.08189,7179
2026-02-11 09:00:00,0,0.5369324633231685,0.46306753667683154,Sell,64.08189,64.269806,64.01265,64.13134,3923
2026-02-11 10:00:00,0,0.5209222003347231,0.47907779966527686,Sell,64.12145,64.22035,64.022545,64.19068,3602
2026-02-11 11:00:00,0,0.5295019918264544,0.4704980081735456,Sell,64.19068,64.705,64.16101,64.665436,6717
2026-02-11 12:00:00,0,0.531280716901161,0.46871928309883903,Sell,64.67533,64.77424,64.210464,64.71489,9376
2026-02-11 13:00:00,0,0.4750344477556951,0.5249655522443049,Hold,64.705,64.85336,64.53686,64.74456,11172
2026-02-11 14:00:00,1,0.4808006510259012,0.5191993489740988,Hold,64.74456,65.11052,64.71489,64.84347,16368
2026-02-11 15:00:00,1,0.43077829474345347,0.5692217052565465,Hold,64.84347,64.86325,64.072,64.25992,20762
2026-02-11 16:00:00,1,0.4360065988409297,0.5639934011590704,Hold,64.25992,64.58631,64.11156,64.358826,14099
2026-02-11 17:00:00,1,0.42966506619175815,0.5703349338082419,Hold,64.358826,64.43795,64.052216,64.16101,11515
2026-02-11 18:00:00,0,0.43208026080604384,0.5679197391939561,Hold,64.15112,64.41817,63.73571,63.973087,14644
2026-02-11 19:00:00,1,0.43319535120255526,0.5668046487974447,Hold,63.973087,64.39839,63.785164,64.16101,29127
2026-02-11 20:00:00,1,0.40396349878072263,0.5960365012192774,Hold,64.16101,64.329155,64.13134,64.28959,3677
2026-02-11 21:00:00,1,0.3880514973838591,0.6119485026161409,Hold,64.299484,64.329155,64.18079,64.18079,1423
2026-02-11 23:00:00,1,0.41184126260778187,0.5881587373922181,Hold,64.16101,64.23025,64.091774,64.19068,792
2026-02-12 00:00:00,1,0.48193707602202035,0.5180629239779797,Hold,64.20058,64.299484,64.20058,64.25992,644
2026-02-12 01:00:00,1,0.49426951623418514,0.5057304837658149,Hold,64.25992,64.31926,64.072,64.18079,2126
2026-02-12 02:00:00,1,0.4841369315293248,0.5158630684706752,Hold,64.19068,64.240135,64.11156,64.20058,1105
2026-02-12 03:00:00,1,0.5188409677891028,0.4811590322108972,Sell,64.20058,64.30937,64.16101,64.2797,1065
2026-02-12 04:00:00,1,0.5015963983498297,0.4984036016501703,Sell,64.25992,64.3885,64.240135,64.269806,1022
2026-02-12 05:00:00,1,0.5389514688300767,0.4610485311699233,Sell,64.269806,64.2797,63.99287,64.20058,2247
2026-02-12 06:00:00,1,0.512363972485931,0.487636027514069,Sell,64.210464,64.22035,63.933525,64.12145,1718
2026-02-12 07:00:00,1,0.4944461595059549,0.5055538404940452,Hold,64.10167,64.20058,64.022545,64.13134,2106
2026-02-12 08:00:00,1,0.48912930909922503,0.510870690900775,Hold,64.14123,64.33904,63.98298,64.269806,4778
2026-02-12 09:00:00,1,0.5397510313571361,0.4602489686428639,Sell,64.2797,64.33904,63.646694,63.765385,7529
2026-02-12 10:00:00,1,0.5042858506445551,0.4957141493554449,Sell,63.765385,63.81484,63.478554,63.72582,5094
2026-02-12 11:00:00,1,0.5037744460277827,0.49622555397221735,Sell,63.73571,63.943417,63.59724,63.795055,3817
2026-02-12 12:00:00,1,0.5052459038830718,0.4947540961169282,Sell,63.804947,63.923634,63.656586,63.71593,5009
2026-02-12 13:00:00,1,0.47804475824094333,0.5219552417590567,Hold,63.71593,63.903854,63.260956,63.537895,11782
2026-02-12 14:00:00,1,0.46057218814644835,0.5394278118535516,Hold,63.547787,63.70604,63.201614,63.260956,13224
2026-02-12 15:00:00,0,0.42299486347849485,0.5770051365215052,Hold,63.260956,63.41921,62.825768,62.924675,19486
2026-02-12 16:00:00,0,0.32914319276421017,0.6708568072357899,Hold,62.924675,62.964237,62.02462,62.08396,30979
2026-02-12 17:00:00,0,0.27130478677161685,0.7286952132283832,Hold,62.08396,62.252106,61.856476,61.94549,15786
2026-02-12 18:00:00,0,0.311440984888237,0.688559015111763,Hold,61.94549,62.103745,61.90593,61.985058,12218
2026-02-12 19:00:00,0,0.28528651810939043,0.7147134818906096,Hold,61.975166,62.380684,61.708115,62.261997,25847
2026-02-12 20:00:00,0,0.3013053557764427,0.6986946442235573,Hold,62.261997,62.271885,62.133415,62.242214,2898
2026-02-12 21:00:00,0,0.272576983100814,0.727423016899186,Hold,62.232323,62.30156,62.143307,62.222435,1872
2026-02-12 23:00:00,0,0.29721162294249226,0.7027883770575077,Hold,62.30156,62.30156,62.113636,62.16309,953
2026-02-13 00:00:00,0,0.3059865072504098,0.6940134927495902,Hold,62.17298,62.291668,62.123528,62.18287,832
2026-02-13 01:00:00,0,0.3018160622329456,0.6981839377670545,Hold,62.18287,62.32134,62.074074,62.16309,3075
2026-02-13 02:00:00,0,0.290955950987681,0.709044049012319,Hold,62.17298,62.212543,62.02462,62.093853,1765
2026-02-13 03:00:00,0,0.30030349380134663,0.6996965061986533,Hold,62.08396,62.133415,61.975166,62.01473,1195
2026-02-13 04:00:00,0,0.3620515208619848,0.6379484791380152,Hold,62.02462,62.113636,62.01473,62.074074,762
2026-02-13 05:00:00,0,0.3186943878971273,0.6813056121028727,Hold,62.064182,62.08396,61.91582,61.935604,1198
2026-02-13 06:00:00,0,0.351976147989867,0.648023852010133,Hold,61.935604,62.17298,61.925713,62.143307,1154
2026-02-13 07:00:00,0,0.29572357220572365,0.7042764277942763,Hold,62.133415,62.1532,61.975166,61.994946,2277
2026-02-13 08:00:00,0,0.3546939841930369,0.6453060158069631,Hold,62.004837,62.351013,61.856476,62.222435,5200
2026-02-13 09:00:00,0,0.3431754146213311,0.656824585378669,Hold,62.232323,62.47959,62.074074,62.410355,4332
2026-02-13 10:00:00,0,0.3583947051973031,0.6416052948026969,Hold,62.420246,62.568607,62.222435,62.4697,4208
2026-02-13 11:00:00,0,0.33779117624447247,0.6622088237555275,Hold,62.45981,62.45981,61.46085,61.708115,14895
2026-02-13 12:00:00,0,0.35487371034386755,0.6451262896561325,Hold,61.708115,61.94549,61.6191,61.896038,6017
2026-02-13 13:00:00,0,0.37564187769977986,0.6243581223002201,Hold,61.90593,62.360905,61.88615,62.271885,7931
2026-02-13 14:00:00,0,0.3127284873817883,0.6872715126182116,Hold,62.281776,62.281776,61.648773,61.985058,14873
2026-02-13 15:00:00,0,0.3117737939697637,0.6882262060302363,Hold,61.994946,62.281776,61.866367,62.02462,11171
2026-02-13 16:00:00,0,0.28824258426672844,0.7117574157332716,Hold,62.01473,62.271885,61.75757,61.975166,10859
2026-02-13 17:00:00,0,0.2807351180235403,0.7192648819764598,Hold,61.975166,62.519154,61.955383,62.420246,8568
2026-02-13 18:00:00,0,0.2270616359061463,0.7729383640938536,Hold,62.430138,62.499374,62.291668,62.32134,6726
2026-02-13 19:00:00,0,0.2867463055301105,0.7132536944698895,Hold,62.33123,62.34112,62.01473,62.01473,13868
2026-02-13 20:00:00,0,0.3440925322320334,0.6559074677679666,Hold,62.01473,62.103745,61.698227,62.05429,5364
2026-02-13 21:00:00,0,0.3240165769171394,0.6759834230828605,Hold,62.05429,62.261997,62.05429,62.123528,1981
2026-02-15 23:00:00,0,0.3393819943169976,0.6606180056830024,Hold,62.60817,62.60817,62.08396,62.212543,1828
2026-02-16 00:00:00,0,0.3411539660696603,0.6588460339303397,Hold,62.212543,62.252106,62.143307,62.17298,324
2026-02-16 01:00:00,0,0.4164244624795731,0.5835755375204269,Hold,62.17298,62.242214,62.143307,62.18287,494
2026-02-16 02:00:00,0,0.42538669134644325,0.5746133086535568,Hold,62.17298,62.271885,62.074074,62.212543,646
2026-02-16 03:00:00,0,0.3953191952534182,0.6046808047465818,Hold,62.212543,62.281776,62.133415,62.222435,931
2026-02-16 04:00:00,0,0.42197747781487577,0.5780225221851243,Hold,62.232323,62.281776,62.19276,62.222435,1059
2026-02-16 05:00:00,0,0.4259240287141365,0.5740759712858635,Hold,62.232323,62.281776,62.1532,62.18287,431
2026-02-16 06:00:00,0,0.4344118539813214,0.5655881460186786,Hold,62.17298,62.291668,62.143307,62.222435,651
2026-02-16 07:00:00,0,0.3866326352609398,0.6133673647390602,Hold,62.212543,62.252106,62.064182,62.093853,1541
2026-02-16 08:00:00,0,0.3669436965112345,0.6330563034887655,Hold,62.103745,62.133415,61.807022,61.87626,2232
2026-02-16 09:00:00,0,0.33320814412611993,0.6667918558738801,Hold,61.87626,62.17298,61.836697,61.84659,2782
2026-02-16 10:00:00,0,0.36077311891387065,0.6392268810861294,Hold,61.84659,62.360905,61.826805,62.261997,5720
2026-02-16 11:00:00,0,0.32246118502522175,0.6775388149747783,Hold,62.271885,62.360905,62.16309,62.222435,2286
2026-02-16 12:00:00,0,0.33197922700976035,0.6680207729902397,Hold,62.212543,62.420246,62.143307,62.34112,1924
2026-02-16 13:00:00,0,0.34502711667251224,0.6549728833274877,Hold,62.34112,62.489483,62.261997,62.400467,2021
2026-02-16 14:00:00,0,0.40408599214703683,0.5959140078529632,Hold,62.370792,62.85544,62.30156,62.766422,5477
2026-02-16 15:00:00,0,0.4225328135487769,0.5774671864512231,Hold,62.766422,62.88511,62.529045,62.845547,4085
2026-02-16 16:00:00,0,0.389267989837851,0.610732010162149,Hold,62.85544,63.03347,62.74664,62.835655,4599
2026-02-16 17:00:00,0,0.4021408123033765,0.5978591876966235,Hold,62.835655,63.122486,62.7862,63.1126,3197
2026-02-16 18:00:00,0,0.3768293036588888,0.6231706963411112,Hold,63.102707,63.17194,63.02358,63.073032,2007
2026-02-16 19:00:00,0,0.3866626194965165,0.6133373805034835,Hold,63.082924,63.102707,62.993908,63.03347,1169
2026-02-16 23:00:00,0,0.4070463418725599,0.5929536581274402,Hold,63.053253,63.073032,62.944454,63.053253,451
2026-02-17 00:00:00,0,0.3755809933536664,0.6244190066463335,Hold,63.04336,63.073032,62.954346,62.974125,495
2026-02-17 01:00:00,0,0.42346311808889076,0.5765368819111092,Hold,62.964237,63.073032,62.88511,62.924675,1137
2026-02-17 02:00:00,0,0.3767757203021809,0.6232242796978191,Hold,62.914783,62.984016,62.85544,62.85544,428
2026-02-17 03:00:00,0,0.40865435529418154,0.5913456447058185,Hold,62.85544,62.904892,62.7862,62.85544,643
2026-02-17 04:00:00,0,0.4161386746708364,0.5838613253291636,Hold,62.845547,62.87522,62.75653,62.815876,341
2026-02-17 05:00:00,0,0.41625848328794507,0.583741516712055,Hold,62.825768,62.825768,62.667515,62.687298,539
2026-02-17 06:00:00,0,0.3982429412141252,0.6017570587858748,Hold,62.687298,62.71697,62.627953,62.64773,1282
2026-02-17 07:00:00,0,0.4133637402207116,0.5866362597792885,Hold,62.657623,62.677406,62.45981,62.509262,1554
2026-02-17 08:00:00,0,0.3768095281558766,0.6231904718441235,Hold,62.509262,62.5785,62.291668,62.410355,2854
2026-02-17 09:00:00,0,0.4415368879200495,0.5584631120799505,Hold,62.400467,62.637844,62.31145,62.598278,2339
2026-02-17 10:00:00,0,0.46922773310590044,0.5307722668940995,Hold,62.598278,62.964237,62.509262,62.944454,4239
2026-02-17 11:00:00,1,0.49494755193401857,0.5050524480659815,Hold,62.934563,63.43899,62.904892,63.15216,11023
2026-02-17 12:00:00,1,0.44064678033984944,0.5593532196601505,Hold,63.16205,63.241177,62.845547,62.914783,5983
2026-02-17 13:00:00,0,0.45006449774648305,0.549935502253517,Hold,62.914783,62.954346,61.648773,61.76746,24919
2026-02-17 14:00:00,0,0.43552008684927557,0.5644799131507244,Hold,61.75757,62.31145,61.688335,61.807022,14009
2026-02-17 15:00:00,0,0.3830303232740677,0.6169696767259323,Hold,61.807022,62.18287,61.193798,61.35205,14107
2026-02-17 16:00:00,0,0.4100567316431203,0.5899432683568797,Hold,61.35205,61.816914,61.32238,61.688335,10479
2026-02-17 17:00:00,0,0.3422645238632686,0.6577354761367313,Hold,61.688335,61.698227,61.253143,61.530083,6989
2026-02-17 18:00:00,0,0.40375335634371207,0.5962466436562879,Hold,61.539974,61.84659,61.49052,61.718006,7813
2026-02-17 19:00:00,0,0.3405276921886928,0.6594723078113072,Hold,61.718006,61.816914,61.48063,61.579536,12749
2026-02-17 20:00:00,0,0.3547702215276751,0.6452297784723249,Hold,61.579536,61.718006,61.549866,61.569645,4117
2026-02-17 21:00:00,0,0.41440724500776854,0.5855927549922315,Hold,61.579536,61.678444,61.510303,61.6191,1656
2026-02-17 23:00:00,0,0.41067908870499914,0.5893209112950009,Hold,61.6191,61.62899,61.441067,61.569645,243
2026-02-18 00:00:00,0,0.5142480243887231,0.4857519756112769,Sell,61.579536,61.668552,61.52019,61.549866,256
2026-02-18 01:00:00,0,0.49836167505351764,0.5016383249464824,Hold,61.549866,61.688335,61.549866,61.648773,362
2026-02-18 02:00:00,0,0.5362308703479718,0.4637691296520282,Sell,61.668552,61.74768,61.6191,61.698227,257
2026-02-18 03:00:00,0,0.5219626131764633,0.4780373868235367,Sell,61.678444,61.836697,61.678444,61.807022,220
2026-02-18 04:00:00,0,0.5402854519316901,0.4597145480683099,Sell,61.816914,61.896038,61.816914,61.88615,228
2026-02-18 05:00:00,0,0.48138651162309887,0.5186134883769011,Hold,61.88615,61.896038,61.73779,61.75757,382
2026-02-18 06:00:00,0,0.48899223272591474,0.5110077672740853,Hold,61.75757,61.91582,61.688335,61.75757,332
2026-02-18 07:00:00,0,0.5365719641801426,0.46342803581985736,Sell,61.73779,61.866367,61.727898,61.816914,229
2026-02-18 08:00:00,0,0.4951364414183989,0.504863558581601,Hold,61.826805,62.05429,61.77735,61.77735,699
2026-02-18 09:00:00,0,0.5558275456461493,0.44417245435385067,Sell,61.77735,62.02462,61.74768,61.826805,695
2026-02-18 10:00:00,0,0.5557213208527171,0.4442786791472829,Sell,61.856476,62.44992,61.856476,62.380684,1301
2026-02-18 11:00:00,0,0.6029352516400716,0.39706474835992844,Sell,62.380684,62.974125,62.370792,62.974125,1483
2026-02-18 12:00:00,0,0.5846660947248562,0.4153339052751438,Sell,62.974125,63.488445,62.805984,63.369755,2642
2026-02-18 13:00:00,0,0.5829581926685679,0.41704180733143215,Sell,63.369755,63.44888,63.132378,63.211502,2338
2026-02-18 14:00:00,0,0.5397988036543636,0.4602011963456364,Sell,63.201614,63.84451,63.053253,63.67637,3951
2026-02-18 15:00:00,0,0.5104864759299815,0.48951352407001847,Sell,63.67637,63.71593,63.468662,63.617023,3179
2026-02-18 16:00:00,0,0.5449223215829864,0.45507767841701363,Sell,63.626915,64.091774,63.537895,63.98298,4462
2026-02-18 17:00:00,0,0.5504601797611229,0.44953982023887706,Sell,63.98298,64.43795,63.893963,64.39839,3006
2026-02-18 18:00:00,0,0.5308599732586234,0.46914002674137656,Sell,64.3885,64.517075,64.0621,64.477516,3450
2026-02-18 19:00:00,0,0.48775992991445466,0.5122400700855454,Hold,64.487404,64.73467,64.23025,64.447845,4536
2026-02-18 20:00:00,0,0.5125469383759631,0.4874530616240369,Sell,64.46762,64.84347,64.43795,64.665436,1601
2026-02-18 21:00:00,0,0.5100963178584541,0.4899036821415459,Sell,64.65555,64.71489,64.23025,64.36871,707
2026-02-18 23:00:00,0,0.5078980525035982,0.4921019474964018,Sell,64.3885,64.705,64.1709,64.40828,1241
2026-02-19 00:00:00,0,0.43702139251283656,0.5629786074871634,Hold,64.40828,64.46771,64.29932,64.42809,1287
2026-02-19 01:00:00,0,0.4742908637188023,0.5257091362811976,Hold,64.42809,64.55687,64.30922,64.54696,2268
2026-02-19 02:00:00,0,0.4843610215999123,0.5156389784000877,Hold,64.55687,64.685646,64.50734,64.65593,2792
2026-02-19 03:00:00,0,0.49182523016270757,0.5081747698372925,Hold,64.65593,64.79461,64.636116,64.735176,2191
2026-02-19 04:00:00,0,0.5034976937676138,0.4965023062323862,Sell,64.74508,64.80452,64.537056,64.59649,2182
2026-02-19 05:00:00,0,0.4934397736667869,0.5065602263332132,Hold,64.6064,64.70546,64.57668,64.6163,1387
2026-02-19 06:00:00,0,0.5115785811202969,0.48842141887970314,Sell,64.62621,64.69555,64.55687,64.6163,1046
2026-02-19 07:00:00,0,0.5719191567393364,0.42808084326066365,Sell,64.62621,65.20075,64.6064,65.161125,6420
2026-02-19 08:00:00,0,0.5395365773779589,0.4604634226220411,Sell,65.15122,65.62671,65.00263,65.57718,11634
2026-02-19 09:00:00,0,0.5276939882670534,0.4723060117329466,Sell,65.57718,65.64652,65.03235,65.14132,11581
2026-02-19 10:00:00,0,0.5209897203726257,0.4790102796273743,Sell,65.13141,65.42859,64.99273,65.34934,7042
2026-02-19 11:00:00,0,0.46698519238729475,0.5330148076127053,Hold,65.359245,65.66633,65.19085,65.408775,7269
2026-02-19 12:00:00,0,0.46216764146170863,0.5378323585382914,Hold,65.418686,65.53755,65.32953,65.458305,6429
2026-02-19 13:00:00,0,0.4810350184718792,0.5189649815281208,Hold,65.458305,65.943695,65.34934,65.7852,18571
2026-02-19 14:00:00,0,0.4194172356548506,0.5805827643451493,Hold,65.805016,65.92388,65.32953,65.72577,23952
2026-02-19 15:00:00,0,0.34200749221987187,0.6579925077801281,Hold,65.745575,65.894165,64.834236,65.844635,50268
2026-02-19 16:00:00,0,0.3833674587742922,0.6166325412257079,Hold,65.844635,66.02294,65.656425,65.993225,17484
2026-02-19 17:00:00,0,0.3481614213643699,0.6518385786356301,Hold,65.96351,66.15172,65.755486,65.93379,15431
2026-02-19 18:00:00,0,0.3446567485412115,0.6553432514587885,Hold,65.93379,65.943695,65.57718,65.86445,13995
2026-02-19 19:00:00,0,0.3255460112708525,0.6744539887291475,Hold,65.87435,65.97341,65.705956,65.96351,19033
2026-02-19 20:00:00,0,0.3591300134297712,0.6408699865702288,Hold,65.953606,66.092285,65.894165,66.08238,4651
2026-02-19 21:00:00,0,0.3214446129036488,0.6785553870963512,Hold,66.07247,66.27059,65.28,66.042755,9768
2026-02-19 23:00:00,0,0.3379030431331113,0.6620969568668886,Hold,66.092285,66.10219,65.805016,65.81492,1629
2026-02-20 00:00:00,0,0.3823126659508528,0.6176873340491472,Hold,65.82483,65.91398,65.68614,65.82483,1478
2026-02-20 01:00:00,0,0.40946392269515774,0.5905360773048423,Hold,65.844635,66.141815,65.745575,65.943695,3295
2026-02-20 02:00:00,0,0.38003021928740005,0.6199697807125999,Hold,65.943695,66.230965,65.87435,65.953606,3204
2026-02-20 03:00:00,0,0.40193813475027457,0.5980618652497254,Hold,65.96351,66.08238,65.854546,66.01304,1354
2026-02-20 04:00:00,0,0.36170333143103306,0.6382966685689669,Hold,66.003136,66.10219,66.003136,66.092285,1333
2026-02-20 05:00:00,0,0.36596264796611827,0.6340373520338818,Hold,66.092285,66.290405,66.06257,66.21116,2114
2026-02-20 06:00:00,0,0.40177210696567417,0.5982278930343259,Hold,66.22106,66.39937,66.08238,66.092285,3482
2026-02-20 07:00:00,0,0.4116228384845417,0.5883771615154583,Hold,66.10219,66.122,65.68614,65.705956,5178
2026-02-20 08:00:00,0,0.3546905401781314,0.6453094598218686,Hold,65.71586,65.81492,65.47812,65.52765,8547
2026-02-20 09:00:00,0,0.3235310099658562,0.6764689900341438,Hold,65.53755,65.97341,65.24038,65.38896,10337
2026-02-20 10:00:00,0,0.3086119282801573,0.6913880717198426,Hold,65.39887,65.507835,65.25028,65.34934,7911
2026-02-20 11:00:00,0,0.33569462768063457,0.6643053723193655,Hold,65.359245,65.76539,65.19085,65.37906,9747
2026-02-20 12:00:00,0,0.31902437039887366,0.6809756296011263,Hold,65.37906,65.59699,65.32953,65.54746,6447
2026-02-20 13:00:00,0,0.3431884999566317,0.6568115000433683,Hold,65.54746,65.66633,65.39887,65.63661,7490
2026-02-20 14:00:00,0,0.3363818497962956,0.6636181502037044,Hold,65.64652,65.88426,65.260185,65.62671,22696
2026-02-20 15:00:00,0,0.3820805371014343,0.6179194628985657,Hold,65.64652,66.03285,65.24038,65.33943,26670
2026-02-20 16:00:00,0,0.45206151563412283,0.5479384843658772,Hold,65.34934,65.72577,65.210655,65.56727,16516
2026-02-20 17:00:00,0,0.4646290697305255,0.5353709302694745,Hold,65.56727,65.88426,65.52765,65.82483,9429
2026-02-20 18:00:00,0,0.4347820786888821,0.5652179213111179,Hold,65.82483,66.10219,65.66633,65.93379,14966
2026-02-20 19:00:00,0,0.43882548132415095,0.561174518675849,Hold,65.93379,65.943695,65.656425,65.83473,26527
2026-02-20 20:00:00,0,0.42724837706765806,0.5727516229323419,Hold,65.83473,65.87435,65.6168,65.745575,4724
2026-02-20 21:00:00,0,0.4104875103760164,0.5895124896239836,Hold,65.755486,65.81492,65.63661,65.68614,2506
2026-02-22 23:00:00,0,0.3696724441440529,0.6303275558559471,Hold,65.270096,65.48802,64.76489,65.369156,6069
2026-02-23 00:00:00,0,0.3756610249935309,0.6243389750064692,Hold,65.37906,65.39887,65.03235,65.10169,3463
2026-02-23 01:00:00,0,0.40235657475348313,0.5976434252465168,Hold,65.10169,65.359245,64.98283,65.28,2860
2026-02-23 02:00:00,0,0.3983197430624496,0.6016802569375503,Hold,65.28991,65.418686,65.260185,65.270096,1904
2026-02-23 03:00:00,0,0.40043448078851335,0.5995655192114866,Hold,65.270096,65.28,65.071976,65.10169,2101
2026-02-23 04:00:00,0,0.38546235701573917,0.6145376429842608,Hold,65.09179,65.14132,64.90357,64.972916,2053
2026-02-23 05:00:00,0,0.4069540185547877,0.5930459814452123,Hold,64.972916,65.19085,64.9333,65.121506,1438
2026-02-23 06:00:00,0,0.4032251982624642,0.5967748017375358,Hold,65.13141,65.210655,65.022446,65.05216,1382
2026-02-23 07:00:00,0,0.40397623076820566,0.5960237692317943,Hold,65.06207,65.18094,64.90357,65.04226,3743
2026-02-23 08:00:00,0,0.44714646298994243,0.5528535370100576,Hold,65.03235,65.29981,64.9432,65.24038,6489
2026-02-23 09:00:00,0,0.47109604487827816,0.5289039551217218,Hold,65.25028,65.67624,65.14132,65.606895,7036
2026-02-23 10:00:00,0,0.4409465426834265,0.5590534573165735,Hold,65.606895,65.606895,65.37906,65.468216,4292
2026-02-23 11:00:00,0,0.5011156072991345,0.4988843927008655,Sell,65.468216,65.844635,65.38896,65.81492,4753
2026-02-23 12:00:00,0,0.49941922648745474,0.5005807735125453,Hold,65.82483,66.10219,65.805016,66.08238,6826
2026-02-23 13:00:00,0,0.539591494733148,0.46040850526685195,Sell,66.092285,66.31022,65.91398,66.280495,9010
2026-02-23 14:00:00,0,0.5081807165791354,0.49181928342086456,Sell,66.280495,66.58758,66.10219,66.379555,20132
2026-02-23 15:00:00,0,0.5474879992705523,0.45251200072944775,Sell,66.379555,66.64702,66.141815,66.17153,17859
2026-02-23 16:00:00,0,0.549036974811511,0.45096302518848896,Sell,66.16163,66.50833,65.656425,65.755486,25564
2026-02-23 17:00:00,0,0.4728998267013446,0.5271001732986553,Hold,65.7753,65.83473,65.49793,65.62671,12123
2026-02-23 18:00:00,0,0.5037422460255015,0.49625775397449845,Sell,65.6168,65.71586,65.47812,65.58708,7907
2026-02-23 19:00:00,0,0.504203746644565,0.495796253355435,Sell,65.58708,65.76539,65.47812,65.705956,12846
2026-02-23 20:00:00,0,0.4741104542528667,0.5258895457471333,Hold,65.705956,65.87435,65.705956,65.81492,3186
2026-02-23 21:00:00,0,0.4224110870184643,0.5775889129815357,Hold,65.81492,65.87435,65.63661,65.66633,2659
2026-02-23 23:00:00,0,0.46709554475272114,0.5329044552472788,Hold,65.68614,65.71586,65.54746,65.63661,844
2026-02-24 00:00:00,0,0.48384663082789797,0.5161533691721021,Hold,65.64652,65.71586,65.58708,65.696045,853
2026-02-24 01:00:00,0,0.47461867751984205,0.525381322480158,Hold,65.696045,65.844635,65.4484,65.82483,5283
2026-02-24 02:00:00,1,0.6234861248116457,0.37651387518835433,Sell,65.82483,66.191345,65.7852,66.18144,4010
2026-02-24 03:00:00,1,0.6042608333407415,0.39573916665925846,Sell,66.18144,66.31022,66.141815,66.25078,3323
2026-02-24 04:00:00,0,0.5908087506715032,0.4091912493284968,Sell,66.26069,66.280495,66.15172,66.16163,1379
2026-02-24 05:00:00,1,0.5773844953187269,0.42261550468127307,Sell,66.16163,66.330025,65.98332,66.22106,2744
2026-02-24 06:00:00,0,0.5966566052814849,0.4033433947185151,Sell,66.22106,66.230965,66.01304,66.13191,1741
2026-02-24 07:00:00,0,0.5854745847638195,0.4145254152361805,Sell,66.15172,66.17153,65.844635,65.93379,3218
2026-02-24 08:00:00,0,0.5760480225783612,0.4239519774216388,Sell,65.93379,65.98332,65.656425,65.92388,7100
2026-02-24 09:00:00,0,0.5853647574421511,0.4146352425578489,Sell,65.93379,65.96351,65.705956,65.92388,5283
2026-02-24 10:00:00,0,0.5106102642123598,0.4893897357876402,Sell,65.93379,65.98332,65.56727,65.656425,7193
2026-02-24 11:00:00,0,0.5101797902066244,0.4898202097933756,Sell,65.63661,65.7753,65.52765,65.745575,4139
2026-02-24 12:00:00,0,0.6182929539471694,0.38170704605283057,Sell,65.72577,66.01304,65.62671,65.993225,6321
2026-02-24 13:00:00,1,0.630694846803549,0.36930515319645096,Sell,65.993225,66.51824,65.993225,66.240875,14615
2026-02-24 14:00:00,1,0.5983480480343369,0.40165195196566306,Sell,66.240875,66.25078,65.745575,65.904076,18602
2026-02-24 15:00:00,0,0.4512231812613941,0.548776818738606,Hold,65.894165,66.03285,65.022446,65.270096,41737
2026-02-24 16:00:00,0,0.47582196035545327,0.5241780396445468,Hold,65.260185,65.59699,65.161125,65.369156,16558
2026-02-24 17:00:00,0,0.4647402733709731,0.5352597266290269,Hold,65.369156,65.696045,65.06207,65.210655,14513
2026-02-24 18:00:00,0,0.40837733195587583,0.5916226680441241,Hold,65.210655,65.418686,65.161125,65.319626,9708
2026-02-24 19:00:00,0,0.4197406828727414,0.5802593171272585,Hold,65.32953,65.33943,64.9333,65.28,21052
2026-02-24 20:00:00,0,0.4267555435704342,0.5732444564295658,Hold,65.28,65.844635,65.18094,65.67624,12957
2026-02-24 21:00:00,0,0.3735554003017795,0.6264445996982204,Hold,65.66633,65.696045,65.34934,65.458305,3662
2026-02-24 23:00:00,0,0.4128162713279547,0.5871837286720454,Hold,65.4484,65.49793,65.319626,65.408775,1930
2026-02-25 00:00:00,0,0.41961554607804036,0.5803844539219596,Hold,65.418686,65.6168,65.33943,65.47812,1546
2026-02-25 01:00:00,0,0.4315914582280301,0.56840854177197,Hold,65.468216,65.67624,65.32953,65.42859,3744
2026-02-25 02:00:00,1,0.4782470937636492,0.5217529062363508,Hold,65.43849,65.71586,65.43849,65.696045,2988
2026-02-25 03:00:00,1,0.4655247765397904,0.5344752234602096,Hold,65.68614,65.97341,65.359245,65.38896,7240
2026-02-25 04:00:00,1,0.45699736864769447,0.5430026313523055,Hold,65.38896,65.51774,65.34934,65.38896,1983
2026-02-25 05:00:00,1,0.4879097600618303,0.5120902399381697,Hold,65.39887,65.48802,65.33943,65.408775,1828
2026-02-25 06:00:00,1,0.47804613940473717,0.5219538605952628,Hold,65.408775,65.408775,65.14132,65.369156,2744
2026-02-25 07:00:00,0,0.4643085168316939,0.5356914831683062,Hold,65.37906,65.557365,65.210655,65.28,3097
2026-02-25 08:00:00,1,0.4744810670339666,0.5255189329660335,Hold,65.270096,65.507835,65.121506,65.37906,8102
2026-02-25 09:00:00,0,0.45098907566749596,0.5490109243325041,Hold,65.39887,65.42859,64.834236,65.01254,10269
2026-02-25 10:00:00,0,0.46294330746881907,0.5370566925311809,Hold,65.01254,65.408775,64.98283,65.28991,6984
2026-02-25 11:00:00,0,0.4239726216569036,0.5760273783430965,Hold,65.28991,65.359245,65.18094,65.25028,3771
2026-02-25 12:00:00,1,0.46672724152687245,0.5332727584731276,Hold,65.25028,65.68614,65.1116,65.59699,14439
2026-02-25 13:00:00,1,0.4101936678336734,0.5898063321663266,Hold,65.59699,65.68614,65.24038,65.28991,10036
2026-02-25 14:00:00,0,0.40058456156843564,0.5994154384315644,Hold,65.28991,65.39887,64.675735,64.70546,24496
2026-02-25 15:00:00,0,0.3956107785848402,0.6043892214151598,Hold,64.69555,65.03235,64.636116,64.79461,22693
2026-02-25 16:00:00,1,0.3854540807159784,0.6145459192840216,Hold,64.79461,64.9333,64.50734,64.84414,19721
2026-02-25 17:00:00,1,0.35406132238879096,0.645938677611209,Hold,64.84414,64.9531,64.725266,64.91348,9741
2026-02-25 18:00:00,1,0.3980282003221931,0.6019717996778069,Hold,64.90357,65.171036,64.85404,64.98283,11035
2026-02-25 19:00:00,1,0.36468269829206146,0.6353173017079385,Hold,64.98283,65.13141,64.735176,65.10169,17632
2026-02-25 20:00:00,0,0.3442305403577917,0.6557694596422083,Hold,65.10169,65.1116,64.80452,64.84414,4144
2026-02-25 21:00:00,1,0.3427512575703976,0.6572487424296024,Hold,64.834236,65.00263,64.81442,64.9531,2821
2026-02-25 23:00:00,1,0.3677382784159186,0.6322617215840813,Hold,65.03235,65.10169,64.9432,65.022446,1158
2026-02-26 00:00:00,1,0.43168131215407535,0.5683186878459247,Hold,65.01254,65.23047,64.91348,65.13141,1691
2026-02-26 01:00:00,1,0.3830487090755669,0.6169512909244331,Hold,65.14132,65.14132,64.923386,65.00263,3262
2026-02-26 02:00:00,1,0.38623123898620976,0.6137687610137903,Hold,65.00263,65.05216,64.71536,64.84414,3159
2026-02-26 03:00:00,1,0.38774595511984317,0.6122540448801568,Hold,64.85404,64.98283,64.834236,64.89367,1532
2026-02-26 04:00:00,1,0.3843859096214593,0.6156140903785408,Hold,64.90357,65.00263,64.90357,64.96301,699
2026-02-26 05:00:00,1,0.41564964183363645,0.5843503581663636,Hold,64.9531,65.05216,64.873856,64.9333,1443
2026-02-26 06:00:00,1,0.4058162255427432,0.5941837744572568,Hold,64.9333,64.96301,64.81442,64.89367,1196
2026-02-26 07:00:00,1,0.3919314072650612,0.6080685927349387,Hold,64.873856,64.99273,64.74508,64.85404,2699
2026-02-26 08:00:00,1,0.39588635422724244,0.6041136457727576,Hold,64.86395,65.04226,64.784706,64.84414,6633
2026-02-26 09:00:00,1,0.37931474310036956,0.6206852568996304,Hold,64.84414,64.85404,64.190346,64.49743,14093
2026-02-26 10:00:00,0,0.3321127120624919,0.6678872879375082,Hold,64.49743,64.50734,63.6059,63.764393,17312
2026-02-26 11:00:00,0,0.33726573313290914,0.6627342668670908,Hold,63.75449,64.04176,63.67524,63.70496,6432
2026-02-26 12:00:00,0,0.33763416265057383,0.6623658373494261,Hold,63.70496,63.833736,63.209663,63.516747,14152
2026-02-26 13:00:00,0,0.33557412474879644,0.6644258752512036,Hold,63.526653,63.883266,63.00164,63.7743,23199
2026-02-26 14:00:00,0,0.3390746062348394,0.6609253937651606,Hold,63.764393,64.140816,63.45731,64.1012,25190
2026-02-26 15:00:00,0,0.4230811685019661,0.5769188314980339,Hold,64.1012,65.88426,64.09129,65.86445,59818
2026-02-26 16:00:00,0,0.36864930365459836,0.6313506963454016,Hold,65.86445,66.08238,65.260185,65.795105,47132
2026-02-26 17:00:00,0,0.3859401814445325,0.6140598185554675,Hold,65.805016,65.96351,65.48802,65.844635,14518
2026-02-26 18:00:00,0,0.4520745413495951,0.5479254586504049,Hold,65.83473,66.042755,64.32903,65.10169,56849
2026-02-26 19:00:00,0,0.4058875898497274,0.5941124101502726,Hold,65.09179,65.18094,64.29932,64.725266,33913
2026-02-26 20:00:00,0,0.40525651251275296,0.594743487487247,Hold,64.71536,64.9531,64.6163,64.89367,4013
2026-02-26 21:00:00,0,0.39733086948963,0.60266913051037,Hold,64.873856,65.022446,64.784706,64.85404,3360
2026-02-26 23:00:00,0,0.36704503527138627,0.6329549647286137,Hold,64.735176,64.824326,64.59649,64.6064,2001
2026-02-27 00:00:00,0,0.4055120821591501,0.59448791784085,Hold,64.59649,64.685646,64.52715,64.636116,874
2026-02-27 01:00:00,0,0.39163238115990795,0.608367618840092,Hold,64.64602,64.64602,64.239876,64.487526,4481
2026-02-27 02:00:00,0,0.4026528162145073,0.5973471837854927,Hold,64.49743,64.51724,64.34885,64.42809,2171
2026-02-27 03:00:00,0,0.4445539282895465,0.5554460717104535,Hold,64.437996,64.69555,64.41818,64.685646,2133
2026-02-27 04:00:00,0,0.41479773264015274,0.5852022673598473,Hold,64.685646,64.81442,64.636116,64.71536,1525
2026-02-27 05:00:00,0,0.4220085430676863,0.5779914569323137,Hold,64.725266,65.06207,64.71536,64.9531,3241
2026-02-27 06:00:00,0,0.40778824196498226,0.5922117580350177,Hold,64.9531,65.13141,64.883766,65.10169,2160
2026-02-27 07:00:00,0,0.41367746540157246,0.5863225345984275,Hold,65.1116,65.20075,65.03235,65.14132,3332
2026-02-27 08:00:00,0,0.4165023780262794,0.5834976219737207,Hold,65.14132,65.42859,64.9333,65.09179,9019
2026-02-27 09:00:00,0,0.46982278104418623,0.5301772189558138,Hold,65.09179,65.83473,65.022446,65.81492,12175
2026-02-27 10:00:00,0,0.4736244134505067,0.5263755865494932,Hold,65.81492,65.993225,65.507835,65.93379,12155
2026-02-27 11:00:00,0,0.4599893310247315,0.5400106689752685,Hold,65.92388,66.30031,65.844635,66.240875,12124
2026-02-27 12:00:00,0,0.46105676181764704,0.5389432381823529,Hold,66.230965,66.41918,66.13191,66.40927,10703
2026-02-27 13:00:00,0,0.44318290279226263,0.5568170972077373,Hold,66.40927,67.17203,66.39937,67.112595,28521
2026-02-27 14:00:00,0,0.4332622509276502,0.5667377490723498,Hold,67.112595,67.19184,66.230965,66.27059,38859
2026-02-27 15:00:00,0,0.3950897366914383,0.6049102633085617,Hold,66.26069,66.4489,65.86445,66.280495,30658
2026-02-27 16:00:00,0,0.3117974484268743,0.6882025515731257,Hold,66.27059,66.290405,65.795105,65.91398,20753
2026-02-27 17:00:00,0,0.3310811030435843,0.6689188969564157,Hold,65.91398,66.17153,65.507835,66.13191,34948
2026-02-27 18:00:00,0,0.36331791416930576,0.6366820858306943,Hold,66.122,66.41918,66.06257,66.39937,15860
2026-02-27 19:00:00,0,0.30683883700492115,0.6931611629950789,Hold,66.40927,66.60739,66.230965,66.41918,23902
2026-02-27 20:00:00,0,0.36372614125844616,0.6362738587415538,Hold,66.438995,66.775795,66.36965,66.6173,10568
2026-02-27 21:00:00,0,0.36587532716262944,0.6341246728373706,Hold,66.627205,66.7857,66.330025,66.65692,7141
2026-03-01 23:00:00,0,0.3467581262520528,0.6532418737479472,Hold,74.29439,74.621284,70.37164,71.29289,60046
2026-03-02 00:00:00,0,0.32228210057995194,0.6777178994200481,Hold,71.312706,71.451385,70.88675,71.114586,17178
2026-03-02 01:00:00,0,0.37101130230803786,0.6289886976919621,Hold,71.114586,71.15421,68.54895,69.07397,37045
2026-03-02 02:00:00,0,0.37846023974897347,0.6215397602510265,Hold,69.064064,69.6386,68.7867,69.34142,13991
2026-03-02 03:00:00,0,0.39281206426987747,0.6071879357301225,Hold,69.33152,70.44099,69.26218,70.04475,11541
2026-03-02 04:00:00,0,0.41603699381101034,0.5839630061889897,Hold,70.03484,70.67873,69.80701,70.52023,9072
2026-03-02 05:00:00,0,0.4056176222860363,0.5943823777139636,Hold,70.52023,70.90656,70.25277,70.90656,8979
2026-03-02 06:00:00,0,0.45358951393208513,0.5464104860679149,Hold,70.89665,71.65941,70.88675,71.302795,15827
2026-03-02 07:00:00,0,0.46303423829911605,0.536965761700884,Hold,71.312706,72.6401,71.28299,72.55094,39944
2026-03-02 08:00:00,0,0.42218263151407537,0.5778173684859247,Hold,72.54104,72.67972,71.401855,71.86744,29286
2026-03-02 09:00:00,0,0.3942050451279989,0.6057949548720011,Hold,71.847626,71.85753,71.07496,71.738655,22844
2026-03-02 10:00:00,0,0.39718993608908354,0.6028100639109164,Hold,71.748566,71.76838,70.60938,71.33252,21896
2026-03-02 11:00:00,0,0.40778841588373965,0.5922115841162603,Hold,71.34242,71.66932,70.45089,71.27308,16055
2026-03-02 12:00:00,0,0.44607635150312164,0.5539236484968784,Hold,71.263176,72.233955,71.24336,71.91696,20878
2026-03-02 13:00:00,0,0.37366325012922724,0.6263367498707728,Hold,71.92687,71.92687,71.04524,71.60988,29053
2026-03-02 14:00:00,0,0.4370985500074803,0.5629014499925197,Hold,71.60988,71.75847,70.09428,70.381546,47281
2026-03-02 15:00:00,0,0.3771804954005333,0.6228195045994667,Hold,70.381546,71.1344,70.25277,70.579666,32894
2026-03-02 16:00:00,0,0.40070048890474536,0.5992995110952546,Hold,70.579666,70.68863,69.43058,70.21315,50966
2026-03-02 17:00:00,0,0.3482823713311081,0.6517176286688919,Hold,70.21315,70.2924,69.49992,69.94569,21289
2026-03-02 18:00:00,0,0.3615821451962217,0.6384178548037782,Hold,69.93578,70.579666,69.65842,70.431076,18889
2026-03-02 19:00:00,0,0.3517175302245446,0.6482824697754554,Hold,70.431076,70.65891,70.1339,70.232956,25667
2026-03-02 20:00:00,0,0.31668207092592615,0.6833179290740738,Hold,70.232956,72.09527,70.232956,70.90656,44092
2026-03-02 21:00:00,0,0.3534015961798105,0.6465984038201895,Hold,70.89665,71.12449,70.31221,70.36173,11100
2026-03-02 23:00:00,0,0.3125098259863126,0.6874901740136874,Hold,70.55985,70.84712,69.74757,70.22305,6880
2026-03-03 00:00:00,0,0.31412311306188434,0.6858768869381157,Hold,70.25277,71.02543,70.21315,70.94618,5175
2026-03-03 01:00:00,0,0.2923492953413678,0.7076507046586322,Hold,70.95609,71.461296,70.95609,71.07496,10665
2026-03-03 02:00:00,0,0.36172448169025556,0.6382755183097444,Hold,71.08487,71.808,70.866936,71.699036,7337
2026-03-03 03:00:00,0,0.33046717994337343,0.6695328200566266,Hold,71.71885,72.02593,71.60988,71.75847,6148
2026-03-03 04:00:00,0,0.32518201210194564,0.6748179878980544,Hold,71.76838,72.10518,71.59007,72.00612,3617
2026-03-03 05:00:00,0,0.36328688292390116,0.6367131170760989,Hold,71.996216,72.68963,71.85753,72.17452,10378
2026-03-03 06:00:00,0,0.3711264930313987,0.6288735069686013,Hold,72.17452,72.41226,71.649506,72.372635,8633
2026-03-03 07:00:00,0,0.4195065113215606,0.5804934886784394,Hold,72.382545,73.41276,72.323105,73.1453,21467
2026-03-03 08:00:00,0,0.43903992831050326,0.5609600716894967,Hold,73.16511,73.809,72.78869,73.75947,27084
2026-03-03 09:00:00,0,0.5161195539449179,0.48388044605508207,Sell,73.74956,74.83921,73.62078,74.512314,32087
2026-03-03 10:00:00,0,0.5136472150215139,0.4863527849784861,Sell,74.50241,76.54303,74.175514,75.74065,41894
2026-03-03 11:00:00,1,0.4926318570451522,0.5073681429548478,Hold,75.76046,76.80058,75.19582,76.46378,51217
2026-03-03 12:00:00,0,0.5287064896442526,0.4712935103557474,Sell,76.46378,76.85011,74.97789,75.21564,57655
2026-03-03 13:00:00,0,0.46666678999269084,0.5333332100073092,Hold,75.22554,75.83971,74.64109,75.493004,49492
2026-03-03 14:00:00,1,0.49393077856104456,0.5060692214389555,Hold,75.493004,77.246346,75.47319,75.96848,63876
2026-03-03 15:00:00,1,0.46437217087532456,0.5356278291246754,Hold,75.96848,76.909546,75.76046,76.24585,47324
2026-03-03 16:00:00,0,0.4831259756626399,0.5168740243373602,Hold,76.24585,76.59256,73.838715,75.24535,73389
2026-03-03 17:00:00,0,0.43349967267672057,0.5665003273232794,Hold,75.25526,75.71093,74.472694,74.83921,32856
2026-03-03 18:00:00,0,0.38689826420526274,0.6131017357947373,Hold,74.83921,74.83921,73.016525,73.99721,43975
2026-03-03 19:00:00,0,0.3500869404605138,0.6499130595394862,Hold,73.99721,74.1557,70.97591,72.88775,66313
2026-03-03 20:00:00,0,0.3326624685072891,0.6673375314927109,Hold,72.88775,73.4821,72.372635,73.38304,17996
2026-03-03 21:00:00,0,0.3578936815089353,0.6421063184910647,Hold,73.392944,74.423164,73.32361,74.09627,12132
2026-03-03 23:00:00,0,0.36271280405453493,0.6372871959454651,Hold,74.036835,74.859024,73.86843,74.83921,4955
2026-03-04 00:00:00,0,0.35745657185405616,0.6425434281459439,Hold,74.8194,74.9878,73.739655,74.25476,8072
2026-03-04 01:00:00,0,0.3648864280350198,0.6351135719649802,Hold,74.26467,74.97789,73.67031,74.25476,16580
2026-03-04 02:00:00,0,0.35567385416863545,0.6443261458313645,Hold,74.23495,74.8194,74.04674,74.324104,7846
2026-03-04 03:00:00,0,0.3428346409994517,0.6571653590005483,Hold,74.324104,74.611374,73.96749,74.41325,5854
2026-03-04 04:00:00,0,0.3683383871002426,0.6316616128997574,Hold,74.41325,74.87884,74.274574,74.77978,4302
2026-03-04 05:00:00,0,0.4196174267395556,0.5803825732604444,Hold,74.76987,75.68121,74.55194,75.19582,9084
2026-03-04 06:00:00,0,0.4567906802182504,0.5432093197817496,Hold,75.20573,76.12698,75.03733,76.12698,9203
2026-03-04 07:00:00,0,0.47457838447198397,0.525421615528016,Hold,76.11707,76.25576,75.62178,75.74065,12147
2026-03-04 08:00:00,0,0.4787870697845747,0.5212129302154254,Hold,75.72084,76.5034,75.38403,76.01801,20725
2026-03-04 09:00:00,0,0.4722504319388212,0.5277495680611788,Hold,76.00811,76.18642,74.84911,76.04773,21918
2026-03-04 10:00:00,0,0.4065327937700179,0.5934672062299822,Hold,76.03783,76.07745,74.1458,74.512314,37487
2026-03-04 11:00:00,0,0.37038271339971574,0.6296172866002843,Hold,74.522224,74.88874,73.739655,74.225044,19508
2026-03-04 12:00:00,0,0.3794947367748859,0.6205052632251141,Hold,74.225044,74.58166,73.53163,73.937775,26297
2026-03-04 13:00:00,0,0.4006569036186284,0.5993430963813716,Hold,73.94768,73.977394,72.59057,73.21464,45245
2026-03-04 14:00:00,0,0.3786619343693182,0.6213380656306817,Hold,73.22455,74.44298,72.9769,73.6505,49773
2026-03-04 15:00:00,0,0.34755625030552073,0.6524437496944793,Hold,73.66041,73.838715,72.966995,73.53163,31066
2026-03-04 16:00:00,0,0.3576479828558765,0.6423520171441235,Hold,73.541534,74.086365,72.957085,73.46229,26647
2026-03-04 17:00:00,0,0.3654797689882296,0.6345202310117704,Hold,73.46229,74.4925,73.353325,74.423164,24433
2026-03-04 18:00:00,0,0.3584280811668123,0.6415719188331876,Hold,74.423164,74.53213,74.01702,74.20523,18747
2026-03-04 19:00:00,0,0.37019017113716624,0.6298098288628338,Hold,74.19533,74.20523,73.690125,73.8189,21322
2026-03-04 20:00:00,0,0.38545447896379,0.6145455210362101,Hold,73.8189,74.651,73.809,74.59156,11482
2026-03-04 21:00:00,0,0.42383840198344624,0.5761615980165538,Hold,74.59156,75.51281,74.53213,75.39394,8824
2026-03-04 23:00:00,0,0.38702088273440294,0.6129791172655971,Hold,75.43356,75.47319,74.9977,75.23545,2780
2026-03-05 00:00:00,0,0.3856725076984374,0.6143274923015626,Hold,75.24535,75.25526,74.84911,74.9878,3219
2026-03-05 01:00:00,0,0.40614804718869413,0.5938519528113059,Hold,75.007614,76.23595,75.007614,76.18642,13710
2026-03-05 02:00:00,0,0.4038549813896503,0.5961450186103496,Hold,76.176506,76.69162,76.01801,76.65199,8185
2026-03-05 03:00:00,0,0.3598623576964503,0.6401376423035496,Hold,76.64209,76.6619,76.19632,76.35481,6031
2026-03-05 04:00:00,0,0.4045118966530979,0.5954881033469022,Hold,76.35481,76.91946,76.33501,76.65199,4735
2026-03-05 05:00:00,0,0.4237182246969745,0.5762817753030255,Hold,76.65199,77.355316,76.59256,77.008606,8489
2026-03-05 06:00:00,0,0.40955451975647184,0.5904454802435282,Hold,77.008606,77.01852,75.34441,75.84962,18028
2026-03-05 07:00:00,0,0.43490139072343803,0.565098609276562,Hold,75.84962,76.59256,75.80999,76.43407,13341
2026-03-05 08:00:00,0,0.4249719362141102,0.5750280637858898,Hold,76.44397,76.92936,76.11707,76.275566,17684
2026-03-05 09:00:00,0,0.4784068558181721,0.5215931441818279,Hold,76.26566,76.40434,74.26467,75.68121,40073
2026-03-05 10:00:00,0,0.4343352798856279,0.5656647201143721,Hold,75.68121,75.97839,75.39394,75.80009,11495
2026-03-05 11:00:00,0,0.47695481104669746,0.5230451889533025,Hold,75.79018,76.45387,75.62178,76.33501,13984
2026-03-05 12:00:00,0,0.4564416026575686,0.5435583973424314,Hold,76.33501,76.760956,75.89915,76.4935,20314
2026-03-05 13:00:00,0,0.4016281769031639,0.5983718230968361,Hold,76.4836,76.65199,75.84962,76.41425,21173
2026-03-05 14:00:00,0,0.43416379259320376,0.5658362074067962,Hold,76.43407,77.63268,76.11707,77.23644,43484
2026-03-05 15:00:00,0,0.44346250338515875,0.5565374966148413,Hold,77.23644,78.30628,76.98879,77.91004,40435
2026-03-05 16:00:00,0,0.39575137277564076,0.6042486272243592,Hold,77.91995,79.21763,77.56334,78.48459,42074
2026-03-05 17:00:00,0,0.41747620035734284,0.5825237996426571,Hold,78.464775,79.049225,78.028915,78.900635,30282
2026-03-05 18:00:00,0,0.4529025660759796,0.5470974339240204,Hold,78.89073,80.38653,78.316185,80.079445,40065
2026-03-05 19:00:00,0,0.4177240393113548,0.5822759606886452,Hold,80.079445,80.951164,79.881325,80.84219,41485
2026-03-05 20:00:00,0,0.34039307156580184,0.6596069284341981,Hold,80.852104,81.387024,78.64308,79.049225,48236
2026-03-05 21:00:00,0,0.3560023280713807,0.6439976719286193,Hold,79.049225,79.22753,77.880325,78.127975,15739
2026-03-05 23:00:00,0,0.3589057763259918,0.6410942236740083,Hold,78.336,79.15819,78.23694,78.6728,5685
2026-03-06 00:00:00,0,0.41935786859937735,0.5806421314006227,Hold,78.69261,78.87092,77.791176,77.91995,5251
2026-03-06 01:00:00,0,0.4717407954371018,0.5282592045628982,Hold,77.929855,79.10866,77.50391,79.049225,14628
2026-03-06 02:00:00,0,0.39913067984823386,0.6008693201517661,Hold,79.059135,79.10866,78.40534,78.93035,5665
2026-03-06 03:00:00,0,0.42884446544966787,0.5711555345503321,Hold,78.92045,79.41575,78.73224,79.26716,5780
2026-03-06 04:00:00,0,0.40895958438780194,0.591040415612198,Hold,79.26716,79.32659,79.03932,79.26716,3560
2026-03-06 05:00:00,0,0.4524193803308338,0.5475806196691662,Hold,79.25725,79.683205,78.94026,79.55443,7182
2026-03-06 06:00:00,0,0.48997556469499814,0.5100244353050019,Hold,79.56433,80.1785,79.494995,79.95067,8505
2026-03-06 07:00:00,0,0.4558810176250754,0.5441189823749246,Hold,79.94076,80.366714,79.52471,80.32709,11073
2026-03-06 08:00:00,0,0.45606925790147707,0.5439307420985229,Hold,80.317184,80.98088,80.079445,80.63417,20710
2026-03-06 09:00:00,0,0.5515575349797409,0.4484424650202591,Sell,80.604454,84.10124,80.416245,83.90313,43675
2026-03-06 10:00:00,0,0.5486233365640553,0.45137666343594474,Sell,83.90313,83.91303,82.74413,83.21962,35493
2026-03-06 11:00:00,0,0.5623823284783366,0.4376176715216634,Sell,83.22952,85.40883,83.150276,85.23052,40773
2026-03-06 12:00:00,0,0.5752432625971421,0.4247567374028579,Sell,85.22061,85.88431,84.507385,85.27014,38699
2026-03-06 13:00:00,0,0.5941658813318009,0.4058341186681991,Sell,85.28005,86.96406,84.071526,86.5381,60129
2026-03-06 14:00:00,0,0.560544707758676,0.43945529224132396,Sell,86.52819,88.77684,86.211205,87.88531,77614
2026-03-06 15:00:00,0,0.5571382036203725,0.4428617963796275,Sell,87.89521,88.69759,86.67678,87.99427,62747
2026-03-06 16:00:00,0,0.5445714638118436,0.4554285361881564,Sell,87.99427,89.51978,87.380104,89.45044,53106
2026-03-06 17:00:00,0,0.5592888617893779,0.44071113821062213,Sell,89.45044,91.73871,88.82637,91.530685,60184
2026-03-06 18:00:00,0,0.5543092608970155,0.4456907391029845,Sell,91.530685,91.63965,88.69759,90.73821,62801
2026-03-06 19:00:00,0,0.5268006551238602,0.4731993448761398,Sell,90.7184,90.847176,89.34148,90.49056,60718
2026-03-06 20:00:00,0,0.5328842964558638,0.46711570354413623,Sell,90.47075,90.52028,89.46034,89.83677,20196
2026-03-06 21:00:00,0,0.5128489305552182,0.4871510694447818,Sell,89.84668,90.66887,89.73771,90.411316,9264
2026-03-08 22:00:00,0,0.5473881530342337,0.4526118469657663,Sell,97.077995,110.193436,97.077995,105.93389,58106
2026-03-08 23:00:00,0,0.5272632698361083,0.4727367301638917,Sell,105.88436,107.50893,104.06167,107.01363,27108
2026-03-09 00:00:00,0,0.5211977967425486,0.4788022032574514,Sell,107.04335,108.99482,105.448494,107.24147,29910
2026-03-09 01:00:00,0,0.5566127638797252,0.44338723612027475,Sell,107.25137,114.58176,107.04335,113.9874,35576
2026-03-09 02:00:00,1,0.5472619293447315,0.4527380706552685,Sell,113.99731,118.35591,111.005714,113.23455,56831
2026-03-09 03:00:00,1,0.5280862320128462,0.4719137679871538,Sell,113.254364,115.403946,110.133995,114.53223,24526
2026-03-09 04:00:00,1,0.5261981309063267,0.4738018690936733,Sell,114.54213,115.6714,113.51192,114.78978,12323
2026-03-09 05:00:00,1,0.5786804022150817,0.42131959778491834,Sell,114.75015,114.85912,102.06068,102.71446,50878
2026-03-09 06:00:00,1,0.5585562065175854,0.4414437934824146,Sell,102.734276,106.39947,99.078995,103.53666,47121
2026-03-09 07:00:00,1,0.5301150402099407,0.4698849597900593,Sell,103.47722,103.47722,99.40589,101.86256,25535
2026-03-09 08:00:00,1,0.547580486577635,0.45241951342236497,Sell,101.87246,103.97252,100.5946,102.13001,20303
2026-03-09 09:00:00,1,0.5545444054762654,0.4454555945237346,Sell,102.13992,103.82393,95.34446,100.12902,30818
2026-03-09 10:00:00,1,0.5606170518236777,0.4393829481763223,Sell,100.13892,102.99183,99.67335,102.25879,19185
2026-03-09 11:00:00,1,0.5434601652115482,0.45653983478845184,Sell,102.248886,102.79371,100.60451,101.23848,14389
2026-03-09 12:00:00,1,0.5304899927861143,0.4695100072138857,Sell,101.18895,102.55597,99.178055,101.2682,27580
2026-03-09 13:00:00,0,0.5300305662822495,0.46996943371775046,Sell,101.24839,101.25829,96.27562,98.72238,62567
2026-03-09 14:00:00,1,0.547690901328081,0.45230909867191904,Sell,98.71247,103.58618,98.4153,99.5842,52127
2026-03-09 15:00:00,1,0.42125249078325344,0.5787475092167466,Hold,99.57429,99.67335,93.759514,94.71048,59113
2026-03-09 16:00:00,0,0.40470282719589656,0.5952971728041034,Hold,94.68076,96.46383,92.19438,93.8982,51163
2026-03-09 17:00:00,1,0.33087124642295807,0.6691287535770419,Hold,93.88829,95.14634,93.323654,94.04678,21487
2026-03-09 18:00:00,1,0.33287254202358657,0.6671274579764135,Hold,94.02698,94.53217,90.76793,94.39349,48382
2026-03-09 19:00:00,0,0.4379561652617485,0.5620438347382515,Hold,94.38359,94.68076,80.42615,85.101746,68552
2026-03-09 20:00:00,0,0.41487528290218423,0.5851247170978158,Hold,85.101746,88.00417,81.87241,84.27955,25345
2026-03-09 22:00:00,0,0.44161454622629104,0.558385453773709,Hold,84.943245,89.15326,84.220116,87.043304,21997
2026-03-09 23:00:00,0,0.4198521195540422,0.5801478804459578,Hold,87.132454,89.381096,86.29045,87.81596,9420
2026-03-10 00:00:00,0,0.3819783040360562,0.6180216959639437,Hold,87.81596,88.50938,84.358795,85.95365,19797
2026-03-10 01:00:00,0,0.364529391648806,0.6354706083511941,Hold,85.963554,86.19139,83.635666,84.10124,16336
2026-03-10 02:00:00,0,0.41521060287895944,0.5847893971210405,Hold,84.11115,88.08342,83.90313,87.78625,12230
2026-03-10 03:00:00,0,0.3801201426685219,0.6198798573314781,Hold,87.77634,90.61934,87.32067,88.99477,17101
2026-03-10 04:00:00,0,0.38274562221428343,0.6172543777857166,Hold,89.06411,90.2231,88.76693,89.64856,8291
2026-03-10 05:00:00,0,0.38143348953957207,0.6185665104604279,Hold,89.64856,89.65846,86.607445,88.212204,11661
2026-03-10 06:00:00,0,0.38013162526405797,0.619868374735942,Hold,88.24192,89.20279,87.043304,88.95515,10627
2026-03-10 07:00:00,0,0.37441867415042973,0.6255813258495703,Hold,88.93533,89.20279,84.73522,85.01259,20791
2026-03-10 08:00:00,0,0.37683929293550966,0.6231607070644903,Hold,84.98287,87.81596,84.457855,87.7169,21409
2026-03-10 09:00:00,0,0.388455377346764,0.611544622653236,Hold,87.73672,87.91502,85.11165,86.122055,16580
2026-03-10 10:00:00,0,0.42420553214377554,0.5757944678562245,Hold,86.122055,89.32166,85.93384,87.95464,19262
2026-03-10 11:00:00,0,0.4061644881356219,0.5938355118643781,Hold,87.93484,89.02448,85.587135,88.36079,20664
2026-03-10 12:00:00,0,0.41119662404792506,0.588803375952075,Hold,88.34098,90.24291,87.91502,88.69759,29034
2026-03-10 13:00:00,0,0.40084051274702864,0.5991594872529713,Hold,88.68768,88.68768,86.3697,86.76594,37451
2026-03-10 14:00:00,0,0.35791541018360057,0.6420845898163994,Hold,86.75603,87.65747,82.22903,83.42764,53204
2026-03-10 15:00:00,0,0.31619826436534876,0.6838017356346513,Hold,83.42764,84.11115,82.03091,83.54652,45581
2026-03-10 16:00:00,0,0.2940769583477456,0.7059230416522544,Hold,83.51679,84.992775,81.29787,81.56533,36128
2026-03-10 17:00:00,0,0.24996128396574263,0.7500387160342574,Hold,81.535614,81.93185,76.00811,79.445465,95583
2026-03-10 18:00:00,0,0.3278516066887444,0.6721483933112555,Hold,79.42565,85.864494,78.87092,83.31868,67273
2026-03-10 19:00:00,0,0.3215642391935667,0.6784357608064333,Hold,83.31868,86.97396,83.13046,85.83478,30920
2026-03-10 20:00:00,0,0.34419127729290405,0.6558087227070959,Hold,85.84469,86.41923,84.953156,85.577225,9305
2026-03-10 22:00:00,0,0.3880079767719926,0.6119920232280074,Hold,86.072525,87.75653,85.89422,87.479164,6111
2026-03-10 23:00:00,0,0.3917407108611318,0.6082592891388682,Hold,87.45935,87.48907,84.43804,84.854095,9660
2026-03-11 00:00:00,0,0.3356502698482399,0.66434973015176,Hold,84.88381,84.98287,81.0205,82.1894,20915
2026-03-11 01:00:00,0,0.33079518821840903,0.669204811781591,Hold,82.1894,83.71491,81.6842,82.33799,11559
2026-03-11 02:00:00,0,0.35074306370254543,0.6492569362974545,Hold,82.32809,84.28946,82.1894,83.3484,8642
2026-03-11 03:00:00,0,0.3508257047763181,0.6491742952236819,Hold,83.36821,83.54652,81.8526,82.09034,7114
2026-03-11 04:00:00,0,0.34922249932284233,0.6507775006771577,Hold,82.10025,82.78376,81.59505,82.29837,5369
2026-03-11 05:00:00,0,0.4005221192268528,0.5994778807731471,Hold,82.28846,83.49699,82.15968,83.21962,5938
2026-03-11 06:00:00,0,0.40422638792996657,0.5957736120700334,Hold,83.21962,83.76444,82.33799,82.78376,7149
2026-03-11 07:00:00,0,0.4053239475241157,0.5946760524758843,Hold,82.78376,84.98287,82.55592,84.68569,16320
2026-03-11 08:00:00,0,0.40294211207264585,0.5970578879273541,Hold,84.64607,86.013084,84.11115,85.71591,19142
2026-03-11 09:00:00,0,0.4378222491060268,0.5621777508939731,Hold,85.71591,88.15276,85.49798,87.92493,22653
2026-03-11 10:00:00,0,0.40029823085452826,0.5997017691454718,Hold,87.91502,87.91502,83.883316,84.14087,23442
2026-03-11 11:00:00,0,0.41473849737659974,0.5852615026234003,Hold,84.170586,86.47867,83.873405,85.864494,20828
2026-03-11 12:00:00,0,0.42255410488646866,0.5774458951135313,Hold,85.83478,87.25133,85.379105,86.38951,19022
2026-03-11 13:00:00,0,0.42041441531209267,0.5795855846879073,Hold,86.38951,86.48857,82.73423,83.26915,36971
2026-03-11 14:00:00,0,0.44577761146294204,0.554222388537058,Hold,83.29887,86.2013,81.22853,85.379105,47587
2026-03-11 15:00:00,0,0.41758798820524745,0.5824120117947525,Hold,85.39892,86.845184,84.943245,86.77584,23713
2026-03-11 16:00:00,0,0.3960522552942214,0.6039477447057786,Hold,86.80556,87.79615,86.072525,86.310265,24498
2026-03-11 17:00:00,0,0.4072389096694664,0.5927610903305336,Hold,86.30036,87.5485,85.3692,87.033394,25625
2026-03-11 18:00:00,0,0.4013180309413198,0.5986819690586802,Hold,87.02349,87.61784,85.874405,86.42914,34807
2026-03-11 19:00:00,0,0.44501156401396597,0.554988435986034,Hold,86.43904,87.25133,86.13196,87.16217,7496
2026-03-11 20:00:00,0,0.4148856952681637,0.5851143047318363,Hold,87.16217,87.78625,86.97396,87.578224,6626
2026-03-11 22:00:00,0,0.4492860696358325,0.5507139303641675,Hold,88.47966,92.13494,87.77634,89.965546,17650
2026-03-11 23:00:00,0,0.49641489165639435,0.5035851083436056,Hold,90.015076,93.49206,89.866486,91.619835,16407
2026-03-12 00:00:00,0,0.4877421139295109,0.5122578860704892,Hold,91.59012,93.31375,90.985855,92.253815,15538
2026-03-12 01:00:00,0,0.41592558125134227,0.5840744187486577,Hold,92.24391,92.80855,90.837265,92.352875,11695
2026-03-12 02:00:00,0,0.38880135136641547,0.6111986486335845,Hold,92.37269,95.06709,92.32316,93.63074,13442
2026-03-12 03:00:00,0,0.3945744101262262,0.6054255898737738,Hold,93.68027,94.64114,92.986855,93.59111,11372
2026-03-12 04:00:00,0,0.37257163267562826,0.6274283673243717,Hold,93.55149,94.33406,93.15525,93.93782,5163
2026-03-12 05:00:00,0,0.41612929486039457,0.5838707051396055,Hold,93.908104,93.908104,91.481155,92.19438,15602
2026-03-12 06:00:00,0,0.4056139429809735,0.5943860570190265,Hold,92.19438,92.84817,90.460846,91.68918,11817
2026-03-12 07:00:00,0,0.3910142384344574,0.6089857615655426,Hold,91.65946,91.65946,89.03439,89.59903,16148
2026-03-12 08:00:00,0,0.39933467626671043,0.6006653237332895,Hold,89.58913,91.629745,89.39101,91.24341,15505
2026-03-12 09:00:00,0,0.40872074047278917,0.5912792595272108,Hold,91.21369,92.006165,90.19338,90.3816,12201
2026-03-12 10:00:00,0,0.3791031850997152,0.6208968149002848,Hold,90.361786,90.985855,89.816956,90.213196,12506
2026-03-12 11:00:00,0,0.39749129888582285,0.6025087011141772,Hold,90.2231,91.97645,90.14385,91.79814,12070
2026-03-12 12:00:00,0,0.3667246982103222,0.6332753017896777,Hold,91.77833,92.70949,91.51087,92.02598,14752
2026-03-12 13:00:00,0,0.43938843602372046,0.5606115639762795,Hold,92.006165,94.30434,91.69908,93.88829,36919
2026-03-12 14:00:00,0,0.4362892133044054,0.5637107866955946,Hold,93.908104,95.30484,93.323654,94.77982,39085
2026-03-12 15:00:00,0,0.39190398896387624,0.6080960110361238,Hold,94.76992,96.27562,93.4128,93.670364,46320
2026-03-12 16:00:00,0,0.37382846676821346,0.6261715332317865,Hold,93.65055,94.8987,92.154755,93.93782,30967
2026-03-12 17:00:00,0,0.3397851051791801,0.66021489482082,Hold,93.92792,94.63123,93.33356,93.48215,16566
2026-03-12 18:00:00,0,0.41057770652195247,0.5894222934780475,Hold,93.48215,95.810036,93.036385,95.63173,25248
2026-03-12 19:00:00,0,0.35231645535181255,0.6476835446481874,Hold,95.65154,96.04778,94.52227,95.4138,13837
2026-03-12 20:00:00,0,0.3961074421696774,0.6038925578303226,Hold,95.423706,95.7506,94.80954,95.48315,6824
2026-03-12 22:00:00,0,0.4345218856546938,0.5654781143453063,Hold,95.82985,97.16715,94.78973,95.31474,8952
2026-03-12 23:00:00,0,0.4744627592071289,0.5255372407928711,Hold,95.35437,96.5827,95.33456,95.70107,4483
2026-03-13 00:00:00,0,0.45549202904136565,0.5445079709586343,Hold,95.66145,95.81995,93.93782,94.67086,9085
2026-03-13 01:00:00,0,0.4649847661510512,0.5350152338489488,Hold,94.67086,95.31474,93.76942,94.80954,8719
2026-03-13 02:00:00,0,0.5171075985984761,0.4828924014015239,Sell,94.79964,95.572296,94.41331,95.34446,5174
2026-03-13 03:00:00,0,0.4903690715465809,0.5096309284534191,Hold,95.34446,95.70107,94.29443,94.67086,5102
2026-03-13 04:00:00,0,0.4708507492835035,0.5291492507164965,Hold,94.64114,94.96803,94.33406,94.37368,3025
2026-03-13 05:00:00,0,0.487060298685078,0.512939701314922,Hold,94.37368,94.73029,93.99725,94.22509,4466
2026-03-13 06:00:00,0,0.4706861823048238,0.5293138176951762,Hold,94.235,95.423706,93.63074,95.29493,7453
2026-03-13 07:00:00,0,0.5119981497688413,0.4880018502311587,Sell,95.31474,96.68176,95.13644,96.26571,11688
2026-03-13 08:00:00,0,0.5032369099783582,0.49676309002164176,Sell,96.22609,96.9195,94.5817,94.76001,15804
2026-03-13 09:00:00,0,0.48312096568780016,0.5168790343121998,Hold,94.75011,95.374176,94.08641,94.87888,11513
2026-03-13 10:00:00,0,0.4508611722130839,0.549138827786916,Hold,94.85907,95.03738,92.48165,92.79864,15802
2026-03-13 11:00:00,0,0.4169233671355269,0.5830766328644731,Hold,92.788734,94.14584,92.24391,92.550995,17618
2026-03-13 12:00:00,0,0.4040352089173938,0.5959647910826062,Hold,92.5708,93.50196,91.17407,92.689674,22236
2026-03-13 13:00:00,0,0.44393994348706256,0.5560600565129374,Hold,92.70949,93.69017,92.02598,93.54159,30161
2026-03-13 14:00:00,0,0.43424654340103547,0.5657534565989646,Hold,93.53168,94.85907,93.135445,94.740204,21388
2026-03-13 15:00:00,0,0.40604377293862015,0.5939562270613798,Hold,94.73029,95.91901,94.50246,95.48315,25224
2026-03-13 16:00:00,0,0.38214756828849444,0.6178524317115055,Hold,95.49305,96.63223,95.31474,95.96854,20983
2026-03-13 17:00:00,0,0.4236657170687155,0.5763342829312845,Hold,95.958626,97.29593,95.48315,97.05818,20314
2026-03-13 18:00:00,0,0.4065041817721638,0.5934958182278363,Hold,97.038376,98.385574,96.0874,96.53317,34313
2026-03-13 19:00:00,0,0.42533028340217655,0.5746697165978234,Hold,96.56289,97.424706,96.32515,97.26621,9061
2026-03-13 20:00:00,0,0.4338370813969366,0.5661629186030634,Hold,97.28602,98.385574,97.276115,98.37567,8202
2026-03-15 22:00:00,0,0.4370045473978,0.5629954526022001,Hold,99.98043,101.47623,98.40539,98.66294,18008
2026-03-15 23:00:00,0,0.437080002721803,0.5629199972781971,Hold,98.65304,99.49504,97.474236,97.84075,10998
2026-03-16 00:00:00,0,0.48528260924205097,0.514717390757949,Hold,97.85066,97.93981,96.42421,96.56289,10450
2026-03-16 01:00:00,0,0.5108729993160555,0.48912700068394455,Sell,96.552986,97.860565,95.82985,97.563385,9259
2026-03-16 02:00:00,0,0.49033229693435126,0.5096677030656487,Hold,97.5832,98.445015,97.18696,97.98934,7803
2026-03-16 03:00:00,0,0.537247406628461,0.46275259337153896,Sell,98.009155,98.40539,97.622826,98.31624,4903
2026-03-16 04:00:00,1,0.4889392725814227,0.5110607274185772,Hold,98.33605,98.85116,98.28652,98.593605,2587
2026-03-16 05:00:00,0,0.4845731216356931,0.5154268783643069,Hold,98.61341,98.80163,97.39499,97.523766,4296
2026-03-16 06:00:00,0,0.5115463274493963,0.4884536725506037,Sell,97.523766,98.7521,97.19687,97.97944,5352
2026-03-16 07:00:00,1,0.5477214138498891,0.45227858615011085,Sell,97.98934,100.07949,97.662445,99.54457,11327
2026-03-16 08:00:00,1,0.5248508571309545,0.4751491428690455,Sell,99.564384,99.950714,98.60351,98.831345,12011
2026-03-16 09:00:00,0,0.5158278657781233,0.48417213422187666,Sell,98.82144,99.33655,97.68226,98.21718,8783
2026-03-16 10:00:00,0,0.4914839633535765,0.5085160366464234,Hold,98.17755,98.36577,95.76051,95.92891,13908
2026-03-16 11:00:00,0,0.5298500206444541,0.4701499793555459,Sell,95.91901,96.89969,95.7506,96.0775,12970
2026-03-16 12:00:00,0,0.41111878300245364,0.5888812169975464,Hold,96.107216,96.48364,93.670364,94.36378,24573
2026-03-16 13:00:00,0,0.33776915367892996,0.66223084632107,Hold,94.38359,94.78973,92.09532,92.47175,34690
2026-03-16 14:00:00,0,0.39667801486427445,0.6033219851357255,Hold,92.46184,94.52227,92.12504,94.26472,28787
2026-03-16 15:00:00,0,0.38394565086791754,0.6160543491320825,Hold,94.25481,94.83926,93.64064,94.5619,18827
2026-03-16 16:00:00,0,0.38288218169667965,0.6171178183033204,Hold,94.5817,95.67136,94.007164,94.67086,17927
2026-03-16 17:00:00,0,0.33671697652946064,0.6632830234705394,Hold,94.67086,94.70058,92.838264,93.4128,27295
2026-03-16 18:00:00,0,0.28892338543794316,0.7110766145620568,Hold,93.4128,93.68027,92.09532,92.600525,24886
2026-03-16 19:00:00,0,0.31397070416713385,0.6860292958328662,Hold,92.61043,93.86848,92.055695,92.491554,12517
2026-03-16 20:00:00,0,0.3367479492457458,0.6632520507542542,Hold,92.501465,93.521774,92.21419,93.33356,7643
2026-03-16 22:00:00,0,0.39648986318403845,0.6035101368159616,Hold,93.521774,94.42321,92.99676,94.0666,4075
2026-03-16 23:00:00,0,0.4024041338212829,0.5975958661787171,Hold,94.0765,94.42321,93.58121,94.03688,3253
2026-03-17 00:00:00,0,0.4264166377282787,0.5735833622717212,Hold,94.01707,95.45342,93.94772,94.99776,4934
2026-03-17 01:00:00,0,0.3919329529025564,0.6080670470974436,Hold,95.04729,95.28503,94.28453,94.92841,5930
2026-03-17 02:00:00,0,0.43887940361749,0.56112059638251,Hold,94.91851,95.25531,94.67086,95.08691,3134
2026-03-17 03:00:00,0,0.4466221851102184,0.5533778148897817,Hold,95.06709,95.39399,94.83926,95.13644,3006
2026-03-17 04:00:00,0,0.44664500521140565,0.5533549947885943,Hold,95.12653,95.38409,94.52227,94.93832,2055
2026-03-17 05:00:00,0,0.5426810563224282,0.45731894367757175,Sell,94.94823,97.06809,94.38359,96.889786,5399
2026-03-17 06:00:00,0,0.5042807888588955,0.4957192111411045,Sell,96.9096,97.49405,96.107216,96.63223,8066
2026-03-17 07:00:00,0,0.5258196985486543,0.4741803014513457,Sell,96.602516,96.83035,95.58221,96.008156,6723
2026-03-17 08:00:00,0,0.5278703283620552,0.47212967163794484,Sell,95.97844,96.99875,95.810036,96.53317,8087
2026-03-17 09:00:00,0,0.5065065617980765,0.4934934382019235,Sell,96.543076,96.552986,94.73029,94.98785,7612
2026-03-17 10:00:00,0,0.5092793950643131,0.4907206049356869,Sell,94.99776,96.01807,94.97794,95.29493,4424
2026-03-17 11:00:00,0,0.4989703134465483,0.5010296865534517,Hold,95.29493,96.107216,95.25531,95.99825,5200
2026-03-17 12:00:00,0,0.5072905278616169,0.4927094721383831,Sell,95.99825,96.107216,94.21519,94.22509,9294
2026-03-17 13:00:00,0,0.48306669137673036,0.5169333086232697,Hold,94.25481,94.46284,92.94723,94.22509,16821
2026-03-17 14:00:00,0,0.3893949938526004,0.6106050061473995,Hold,94.22509,94.66095,92.986855,93.30384,16041
2026-03-17 15:00:00,0,0.43784072573125815,0.5621592742687418,Hold,93.323654,95.077,93.036385,94.77982,17817
2026-03-17 16:00:00,0,0.3968434598499795,0.6031565401500205,Hold,94.77982,94.93832,93.46233,94.155754,17023
2026-03-17 17:00:00,0,0.3756251339496762,0.6243748660503238,Hold,94.17556,95.13644,94.0765,94.85907,16237
2026-03-17 18:00:00,0,0.39839372592391353,0.6016062740760865,Hold,94.84917,95.46333,94.48264,95.06709,15992
2026-03-17 19:00:00,0,0.3918913662828848,0.6081086337171152,Hold,95.05719,95.423706,94.76001,95.2454,4276
2026-03-17 20:00:00,0,0.33469054985359625,0.6653094501464037,Hold,95.25531,95.4138,94.92841,95.11662,2681
2026-03-17 22:00:00,0,0.33534328036694167,0.6646567196330584,Hold,95.09682,95.50295,94.106224,94.94823,2010
2026-03-17 23:00:00,0,0.34798387778825235,0.6520161222117477,Hold,94.8987,95.44352,94.76001,95.09682,1026
2026-03-18 00:00:00,0,0.3801545380618095,0.6198454619381906,Hold,95.09682,95.11662,93.759514,93.92792,1421
2026-03-18 01:00:00,0,0.3848156642224573,0.6151843357775427,Hold,93.88829,94.29443,93.59111,94.11613,922
2026-03-18 02:00:00,0,0.3998579907154074,0.6001420092845926,Hold,94.08641,94.29443,93.10572,93.65055,966
2026-03-18 03:00:00,0,0.42060991439548284,0.5793900856045171,Hold,93.65055,93.74961,92.17457,92.303345,2145
2026-03-18 04:00:00,0,0.3968880979772543,0.6031119020227458,Hold,92.31325,92.442024,91.966545,92.28353,1806
2026-03-18 05:00:00,0,0.398184566151176,0.601815433848824,Hold,92.28353,92.67977,91.60993,91.78824,1882
2026-03-18 06:00:00,0,0.41479158138213357,0.5852084186178664,Hold,91.817955,92.491554,91.094826,92.38259,2107
2026-03-18 07:00:00,0,0.42203447575547476,0.5779655242445252,Hold,92.31325,92.877884,92.17457,92.81845,1668
2026-03-18 08:00:00,0,0.4185900935129609,0.581409906487039,Hold,92.82836,93.7397,92.739204,93.393,3996
2026-03-18 09:00:00,0,0.43924613325435524,0.5607538667456448,Hold,93.38309,94.056694,93.2345,93.858574,1641
2026-03-18 10:00:00,0,0.4016871867071899,0.5983128132928102,Hold,93.86848,94.0765,93.56139,93.82886,1574
2026-03-18 11:00:00,0,0.4003404223890476,0.5996595776109523,Hold,93.82886,95.08691,93.422714,94.18547,3757
2026-03-18 12:00:00,0,0.4878053227832821,0.5121946772167179,Hold,94.18547,97.14734,94.11613,97.028465,7922
2026-03-18 13:00:00,0,0.46777836188980076,0.5322216381101992,Hold,96.879875,98.16765,96.63223,97.97944,7533
2026-03-18 14:00:00,0,0.48450165172942655,0.5154983482705735,Hold,98.009155,98.47473,97.325645,97.92991,5559
2026-03-18 15:00:00,0,0.4376176210987888,0.5623823789012112,Hold,97.93981,98.435104,96.95913,97.30583,7041
2026-03-18 16:00:00,0,0.40953100114928864,0.5904689988507114,Hold,97.226585,97.513855,96.543076,97.127525,5292
2026-03-18 17:00:00,0,0.391461340348112,0.608538659651888,Hold,97.127525,97.70207,95.11662,95.26521,5827
2026-03-18 18:00:00,0,0.3511150630395085,0.6488849369604914,Hold,95.30484,96.453926,94.4034,96.28552,7671
2026-03-18 19:00:00,0,0.4292613191352257,0.5707386808647743,Hold,96.305336,97.84075,95.909096,97.53367,2800
2026-03-18 20:00:00,1,0.4629506563983604,0.5370493436016396,Hold,97.55348,99.604004,97.43461,98.880875,2526
2026-03-18 22:00:00,0,0.4917333306376992,0.5082666693623008,Hold,98.197365,98.593605,97.50395,98.11812,922
2026-03-18 23:00:00,0,0.4594470255674474,0.5405529744325526,Hold,98.0884,98.544075,97.325645,98.197365,616
2026-03-19 00:00:00,0,0.4581449515951951,0.5418550484048049,Hold,98.197365,99.05638,98.04754,98.24731,12853
2026-03-19 01:00:00,0,0.46809586667254116,0.5319041333274588,Hold,98.24731,98.54697,97.30839,97.93766,10805
2026-03-19 02:00:00,0,0.4642315715031618,0.5357684284968383,Hold,97.93766,98.137436,95.6403,96.079796,17367
2026-03-19 03:00:00,0,0.4709141253864249,0.5290858746135751,Hold,96.079796,96.439384,95.74018,96.359474,6931
2026-03-19 04:00:00,0,0.4419363013937211,0.5580636986062789,Hold,96.36946,96.72905,96.18967,96.4194,4056
2026-03-19 05:00:00,0,0.48433360979814455,0.5156663902018555,Hold,96.39943,97.158554,95.85006,96.36946,8023
2026-03-19 06:00:00,0,0.46672895522282176,0.5332710447771782,Hold,96.3395,96.69908,95.92997,96.22962,8687
2026-03-19 07:00:00,0,0.45935233460275465,0.5406476653972454,Hold,96.219635,96.878876,95.21079,96.65913,19313
2026-03-19 08:00:00,0,0.4500219197332603,0.5499780802667398,Hold,96.63915,97.18852,95.70023,96.67911,19001
2026-03-19 09:00:00,0,0.45789604028244546,0.5421039597175545,Hold,96.67911,98.84662,94.301834,95.05097,41140
2026-03-19 10:00:00,0,0.5069421235073731,0.4930578764926269,Sell,95.05097,96.38944,94.75132,96.11975,20456
2026-03-19 11:00:00,0,0.5134708858408673,0.4865291141591327,Sell,96.11975,97.62802,95.84007,96.52928,14811
2026-03-19 12:00:00,0,0.4907029857942475,0.5092970142057525,Hold,96.55924,96.82893,95.16085,96.17968,23469
2026-03-19 13:00:00,0,0.4561871768299799,0.5438128231700201,Hold,96.17968,97.13858,95.25075,95.97991,41511
2026-03-19 14:00:00,0,0.46549248153101286,0.5345075184689871,Hold,95.96992,97.12859,95.670265,96.38944,28418
2026-03-19 15:00:00,0,0.5600540934340283,0.43994590656597166,Sell,96.39943,100.364876,95.58037,97.96763,66671
2026-03-19 16:00:00,0,0.6007607814530511,0.3992392185469489,Sell,97.93766,98.55695,96.52928,97.02871,35529
2026-03-19 17:00:00,0,0.5594898095017471,0.4405101904982529,Sell,97.018715,97.16855,95.01102,95.69024,28235
2026-03-19 18:00:00,0,0.4643082106978538,0.5356917893021462,Hold,95.69024,96.08978,94.052124,94.87118,35450
2026-03-19 19:00:00,0,0.41983393631293353,0.5801660636870665,Hold,94.86119,95.19081,91.994484,94.12204,42874
2026-03-19 20:00:00,0,0.41448654703256665,0.5855134529674333,Hold,94.11205,94.66142,93.862335,94.48163,7314
2026-03-19 22:00:00,0,0.3985587957911661,0.601441204208834,Hold,94.351776,94.69138,93.84236,93.88232,2250
2026-03-19 23:00:00,0,0.3724526387110599,0.6275473612889402,Hold,93.84236,94.04213,93.51274,93.85235,2286
2026-03-20 00:00:00,0,0.41960561598532453,0.5803943840146755,Hold,93.85235,94.34179,93.29299,94.09207,5603
2026-03-20 01:00:00,0,0.43824042079255404,0.5617595792074459,Hold,94.06211,94.241905,92.36406,92.86349,11139
2026-03-20 02:00:00,0,0.43809017025991526,0.5619098297400847,Hold,92.85349,93.612625,92.75361,93.5527,6754
2026-03-20 03:00:00,0,0.4274744697195555,0.5725255302804445,Hold,93.5427,94.052124,93.27301,93.76245,4006
2026-03-20 04:00:00,0,0.4501969945676748,0.5498030054323252,Hold,93.74248,93.96223,93.30298,93.942245,2507
2026-03-20 05:00:00,0,0.46264072850600674,0.5373592714939932,Hold,93.95223,94.12204,93.18312,93.33295,4627
2026-03-20 06:00:00,0,0.5077763570325439,0.49222364296745613,Sell,93.33295,94.64144,93.32296,94.40172,5807
2026-03-20 07:00:00,0,0.4832445825657806,0.5167554174342194,Hold,94.40172,94.67141,93.43283,93.58266,7809
2026-03-20 08:00:00,0,0.5612099921447361,0.4387900078552639,Sell,93.5527,95.41056,93.18312,95.3806,18527
2026-03-20 09:00:00,0,0.518388333524401,0.48161166647559905,Sell,95.36062,96.04983,94.97107,95.77015,15051
2026-03-20 10:00:00,0,0.5159661760780739,0.48403382392192607,Sell,95.77015,96.3395,95.19081,95.33065,10178
2026-03-20 11:00:00,0,0.4558900625969195,0.5441099374030804,Hold,95.32066,95.40057,93.97221,94.082085,12782
2026-03-20 12:00:00,0,0.47340058219590014,0.5265994178040998,Hold,94.0721,95.09093,93.79242,94.89116,15539
2026-03-20 13:00:00,0,0.4877133432935806,0.5122866567064194,Hold,94.89116,96.10976,94.67141,95.919975,24205
2026-03-20 14:00:00,0,0.4603459113950753,0.5396540886049247,Hold,95.9,96.958786,95.17084,96.73904,22443
2026-03-20 15:00:00,0,0.45464110030400756,0.5453588996959924,Hold,96.72905,96.92882,95.58037,96.44937,24614
2026-03-20 16:00:00,0,0.42578914085561026,0.5742108591443897,Hold,96.44937,97.66798,96.11975,97.428246,19826
2026-03-20 17:00:00,0,0.45846013772489713,0.5415398622751029,Hold,97.428246,98.39713,97.26843,97.9077,26762
2026-03-20 18:00:00,0,0.43114086858995804,0.568859131410042,Hold,97.9077,98.63686,96.82893,98.47704,43671
2026-03-20 19:00:00,0,0.4381032656263109,0.5618967343736891,Hold,98.47704,98.63686,97.28841,97.36832,15071
2026-03-20 20:00:00,0,0.4820271115917135,0.5179728884082865,Hold,97.3783,98.04754,97.32836,97.977615,7039
2026-03-22 22:00:00,0,0.45565392979424263,0.5443460702057574,Hold,100.394844,101.38371,96.63915,97.96763,21666
2026-03-22 23:00:00,0,0.43054094797004766,0.5694590520299523,Hold,97.977615,98.666824,97.707924,98.47704,4523
2026-03-23 00:00:00,0,0.46113971347761396,0.538860286522386,Hold,98.46706,98.826645,97.787834,98.04754,5757
2026-03-23 01:00:00,0,0.4717170280112829,0.5282829719887171,Hold,98.04754,98.63686,97.87773,98.46706,7385
2026-03-23 02:00:00,0,0.46635751933148933,0.5336424806685107,Hold,98.45707,98.99645,98.28726,98.7767,5320
2026-03-23 03:00:00,0,0.4786572198079749,0.5213427801920252,Hold,98.7767,99.216194,98.746735,99.09634,2993
2026-03-23 04:00:00,0,0.4882716271537654,0.5117283728462346,Hold,99.09634,99.18623,98.686806,98.7767,2124
2026-03-23 05:00:00,0,0.5041280293869667,0.49587197061303334,Sell,98.78669,98.87659,97.84776,98.37716,4867
2026-03-23 06:00:00,1,0.5054446165797944,0.49455538342020555,Sell,98.387146,100.724464,98.26729,100.45477,14058
2026-03-23 07:00:00,1,0.501246999098431,0.49875300090156904,Sell,100.4348,101.55351,100.21505,100.98417,10772
2026-03-23 08:00:00,1,0.543122574595229,0.45687742540477105,Sell,100.98417,100.98417,99.22619,99.22619,18330
2026-03-23 09:00:00,1,0.5448801469243759,0.4551198530756241,Sell,99.20621,99.32607,97.9976,98.7767,12839
2026-03-23 10:00:00,1,0.5297706029929808,0.47022939700701916,Sell,98.766716,99.316086,97.28841,98.47704,9686
2026-03-23 11:00:00,0,0.3537339709583266,0.6462660290416734,Hold,98.46706,98.65684,84.27334,92.39402,71371
2026-03-23 12:00:00,0,0.3020902929136026,0.6979097070863973,Hold,92.38403,93.21308,88.4885,89.29758,37921
2026-03-23 13:00:00,0,0.27647141913361584,0.7235285808663842,Hold,89.26761,91.18541,88.02903,89.03787,39713
2026-03-23 14:00:00,0,0.2749939358219768,0.7250060641780232,Hold,89.04786,90.20653,87.86921,89.14774,35005
2026-03-23 15:00:00,0,0.2995268958784381,0.7004731041215619,Hold,89.14774,90.72594,85.33212,90.39632,68148
2026-03-23 16:00:00,0,0.2898491057665082,0.7101508942334918,Hold,90.36635,91.76475,89.007904,89.54729,40683
2026-03-23 17:00:00,0,0.31169373178509585,0.6883062682149041,Hold,89.54729,90.20653,88.398605,88.5784,25995
2026-03-23 18:00:00,0,0.2904361803674604,0.7095638196325396,Hold,88.56841,89.40745,86.63063,87.6195,33094
2026-03-23 19:00:00,0,0.2969705602186899,0.7030294397813102,Hold,87.59952,88.74821,87.329834,88.60837,9921
2026-03-23 20:00:00,0,0.31294117624909745,0.6870588237509025,Hold,88.59837,89.357506,88.288734,88.76818,5110
2026-03-23 22:00:00,0,0.31001028018995547,0.6899897198100445,Hold,88.67828,89.39746,88.618355,89.027885,2014
2026-03-23 23:00:00,0,0.3039270881805539,0.6960729118194461,Hold,89.027885,89.48736,88.398605,89.34752,3037
2026-03-24 00:00:00,0,0.26825074464534276,0.7317492553546572,Hold,89.337524,90.895744,89.247635,90.30642,10418
2026-03-24 01:00:00,0,0.2858661125773081,0.7141338874226919,Hold,90.296425,91.79471,90.28644,91.42513,7563
2026-03-24 02:00:00,0,0.2883198293280971,0.7116801706719029,Hold,91.415146,91.89459,90.845795,91.15544,6461
2026-03-24 03:00:00,0,0.2943073658276503,0.7056926341723497,Hold,91.17542,91.75475,91.13547,91.52502,2664
2026-03-24 04:00:00,0,0.2798221958321074,0.7201778041678926,Hold,91.51503,91.93455,91.365204,91.415146,2615
2026-03-24 05:00:00,0,0.2996039415540562,0.7003960584459439,Hold,91.43512,92.184265,91.20538,91.475075,4519
2026-03-24 06:00:00,0,0.29793827333046297,0.702061726669537,Hold,91.48506,91.554985,90.50619,90.73592,7073
2026-03-24 07:00:00,0,0.26907105600634273,0.7309289439936573,Hold,90.7559,90.97565,89.28758,89.337524,12454
2026-03-24 08:00:00,0,0.2861170089694961,0.7138829910305039,Hold,89.34752,90.705956,89.007904,90.436264,17924
2026-03-24 09:00:00,0,0.2572029258318589,0.7427970741681411,Hold,90.436264,91.34522,90.16658,90.296425,8824
2026-03-24 10:00:00,0,0.2760713199280182,0.7239286800719817,Hold,90.31641,90.536156,89.32754,90.266464,7916
2026-03-24 11:00:00,0,0.2524561457820567,0.7475438542179433,Hold,90.266464,91.32525,89.86692,90.76589,10581
2026-03-24 12:00:00,0,0.28267945298858044,0.7173205470114196,Hold,90.7559,92.104355,90.675995,91.694824,16008
2026-03-24 13:00:00,0,0.29501800779702286,0.7049819922029772,Hold,91.68484,92.573814,91.335236,91.964516,26495
2026-03-24 14:00:00,0,0.2641840539730973,0.7358159460269027,Hold,91.9745,92.20424,90.41629,91.04557,33830
2026-03-24 15:00:00,0,0.28484833167551815,0.7151516683244818,Hold,91.04557,92.28415,90.456245,92.12433,20597
2026-03-24 16:00:00,0,0.3019682699481987,0.6980317300518013,Hold,92.11434,92.78358,91.81469,92.53386,18440
2026-03-24 17:00:00,0,0.26677424755813994,0.7332257524418601,Hold,92.56383,93.25304,91.085526,91.65487,23885
2026-03-24 18:00:00,0,0.2597708579130063,0.7402291420869938,Hold,91.664856,92.513885,90.845795,91.65487,25616
2026-03-24 19:00:00,0,0.2717715211106291,0.7282284788893709,Hold,91.65487,91.884605,91.05556,91.79471,6688
2026-03-24 20:00:00,0,0.25808483484949457,0.7419151651505054,Hold,91.79471,91.84465,86.24108,88.288734,28912
2026-03-24 22:00:00,0,0.26419155970991776,0.7358084402900822,Hold,88.38862,89.25762,87.69941,88.67828,5434
2026-03-24 23:00:00,0,0.2531256714624852,0.7468743285375148,Hold,88.648315,88.89803,88.40859,88.758194,2565
2026-03-25 00:00:00,0,0.2644242354944599,0.7355757645055401,Hold,88.788155,88.89803,86.62064,87.689415,10856
2026-03-25 01:00:00,0,0.24776615653574816,0.7522338434642518,Hold,87.689415,87.97909,86.69057,87.48965,6823
2026-03-25 02:00:00,0,0.29810209483302247,0.7018979051669776,Hold,87.49963,89.06784,87.219955,88.89803,4974
2026-03-25 03:00:00,0,0.2641386233017992,0.7358613766982007,Hold,88.928,89.12777,88.26875,88.84809,4269
2026-03-25 04:00:00,0,0.2850583687838851,0.714941631216115,Hold,88.85808,88.99792,88.178856,88.2288,2850
2026-03-25 05:00:00,0,0.30033259989320965,0.6996674001067904,Hold,88.26875,89.247635,88.258766,89.06784,2884
2026-03-25 06:00:00,0,0.27515740148351675,0.7248425985164832,Hold,89.04786,89.46738,88.808136,89.11778,4229
2026-03-25 07:00:00,0,0.26474116531984104,0.735258834680159,Hold,89.10779,89.15774,88.148895,88.26875,7446
2026-03-25 08:00:00,0,0.2617507681350666,0.7382492318649334,Hold,88.24878,88.43856,86.49079,87.5296,19204
2026-03-25 09:00:00,0,0.27622007227918355,0.7237799277208165,Hold,87.50963,88.68827,87.08012,87.64947,11188
2026-03-25 10:00:00,0,0.26456599392207475,0.7354340060779252,Hold,87.60951,87.83925,86.80044,86.99022,8962
2026-03-25 11:00:00,0,0.2781823931438042,0.7218176068561958,Hold,87.000206,87.85922,86.36094,87.16003,13965
2026-03-25 12:00:00,0,0.2727673737509911,0.727232626249009,Hold,87.15004,89.28758,86.93029,88.35865,25896
2026-03-25 13:00:00,0,0.2754022475421645,0.7245977524578355,Hold,88.34866,88.70825,87.31984,88.58839,29964
2026-03-25 14:00:00,0,0.2783058073717319,0.7216941926282681,Hold,88.59837,89.07783,88.15888,88.91801,23964
2026-03-25 15:00:00,0,0.251976878481255,0.748023121518745,Hold,88.91801,90.28644,88.73821,90.236496,25844
2026-03-25 16:00:00,0,0.24203470293694,0.75796529706306,Hold,90.25648,90.57611,89.25762,90.08667,23900
2026-03-25 17:00:00,0,0.26372781864163825,0.7362721813583617,Hold,90.07668,90.845795,89.12777,90.20653,26152
2026-03-25 18:00:00,0,0.2634564088733088,0.7365435911266912,Hold,90.21652,91.27531,89.80699,91.1055,21969
2026-03-25 19:00:00,0,0.25099979807355843,0.7490002019264416,Hold,91.13547,91.6249,90.456245,90.845795,7836
2026-03-25 20:00:00,0,0.2591211660395472,0.7408788339604528,Hold,90.83581,91.395164,90.83581,91.18541,2896
2026-03-25 22:00:00,0,0.2797348966720623,0.7202651033279377,Hold,91.27531,91.31526,90.77588,90.895744,1446
2026-03-25 23:00:00,0,0.2865365747529292,0.7134634252470708,Hold,90.87576,91.12548,90.60607,90.97565,1073
2026-03-26 00:00:00,0,0.29902949413343594,0.7009705058665641,Hold,90.97565,91.495056,90.845795,91.13547,3808
2026-03-26 01:00:00,0,0.29748297892355946,0.7025170210764405,Hold,91.09551,91.50504,90.83581,91.16543,3523
2026-03-26 02:00:00,0,0.29327910684106884,0.7067208931589312,Hold,91.18541,91.884605,90.97565,91.79471,4091
2026-03-26 03:00:00,0,0.2794776415762967,0.7205223584237033,Hold,91.804695,91.994484,91.475075,91.634895,2760
2026-03-26 04:00:00,0,0.3087573994530691,0.6912426005469309,Hold,91.64488,92.044426,91.51503,91.964516,2039
2026-03-26 05:00:00,0,0.29479014437138723,0.7052098556286128,Hold,91.9745,92.324104,91.81469,92.23421,4407
2026-03-26 06:00:00,0,0.2823328818879106,0.7176671181120894,Hold,92.23421,92.39402,91.994484,92.20424,6033
2026-03-26 07:00:00,0,0.36093274253381763,0.6390672574661824,Hold,92.20424,93.22307,92.184265,92.97336,8986
2026-03-26 08:00:00,0,0.3647514873571326,0.6352485126428674,Hold,92.94339,94.022156,92.593796,93.5527,12983
2026-03-26 09:00:00,0,0.3303986618151462,0.6696013381848538,Hold,93.532715,93.84236,93.09322,93.40286,8902
2026-03-26 10:00:00,0,0.33673157701647854,0.6632684229835215,Hold,93.40286,93.64259,92.55384,93.143166,9390
2026-03-26 11:00:00,1,0.41418966179017,0.58581033820983,Hold,93.13317,94.73134,92.9334,94.551544,9552
2026-03-26 12:00:00,1,0.3538620560875197,0.6461379439124804,Hold,94.571526,94.711365,93.85235,94.32181,11927
2026-03-26 13:00:00,0,0.3757419674834221,0.6242580325165779,Hold,94.32181,94.37176,92.61377,92.75361,27313
2026-03-26 14:00:00,0,0.3848883615423012,0.6151116384576988,Hold,92.77359,94.082085,92.324104,93.59264,32402
2026-03-26 15:00:00,1,0.35789793611006876,0.6421020638899313,Hold,93.57267,94.631454,93.38289,94.48163,22337
2026-03-26 16:00:00,1,0.3114565035850658,0.6885434964149342,Hold,94.47164,95.13088,94.21194,94.601494,18010
2026-03-26 17:00:00,1,0.3477898741168163,0.6522101258831837,Hold,94.601494,95.33065,94.5016,95.13088,13648
2026-03-26 18:00:00,1,0.3270892538059531,0.6729107461940469,Hold,95.13088,95.180824,93.96223,94.21194,16341
2026-03-26 19:00:00,1,0.34047993921969283,0.6595200607803071,Hold,94.21194,94.551544,93.87233,93.99219,5834
2026-03-26 20:00:00,0,0.2519410993029304,0.7480589006970696,Hold,94.002174,94.351776,89.40745,93.68254,21277
2026-03-26 22:00:00,0,0.31245836583477915,0.6875416341652208,Hold,93.203094,93.6326,92.91343,93.13317,2003
2026-03-26 23:00:00,0,0.3444948228570902,0.6555051771429098,Hold,93.15315,93.35292,92.953384,93.143166,1337
2026-03-27 00:00:00,0,0.28790211425653545,0.7120978857434646,Hold,93.13317,94.04213,92.63375,93.97221,5496
2026-03-27 01:00:00,0,0.2961521876752399,0.7038478123247601,Hold,93.97221,94.09207,92.86349,92.953384,4529
2026-03-27 02:00:00,0,0.3089085998866159,0.6910914001133841,Hold,92.9334,93.4628,91.9745,93.29299,5052
2026-03-27 03:00:00,0,0.312791897285859,0.687208102714141,Hold,93.27301,93.692535,93.24305,93.38289,2582
2026-03-27 04:00:00,0,0.31690958350091997,0.6830904164990801,Hold,93.38289,93.76245,93.34293,93.71251,1509
2026-03-27 05:00:00,0,0.3337399018762655,0.6662600981237345,Hold,93.692535,93.9822,93.43283,93.96223,3240
2026-03-27 06:00:00,0,0.36409365024358287,0.6359063497564171,Hold,93.95223,94.34179,93.56268,94.241905,4246
2026-03-27 07:00:00,0,0.3574921396453247,0.6425078603546752,Hold,94.221924,95.36062,94.11205,94.961075,9933
2026-03-27 08:00:00,0,0.3828083236145709,0.617191676385429,Hold,94.97107,96.19965,94.75132,95.9899,12155
2026-03-27 09:00:00,0,0.3476641113121048,0.6523358886878952,Hold,95.9899,96.63915,95.66028,95.9899,8943
2026-03-27 10:00:00,0,0.4073196782392906,0.5926803217607094,Hold,95.9899,97.02871,95.69024,96.92882,7749
2026-03-27 11:00:00,0,0.3844691297088164,0.6155308702911836,Hold,96.91883,97.10861,96.17968,96.52928,7759
2026-03-27 12:00:00,0,0.37575096909194045,0.6242490309080595,Hold,96.52928,97.13858,96.329506,96.65913,9741
2026-03-27 13:00:00,0,0.43728086827086027,0.5627191317291398,Hold,96.65913,97.75787,96.45936,97.647995,22274
2026-03-27 14:00:00,0,0.3881724005035581,0.6118275994964419,Hold,97.65798,98.23732,96.74902,98.06751,23712
2026-03-27 15:00:00,0,0.3453576878434783,0.6546423121565217,Hold,98.06751,98.0775,96.848915,97.87773,21735
2026-03-27 16:00:00,0,0.3746660870191848,0.6253339129808152,Hold,97.867744,98.78669,97.61803,98.69679,18121
2026-03-27 17:00:00,0,0.3368339501786102,0.6631660498213898,Hold,98.69679,98.72676,97.96763,98.47704,14408
2026-03-27 18:00:00,0,0.3470937954654381,0.6529062045345619,Hold,98.48703,99.925385,98.43709,99.05638,33377
2026-03-27 19:00:00,0,0.32602013736779745,0.6739798626322026,Hold,99.046394,100.42481,98.71677,99.54582,18121
2026-03-27 20:00:00,0,0.3878069252389393,0.6121930747610607,Hold,99.52584,101.12401,98.88657,101.06408,12477
2026-03-29 22:00:00,0,0.42216124769515656,0.5778387523048434,Hold,102.48245,103.26156,101.074066,102.003,11834
2026-03-29 23:00:00,0,0.3876946739964648,0.6123053260035352,Hold,102.01299,102.802086,101.7433,102.67223,4799
2026-03-30 00:00:00,0,0.4419449289992148,0.5580550710007852,Hold,102.68222,103.03182,100.93423,102.90197,11173
2026-03-30 01:00:00,0,0.48597623609155877,0.5140237639084413,Hold,102.93194,103.09175,101.59347,101.86316,6683
2026-03-30 02:00:00,0,0.47611941611479086,0.5238805838852092,Hold,101.873146,102.941925,101.0441,101.55351,6332
2026-03-30 03:00:00,0,0.5006023932958409,0.4993976067041591,Sell,101.55351,101.63342,100.145134,101.463615,10013
2026-03-30 04:00:00,0,0.46451656952189047,0.5354834304781095,Hold,101.463615,101.463615,100.964195,101.353745,2369
2026-03-30 05:00:00,0,0.4777508823837668,0.5222491176162332,Hold,101.373726,101.41367,100.444786,100.73446,4122
2026-03-30 06:00:00,0,0.5014433344392217,0.49855666556077827,Sell,100.71448,101.653404,100.30495,101.47361,6057
2026-03-30 07:00:00,0,0.4889651600986821,0.5110348399013179,Hold,101.463615,102.07292,101.024124,101.573494,8399
2026-03-30 08:00:00,0,0.47776768500779887,0.5222323149922011,Hold,101.56351,102.372574,100.54467,100.9542,10554
2026-03-30 09:00:00,0,0.4675908462290586,0.5324091537709414,Hold,100.944214,101.73331,100.64456,101.47361,6251
2026-03-30 10:00:00,0,0.40360230371112993,0.5963976962888701,Hold,101.4836,101.923096,101.18394,101.58348,4499
2026-03-30 11:00:00,0,0.4311869366687233,0.5688130633312767,Hold,101.573494,101.653404,99.316086,100.994156,14105
2026-03-30 12:00:00,0,0.40949554046887543,0.5905044595311246,Hold,100.98417,101.373726,100.38486,100.56465,10655
2026-03-30 13:00:00,0,0.4315397239111546,0.5684602760888454,Hold,100.57464,102.74215,99.87544,102.28268,27799
2026-03-30 14:00:00,0,0.37485978606137554,0.6251402139386244,Hold,102.29267,102.392555,101.213905,101.95306,22629
2026-03-30 15:00:00,0,0.36132562663296813,0.6386743733670319,Hold,101.95306,102.91196,101.38371,102.85203,23808
2026-03-30 16:00:00,0,0.3419248072544237,0.6580751927455764,Hold,102.84204,103.741005,102.34261,102.81207,18699
2026-03-30 17:00:00,0,0.39247921445149214,0.6075207855485079,Hold,102.802086,103.61115,102.612305,103.25157,15369
2026-03-30 18:00:00,0,0.3631100055787094,0.6368899944212906,Hold,103.26156,103.29152,102.232735,103.20162,19149
2026-03-30 19:00:00,0,0.3634410018338981,0.636558998166102,Hold,103.191635,104.230446,103.04181,104.0107,12436
2026-03-30 20:00:00,0,0.35601279676723296,0.643987203232767,Hold,104.00071,105.23929,103.99072,104.88969,7011
2026-03-30 22:00:00,1,0.35280725769917115,0.6471927423008288,Hold,104.94962,105.51897,104.38027,105.44905,2677
2026-03-30 23:00:00,1,0.390557032702587,0.609442967297413,Hold,105.45904,106.73757,105.37913,106.08832,6672
2026-03-31 00:00:00,1,0.46199131301061785,0.5380086869893821,Hold,106.05835,106.41794,103.94078,103.95077,11246
2026-03-31 01:00:00,0,0.3471192006695079,0.6528807993304921,Hold,103.94078,104.62999,100.71448,101.56351,19151
2026-03-31 02:00:00,0,0.39187663743394346,0.6081233625660565,Hold,101.543526,102.46247,101.31379,102.12286,7005
2026-03-31 03:00:00,0,0.41168880874142866,0.5883111912585713,Hold,102.14284,103.04181,101.45363,102.872,5276
2026-03-31 04:00:00,0,0.3917572767803495,0.6082427232196506,Hold,102.85203,103.01184,102.472466,102.68222,2161
2026-03-31 05:00:00,0,0.36657732532988163,0.6334226746701184,Hold,102.66225,103.331474,102.34261,102.60231,3577
2026-03-31 06:00:00,0,0.35756480676264774,0.6424351932373522,Hold,102.58234,102.941925,102.33262,102.54238,3499
2026-03-31 07:00:00,0,0.3332566294082988,0.6667433705917012,Hold,102.55237,103.32149,101.683365,101.9131,7664
2026-03-31 08:00:00,0,0.37341332271570077,0.6265866772842992,Hold,101.923096,102.7921,101.79324,102.34261,10107
2026-03-31 09:00:00,1,0.46199719043188325,0.5380028095681167,Hold,102.3526,104.21047,101.18394,104.08062,13979
2026-03-31 10:00:00,1,0.4283610069343118,0.5716389930656882,Hold,104.08062,104.8797,103.55122,104.699905,11627
2026-03-31 11:00:00,0,0.4064950778980626,0.5935049221019374,Hold,104.70989,105.09945,102.422516,102.7022,20451
2026-03-31 12:00:00,0,0.4033847794581364,0.5966152205418636,Hold,102.68222,103.91081,102.15283,103.04181,18867
2026-03-31 13:00:00,0,0.3724128300029286,0.6275871699970714,Hold,103.06178,103.77097,102.08291,102.3526,21747
2026-03-31 14:00:00,1,0.4326528147925827,0.5673471852074172,Hold,102.3526,104.28039,101.99301,104.17052,29241
2026-03-31 15:00:00,1,0.4033356657501775,0.5966643342498226,Hold,104.17052,104.65995,103.4014,104.49015,28039
2026-03-31 16:00:00,0,0.41424375092869287,0.5857562490713071,Hold,104.50014,104.919655,99.88543,101.71333,58066
2026-03-31 17:00:00,0,0.35798646800655043,0.6420135319934496,Hold,101.69336,102.52241,99.50587,102.312645,43019
2026-03-31 18:00:00,0,0.3654093118434151,0.6345906881565849,Hold,102.32263,102.38257,100.68451,102.22275,35096
2026-03-31 19:00:00,0,0.365668273710399,0.634331726289601,Hold,102.21276,102.38257,101.53354,101.96304,7357
2026-03-31 20:00:00,0,0.353084917291708,0.646915082708292,Hold,101.983025,102.03297,100.554665,101.44364,5877
2026-03-31 22:00:00,0,0.3648828771322479,0.6351171228677521,Hold,101.60346,102.73216,101.40369,102.08291,3102
2026-03-31 23:00:00,0,0.3742452464981713,0.6257547535018286,Hold,102.08291,102.12286,101.49358,101.49358,2819
2026-04-01 00:00:00,0,0.39203360467087384,0.6079663953291261,Hold,101.513565,102.452484,101.433655,102.02298,4164
2026-04-01 01:00:00,0,0.4166906136972677,0.5833093863027323,Hold,102.02298,103.04181,101.763275,102.862015,6365
2026-04-01 02:00:00,1,0.4443903918833839,0.5556096081166161,Hold,102.84204,103.191635,102.41253,103.06178,2372
2026-04-01 03:00:00,1,0.4047554409796168,0.5952445590203832,Hold,103.06178,103.191635,102.68222,102.83205,2188
2026-04-01 04:00:00,1,0.39240772008378244,0.6075922799162176,Hold,102.84204,103.01184,102.392555,102.4425,1804
2026-04-01 05:00:00,0,0.3889858397438812,0.6110141602561188,Hold,102.452484,102.56236,100.914246,101.16396,5938
2026-04-01 06:00:00,0,0.27574012317093605,0.724259876829064,Hold,101.14399,101.22389,96.53927,96.86889,27178
2026-04-01 07:00:00,0,0.36370621328464287,0.6362937867153571,Hold,96.83892,98.47704,96.38944,98.24731,18897
2026-04-01 08:00:00,0,0.3799670612175538,0.6200329387824461,Hold,98.24731,99.30609,97.837776,99.20621,14455
2026-04-01 09:00:00,0,0.3781528052143213,0.6218471947856787,Hold,99.20621,100.54467,98.99645,99.94536,12541
2026-04-01 10:00:00,0,0.3565978977757956,0.6434021022242045,Hold,99.925385,100.474754,99.32607,99.865456,11091
2026-04-01 11:00:00,0,0.3318850285995199,0.6681149714004802,Hold,99.845474,100.04524,98.21735,98.686806,12149
2026-04-01 12:00:00,0,0.4468365382441784,0.5531634617558217,Hold,98.666824,100.77441,97.89771,100.46477,26260
2026-04-01 13:00:00,0,0.3648219938002535,0.6351780061997465,Hold,100.474754,100.89427,98.32722,98.84662,31709
2026-04-01 14:00:00,0,0.3820581364691389,0.6179418635308611,Hold,98.84662,99.46591,98.117455,98.9565,25788
2026-04-01 15:00:00,0,0.36409559046424755,0.6359044095357524,Hold,98.9465,100.16511,98.826645,99.61574,20682
2026-04-01 16:00:00,0,0.3644276071247005,0.6355723928752994,Hold,99.625725,100.744446,99.515854,99.9154,16106
2026-04-01 17:00:00,0,0.3197833019354346,0.6802166980645654,Hold,99.89542,99.925385,98.46706,99.19622,18284
2026-04-01 18:00:00,0,0.3584538349633046,0.6415461650366954,Hold,99.19622,100.32493,99.05638,99.71562,22383
2026-04-01 19:00:00,0,0.3624356366378093,0.6375643633621907,Hold,99.7356,99.77556,98.73675,99.40598,10051
2026-04-01 20:00:00,0,0.3506448277296869,0.649355172270313,Hold,99.41597,99.88543,98.64685,98.79668,3597
2026-04-01 22:00:00,0,0.3739584680839467,0.6260415319160533,Hold,98.80666,99.09634,98.25729,98.936516,1485
2026-04-01 23:00:00,0,0.3728585576788694,0.6271414423211306,Hold,98.91654,99.0364,98.517,98.826645,1715
2026-04-02 00:00:00,0,0.3434150829791139,0.6565849170208862,Hold,98.766716,98.906555,97.38829,97.91769,7454
2026-04-02 01:00:00,0,0.4608342061596857,0.5391657938403143,Hold,97.91769,104.38027,97.66798,104.05065,31939
2026-04-02 02:00:00,0,0.4793760571734371,0.5206239428265629,Hold,104.00071,104.52011,103.42137,103.681076,7873
2026-04-02 03:00:00,0,0.501187922024163,0.49881207797583704,Sell,103.681076,104.70989,103.59118,104.590034,4442
2026-04-02 04:00:00,0,0.530274451129982,0.46972554887001805,Sell,104.58005,105.52895,104.530106,104.839745,6853
2026-04-02 05:00:00,0,0.5011719213787303,0.49882807862126965,Sell,104.81977,106.02838,104.39026,106.018394,5822
2026-04-02 06:00:00,0,0.4689986425669754,0.5310013574330246,Hold,105.97844,106.62769,105.72873,105.97844,11417
2026-04-02 07:00:00,0,0.4502257012479005,0.5497742987520995,Hold,105.94848,106.54779,105.688774,106.11828,7450
2026-04-02 08:00:00,0,0.4655100245390129,0.5344899754609871,Hold,106.11828,107.117134,105.938484,107.10715,9448
2026-04-02 09:00:00,0,0.4840574743100555,0.5159425256899445,Hold,107.07718,107.90623,106.80749,107.54664,10842
2026-04-02 10:00:00,0,0.5024919953722349,0.4975080046277651,Sell,107.526665,108.49555,107.36685,108.2858,12653
2026-04-02 11:00:00,0,0.5190031749123284,0.4809968250876716,Sell,108.2858,109.804054,108.20589,109.63425,17943
2026-04-02 12:00:00,0,0.54808477932095,0.45191522067905,Sell,109.64423,113.210144,109.27466,113.010376,40033
2026-04-02 13:00:00,0,0.5748353542007749,0.4251646457992251,Sell,113.02036,113.839424,110.57317,110.902794,55203
2026-04-02 14:00:00,0,0.5237918958608325,0.4762081041391675,Sell,110.902794,111.592,106.49785,108.68533,55889
2026-04-02 15:00:00,0,0.46590659526932865,0.5340934047306714,Hold,108.67535,112.00153,108.24584,111.38224,38139
2026-04-02 16:00:00,0,0.46456449464674426,0.5354355053532558,Hold,111.37225,112.031494,110.3734,110.872826,20961
2026-04-02 17:00:00,0,0.4584905028248925,0.5415094971751075,Hold,110.88281,111.87168,109.913925,111.582016,21272
2026-04-02 18:00:00,0,0.4593853605112863,0.5406146394887137,Hold,111.562035,112.17134,110.66307,111.00268,26825
2026-04-02 19:00:00,0,0.46703085819422163,0.5329691418057784,Hold,110.982704,111.63196,110.64309,111.342285,8619
2026-04-02 20:00:00,0,0.43603343252872717,0.5639665674712728,Hold,111.32231,111.9416,111.19246,111.93161,4549
2026-04-05 22:00:00,0,0.45521371237461866,0.5447862876253813,Hold,112.83058,115.347694,112.37111,113.559746,10746
2026-04-05 23:00:00,0,0.42023949596618965,0.5797605040338103,Hold,113.559746,114.31887,112.75067,114.17903,3597
2026-04-06 00:00:00,0,0.4719104457649593,0.5280895542350408,Hold,114.169044,114.21899,111.67191,112.07145,7268
2026-04-06 01:00:00,0,0.48006568859386906,0.519934311406131,Hold,112.10142,112.660774,111.37225,111.67191,5616
2026-04-06 02:00:00,0,0.5387364938573869,0.46126350614261313,Sell,111.67191,111.87168,109.37454,111.38224,9059
2026-04-06 03:00:00,0,0.5045529006150369,0.4954470993849631,Sell,111.39223,112.22128,111.032646,111.202446,4462
2026-04-06 04:00:00,0,0.4990336447544834,0.5009663552455166,Hold,111.172485,111.532074,110.653076,111.28236,2757
2026-04-06 05:00:00,0,0.5306667090420595,0.4693332909579405,Sell,111.29234,111.95159,110.89281,111.61198,2785
2026-04-06 06:00:00,0,0.5363194414005684,0.4636805585994316,Sell,111.62197,112.14137,110.51324,110.74297,6456
2026-04-06 07:00:00,0,0.5299380951405102,0.47006190485948984,Sell,110.67306,111.51209,108.76524,109.29464,6944
2026-04-06 08:00:00,0,0.48934732618483123,0.5106526738151688,Hold,109.254684,110.053764,108.79521,109.364555,5692
2026-04-06 09:00:00,0,0.5109906461087496,0.48900935389125044,Sell,109.34458,111.592,109.05491,111.3323,6140
2026-04-06 10:00:00,0,0.5345890029036001,0.4654109970963999,Sell,111.28236,111.3323,109.62426,109.81404,5516
2026-04-06 11:00:00,0,0.5094120024067509,0.4905879975932491,Sell,109.79407,110.42334,109.474434,109.993835,3677
2026-04-06 12:00:00,0,0.5562219101330276,0.4437780898669724,Sell,109.973854,110.84286,109.804054,110.03379,5842
2026-04-06 13:00:00,0,0.5607961793170639,0.43920382068293606,Sell,110.06375,113.010376,109.71416,111.82174,19612
2026-04-06 14:00:00,0,0.5310938681393851,0.4689061318606149,Sell,111.81175,112.70073,110.16364,110.83287,23140
2026-04-06 15:00:00,0,0.5331958286430147,0.46680417135698526,Sell,110.82288,112.57088,110.723,111.76181,12702
2026-04-06 16:00:00,0,0.5258132305436048,0.47418676945639515,Sell,111.751816,112.15136,111.04263,112.12139,8412
2026-04-06 17:00:00,0,0.4835081860424352,0.5164918139575648,Hold,112.111404,114.14907,112.09143,113.93931,16150
2026-04-06 18:00:00,0,0.5496724501910082,0.4503275498089918,Sell,113.93931,114.089134,111.60199,112.09143,18658
2026-04-06 19:00:00,0,0.5095451219237278,0.4904548780762722,Sell,112.08144,112.86055,111.73184,112.331154,5368
2026-04-06 20:00:00,0,0.5147755825334192,0.48522441746658085,Sell,112.32117,112.930466,112.111404,112.48098,2994
2026-04-06 22:00:00,0,0.5341150282534091,0.46588497174659094,Sell,112.49097,113.48982,112.381096,113.24011,2760
2026-04-06 23:00:00,0,0.495846844465982,0.504153155534018,Hold,113.28007,113.81945,112.91049,113.70957,1884
2026-04-07 00:00:00,0,0.4845631031551671,0.5154368968448328,Hold,113.699585,113.779495,112.53092,113.19017,4536
2026-04-07 01:00:00,0,0.5391861759767066,0.4608138240232934,Sell,113.230125,115.03805,112.62082,114.78834,8819
2026-04-07 02:00:00,0,0.4881846528076938,0.5118153471923061,Hold,114.77834,115.36767,114.36882,114.82829,5708
2026-04-07 03:00:00,0,0.5359495997027134,0.4640504002972866,Sell,114.83828,115.6074,114.68845,115.49752,3608
2026-04-07 04:00:00,0,0.5108762828344134,0.48912371716558656,Sell,115.49752,116.42646,115.00809,115.30774,5599
2026-04-07 05:00:00,0,0.5318416543914924,0.46815834560850755,Sell,115.29775,115.90705,114.8183,115.13793,3434
2026-04-07 06:00:00,0,0.5307317633328789,0.46926823666712114,Sell,115.11796,115.6074,114.5586,114.7284,5846
2026-04-07 07:00:00,0,0.534346763893819,0.46565323610618103,Sell,114.718414,115.49752,114.44872,115.23782,5628
2026-04-07 08:00:00,0,0.5428132340595665,0.4571867659404335,Sell,115.22783,115.267784,112.2013,112.56089,17870
2026-04-07 09:00:00,0,0.5079496326749733,0.4920503673250267,Sell,112.5509,112.94045,111.152504,112.42105,12519
2026-04-07 10:00:00,0,0.5825144882412702,0.41748551175872983,Sell,112.40108,114.48868,111.62197,114.06916,18007
2026-04-07 11:00:00,0,0.5339639334918185,0.4660360665081815,Sell,114.03919,115.79718,113.7695,115.6873,13428
2026-04-07 12:00:00,0,0.5577583893261924,0.44224161067380763,Sell,115.697296,116.31658,113.97926,114.93816,21965
2026-04-07 13:00:00,1,0.5306388107357456,0.4693611892642544,Sell,114.91819,116.13679,114.388794,116.086845,21165
2026-04-07 14:00:00,1,0.5054475505331332,0.49455244946686683,Sell,116.07686,116.91589,115.287766,116.28661,24225
2026-04-07 15:00:00,1,0.5274119833510797,0.47258801664892025,Sell,116.29661,117.49523,114.36882,114.84827,30045
2026-04-07 16:00:00,1,0.4681349018002685,0.5318650981997315,Hold,114.82829,115.50751,113.49982,115.00809,21049
2026-04-07 17:00:00,1,0.501193163880994,0.498806836119006,Sell,114.99809,115.73724,113.210144,113.78948,20924
2026-04-07 18:00:00,1,0.488451637966632,0.5115483620333681,Hold,113.779495,115.36767,112.39108,114.988106,27129
2026-04-07 19:00:00,1,0.4284476866112152,0.5715523133887848,Hold,114.96813,115.23782,109.07489,112.10142,30789
2026-04-07 20:00:00,1,0.4304929361572842,0.5695070638427158,Hold,112.10142,112.36112,110.04378,110.213585,12209
2026-04-07 22:00:00,0,0.3095052246806447,0.6904947753193553,Hold,108.61542,109.0649,97.21849,98.666824,38711
2026-04-07 23:00:00,0,0.294610605408854,0.705389394591146,Hold,98.67682,98.67682,90.94569,96.34949,39728
2026-04-08 00:00:00,0,0.32082729246436303,0.679172707535637,Hold,96.40942,98.20735,93.942245,96.81895,26393
2026-04-08 01:00:00,0,0.3120405824594297,0.6879594175405703,Hold,96.8589,97.30839,95.70023,96.609184,10671
2026-04-08 02:00:00,0,0.3489424560620394,0.6510575439379607,Hold,96.61918,97.2085,95.890015,96.31952,9679
2026-04-08 03:00:00,0,0.34334006668426953,0.6566599333157305,Hold,96.30953,96.53927,95.39059,96.2496,6017
2026-04-08 04:00:00,0,0.3321066528141072,0.6678933471858928,Hold,96.23961,97.10861,95.39059,96.61918,6134
2026-04-08 05:00:00,0,0.3235701760980217,0.6764298239019784,Hold,96.58921,96.81895,95.260735,95.65028,5628
2026-04-08 06:00:00,0,0.30960569754319395,0.690394302456806,Hold,95.63031,95.890015,94.45166,95.77015,11974
2026-04-08 07:00:00,0,0.30787977342518125,0.6921202265748188,Hold,95.750175,96.47934,95.52044,95.86005,7972
2026-04-08 08:00:00,0,0.2987334478072468,0.7012665521927532,Hold,95.85006,96.57922,94.80126,94.81125,10799
2026-04-08 09:00:00,0,0.28608621654291844,0.7139137834570816,Hold,94.80126,95.27072,94.03214,94.53157,8817
2026-04-08 10:00:00,0,0.28423824368491796,0.715761756315082,Hold,94.54156,95.49047,94.022156,94.821236,8201
2026-04-08 11:00:00,0,0.2506922484799718,0.7493077515200282,Hold,94.83123,95.17084,93.01331,93.143166,14572
2026-04-08 12:00:00,0,0.2632222336351021,0.7367777663648979,Hold,93.1132,95.100914,92.09437,92.46394,33042
2026-04-08 13:00:00,0,0.26432645923444587,0.7356735407655541,Hold,92.48392,94.3318,91.74477,93.143166,37362
2026-04-08 14:00:00,0,0.2696095645021971,0.7303904354978029,Hold,93.13317,96.20965,92.36406,95.4705,39772
2026-04-08 15:00:00,0,0.2649019572096613,0.7350980427903386,Hold,95.450516,96.31952,94.53157,94.83123,25337
2026-04-08 16:00:00,0,0.26715072675612034,0.7328492732438796,Hold,94.86119,95.510445,94.03214,94.31182,19277
2026-04-08 17:00:00,0,0.2736167639608416,0.7263832360391584,Hold,94.31182,96.16969,93.95223,95.21079,21119
2026-04-08 18:00:00,0,0.2713108746076631,0.7286891253923369,Hold,95.200806,95.56039,93.502754,95.32066,34071
2026-04-08 19:00:00,0,0.2723700932340602,0.7276299067659397,Hold,95.32066,96.79897,95.180824,95.97991,15223
2026-04-08 20:00:00,0,0.24864510026042447,0.7513548997395756,Hold,95.97991,96.63915,95.590355,96.38944,5435
2026-04-08 22:00:00,0,0.25026240559611185,0.7497375944038882,Hold,96.66912,97.76786,96.139725,96.689095,3721
2026-04-08 23:00:00,0,0.2521234207247456,0.7478765792752544,Hold,96.709076,97.158554,96.39943,97.018715,2640
2026-04-09 00:00:00,0,0.2866801859285326,0.7133198140714674,Hold,96.988754,97.69794,96.26958,97.5581,6323
2026-04-09 01:00:00,0,0.30977101230424015,0.6902289876957599,Hold,97.5581,98.26729,96.73904,96.83892,7229
2026-04-09 02:00:00,0,0.34746967290478614,0.6525303270952139,Hold,96.86889,97.14857,96.39943,97.12859,3460
2026-04-09 03:00:00,0,0.3567746350969978,0.6432253649030022,Hold,97.13858,97.29839,96.609184,97.06866,1911
2026-04-09 04:00:00,0,0.36987917243930213,0.6301208275606979,Hold,97.0387,97.68795,97.018715,97.65798,1712
2026-04-09 05:00:00,0,0.3613033296145099,0.6386966703854902,Hold,97.65798,97.96763,97.158554,97.258446,3122
2026-04-09 06:00:00,0,0.3750851043659046,0.6249148956340954,Hold,97.258446,97.73789,96.848915,96.92882,5177
2026-04-09 07:00:00,0,0.3795792495330741,0.6204207504669259,Hold,96.92882,97.96763,96.848915,97.568085,6607
2026-04-09 08:00:00,0,0.3655223997378923,0.6344776002621078,Hold,97.5581,97.98761,97.14857,97.77785,6783
2026-04-09 09:00:00,0,0.37227559347502687,0.6277244065249732,Hold,97.77785,97.837776,97.07865,97.538124,4494
2026-04-09 10:00:00,0,0.4106822495466054,0.5893177504533946,Hold,97.52813,99.57578,97.4682,99.485886,12815
2026-04-09 11:00:00,0,0.3648739391910142,0.6351260608089858,Hold,99.50587,99.54582,98.277275,98.766716,11057
2026-04-09 12:00:00,0,0.3742320573287041,0.6257679426712959,Hold,98.766716,99.87544,98.48703,99.24616,12669
2026-04-09 13:00:00,0,0.35698292353495026,0.6430170764650498,Hold,99.25615,100.64456,98.88657,100.5247,20326
2026-04-09 14:00:00,1,0.35882114760316774,0.6411788523968323,Hold,100.53468,102.58234,100.13514,101.78325,29947
2026-04-09 15:00:00,0,0.3475423505808805,0.6524576494191194,Hold,101.763275,102.52241,98.746735,99.046394,46746
2026-04-09 16:00:00,0,0.36726917617256216,0.6327308238274378,Hold,99.016426,99.06637,96.74902,97.318375,38060
2026-04-09 17:00:00,0,0.33468950434845973,0.6653104956515403,Hold,97.32836,97.62802,95.14087,96.219635,29250
2026-04-09 18:00:00,0,0.34280144557685494,0.6571985544231451,Hold,96.19965,98.54697,95.92997,98.29725,33877
2026-04-09 19:00:00,0,0.33769703771555915,0.6623029622844409,Hold,98.28726,99.386,97.77785,99.18623,9849
2026-04-09 20:00:00,0,0.3556635603652643,0.6443364396347357,Hold,99.17625,99.22619,97.71792,97.867744,5952
2026-04-09 22:00:00,0,0.359552578114432,0.640447421885568,Hold,98.117455,99.08635,97.9077,98.88657,3218
2026-04-09 23:00:00,0,0.36224249029206823,0.6377575097079318,Hold,98.89656,98.98646,98.117455,98.50701,1970
2026-04-10 00:00:00,0,0.3158250155100292,0.6841749844899708,Hold,98.50701,98.98646,98.14742,98.79668,2946
2026-04-10 01:00:00,0,0.30295478770301537,0.6970452122969846,Hold,98.81666,99.1263,98.21735,98.497025,3433
2026-04-10 02:00:00,0,0.31542545664565624,0.6845745433543438,Hold,98.46706,98.78669,98.357185,98.63686,2306
2026-04-10 03:00:00,0,0.3251413276484616,0.6748586723515384,Hold,98.65684,98.71677,97.4682,97.67796,3222
2026-04-10 04:00:00,0,0.30525792377937633,0.6947420762206237,Hold,97.68795,98.32722,97.54811,98.29725,1875
2026-04-10 05:00:00,0,0.31952034972161303,0.680479650278387,Hold,98.277275,98.63686,97.9976,98.50701,2044
2026-04-10 06:00:00,0,0.2926023788821508,0.7073976211178492,Hold,98.48703,98.73675,98.17739,98.526985,3437
2026-04-10 07:00:00,0,0.30403091367556667,0.6959690863244333,Hold,98.526985,99.88543,98.47704,99.55581,7540
2026-04-10 08:00:00,0,0.31340087568652014,0.6865991243134799,Hold,99.55581,100.30495,99.216194,100.15512,6661
2026-04-10 09:00:00,0,0.3312744167825755,0.6687255832174245,Hold,100.13514,100.145134,98.04754,98.46706,10599
2026-04-10 10:00:00,0,0.29755628110005744,0.7024437188999426,Hold,98.45707,98.88657,97.45821,97.88772,6923
2026-04-10 11:00:00,0,0.30207378348022423,0.6979262165197757,Hold,97.88772,98.387146,97.29839,97.977615,6399
2026-04-10 12:00:00,0,0.3325882218095709,0.6674117781904291,Hold,97.9976,98.25729,96.88887,98.06751,11226
2026-04-10 13:00:00,0,0.3419208380900193,0.6580791619099807,Hold,98.0775,98.686806,97.29839,98.28726,16707
2026-04-10 14:00:00,0,0.35594779668925297,0.644052203310747,Hold,98.31723,98.88657,97.10861,98.39713,23961
2026-04-10 15:00:00,0,0.32193889592798264,0.6780611040720174,Hold,98.40713,99.34605,98.15741,99.076355,20089
2026-04-10 16:00:00,0,0.30561391451222053,0.6943860854877795,Hold,99.06637,99.386,98.00758,98.087494,13929
2026-04-10 17:00:00,0,0.2913564380915547,0.7086435619084452,Hold,98.087494,98.61688,97.807816,97.867744,13169
2026-04-10 18:00:00,0,0.2636610261566381,0.7363389738433619,Hold,97.867744,98.277275,95.83008,96.22962,25376
2026-04-10 19:00:00,0,0.24603600785976357,0.7539639921402365,Hold,96.22962,96.34949,95.41056,96.09977,8379
2026-04-10 20:00:00,0,0.2545103751125697,0.7454896248874303,Hold,96.079796,96.17968,95.40057,95.52044,3950
2026-04-12 22:00:00,1,0.34090180255916097,0.659098197440839,Hold,101.88314,105.409096,101.80323,104.430214,16594
2026-04-12 23:00:00,1,0.36244881555804165,0.6375511844419584,Hold,104.450195,105.50898,104.41024,104.60002,4287
2026-04-13 00:00:00,1,0.39200527615043596,0.607994723849564,Hold,104.60002,104.919655,103.97074,103.980736,3897
2026-04-13 01:00:00,1,0.4907131607938397,0.5092868392061602,Hold,103.980736,104.40025,103.73102,104.19049,4969
2026-04-13 02:00:00,1,0.4527176374968771,0.5472823625031229,Hold,104.180504,104.9696,104.180504,104.779816,3027
2026-04-13 03:00:00,1,0.4638099328673565,0.5361900671326435,Hold,104.76983,105.059494,104.62999,104.72987,2407
2026-04-13 04:00:00,1,0.4505628586752073,0.5494371413247927,Hold,104.73986,104.86971,104.44021,104.64996,1316
2026-04-13 05:00:00,1,0.4797810427784692,0.5202189572215308,Hold,104.65995,104.7898,104.040665,104.20048,2436
2026-04-13 06:00:00,0,0.48401563647909074,0.5159843635209093,Hold,104.180504,104.20048,102.93194,103.15168,5535
2026-04-13 07:00:00,1,0.5076979722475884,0.4923020277524116,Sell,103.13171,103.58119,102.84204,103.571205,5223
2026-04-13 08:00:00,1,0.5107452281857704,0.4892547718142296,Sell,103.58119,104.67993,103.24158,104.49015,5830
2026-04-13 09:00:00,1,0.5330310286801878,0.4669689713198122,Sell,104.50014,104.60002,103.89084,104.39026,3455
2026-04-13 10:00:00,1,0.46205950559319964,0.5379404944068004,Hold,104.3603,104.54009,103.70105,103.711044,3692
2026-04-13 11:00:00,1,0.49310227664428147,0.5068977233557186,Hold,103.73102,104.28039,103.30151,104.13056,5924
2026-04-13 12:00:00,1,0.45219041885445416,0.5478095811455459,Hold,104.150536,104.2704,103.24158,103.53125,8659
2026-04-13 13:00:00,0,0.4372723512752474,0.5627276487247526,Hold,103.53125,103.69106,100.24502,101.60346,26800
2026-04-13 14:00:00,1,0.4686489792462321,0.5313510207537679,Hold,101.61345,102.38257,100.46477,101.9131,21529
2026-04-13 15:00:00,1,0.4263217699880727,0.5736782300119273,Hold,101.903114,103.07178,101.89313,102.722176,16515
2026-04-13 16:00:00,1,0.36897796919456494,0.6310220308054351,Hold,102.71219,102.88199,99.10632,99.36603,41235
2026-04-13 17:00:00,1,0.3672639335029481,0.6327360664970518,Hold,99.36603,99.865456,98.63686,99.046394,17645
2026-04-13 18:00:00,1,0.32175736717749387,0.6782426328225062,Hold,99.05638,99.28612,96.91883,97.018715,20716
2026-04-13 19:00:00,1,0.32451588171404816,0.6754841182859519,Hold,97.00873,98.06751,96.92882,97.91769,7244
2026-04-13 20:00:00,1,0.29314448585756125,0.7068555141424387,Hold,97.93766,98.1674,97.59805,97.89771,4296
2026-04-13 22:00:00,1,0.2671251540755377,0.7328748459244623,Hold,97.87773,97.88772,97.33835,97.41826,1554
2026-04-13 23:00:00,1,0.23900776891258524,0.7609922310874148,Hold,97.428246,97.47819,95.95993,96.5093,4295
2026-04-14 00:00:00,0,0.232010132047555,0.7679898679524451,Hold,96.439384,96.848915,95.58037,95.86005,3555
2026-04-14 01:00:00,1,0.26518412767724814,0.7348158723227518,Hold,95.87003,97.16855,95.85006,97.06866,3779
2026-04-14 02:00:00,1,0.23968978417098902,0.7603102158290109,Hold,97.05867,97.158554,96.67911,96.97876,1514
2026-04-14 03:00:00,1,0.2415186823154756,0.7584813176845244,Hold,97.00873,97.508156,96.63915,96.878876,2585
2026-04-14 04:00:00,1,0.23405605458328957,0.7659439454167104,Hold,96.86889,96.88887,96.549255,96.5992,1100
2026-04-14 05:00:00,1,0.2777176692950406,0.7222823307049594,Hold,96.63915,97.35833,96.52928,97.238464,1617
2026-04-14 06:00:00,1,0.29732750856608076,0.7026724914339193,Hold,97.238464,97.62802,97.0387,97.27842,3288
2026-04-14 07:00:00,0,0.31010330830269756,0.6898966916973024,Hold,97.27842,97.38829,95.09093,96.40942,11307
2026-04-14 08:00:00,0,0.27978534820221496,0.720214651797785,Hold,96.42939,96.9488,96.25959,96.279564,5209
2026-04-14 09:00:00,1,0.3010895198686318,0.6989104801313681,Hold,96.25959,97.18852,96.12974,96.77899,3197
2026-04-14 10:00:00,1,0.3116829275470538,0.6883170724529462,Hold,96.73904,97.44823,96.04983,97.238464,4493
2026-04-14 11:00:00,1,0.31381285583510954,0.6861871441648905,Hold,97.2085,97.85776,95.94994,97.08864,6539
2026-04-14 12:00:00,1,0.26954558566206965,0.7304544143379303,Hold,97.07865,97.07865,95.5504,95.730194,9927
2026-04-14 13:00:00,1,0.2538276239807769,0.7461723760192231,Hold,95.74018,96.22962,94.56154,94.5915,19518
2026-04-14 14:00:00,1,0.24929483383102208,0.7507051661689779,Hold,94.571526,94.571526,92.104355,93.312965,29784
2026-04-14 15:00:00,0,0.2392780403886674,0.7607219596113326,Hold,93.312965,94.21194,92.104355,92.5039,20810
2026-04-14 16:00:00,1,0.2610814105866891,0.7389185894133109,Hold,92.52387,92.70367,91.81469,92.66371,13187
2026-04-14 17:00:00,0,0.22532377969932596,0.7746762203006741,Hold,92.653725,92.89345,91.395164,91.95453,15259
2026-04-14 18:00:00,0,0.2207389709752775,0.7792610290247225,Hold,91.944534,92.05441,90.95567,91.664856,23260
2026-04-14 19:00:00,0,0.2583165836293501,0.7416834163706498,Hold,91.64488,92.08438,91.46509,91.91457,4111
2026-04-14 20:00:00,0,0.2474313853132389,0.7525686146867611,Hold,91.90459,92.244194,91.34522,91.964516,4650
2026-04-14 22:00:00,0,0.22362298299184546,0.7763770170081545,Hold,91.91457,92.27416,91.085526,91.60493,2042
2026-04-14 23:00:00,0,0.25579210462266216,0.7442078953773379,Hold,91.59494,91.90459,86.86037,90.19654,6333
2026-04-15 00:00:00,0,0.26080575862745203,0.739194241372548,Hold,90.19654,91.085526,90.046715,90.25648,3284
2026-04-15 01:00:00,0,0.2526141430214174,0.7473858569785826,Hold,90.236496,90.7559,89.86692,90.38632,2446
2026-04-15 02:00:00,0,0.25217467135320265,0.7478253286467973,Hold,90.39632,91.20538,90.33638,91.15544,2030
2026-04-15 03:00:00,0,0.22139064959387486,0.7786093504061251,Hold,91.145454,91.38518,90.77588,90.83581,1917
2026-04-15 04:00:00,0,0.25366207780194916,0.7463379221980508,Hold,90.845795,91.7148,90.76589,91.56497,1691
2026-04-15 05:00:00,0,0.24317529961457227,0.7568247003854277,Hold,91.554985,91.64488,91.03558,91.12548,1636
2026-04-15 06:00:00,0,0.24603886774440561,0.7539611322555944,Hold,91.1055,91.13547,90.19654,90.80585,3421
2026-04-15 07:00:00,0,0.2164880165303451,0.7835119834696549,Hold,90.815834,91.37519,90.4962,90.64603,4300
2026-04-15 08:00:00,0,0.25826185019313036,0.7417381498068696,Hold,90.65601,91.634895,90.28644,91.225365,4417
2026-04-15 09:00:00,0,0.26446242194550074,0.7355375780544993,Hold,91.225365,92.61377,91.18541,92.14431,7040
2026-04-15 10:00:00,0,0.27650082487931293,0.7234991751206871,Hold,92.14431,93.19311,91.59494,92.63375,9492
2026-04-15 11:00:00,0,0.25156212989092597,0.748437870109074,Hold,92.61377,92.843506,91.05556,91.58495,8579
2026-04-15 12:00:00,0,0.25191618715255765,0.7480838128474423,Hold,91.57496,92.37405,91.1055,91.86463,9623
2026-04-15 13:00:00,0,0.23380960887366334,0.7661903911263367,Hold,91.86463,92.12433,90.296425,90.94569,15121
2026-04-15 14:00:00,0,0.23901052035718437,0.7609894796428156,Hold,90.96566,92.354065,90.456245,92.244194,15889
2026-04-15 15:00:00,0,0.246251630056897,0.753748369943103,Hold,92.23421,92.81354,91.91457,92.22422,14827
2026-04-15 16:00:00,0,0.2263488005592077,0.7736511994407923,Hold,92.22422,92.433975,91.31526,91.65487,8951
2026-04-15 17:00:00,0,0.24191944647242344,0.7580805535275765,Hold,91.65487,92.48392,91.445114,92.40401,10315
2026-04-15 18:00:00,0,0.2646836162223609,0.7353163837776391,Hold,92.39402,92.69368,90.895744,91.05556,13739
2026-04-15 19:00:00,0,0.22972670036252638,0.7702732996374736,Hold,91.005615,91.02559,90.60607,90.88575,3367
2026-04-15 20:00:00,0,0.2506999272964721,0.7493000727035279,Hold,90.88575,91.365204,90.87576,91.28529,1695
2026-04-15 22:00:00,0,0.24692749617768003,0.7530725038223199,Hold,91.365204,91.395164,90.705956,90.895744,1581
2026-04-15 23:00:00,0,0.24608358823860968,0.7539164117613903,Hold,90.925705,90.925705,90.56612,90.85579,652
2026-04-16 00:00:00,0,0.3063462781159412,0.6936537218840588,Hold,90.815834,90.94569,90.41629,90.85579,1229
2026-04-16 01:00:00,0,0.2551485768848757,0.7448514231151243,Hold,90.895744,91.395164,90.7559,91.335236,960
2026-04-16 02:00:00,0,0.2806828958525871,0.7193171041474129,Hold,91.32525,91.65487,91.26532,91.37519,1149
2026-04-16 03:00:00,0,0.26863815930774765,0.7313618406922524,Hold,91.35522,91.634895,91.09551,91.60493,910
2026-04-16 04:00:00,0,0.2694796429430007,0.7305203570569994,Hold,91.56497,91.76475,91.554985,91.664856,762
2026-04-16 05:00:00,0,0.2686010852182047,0.7313989147817953,Hold,91.64488,91.78472,91.37519,91.4551,1212
2026-04-16 06:00:00,0,0.2966091167557123,0.7033908832442877,Hold,91.4551,91.57496,91.20538,91.475075,1138
2026-04-16 07:00:00,0,0.25965846645487606,0.740341533545124,Hold,91.48506,92.573814,91.43512,92.54385,4210
2026-04-16 08:00:00,0,0.2494572269155699,0.7505427730844301,Hold,92.55384,92.89345,92.244194,92.28415,4390
2026-04-16 09:00:00,0,0.28580844556308005,0.71419155443692,Hold,92.28415,92.72364,92.03443,92.53386,2029
2026-04-16 10:00:00,0,0.27437914401816255,0.7256208559818375,Hold,92.53386,92.54385,91.75475,91.774734,1741
2026-04-16 11:00:00,0,0.29781356786183477,0.7021864321381652,Hold,91.75475,91.75475,90.99563,91.40516,4337
2026-04-16 12:00:00,0,0.30009242065316677,0.6999075793468332,Hold,91.395164,92.12433,91.005615,92.104355,5076
2026-04-16 13:00:00,0,0.3170637189855684,0.6829362810144316,Hold,92.09437,93.3729,91.774734,93.063255,11647
2026-04-16 14:00:00,0,0.3031102625581496,0.6968897374418503,Hold,93.063255,93.81239,92.77359,93.32296,9881
2026-04-16 15:00:00,0,0.29736587289248634,0.7026341271075136,Hold,93.312965,93.87233,92.71365,93.26302,14343
2026-04-16 16:00:00,0,0.27387915942399,0.72612084057601,Hold,93.25304,94.4217,93.24305,94.3318,10834
2026-04-16 17:00:00,1,0.23113271169063987,0.7688672883093601,Hold,94.34179,95.33065,94.21194,95.031,10363
2026-04-16 18:00:00,1,0.2699462648873666,0.7300537351126334,Hold,95.05097,95.07095,93.60264,93.68254,11942
2026-04-16 19:00:00,1,0.21939057895247807,0.780609421047522,Hold,93.68254,93.99219,93.18312,93.43283,3172
2026-04-16 20:00:00,1,0.2295738620977255,0.7704261379022745,Hold,93.44282,93.51274,93.0233,93.08323,1360
2026-04-16 22:00:00,0,0.2594269012023569,0.7405730987976431,Hold,93.07324,93.57267,92.80355,92.923416,726
2026-04-16 23:00:00,1,0.3129287055497257,0.6870712944502744,Hold,92.923416,93.44282,92.903435,93.21308,694
2026-04-17 00:00:00,1,0.288227537878885,0.711772462121115,Hold,93.22307,93.41286,92.903435,93.33295,562
2026-04-17 01:00:00,1,0.28610940040091853,0.7138905995990814,Hold,93.29299,93.56268,92.99333,93.21308,406
2026-04-17 02:00:00,1,0.2841776108691585,0.7158223891308415,Hold,93.203094,93.452805,93.16314,93.22307,348
2026-04-17 03:00:00,1,0.2883204929878505,0.7116795070121495,Hold,93.16314,93.51274,93.03329,93.3729,403
2026-04-17 04:00:00,1,0.27913663567515473,0.7208633643248452,Hold,93.392876,93.4628,93.13317,93.23306,280
2026-04-17 05:00:00,0,0.3697617596290324,0.6302382403709677,Hold,93.22307,93.422844,93.03329,93.15315,287
2026-04-17 06:00:00,1,0.3406397194873062,0.6593602805126938,Hold,93.203094,93.93226,93.15315,93.70252,849
2026-04-17 07:00:00,1,0.3316179996836263,0.6683820003163736,Hold,93.65258,93.84236,93.312965,93.60264,763
2026-04-17 08:00:00,1,0.3029183839577178,0.6970816160422821,Hold,93.62261,93.68254,92.214226,92.45396,1178
2026-04-17 09:00:00,1,0.29295007493296965,0.7070499250670303,Hold,92.48392,92.62376,90.436264,90.73592,2256
2026-04-17 10:00:00,1,0.2762731085287176,0.7237268914712824,Hold,90.705956,91.445114,90.156586,91.15544,1210
2026-04-17 11:00:00,1,0.2758878825109809,0.724112117489019,Hold,91.145454,91.32525,90.57611,90.79585,708
2026-04-17 12:00:00,0,0.2619141421342997,0.7380858578657004,Hold,90.815834,90.96566,84.55302,85.3521,6307
2026-04-17 13:00:00,0,0.25730272653247593,0.7426972734675241,Hold,85.3521,86.07127,82.90491,84.51306,8153
2026-04-17 14:00:00,0,0.2905358884694354,0.7094641115305647,Hold,84.52305,84.582985,80.467705,82.1258,4640
2026-04-17 15:00:00,0,0.288702935750901,0.711297064249099,Hold,82.09583,83.55416,81.54646,82.89492,3712
2026-04-17 16:00:00,0,0.26281345762783176,0.7371865423721682,Hold,82.92488,83.55416,82.54532,82.94486,1751
2026-04-17 17:00:00,0,0.25794261867841384,0.7420573813215862,Hold,82.914894,84.54303,82.854965,83.29446,2173
2026-04-17 18:00:00,0,0.2355591957678316,0.7644408042321684,Hold,83.29446,84.90262,82.90491,84.57299,3695
2026-04-17 19:00:00,0,0.213494264380202,0.786505735619798,Hold,84.60296,84.86266,84.1335,84.563,912
2026-04-17 20:00:00,0,0.2489670001114659,0.7510329998885341,Hold,84.57299,85.48195,84.49309,85.47196,714
2026-04-19 22:00:00,0,0.23732107531440166,0.7626789246855983,Hold,85.47196,86.87791,84.67687,85.32652,19806
2026-04-19 23:00:00,0,0.27207715827570206,0.727922841724298,Hold,85.30713,85.96647,85.17138,85.92768,4685
2026-04-20 00:00:00,0,0.24515158017988178,0.7548484198201182,Hold,85.92768,86.141,85.30713,85.42348,5936
2026-04-20 01:00:00,0,0.27096998074059697,0.729030019259403,Hold,85.40409,85.42348,83.833305,84.0854,10558
2026-04-20 02:00:00,0,0.2943396193552871,0.7056603806447129,Hold,84.06602,84.79323,83.95936,84.51204,5648
2026-04-20 03:00:00,0,0.3002051615300833,0.6997948384699166,Hold,84.521736,84.82232,84.453865,84.74475,1765
2026-04-20 04:00:00,0,0.29236426431136187,0.7076357356886381,Hold,84.735054,85.20047,84.667175,84.76414,2810
2026-04-20 05:00:00,0,0.28328926892046524,0.7167107310795348,Hold,84.76414,85.1326,84.667175,84.88049,2360
2026-04-20 06:00:00,0,0.2982341875677611,0.7017658124322389,Hold,84.909584,85.3653,84.6187,84.735054,5176
2026-04-20 07:00:00,0,0.29354766390962067,0.7064523360903794,Hold,84.72536,85.55923,83.978745,85.02594,9011
2026-04-20 08:00:00,0,0.28078306458035995,0.71921693541964,Hold,85.06472,85.75315,84.67687,84.773834,7224
2026-04-20 09:00:00,0,0.28385202987291547,0.7161479701270845,Hold,84.81262,85.151985,84.25994,84.95806,6661
2026-04-20 10:00:00,0,0.30045243300271784,0.6995475669972822,Hold,84.95806,84.977455,84.06602,84.84171,5230
2026-04-20 11:00:00,0,0.2951795302335686,0.7048204697664314,Hold,84.8611,85.27804,84.318115,84.453865,7711
2026-04-20 12:00:00,0,0.3029219443262371,0.6970780556737629,Hold,84.463554,84.88049,84.03693,84.30842,10522
2026-04-20 13:00:00,0,0.2720735748350478,0.7279264251649522,Hold,84.33751,84.802925,82.85399,83.348495,28206
2026-04-20 14:00:00,0,0.2909830015953389,0.709016998404661,Hold,83.35819,85.17138,83.3291,84.63809,20971
2026-04-20 15:00:00,0,0.27832480645462887,0.7216751935453711,Hold,84.628395,84.8514,83.843,84.67687,19712
2026-04-20 16:00:00,0,0.29511361403012204,0.704886385969878,Hold,84.667175,85.01624,84.37629,84.6187,9034
2026-04-20 17:00:00,0,0.29291546782859956,0.7070845321714004,Hold,84.628395,85.30713,84.43447,84.84171,13021
2026-04-20 18:00:00,0,0.2907938864665092,0.7092061135334908,Hold,84.832016,85.09381,84.32781,84.72536,14965
2026-04-20 19:00:00,0,0.2881878238610615,0.7118121761389384,Hold,84.72536,84.76414,84.19206,84.24055,4006
2026-04-20 20:00:00,0,0.3054891434259042,0.6945108565740958,Hold,84.250244,84.40538,82.970345,83.280624,6770
2026-04-20 22:00:00,0,0.3359513183346752,0.6640486816653248,Hold,83.212746,83.90118,82.90247,83.73634,3260
2026-04-20 23:00:00,0,0.3017221679800539,0.6982778320199461,Hold,83.72665,83.88178,83.493935,83.5909,977
2026-04-21 00:00:00,0,0.3683782344306396,0.6316217655693603,Hold,83.5909,83.939964,83.493935,83.8527,3156
2026-04-21 01:00:00,0,0.3247928898637706,0.6752071101362294,Hold,83.87209,84.0951,83.79452,84.01753,2387
2026-04-21 02:00:00,0,0.3875286749201131,0.6124713250798869,Hold,84.01753,84.143585,83.8624,84.02723,1165
2026-04-21 03:00:00,0,0.3912053252990747,0.6087946747009253,Hold,84.02723,84.143585,83.90118,84.04662,1032
2026-04-21 04:00:00,0,0.38880526549633604,0.6111947345036639,Hold,84.04662,84.05632,83.64908,83.66847,1316
2026-04-21 05:00:00,0,0.38846240283281747,0.6115375971671826,Hold,83.658775,83.658775,83.06731,83.54242,3755
2026-04-21 06:00:00,0,0.3919207665322208,0.6080792334677791,Hold,83.54242,84.0951,83.523026,83.98844,2773
2026-04-21 07:00:00,0,0.39647172649923984,0.6035282735007601,Hold,83.969055,84.81262,83.25153,83.81391,7169
2026-04-21 08:00:00,0,0.3688009301072024,0.6311990698927976,Hold,83.82361,84.22115,83.38728,84.16298,5528
2026-04-21 09:00:00,0,0.3477611378364073,0.6522388621635927,Hold,84.182365,84.832016,83.93027,84.04662,6149
2026-04-21 10:00:00,0,0.36175224085494884,0.6382477591450512,Hold,84.04662,84.16298,83.523026,84.02723,4388
2026-04-21 11:00:00,0,0.3822945064378243,0.6177054935621757,Hold,84.007835,85.03564,84.007835,84.938675,11045
2026-04-21 12:00:00,0,0.3738706644403,0.6261293355597,Hold,84.92898,85.06472,84.143585,84.696266,10627
2026-04-21 13:00:00,0,0.33789403937813145,0.6621059606218686,Hold,84.696266,84.70596,83.92057,84.15328,13483
2026-04-21 14:00:00,0,0.4348102310864683,0.5651897689135317,Hold,84.16298,86.09252,84.12419,86.04404,23137
2026-04-21 15:00:00,0,0.4315996913915346,0.5684003086084655,Hold,86.04404,87.35303,85.71436,87.03305,28399
2026-04-21 16:00:00,0,0.3987754970947505,0.6012245029052494,Hold,87.04275,87.70209,86.70338,87.673,16590
2026-04-21 17:00:00,0,0.4215088083732153,0.5784911916267848,Hold,87.673,88.67171,86.26705,86.70338,36013
2026-04-21 18:00:00,0,0.413762762657352,0.586237237342648,Hold,86.71307,87.32394,85.23925,86.121605,34477
2026-04-21 19:00:00,0,0.4577611193325423,0.5422388806674576,Hold,86.121605,89.42801,85.19077,88.991684,31076
2026-04-21 20:00:00,0,0.3883617327384529,0.611638267261547,Hold,88.98199,89.15652,85.219864,87.47907,19211
2026-04-21 22:00:00,0,0.3872140695752283,0.6127859304247717,Hold,87.265755,87.94449,86.984566,87.58573,2415
2026-04-21 23:00:00,0,0.4103193493576844,0.5896806506423156,Hold,87.605125,87.954185,87.576035,87.740875,1210
2026-04-22 00:00:00,0,0.390375428374553,0.6096245716254469,Hold,87.750565,87.76026,86.06343,87.07183,7030
2026-04-22 01:00:00,0,0.38676822116263887,0.6132317788373611,Hold,87.06214,87.06214,86.33492,86.68398,4185
2026-04-22 02:00:00,0,0.42371941426464205,0.5762805857353579,Hold,86.69368,86.80034,86.44158,86.61611,2137
2026-04-22 03:00:00,0,0.453157229446649,0.546842770553351,Hold,86.6452,86.96518,86.45128,86.55794,2168
2026-04-22 04:00:00,0,0.4159355830165697,0.5840644169834304,Hold,86.54824,86.8973,86.48037,86.85852,2077
2026-04-22 05:00:00,0,0.4056451371561164,0.5943548628438836,Hold,86.83913,86.86822,84.977455,86.06343,10043
2026-04-22 06:00:00,0,0.40025188686139945,0.5997481131386005,Hold,86.06343,86.257355,85.92768,86.03434,3174
2026-04-22 07:00:00,0,0.4130419548927058,0.5869580451072942,Hold,86.014946,86.69368,85.811325,86.6646,4978
2026-04-22 08:00:00,0,0.4162848756148498,0.5837151243851502,Hold,86.6549,88.63292,86.50945,88.05115,10368
2026-04-22 09:00:00,0,0.4137341552880422,0.5862658447119578,Hold,88.05115,88.38082,87.401505,88.09963,7708
2026-04-22 10:00:00,0,0.3692738664958661,0.6307261335041339,Hold,88.09963,88.1869,87.20758,87.38211,5055
2026-04-22 11:00:00,0,0.3703040797518411,0.6296959202481589,Hold,87.37241,87.886314,87.06214,87.469376,6612
2026-04-22 12:00:00,0,0.4012175904799026,0.5987824095200974,Hold,87.47907,88.81715,86.984566,88.65231,15631
2026-04-22 13:00:00,0,0.3885858213812453,0.6114141786187547,Hold,88.64262,89.28257,87.673,88.9432,30204
2026-04-22 14:00:00,0,0.4003464026552291,0.599653597344771,Hold,88.952896,89.651024,88.196594,89.408615,21333
2026-04-22 15:00:00,0,0.4389723401878587,0.5610276598121413,Hold,89.408615,90.43642,88.53596,90.28127,25585
2026-04-22 16:00:00,0,0.4756914448490481,0.5243085551509519,Hold,90.26188,90.88244,90.058266,90.77578,14415
2026-04-22 17:00:00,0,0.4566490351946993,0.5433509648053008,Hold,90.78548,90.84365,89.52497,89.80616,19475
2026-04-22 18:00:00,0,0.4617931520366612,0.5382068479633388,Hold,89.81586,90.4752,89.786766,90.12614,11423
2026-04-22 19:00:00,0,0.4488514177765914,0.5511485822234086,Hold,90.12614,90.25219,89.60254,89.79646,5325
2026-04-22 20:00:00,0,0.38297887442468814,0.6170211255753119,Hold,89.79646,90.31036,89.60254,90.04857,2644
2026-04-22 22:00:00,0,0.4137492865522298,0.5862507134477701,Hold,90.07765,90.10674,89.52497,89.718895,1077
2026-04-22 23:00:00,0,0.4475090000275336,0.5524909999724664,Hold,89.718895,89.97099,89.59284,89.91282,772
2026-04-23 00:00:00,0,0.47613893168142624,0.5238610683185738,Hold,89.922516,94.26641,89.79646,90.10674,22719
2026-04-23 01:00:00,0,0.531085553469507,0.46891444653049297,Sell,90.13583,90.863045,90.000084,90.63034,4694
2026-04-23 02:00:00,0,0.47028442659667935,0.5297155734033206,Hold,90.64973,92.375656,90.61095,92.172035,8441
2026-04-23 03:00:00,0,0.47651524056794003,0.52348475943206,Hold,92.18173,92.375656,91.56117,91.66783,4823
2026-04-23 04:00:00,0,0.47746603677912225,0.5225339632208778,Hold,91.69692,91.793884,91.173325,91.202415,2383
2026-04-23 05:00:00,0,0.47629370529695675,0.5237062947030433,Hold,91.21211,91.58057,90.9794,91.00849,2388
2026-04-23 06:00:00,0,0.5344908788580338,0.4655091211419662,Sell,91.01819,91.78419,90.80487,91.54178,3545
2026-04-23 07:00:00,0,0.5308796775083617,0.46912032249163826,Sell,91.522385,91.861755,90.407326,90.84365,5867
2026-04-23 08:00:00,0,0.486737533162539,0.513262466837461,Hold,90.83396,92.16234,90.81457,92.01689,6046
2026-04-23 09:00:00,0,0.4844470495051494,0.5155529504948506,Hold,92.007195,92.73441,91.40604,92.04598,8013
2026-04-23 10:00:00,0,0.5121916913822305,0.48780830861776947,Sell,92.07507,92.172035,90.892136,91.08606,4429
2026-04-23 11:00:00,0,0.5146013241611754,0.48539867583882457,Sell,91.066666,91.35755,90.203705,90.41702,11424
2026-04-23 12:00:00,0,0.5119557263228188,0.4880442736771812,Sell,90.42672,91.14423,89.49588,90.39763,20998
2026-04-23 13:00:00,0,0.4766927634199155,0.5233072365800845,Hold,90.38793,91.58057,90.15523,91.13454,17922
2026-04-23 14:00:00,0,0.4983908225939497,0.5016091774060503,Hold,91.13454,91.7551,90.203705,90.25219,17496
2026-04-23 15:00:00,0,0.4685277772941857,0.5314722227058143,Hold,90.26188,91.77449,90.13583,91.58057,15359
2026-04-23 16:00:00,0,0.4202934085996803,0.5797065914003197,Hold,91.58057,91.82297,91.07636,91.59026,9737
2026-04-23 17:00:00,0,0.4784921334293115,0.5215078665706885,Hold,91.57087,95.40086,91.56117,93.2677,62223
2026-04-23 18:00:00,0,0.4331717425215607,0.5668282574784393,Hold,93.29679,93.90765,92.30778,93.771904,30208
2026-04-23 19:00:00,0,0.3824134689255033,0.6175865310744967,Hold,93.75251,93.93674,93.04469,93.47132,7633
2026-04-23 20:00:00,0,0.4307641440562723,0.5692358559437277,Hold,93.48102,94.45064,93.47132,94.05309,4634
2026-04-23 22:00:00,0,0.42210085474480236,0.5778991452551976,Hold,93.68464,94.39246,92.96712,94.13066,1980
2026-04-23 23:00:00,0,0.3919041709638512,0.6080958290361488,Hold,94.13066,94.179146,93.74281,93.868866,1102
2026-04-24 00:00:00,0,0.4165057317120838,0.5834942682879162,Hold,93.84947,94.57669,93.74281,94.21793,4668
2026-04-24 01:00:00,0,0.39752132765180787,0.6024786723481921,Hold,94.22762,94.634865,93.74281,94.06279,3923
2026-04-24 02:00:00,0,0.3778352446020312,0.6221647553979688,Hold,94.05309,94.13066,93.461624,93.54889,3249
2026-04-24 03:00:00,0,0.3610634447699682,0.6389365552300318,Hold,93.54889,93.75251,93.16104,93.68464,2156
2026-04-24 04:00:00,0,0.3931409667876963,0.6068590332123037,Hold,93.68464,93.7816,93.034996,93.09317,1517
2026-04-24 05:00:00,0,0.41072657574308064,0.5892734242569193,Hold,93.09317,93.248314,92.75381,93.0253,2654
2026-04-24 06:00:00,0,0.4133763478861435,0.5866236521138565,Hold,93.05439,93.626465,92.64715,93.56828,3701
2026-04-24 07:00:00,0,0.4357007731978914,0.5642992268021085,Hold,93.58768,93.839775,93.09317,93.76221,4847
2026-04-24 08:00:00,0,0.45387409943131785,0.5461259005686822,Hold,93.771904,94.87727,93.771904,94.0337,7661
2026-04-24 09:00:00,1,0.4926020607062541,0.5073979392937459,Hold,94.02401,94.81909,93.72343,94.770615,4643
2026-04-24 10:00:00,0,0.4434852960505795,0.5565147039494205,Hold,94.76092,94.76092,93.89796,93.975525,3935
2026-04-24 11:00:00,0,0.35055802284022824,0.6494419771597717,Hold,94.004616,94.01431,90.78548,91.60966,34486
2026-04-24 12:00:00,0,0.3861771731779676,0.6138228268220324,Hold,91.61935,93.558586,91.28968,93.005905,18367
2026-04-24 13:00:00,0,0.3542722701736434,0.6457277298263566,Hold,93.005905,93.005905,91.76479,92.30778,19672
2026-04-24 14:00:00,0,0.35522546656522463,0.6447745334347754,Hold,92.33687,92.68593,91.78419,92.23021,17907
2026-04-24 15:00:00,0,0.3074945010079667,0.6925054989920333,Hold,92.23021,92.89925,89.86434,90.688515,33675
2026-04-24 16:00:00,0,0.3103287263538084,0.6896712736461916,Hold,90.688515,91.56117,90.30067,90.92123,15038
2026-04-24 17:00:00,0,0.3094917896029381,0.6905082103970619,Hold,90.91153,91.25089,89.93221,90.76608,14551
2026-04-24 18:00:00,0,0.33209375399103297,0.6679062460089671,Hold,90.77578,91.76479,90.756386,91.36725,16302
2026-04-24 19:00:00,0,0.3407895318148535,0.6592104681851465,Hold,91.35755,92.317474,91.2315,91.89085,7485
2026-04-24 20:00:00,0,0.32401581370380345,0.6759841862961966,Hold,91.91023,92.656845,91.90054,91.997505,5446
2026-04-26 22:00:00,0,0.37080130786067955,0.6291986921393204,Hold,92.695625,93.74281,92.5017,93.09317,5247
2026-04-26 23:00:00,0,0.35069988581176365,0.6493001141882364,Hold,93.13196,93.36466,93.034996,93.209526,1364
2026-04-27 00:00:00,0,0.3369840883210812,0.6630159116789188,Hold,93.21922,93.597374,92.860466,93.15135,3205
2026-04-27 01:00:00,0,0.3482679331901522,0.6517320668098479,Hold,93.12226,93.19983,92.550186,92.95743,4833
2026-04-27 02:00:00,0,0.3252756481517706,0.6747243518482293,Hold,92.94773,92.94773,92.33687,92.33687,2532
2026-04-27 03:00:00,0,0.34286776531321644,0.6571322346867836,Hold,92.346565,92.453224,92.10416,92.40474,1766
2026-04-27 04:00:00,0,0.31731887860269176,0.6826811213973083,Hold,92.40474,92.763504,92.30778,92.695625,984
2026-04-27 05:00:00,0,0.3382856870448746,0.6617143129551254,Hold,92.67623,93.345276,92.64715,93.15135,2718
2026-04-27 06:00:00,0,0.3266867053252334,0.6733132946747666,Hold,93.141655,93.48102,93.10287,93.16104,2327
2026-04-27 07:00:00,0,0.4032044143161858,0.5967955856838142,Hold,93.16104,93.946434,93.15135,93.88826,3476
2026-04-27 08:00:00,0,0.34797525776919647,0.6520247422308035,Hold,93.89796,94.150055,93.461624,93.54889,4490
2026-04-27 09:00:00,0,0.3640717516243154,0.6359282483756846,Hold,93.54889,93.75251,93.22892,93.558586,3263
2026-04-27 10:00:00,0,0.37310784793210233,0.6268921520678976,Hold,93.56828,93.57798,92.172035,92.5114,5307
2026-04-27 11:00:00,0,0.3486582026774993,0.6513417973225006,Hold,92.521095,92.55988,91.71631,92.22051,6251
2026-04-27 12:00:00,0,0.3865474790039227,0.6134525209960773,Hold,92.210815,93.60707,91.968414,93.39375,10866
2026-04-27 13:00:00,0,0.32733301527314873,0.6726669847268513,Hold,93.39375,93.597374,92.71502,92.802284,13752
2026-04-27 14:00:00,0,0.38086329538506297,0.619136704614937,Hold,92.79259,93.84947,92.40474,93.81069,19018
2026-04-27 15:00:00,0,0.3420154055461017,0.6579845944538982,Hold,93.81069,94.5379,93.180435,93.248314,19316
2026-04-27 16:00:00,0,0.37516726885978197,0.624832731140218,Hold,93.22892,93.665245,93.141655,93.63616,7164
2026-04-27 17:00:00,0,0.3484023083378001,0.6515976916621999,Hold,93.63616,94.70274,93.23862,93.60707,12576
2026-04-27 18:00:00,0,0.3109626537164228,0.6890373462835773,Hold,93.63616,94.27611,93.287094,93.61677,12302
2026-04-27 19:00:00,0,0.29372912100861087,0.7062708789913892,Hold,93.61677,93.694336,92.98651,93.48102,6647
2026-04-27 20:00:00,0,0.2853333724685761,0.714666627531424,Hold,93.47132,93.85917,93.33558,93.74281,2221
2026-04-27 22:00:00,0,0.2812312261972462,0.7187687738027537,Hold,93.73312,93.839775,93.37436,93.694336,1321
2026-04-27 23:00:00,0,0.31418869524146176,0.6858113047585382,Hold,93.694336,93.85917,93.65555,93.71373,835
2026-04-28 00:00:00,0,0.3966125978867149,0.6033874021132851,Hold,93.71373,94.24702,93.316185,94.082184,3670
2026-04-28 01:00:00,0,0.4151747034854243,0.5848252965145757,Hold,94.082184,94.45064,93.90765,94.37307,2807
2026-04-28 02:00:00,0,0.40511356115348784,0.5948864388465122,Hold,94.37307,94.58639,94.27611,94.431244,1852
2026-04-28 03:00:00,0,0.4309111066440668,0.5690888933559333,Hold,94.42155,94.634865,94.22762,94.634865,1349
2026-04-28 04:00:00,0,0.3687684072954376,0.6312315927045624,Hold,94.62517,94.838486,94.36337,94.49912,1317
2026-04-28 05:00:00,0,0.40038670922759956,0.5996132907724004,Hold,94.49912,95.84689,94.44094,95.21664,5350
2026-04-28 06:00:00,0,0.3934287455833174,0.6065712544166826,Hold,95.23603,95.459045,94.75122,95.38148,3302
2026-04-28 07:00:00,0,0.4401494483654158,0.5598505516345842,Hold,95.38148,96.20565,95.3039,95.88567,6662
2026-04-28 08:00:00,0,0.41805177239099317,0.5819482276090069,Hold,95.89537,96.25413,95.23603,95.943855,6632
2026-04-28 09:00:00,0,0.4734998306998618,0.5265001693001382,Hold,95.96324,96.85529,95.95355,96.777725,5635
2026-04-28 10:00:00,0,0.3935621218807477,0.6064378781192523,Hold,96.777725,97.06861,96.428665,96.709854,5205
2026-04-28 11:00:00,0,0.4596602333830876,0.5403397666169124,Hold,96.70016,98.75575,96.51593,98.18368,15943
2026-04-28 12:00:00,0,0.4654247848204737,0.5345752151795262,Hold,98.203064,98.22246,95.119675,96.38018,29338
2026-04-28 13:00:00,0,0.42038691495470976,0.5796130850452903,Hold,96.38988,97.37889,95.74993,96.38018,25951
2026-04-28 14:00:00,0,0.3934871904074231,0.6065128095925769,Hold,96.399574,97.41767,96.20565,96.3414,23030
2026-04-28 15:00:00,0,0.44512588034913736,0.5548741196508626,Hold,96.36079,96.97165,96.00203,96.75833,15152
2026-04-28 16:00:00,0,0.3926790889311634,0.6073209110688367,Hold,96.76803,97.155876,96.050514,96.19595,9976
2026-04-28 17:00:00,0,0.4376306637650086,0.5623693362349914,Hold,96.20565,97.40798,96.118385,97.194664,10609
2026-04-28 18:00:00,0,0.3759534643663557,0.6240465356336443,Hold,97.17527,97.28193,96.3317,96.96195,14978
2026-04-28 19:00:00,0,0.4294974687191948,0.5705025312808052,Hold,96.952255,97.020134,96.748634,96.87469,3718
2026-04-28 20:00:00,0,0.4080589203959938,0.5919410796040062,Hold,96.86499,96.90378,96.48684,96.5935,3126
2026-04-28 22:00:00,0,0.3975010440606789,0.6024989559393211,Hold,96.68076,96.71955,96.3414,96.5838,1272
2026-04-28 23:00:00,0,0.442764019676283,0.557235980323717,Hold,96.5935,96.66137,96.3317,96.399574,982
2026-04-29 00:00:00,0,0.45005511725343034,0.5499448827465696,Hold,96.40927,96.40927,95.92446,96.292915,3116
2026-04-29 01:00:00,0,0.4781602468174208,0.5218397531825791,Hold,96.28322,97.679474,96.225044,97.3401,6917
2026-04-29 02:00:00,0,0.4273720376276764,0.5726279623723236,Hold,97.33041,97.3401,95.429955,96.28322,6709
2026-04-29 03:00:00,0,0.3909748468049877,0.6090251531950124,Hold,96.31231,96.44805,95.78871,96.28322,2555
2026-04-29 04:00:00,0,0.4043700135120906,0.5956299864879093,Hold,96.28322,96.603195,96.19595,96.51593,1162
2026-04-29 05:00:00,0,0.4560875051319351,0.5439124948680649,Hold,96.55471,96.82621,96.535324,96.79712,1468
2026-04-29 06:00:00,0,0.4733677294189796,0.5266322705810205,Hold,96.81651,97.572815,96.574104,97.53403,4288
2026-04-29 07:00:00,0,0.5065229672025916,0.4934770327974084,Sell,97.49525,98.83332,97.291626,98.610306,7759
2026-04-29 08:00:00,0,0.4520102787873504,0.5479897212126497,Hold,98.62,100.62711,98.53274,100.45258,14377
2026-04-29 09:00:00,0,0.4072292490074337,0.5927707509925664,Hold,100.46228,100.55924,99.72537,100.413795,7210
2026-04-29 10:00:00,0,0.4405792875378665,0.5594207124621335,Hold,100.42349,100.6659,99.95808,100.00656,4481
2026-04-29 11:00:00,0,0.41791530634529117,0.5820846936547088,Hold,99.996864,100.307144,99.61871,100.25866,6850
2026-04-29 12:00:00,0,0.4259106748614531,0.5740893251385468,Hold,100.27805,101.19919,99.85142,100.6659,11744
2026-04-29 13:00:00,0,0.41654370530634294,0.583456294693657,Hold,100.6756,102.05246,99.9193,101.77126,25672
2026-04-29 14:00:00,0,0.4081557931080461,0.5918442068919538,Hold,101.79066,102.22699,101.21858,101.99428,17168
2026-04-29 15:00:00,0,0.45084957305484735,0.5491504269451526,Hold,101.98458,103.78808,101.74218,103.53597,26793
2026-04-29 16:00:00,0,0.4176473783498039,0.5823526216501961,Hold,103.55537,104.011086,102.9639,103.88504,17321
2026-04-29 17:00:00,0,0.428998787635,0.571001212365,Hold,103.88504,104.40863,103.041466,103.283875,21742
2026-04-29 18:00:00,0,0.4399775315153822,0.5600224684846178,Hold,103.33235,104.185616,103.23539,103.55537,18148
2026-04-29 19:00:00,0,0.4368662878049787,0.5631337121950213,Hold,103.57476,105.19402,103.44871,104.50559,9647
2026-04-29 20:00:00,0,0.40491312484874775,0.5950868751512522,Hold,104.495895,105.30068,104.26319,105.19402,4035
2026-04-29 22:00:00,0,0.38580860576610077,0.6141913942338992,Hold,105.7564,106.30908,104.31167,105.116455,3398
2026-04-29 23:00:00,0,0.3865981966708696,0.6134018033291304,Hold,105.10676,105.20372,104.55408,104.68012,1452
2026-04-30 00:00:00,0,0.3804334167347869,0.6195665832652131,Hold,104.70921,104.81587,103.215996,104.146835,6629
2026-04-30 01:00:00,0,0.3733289487881936,0.6266710512118063,Hold,104.13714,104.34076,103.84625,103.91412,2847
2026-04-30 02:00:00,0,0.43864446174373084,0.5613555382562692,Hold,103.93352,105.93093,103.92382,105.10676,6646
2026-04-30 03:00:00,0,0.4526776602124067,0.5473223397875933,Hold,105.12615,106.25091,104.85466,105.78549,4794
2026-04-30 04:00:00,1,0.409984373528075,0.590015626471925,Hold,105.79519,107.5599,105.7564,106.5224,7252
2026-04-30 05:00:00,1,0.40267188439166196,0.5973281156083381,Hold,106.503006,106.5224,105.533394,106.04729,3794
2026-04-30 06:00:00,1,0.3775989500266371,0.6224010499733629,Hold,106.04729,106.95873,104.97101,105.048584,8138
2026-04-30 07:00:00,1,0.42104966855582504,0.578950331444175,Hold,105.009796,105.320076,104.36985,104.97101,7147
2026-04-30 08:00:00,1,0.4548597383747507,0.5451402616252493,Hold,104.97101,105.19402,104.2341,104.70921,5678
2026-04-30 09:00:00,1,0.4338267186716598,0.5661732813283402,Hold,104.70921,105.56248,103.15782,103.65233,10754
2026-04-30 10:00:00,1,0.3911259266984846,0.6088740733015154,Hold,103.69112,104.04987,102.973595,103.19661,8442
2026-04-30 11:00:00,0,0.33321598368435984,0.6667840163156402,Hold,103.20631,103.215996,100.35562,101.35433,24100
2026-04-30 12:00:00,1,0.3715491460967133,0.6284508539032867,Hold,101.35433,102.61484,101.29615,102.09124,14671
2026-04-30 13:00:00,1,0.3669764931632193,0.6330235068367807,Hold,102.10094,102.76028,100.69499,102.24638,17581
2026-04-30 14:00:00,1,0.40733451150335437,0.5926654884966456,Hold,102.24638,103.22569,101.50947,102.76997,19761
2026-04-30 15:00:00,0,0.2834678381767237,0.7165321618232763,Hold,102.77967,103.38084,100.404106,100.93739,32389
2026-04-30 16:00:00,0,0.31415138268479,0.6858486173152101,Hold,100.93739,101.974884,100.859825,101.587036,10716
2026-04-30 17:00:00,0,0.2649515318855034,0.7350484681144966,Hold,101.587036,101.6743,100.200485,100.520454,17115
2026-04-30 18:00:00,0,0.34683036689601915,0.6531696331039809,Hold,100.520454,102.39182,100.28775,102.1882,20593
2026-04-30 19:00:00,0,0.3072887181134756,0.6927112818865244,Hold,102.207596,102.23669,101.519165,102.02337,5618
2026-04-30 20:00:00,1,0.35789833506356555,0.6421016649364344,Hold,102.01367,102.92511,101.90701,102.207596,5418
2026-04-30 22:00:00,1,0.3207397117811676,0.6792602882188323,Hold,101.9458,102.75058,101.868225,102.47909,1073
2026-04-30 23:00:00,1,0.3297725345394258,0.6702274654605742,Hold,102.47909,102.634224,102.29486,102.43061,628
2026-05-01 00:00:00,1,0.3468670402318783,0.6531329597681217,Hold,102.43061,102.81846,102.178505,102.42091,1735
2026-05-01 01:00:00,0,0.3559454772397136,0.6440545227602864,Hold,102.42091,102.78937,101.9458,102.12033,1704
2026-05-01 02:00:00,1,0.3985632386797911,0.601436761320209,Hold,102.10094,103.148125,101.88762,102.29486,2101
2026-05-01 03:00:00,1,0.37224896566686777,0.6277510343331323,Hold,102.25607,102.52757,102.178505,102.33365,1145
2026-05-01 04:00:00,0,0.3546155939979739,0.6453844060020262,Hold,102.314255,102.39182,101.79066,101.800354,1448
2026-05-01 05:00:00,0,0.3820351750760847,0.6179648249239154,Hold,101.81005,102.13003,101.800354,101.92641,1178
2026-05-01 06:00:00,1,0.43411232456504273,0.5658876754349573,Hold,101.91671,103.40992,101.91671,102.7118,3794
2026-05-01 07:00:00,1,0.37365631883927,0.62634368116073,Hold,102.7215,102.91542,100.966484,102.314255,7395
2026-05-01 08:00:00,1,0.34952424415278754,0.6504757558472125,Hold,102.314255,102.52757,101.49977,102.32395,5220
2026-05-01 09:00:00,1,0.36984046777229557,0.6301595322277045,Hold,102.33365,102.9445,102.02337,102.21729,3446
2026-05-01 10:00:00,1,0.3766116449177459,0.6233883550822541,Hold,102.23669,102.50818,101.77126,101.81975,2865
2026-05-01 11:00:00,1,0.3491515905249669,0.6508484094750331,Hold,101.81005,102.003975,100.791954,100.9083,7920
2026-05-01 12:00:00,0,0.34133028425880796,0.658669715741192,Hold,100.93739,101.237976,99.10481,100.60772,16748
2026-05-01 13:00:00,0,0.3377106984728657,0.6622893015271343,Hold,100.62711,100.71438,97.369194,97.78613,25825
2026-05-01 14:00:00,0,0.2911587086293503,0.7088412913706497,Hold,97.747345,98.64909,96.28322,98.52304,27835
2026-05-01 15:00:00,0,0.2903061251085892,0.7096938748914108,Hold,98.50365,99.36661,97.69887,97.98975,18015
2026-05-01 16:00:00,0,0.3385261425624275,0.6614738574375725,Hold,98.01884,99.47327,97.65038,98.73636,17970
2026-05-01 17:00:00,0,0.29719564326009607,0.7028043567399039,Hold,98.784836,99.027245,98.15459,98.35821,9909
2026-05-01 18:00:00,0,0.3716374168093809,0.6283625831906191,Hold,98.367905,99.58962,98.06732,99.07572,16536
2026-05-01 19:00:00,0,0.3376306701358625,0.6623693298641375,Hold,99.095116,99.31813,98.72666,99.07572,3805
2026-05-01 20:00:00,0,0.3197959310964746,0.6802040689035254,Hold,99.08542,99.62841,98.93028,99.386,3597
2026-05-03 22:00:00,0,0.26978757771316547,0.7302124222868345,Hold,96.70016,98.49395,96.09899,97.98975,10191
2026-05-03 23:00:00,0,0.298129852396799,0.701870147603201,Hold,97.97036,98.67818,97.93157,98.6394,2030
2026-05-04 00:00:00,0,0.2982111133549096,0.7017888866450904,Hold,98.6394,99.22117,97.98975,98.086716,3770
2026-05-04 01:00:00,0,0.3275187887635572,0.6724812112364428,Hold,98.07702,98.891495,98.07702,98.542435,2202
2026-05-04 02:00:00,0,0.3272190712814897,0.6727809287185103,Hold,98.53274,98.99815,98.30972,98.72666,1337
2026-05-04 03:00:00,0,0.3146072447924273,0.6853927552075727,Hold,98.73636,99.095116,98.66849,98.80423,1426
2026-05-04 04:00:00,0,0.2853765733671664,0.7146234266328336,Hold,98.79453,98.83332,98.04793,98.59091,1585
2026-05-04 05:00:00,0,0.3098188675397587,0.6901811324602414,Hold,98.59091,98.66849,97.07831,97.883095,4104
2026-05-04 06:00:00,0,0.3371089744657013,0.6628910255342987,Hold,97.90248,99.65749,97.76674,99.30843,4957
2026-05-04 07:00:00,0,0.3571150603816469,0.6428849396183531,Hold,99.29874,100.307144,99.269646,100.307144,5389
2026-05-04 08:00:00,0,0.33612193796443757,0.6638780620355624,Hold,100.29745,101.36403,99.98717,100.12291,7075
2026-05-04 09:00:00,0,0.3245649154822021,0.6754350845177979,Hold,100.152,100.200485,99.49266,99.928986,3639
2026-05-04 10:00:00,1,0.432720764588467,0.567279235411533,Hold,99.928986,104.19531,99.85142,102.459694,28764
2026-05-04 11:00:00,0,0.4118652787476511,0.5881347212523489,Hold,102.459694,102.82815,100.73377,100.966484,11839
2026-05-04 12:00:00,0,0.41550841764659124,0.5844915823534087,Hold,100.97618,101.02466,99.01755,99.70598,14864
2026-05-04 13:00:00,0,0.374300150702189,0.625699849297811,Hold,99.69628,101.01496,98.73636,99.095116,22313
2026-05-04 14:00:00,0,0.4321854861575914,0.5678145138424087,Hold,99.11451,100.50107,98.406685,100.32653,19493
2026-05-04 15:00:00,0,0.4175172510185216,0.5824827489814783,Hold,100.345924,102.80876,99.861115,102.39182,34311
2026-05-04 16:00:00,0,0.3923821240596806,0.6076178759403195,Hold,102.42091,103.40023,101.50947,102.90572,24824
2026-05-04 17:00:00,0,0.3269290058570898,0.6730709941429103,Hold,102.90572,103.02207,101.78096,102.071846,12744
2026-05-04 18:00:00,1,0.3756585686468438,0.6243414313531561,Hold,102.071846,103.51658,101.56765,102.47909,18309
2026-05-04 19:00:00,1,0.31834744304632456,0.6816525569536754,Hold,102.47909,102.634224,101.625824,102.09124,7949
2026-05-04 20:00:00,1,0.2921423435201698,0.7078576564798302,Hold,102.09124,102.12033,101.4319,101.9458,2102
2026-05-04 22:00:00,1,0.3105520877146778,0.6894479122853222,Hold,101.74218,102.27547,101.490074,101.722786,1112
2026-05-04 23:00:00,1,0.3279307183033989,0.6720692816966011,Hold,101.74218,101.92641,101.625824,101.800354,544
2026-05-05 00:00:00,1,0.32813258509473003,0.6718674149052699,Hold,101.81005,102.05246,101.344635,101.654915,1348
2026-05-05 01:00:00,1,0.3727753151215038,0.6272246848784961,Hold,101.63552,101.87792,101.36403,101.60643,1516
2026-05-05 02:00:00,1,0.35199950641070876,0.6480004935892912,Hold,101.60643,101.60643,100.76286,101.02466,2397
2026-05-05 03:00:00,1,0.37278264115055065,0.6272173588494494,Hold,101.04405,101.344635,100.93739,101.19919,770
2026-05-05 04:00:00,1,0.34426555736857906,0.6557344426314209,Hold,101.19919,101.208885,100.69499,101.005264,877
2026-05-05 05:00:00,1,0.38244042175054727,0.6175595782494527,Hold,101.01496,101.40281,101.005264,101.10223,1749
2026-05-05 06:00:00,1,0.3993221292286821,0.6006778707713178,Hold,101.12162,102.14942,100.830734,101.24767,3784
2026-05-05 07:00:00,1,0.41471123919989605,0.585288760800104,Hold,101.237976,101.63552,100.01626,101.373726,5982
2026-05-05 08:00:00,0,0.42128086183890456,0.5787191381610954,Hold,101.36403,101.50947,99.94838,100.28775,6507
2026-05-05 09:00:00,1,0.4445702797229996,0.5554297202770004,Hold,100.29745,101.32524,100.29745,100.85013,4833
2026-05-05 10:00:00,1,0.43246132484662836,0.5675386751533716,Hold,100.85013,101.237976,100.35562,101.01496,3805
2026-05-05 11:00:00,1,0.4094694931869224,0.5905305068130776,Hold,101.02466,101.897316,100.578636,100.59803,6465
2026-05-05 12:00:00,1,0.41454455970529935,0.5854554402947006,Hold,100.58833,101.04405,99.47327,100.08413,13093
2026-05-05 13:00:00,1,0.4081158525492912,0.5918841474507088,Hold,100.08413,100.21987,98.93998,98.95937,13635
2026-05-05 14:00:00,1,0.3949821008659461,0.6050178991340539,Hold,99.00785,99.87081,98.00914,98.53274,29005
2026-05-05 15:00:00,1,0.46476504196824,0.53523495803176,Hold,98.53274,99.405396,98.203064,98.99815,14931
2026-05-05 16:00:00,1,0.5009069416733353,0.49909305832666473,Sell,98.98846,99.30843,98.65879,99.201775,7146
2026-05-05 17:00:00,1,0.46299605783392644,0.5370039421660735,Hold,99.201775,99.269646,98.367905,98.96906,9743
2026-05-05 18:00:00,1,0.5108278363518092,0.4891721636481908,Sell,98.95937,99.512054,98.73636,99.16299,13080
2026-05-05 19:00:00,1,0.4813219419780686,0.5186780580219315,Hold,99.17268,99.78355,99.066025,99.65749,4999
2026-05-05 20:00:00,1,0.4912761233804703,0.5087238766195297,Hold,99.66719,99.686584,99.25025,99.56053,3071
2026-05-05 22:00:00,1,0.4585918329742534,0.5414081670257467,Hold,99.579926,99.579926,96.10869,97.96066,6093
2026-05-05 23:00:00,0,0.4124482433370549,0.5875517566629451,Hold,97.96066,98.07702,96.17656,96.76803,6470
2026-05-06 00:00:00,1,0.4210406610380869,0.5789593389619131,Hold,96.76803,98.32912,96.5838,97.84431,6268
2026-05-06 01:00:00,1,0.37149784420264953,0.6285021557973505,Hold,97.82491,98.21276,97.06861,97.504944,4316
2026-05-06 02:00:00,1,0.42132081416970285,0.5786791858302971,Hold,97.51463,97.72795,97.398285,97.58251,1499
2026-05-06 03:00:00,1,0.4008193319188295,0.5991806680811704,Hold,97.601906,97.91218,97.27223,97.52433,1401
2026-05-06 04:00:00,1,0.3973333345631775,0.6026666654368225,Hold,97.543724,97.679474,97.16557,97.3401,997
2026-05-06 05:00:00,1,0.3637534083854091,0.636246591614591,Hold,97.3401,98.29033,97.14618,97.24314,2899
2026-05-06 06:00:00,1,0.42319953382295233,0.5768004661770476,Hold,97.25284,98.22246,96.709854,97.78613,4872
2026-05-06 07:00:00,1,0.3104447327802045,0.6895552672197955,Hold,97.79583,98.1158,94.73183,94.82879,11318
2026-05-06 08:00:00,1,0.2580825330303691,0.7419174669696309,Hold,94.79001,96.0796,92.29808,92.550186,19819
2026-05-06 09:00:00,0,0.25746396133126187,0.7425360386687381,Hold,92.550186,93.40345,90.4752,90.513985,25768
2026-05-06 10:00:00,0,0.20261602138968116,0.7973839786103188,Hold,90.513985,90.552765,86.810036,87.08153,34536
2026-05-06 11:00:00,0,0.2293942609346872,0.7706057390653128,Hold,87.06214,89.81586,85.96647,89.747986,32872
2026-05-06 12:00:00,0,0.2713751719430837,0.7286248280569163,Hold,89.747986,93.180435,89.66072,92.521095,32200
2026-05-06 13:00:00,0,0.2647747307708233,0.7352252692291767,Hold,92.521095,93.85917,92.23021,93.12226,28063
2026-05-06 14:00:00,0,0.2430115371775087,0.7569884628224913,Hold,93.112564,94.37307,91.60966,91.90054,26774
2026-05-06 15:00:00,0,0.23374236236892015,0.7662576376310799,Hold,91.89085,93.19013,91.7454,92.43383,17987
2026-05-06 16:00:00,0,0.2339195140725591,0.7660804859274409,Hold,92.43383,93.422844,91.69692,92.95743,13369
2026-05-06 17:00:00,0,0.25231771889066584,0.7476822811093342,Hold,92.94773,93.034996,92.10416,92.346565,9150
2026-05-06 18:00:00,0,0.22364308383682602,0.776356916163174,Hold,92.35626,92.41444,91.46421,92.317474,16617
2026-05-06 19:00:00,0,0.21255614966784012,0.7874438503321599,Hold,92.32717,92.66654,91.94902,92.47262,4946
2026-05-06 20:00:00,0,0.22957225960848437,0.7704277403915156,Hold,92.453224,93.44224,92.172035,93.287094,3666
2026-05-06 22:00:00,0,0.2178156732127385,0.7821843267872615,Hold,93.37436,93.40345,92.71502,92.94773,1354
2026-05-06 23:00:00,0,0.21536332918659898,0.784636670813401,Hold,92.938034,93.141655,92.81198,92.976814,751
2026-05-07 00:00:00,1,0.219745172596937,0.780254827403063,Hold,92.98651,93.54889,92.831375,93.22892,2408
2026-05-07 01:00:00,0,0.21232190373194748,0.7876780962680525,Hold,93.258,93.519806,92.48231,92.53079,3060
2026-05-07 02:00:00,0,0.24178287141335447,0.7582171285866455,Hold,92.5114,92.870155,91.94902,92.79259,2515
2026-05-07 03:00:00,1,0.21529728765848705,0.7847027123415129,Hold,92.78289,93.034996,92.453224,92.89925,1121
2026-05-07 04:00:00,1,0.228462698329824,0.771537301670176,Hold,92.90894,92.92834,92.59866,92.64715,728
2026-05-07 05:00:00,1,0.2351629698728736,0.7648370301271263,Hold,92.64715,92.860466,92.36596,92.46292,1195
2026-05-07 06:00:00,0,0.24822356549998426,0.7517764345000157,Hold,92.48231,92.763504,91.309074,91.7551,4889
2026-05-07 07:00:00,0,0.28056809075651906,0.7194319092434809,Hold,91.78419,91.861755,89.127426,90.49459,17050
2026-05-07 08:00:00,0,0.26108974493775583,0.7389102550622442,Hold,90.49459,91.71631,89.91282,90.058266,9372
2026-05-07 09:00:00,0,0.23665795205146267,0.7633420479485373,Hold,90.058266,90.36854,89.340744,90.04857,5790
2026-05-07 10:00:00,0,0.20710813830321867,0.7928918616967813,Hold,90.067955,90.49459,89.437706,90.03887,5766
2026-05-07 11:00:00,0,0.2137074962736027,0.7862925037263973,Hold,89.99039,90.13583,88.55535,89.030464,9163
2026-05-07 12:00:00,0,0.21308229543251217,0.7869177045674878,Hold,89.01107,89.27287,87.120316,87.9348,17430
2026-05-07 13:00:00,0,0.23397597684105575,0.7660240231589442,Hold,87.94449,89.87403,87.9251,88.39052,22847
2026-05-07 14:00:00,0,0.21114026066735506,0.788859739332645,Hold,88.400215,88.79776,87.55664,88.4293,17652
2026-05-07 15:00:00,0,0.24269829669602974,0.7573017033039703,Hold,88.400215,90.59155,88.39052,90.4752,22222
2026-05-07 16:00:00,0,0.3232206516415284,0.6767793483584716,Hold,90.4752,92.976814,90.43642,92.73441,29844
2026-05-07 17:00:00,0,0.26143446373847234,0.7385655362615277,Hold,92.72472,94.49912,91.687225,91.997505,34660
2026-05-07 18:00:00,0,0.309821144465753,0.690178855534247,Hold,91.997505,93.665245,91.69692,92.70532,26310
2026-05-07 19:00:00,0,0.3247564840200827,0.6752435159799173,Hold,92.73441,94.34398,92.57927,93.43254,15247
2026-05-07 20:00:00,0,0.3220412328194389,0.6779587671805611,Hold,93.44224,95.013016,91.84236,94.69305,11963
2026-05-07 22:00:00,0,0.2825263140921291,0.717473685907871,Hold,95.26512,95.64327,93.19983,94.314896,6548
2026-05-07 23:00:00,0,0.29728138783155317,0.7027186121684468,Hold,94.2955,94.3052,93.75251,94.0337,1323
2026-05-08 00:00:00,0,0.28793029950746396,0.712069700492536,Hold,94.043396,94.34398,93.47132,93.65555,1961
2026-05-08 01:00:00,0,0.320904873942986,0.6790951260570139,Hold,93.64585,93.65555,92.61806,93.112564,4386
2026-05-08 02:00:00,0,0.29666411174434154,0.7033358882556584,Hold,93.12226,93.5392,92.19143,92.84107,3381
2026-05-08 03:00:00,0,0.31063059518061426,0.6893694048193857,Hold,92.79259,92.89925,92.46292,92.802284,1185
2026-05-08 04:00:00,0,0.31151506759410974,0.6884849324058903,Hold,92.79259,93.54889,92.74411,92.88955,1958
2026-05-08 05:00:00,0,0.29469735572560135,0.7053026442743986,Hold,92.860466,92.99621,92.41444,92.521095,1927
2026-05-08 06:00:00,0,0.3085791647401239,0.6914208352598761,Hold,92.53079,92.87985,91.28968,92.2496,5866
2026-05-08 07:00:00,0,0.3451344546493016,0.6548655453506984,Hold,92.23021,92.99621,91.90054,92.36596,4774
2026-05-08 08:00:00,0,0.332875186512245,0.667124813487755,Hold,92.36596,92.627754,91.309074,91.726006,6440
2026-05-08 09:00:00,0,0.32160351337567183,0.6783964866243282,Hold,91.726006,92.492004,90.9697,92.2593,5658
2026-05-08 10:00:00,0,0.31334815488498924,0.6866518451150108,Hold,92.269,92.40474,91.58057,92.007195,5126
2026-05-08 11:00:00,0,0.3162391662392266,0.6837608337607735,Hold,92.04598,92.36596,91.347855,92.08477,4596
2026-05-08 12:00:00,0,0.33134561848562605,0.668654381514374,Hold,92.09447,92.72472,91.7357,92.453224,7339
2026-05-08 13:00:00,0,0.3186058833974372,0.6813941166025628,Hold,92.453224,92.5017,91.05697,91.44482,16892
2026-05-08 14:00:00,0,0.28647586624233434,0.7135241337576657,Hold,91.47391,92.938034,91.45451,92.5114,15275
2026-05-08 15:00:00,0,0.3325933367282293,0.6674066632717707,Hold,92.521095,93.19983,92.210815,92.89925,17516
2026-05-08 16:00:00,0,0.37543580343320987,0.6245641965667901,Hold,92.89925,93.258,92.550186,93.209526,10356
2026-05-08 17:00:00,0,0.343702026625502,0.656297973374498,Hold,93.209526,93.23862,92.41444,92.58897,7736
2026-05-08 18:00:00,0,0.36778756335692964,0.6322124366430704,Hold,92.58897,92.89925,91.71631,92.656845,17127
2026-05-08 19:00:00,0,0.32173142421459416,0.6782685757854059,Hold,92.656845,92.74411,91.81327,92.02659,4518
2026-05-08 20:00:00,0,0.3148814423375173,0.6851185576624828,Hold,92.036285,92.16234,91.54178,91.80358,2411
2026-05-10 22:00:00,0,0.3476790369140988,0.6523209630859013,Hold,95.20694,95.84689,94.68335,95.3039,7803
2026-05-10 23:00:00,0,0.3404556675247477,0.6595443324752523,Hold,95.323296,95.914764,95.20694,95.86628,2790
2026-05-11 00:00:00,0,0.3602687982592402,0.6397312017407598,Hold,95.85659,96.87469,95.50752,96.23474,5591
2026-05-11 01:00:00,0,0.34141973614065585,0.6585802638593441,Hold,96.21535,96.35109,95.8372,95.97294,4634
2026-05-11 02:00:00,0,0.4070091335591341,0.5929908664408658,Hold,96.01173,96.8359,95.87598,96.777725,3126
2026-05-11 03:00:00,0,0.4093570697494347,0.5906429302505654,Hold,96.777725,97.262535,96.65167,96.913475,3297
2026-05-11 04:00:00,0,0.38137253762213175,0.6186274623778683,Hold,96.913475,97.32071,96.90378,97.25284,1630
2026-05-11 05:00:00,0,0.3708720011695572,0.6291279988304428,Hold,97.24314,97.291626,96.5935,96.73894,2436
2026-05-11 06:00:00,0,0.35973370606244004,0.64026629393756,Hold,96.73894,97.088005,95.89537,96.02142,4397
2026-05-11 07:00:00,0,0.34670289104344876,0.6532971089565512,Hold,96.00203,96.30261,95.255424,95.3136,4804
2026-05-11 08:00:00,0,0.3917710171069578,0.6082289828930423,Hold,95.294205,95.44935,93.975525,94.62517,9058
2026-05-11 09:00:00,0,0.37373322691319616,0.6262667730868039,Hold,94.65426,95.12937,94.41186,95.10998,3420
2026-05-11 10:00:00,0,0.3849554480959602,0.6150445519040397,Hold,95.10028,95.12937,94.324585,95.04211,3706
2026-05-11 11:00:00,0,0.42305152614178393,0.576948473858216,Hold,95.0518,95.58509,94.74152,95.33299,3212
2026-05-11 12:00:00,0,0.40883032470592867,0.5911696752940714,Hold,95.33299,95.70145,93.65555,95.10028,11691
2026-05-11 13:00:00,0,0.3650717975738822,0.6349282024261178,Hold,95.10028,95.13907,93.209526,93.68464,18137
2026-05-11 14:00:00,0,0.3691963214863083,0.6308036785136917,Hold,93.70403,94.98393,93.626465,94.72213,13556
2026-05-11 15:00:00,0,0.36173070782538574,0.6382692921746143,Hold,94.70274,95.3136,94.23732,94.89667,13621
2026-05-11 16:00:00,0,0.3448675584208328,0.6551324415791673,Hold,94.90636,96.806816,94.87727,96.24444,14873
2026-05-11 17:00:00,0,0.31184864934783874,0.6881513506521613,Hold,96.24444,96.24444,95.12937,95.35239,8457
2026-05-11 18:00:00,0,0.3376536112351554,0.6623463887648446,Hold,95.37178,95.89537,94.84818,95.148766,16735
2026-05-11 19:00:00,0,0.3702434029911953,0.6297565970088047,Hold,95.13907,95.50752,94.86758,95.34269,3772
2026-05-11 20:00:00,0,0.36236962571681286,0.6376303742831871,Hold,95.323296,95.97294,95.18755,95.26512,4348
2026-05-11 22:00:00,0,0.40426805893415674,0.5957319410658433,Hold,95.40086,95.459045,95.04211,95.255424,844
2026-05-11 23:00:00,0,0.43686518113630707,0.5631348188636929,Hold,95.255424,95.294205,95.02271,95.12937,455
2026-05-12 00:00:00,0,0.429142009607732,0.5708579903922679,Hold,95.13907,95.78871,95.119675,95.73054,2543
2026-05-12 01:00:00,0,0.4413730457361599,0.5586269542638401,Hold,95.71114,96.12808,95.37178,96.03112,2219
2026-05-12 02:00:00,0,0.4421083862405593,0.5578916137594407,Hold,96.04082,96.263824,95.92446,95.96324,1793
2026-05-12 03:00:00,0,0.43587393186519857,0.5641260681348015,Hold,95.99233,96.19595,95.8275,96.13778,1133
2026-05-12 04:00:00,0,0.4411115399635735,0.5588884600364266,Hold,96.12808,96.157166,95.672356,96.01173,927
2026-05-12 05:00:00,0,0.5005195627521721,0.49948043724782787,Sell,96.03112,96.49654,95.8178,96.18626,1382
2026-05-12 06:00:00,0,0.4759495095112093,0.5240504904887907,Hold,96.20565,97.65038,96.17656,97.466156,6711
2026-05-12 07:00:00,0,0.45281627177773853,0.5471837282222615,Hold,97.48555,97.65038,97.20436,97.611595,3827
2026-05-12 08:00:00,0,0.46838271175990165,0.5316172882400984,Hold,97.601906,98.38729,97.543724,97.83461,5813
2026-05-12 09:00:00,0,0.4458924958427357,0.5541075041572643,Hold,97.854004,98.66849,97.79583,98.01884,5141
2026-05-12 10:00:00,0,0.5028216370520721,0.49717836294792794,Sell,98.00914,98.8721,97.75704,98.581215,5033
2026-05-12 11:00:00,0,0.44141201872367364,0.5585879812763264,Hold,98.571526,98.94968,98.07702,98.19337,5037
2026-05-12 12:00:00,0,0.4518733435484011,0.548126656451599,Hold,98.203064,98.66849,97.543724,97.70856,8592
2026-05-12 13:00:00,0,0.45520952521974445,0.5447904747802556,Hold,97.69887,99.027245,97.611595,98.67818,10988
2026-05-12 14:00:00,0,0.41040615807926145,0.5895938419207385,Hold,98.67818,99.07572,98.300026,98.84302,10834
2026-05-12 15:00:00,0,0.39278712911350727,0.6072128708864928,Hold,98.84302,99.1339,98.086716,98.41638,10757
2026-05-12 16:00:00,0,0.3855365347908215,0.6144634652091785,Hold,98.39699,98.8721,98.14489,98.55213,7588
2026-05-12 17:00:00,0,0.3524992511924542,0.6475007488075458,Hold,98.542435,98.6297,98.15459,98.60061,6735
2026-05-12 18:00:00,0,0.3807808357125683,0.6192191642874316,Hold,98.60061,99.59932,98.44547,99.42479,17705
2026-05-12 19:00:00,0,0.2990509323721972,0.7009490676278027,Hold,99.43449,99.444176,99.10481,99.269646,3784
2026-05-12 20:00:00,0,0.27733539953690495,0.722664600463095,Hold,99.25995,99.35691,98.81393,98.94968,1911
2026-05-12 22:00:00,0,0.29117305754516004,0.7088269424548399,Hold,99.05633,99.16299,98.610306,98.83332,1070
2026-05-12 23:00:00,0,0.31398031371093976,0.6860196862890602,Hold,98.83332,99.027245,98.82362,98.96906,471
2026-05-13 00:00:00,0,0.40616965869541144,0.5938303413045886,Hold,98.95937,98.97876,97.8637,98.3776,3747
2026-05-13 01:00:00,0,0.4071980526134457,0.5928019473865542,Hold,98.38729,98.542435,98.18368,98.49395,1030
2026-05-13 02:00:00,0,0.40956846673454594,0.5904315332654541,Hold,98.51334,98.65879,97.70856,97.99944,1578
2026-05-13 03:00:00,0,0.4580985006829677,0.5419014993170324,Hold,97.98975,98.125496,97.776436,97.98975,1160
2026-05-13 04:00:00,0,0.4244829911074163,0.5755170088925837,Hold,97.98006,97.98006,97.52433,97.68917,962
2026-05-13 05:00:00,0,0.44957090384336024,0.5504290961566398,Hold,97.679474,97.83461,97.504944,97.611595,984
2026-05-13 06:00:00,0,0.516897067929372,0.48310293207062804,Sell,97.601906,98.04793,97.51463,97.91218,2186
2026-05-13 07:00:00,0,0.48993865956162147,0.5100613404383785,Hold,97.91218,98.27094,97.59221,98.15459,3076
2026-05-13 08:00:00,0,0.4811374202655161,0.5188625797344839,Hold,98.15459,98.716965,97.98006,98.48425,4184
2026-05-13 09:00:00,0,0.4844856084913932,0.5155143915086068,Hold,98.47456,98.8818,98.1158,98.22246,2675
2026-05-13 10:00:00,0,0.4707042103523573,0.5292957896476427,Hold,98.25155,99.27934,98.24185,99.19208,4326
2026-05-13 11:00:00,0,0.45049221452339866,0.5495077854766013,Hold,99.201775,99.25025,98.581215,98.75575,3449
2026-05-13 12:00:00,0,0.47471481486559786,0.5252851851344021,Hold,98.76545,99.62841,98.66849,99.22117,5951
2026-05-13 13:00:00,0,0.4646228180616393,0.5353771819383607,Hold,99.22117,99.76415,98.93028,99.74476,10132
2026-05-13 14:00:00,1,0.4510647582390965,0.5489352417609035,Hold,99.74476,100.520454,99.57023,100.00656,14131
2026-05-13 15:00:00,0,0.4686093455791852,0.5313906544208148,Hold,100.00656,100.10352,98.920586,99.11451,10774
2026-05-13 16:00:00,0,0.4509052527867644,0.5490947472132356,Hold,99.12421,99.25995,97.78613,98.99815,15327
2026-05-13 17:00:00,0,0.46521626595549886,0.5347837340445012,Hold,98.97876,99.07572,98.14489,98.25155,6890
2026-05-13 18:00:00,0,0.47675564821456135,0.5232443517854386,Hold,98.24185,98.31942,97.63099,97.94127,12984
2026-05-13 19:00:00,0,0.47465523527036013,0.5253447647296399,Hold,97.96066,98.32912,97.883095,98.28064,2483
2026-05-13 20:00:00,0,0.4180052780149738,0.5819947219850262,Hold,98.29033,98.49395,97.640686,97.93157,2519
2026-05-13 22:00:00,0,0.4262128829987754,0.5737871170012245,Hold,97.950966,98.18368,97.66008,97.80552,738
2026-05-13 23:00:00,0,0.48618402348511347,0.5138159765148865,Hold,97.776436,97.99944,97.73765,97.950966,341
2026-05-14 00:00:00,0,0.48474474094492426,0.5152552590550757,Hold,97.98006,98.21276,97.82491,98.07702,883
2026-05-14 01:00:00,0,0.459830521381778,0.5401694786182221,Hold,98.06732,98.32912,97.66978,98.00914,1620
2026-05-14 02:00:00,0,0.48102496078024887,0.5189750392197512,Hold,97.98006,98.435776,97.8637,98.406685,921
2026-05-14 03:00:00,0,0.45380578391284265,0.5461942160871573,Hold,98.3776,98.64909,98.086716,98.31942,1481
2026-05-14 04:00:00,0,0.46773926436124974,0.5322607356387503,Hold,98.300026,98.49395,98.28064,98.3776,574
2026-05-14 05:00:00,0,0.43247291951061506,0.5675270804893849,Hold,98.39699,98.72666,98.28064,98.3776,1327
2026-05-14 06:00:00,0,0.36477124555759455,0.6352287544424055,Hold,98.367905,98.3776,96.574104,97.98975,6050
2026-05-14 07:00:00,0,0.4590165079080757,0.5409834920919243,Hold,97.99944,98.99815,97.854004,98.84302,4264
2026-05-14 08:00:00,0,0.41086153759864324,0.5891384624013567,Hold,98.852715,99.24056,97.93157,98.261246,6265
2026-05-14 09:00:00,0,0.4355912657193488,0.5644087342806512,Hold,98.232155,98.99815,97.747345,97.99944,4186
2026-05-14 10:00:00,0,0.4339753704733466,0.5660246295266533,Hold,98.00914,98.6297,97.06861,97.99944,7540
2026-05-14 11:00:00,0,0.3877307264687043,0.6122692735312957,Hold,98.03823,98.232155,97.00074,97.22375,4815
2026-05-14 12:00:00,0,0.3964268024579792,0.6035731975420209,Hold,97.233444,97.8734,96.37048,97.31102,8239
2026-05-14 13:00:00,0,0.43980563870370615,0.5601943612962939,Hold,97.33041,98.028534,97.126785,97.82491,9058
2026-05-14 14:00:00,0,0.38472401596139405,0.615275984038606,Hold,97.84431,98.66849,97.28193,97.53403,10186
2026-05-14 15:00:00,0,0.38100307544261675,0.6189969245573832,Hold,97.53403,98.00914,97.3401,97.90248,6871
2026-05-14 16:00:00,0,0.36076923061713845,0.6392307693828616,Hold,97.91218,98.1061,97.20436,97.98975,7529
2026-05-14 17:00:00,0,0.3300647422353979,0.669935257764602,Hold,97.99944,98.96906,97.84431,98.64909,8371
2026-05-14 18:00:00,0,0.34369416175023315,0.6563058382497668,Hold,98.6394,98.90119,97.99944,98.34851,9997
2026-05-14 19:00:00,0,0.33284151437809945,0.6671584856219006,Hold,98.34851,98.91089,98.27094,98.90119,1920
2026-05-14 20:00:00,0,0.31400797692253724,0.6859920230774628,Hold,98.91089,99.07572,98.72666,98.920586,1807
2026-05-14 22:00:00,0,0.3444801866093436,0.6555198133906563,Hold,98.95937,98.96906,98.39699,98.86241,659
2026-05-14 23:00:00,0,0.3614141135667009,0.6385858864332992,Hold,98.83332,98.93028,98.610306,98.83332,231
2026-05-15 00:00:00,0,0.30317787728193585,0.6968221227180642,Hold,98.84302,98.920586,98.49395,98.746056,414
2026-05-15 01:00:00,0,0.3552882629874176,0.6447117370125823,Hold,98.70727,99.77385,98.59091,99.269646,995
2026-05-15 02:00:00,0,0.3374404216984093,0.6625595783015907,Hold,99.31813,99.79324,98.93028,99.512054,700
2026-05-15 03:00:00,0,0.3378404277743292,0.6621595722256708,Hold,99.550835,99.57023,99.24056,99.25995,214
2026-05-15 04:00:00,0,0.34326683910124206,0.6567331608987579,Hold,99.27934,99.47327,99.25995,99.269646,306
2026-05-15 05:00:00,0,0.3654041824944358,0.6345958175055642,Hold,99.30843,100.63681,99.30843,100.200485,1159
2026-05-15 06:00:00,0,0.34393403759945884,0.6560659624005412,Hold,100.200485,100.45258,99.93868,100.064735,536
2026-05-15 07:00:00,0,0.3668737898924016,0.6331262101075984,Hold,100.08413,100.44289,99.579926,100.43319,909
2026-05-15 08:00:00,0,0.4061055411017224,0.5938944588982775,Hold,100.413795,102.04276,100.26836,101.76157,2623
2026-05-15 09:00:00,0,0.36199215874778073,0.6380078412522192,Hold,101.70339,102.110634,101.237976,102.003975,1206
2026-05-15 10:00:00,0,0.4180454455306701,0.5819545544693299,Hold,102.003975,102.01367,99.77385,100.11322,1701
2026-05-15 11:00:00,0,0.4163866958060902,0.5836133041939098,Hold,100.05504,101.4222,99.928986,101.28645,1127
2026-05-15 12:00:00,0,0.38317835154719826,0.6168216484528017,Hold,101.315544,101.52886,100.84043,101.05375,1992
2026-05-15 13:00:00,0,0.37858665667829744,0.6214133433217026,Hold,101.05375,101.11192,100.33623,101.11192,3072
2026-05-15 14:00:00,0,0.4204912048380799,0.5795087951619201,Hold,101.11192,101.800354,100.375015,101.46099,2784
2026-05-15 15:00:00,0,0.4450940836491299,0.55490591635087,Hold,101.451294,102.49848,101.170105,102.24638,3507
2026-05-15 16:00:00,0,0.37366043464508664,0.6263395653549133,Hold,102.24638,102.56635,101.78096,101.88762,2338
2026-05-15 17:00:00,0,0.4045967053782151,0.5954032946217849,Hold,101.897316,102.13003,101.548256,101.87792,2371
2026-05-15 18:00:00,0,0.37016147366122043,0.6298385263387796,Hold,101.868225,102.57605,101.84884,102.12033,3928
2026-05-15 19:00:00,0,0.4012370548748281,0.5987629451251719,Hold,102.13003,102.52757,102.02337,102.40152,955
2026-05-15 20:00:00,0,0.382149549296325,0.6178504507036751,Hold,102.39182,102.77967,102.178505,102.45,841
2026-05-18 00:00:00,0,0.41393382965502934,0.5860661703449707,Hold,102.45,103.23,102.0,102.98,3821
2026-05-18 01:00:00,1,0.4183607270421559,0.5816392729578441,Hold,102.97,104.37,102.65,103.32,7245
2026-05-18 02:00:00,1,0.3537837523207806,0.6462162476792195,Hold,103.33,103.73,103.14,103.27,2041
2026-05-18 03:00:00,1,0.3728212379782796,0.6271787620217204,Hold,103.26,103.4,103.08,103.17,1086
2026-05-18 04:00:00,1,0.37053082622809885,0.6294691737719011,Hold,103.19,103.34,103.0,103.17,1339
2026-05-18 05:00:00,1,0.3896753132969533,0.6103246867030467,Hold,103.15,103.31,102.56,102.88,1878
2026-05-18 06:00:00,1,0.4302972797835562,0.5697027202164437,Hold,102.88,103.45,102.8,102.87,3028
2026-05-18 07:00:00,0,0.4770565113848626,0.5229434886151374,Hold,102.84,102.93,101.6,102.18,7394
2026-05-18 08:00:00,0,0.45241394839272026,0.5475860516072797,Hold,102.18,102.43,101.63,101.81,5785
2026-05-18 09:00:00,0,0.4923117680503525,0.5076882319496475,Hold,101.8,102.56,101.7,102.21,4141
2026-05-18 10:00:00,1,0.4999856791239155,0.5000143208760846,Hold,102.2,102.52,102.06,102.43,2376
2026-05-18 11:00:00,0,0.5420714939505148,0.4579285060494852,Sell,102.46,103.26,100.16,100.89,18685
2026-05-18 12:00:00,0,0.42678053064709476,0.5732194693529052,Hold,100.91,101.61,98.6,99.04,21506
2026-05-18 13:00:00,0,0.49577751786996993,0.5042224821300301,Hold,99.07,100.24,98.95,99.59,20859
2026-05-18 14:00:00,0,0.4756239620801788,0.5243760379198212,Hold,99.58,102.37,99.55,102.22,22439
2026-05-18 15:00:00,0,0.42649759324785974,0.5735024067521403,Hold,102.21,103.13,102.03,102.85,21062
2026-05-18 16:00:00,0,0.41817292639641696,0.5818270736035831,Hold,102.84,103.64,102.71,102.91,12944
2026-05-18 17:00:00,0,0.41339198072739947,0.5866080192726005,Hold,102.91,103.12,102.19,103.03,9768
2026-05-18 18:00:00,0,0.49829242161893483,0.5017075783810652,Hold,103.02,105.21,103.01,104.65,25500
2026-05-18 19:00:00,0,0.4484542342583906,0.5515457657416094,Hold,104.66,104.8,101.41,101.96,18369
2026-05-18 20:00:00,0,0.47544955214571394,0.5245504478542861,Hold,101.96,102.6,101.1,102.49,4497
2026-05-18 22:00:00,0,0.459205206732579,0.5407947932674211,Hold,102.58,102.74,102.12,102.45,2167
2026-05-18 23:00:00,0,0.4328859531705377,0.5671140468294623,Hold,102.45,102.52,102.26,102.3,549
2026-05-19 00:00:00,0,0.49790693926153307,0.5020930607384669,Hold,102.3,102.75,102.22,102.51,1890
2026-05-19 01:00:00,0,0.4807832224894116,0.5192167775105885,Hold,102.47,103.0,102.24,102.53,2633
2026-05-19 02:00:00,0,0.48407979039009574,0.5159202096099043,Hold,102.5,103.1,102.42,102.91,1222
2026-05-19 03:00:00,0,0.483573871085304,0.5164261289146961,Hold,102.93,103.13,102.67,102.83,961
2026-05-19 04:00:00,0,0.48077345563787816,0.5192265443621218,Hold,102.84,102.92,102.59,102.65,671
2026-05-19 05:00:00,0,0.5422964224786134,0.4577035775213866,Sell,102.64,103.45,102.58,103.16,1882
2026-05-19 06:00:00,0,0.5467824132579716,0.4532175867420284,Sell,103.16,103.85,102.74,103.72,5355
2026-05-19 07:00:00,0,0.5325519189831941,0.4674480810168059,Sell,103.71,104.0,103.02,103.15,4087
2026-05-19 08:00:00,0,0.5196096031532933,0.4803903968467067,Sell,103.17,103.86,103.03,103.24,3947
2026-05-19 09:00:00,0,0.48758995131646143,0.5124100486835386,Hold,103.25,103.58,102.56,102.79,3460
2026-05-19 10:00:00,0,0.5344358865593283,0.4655641134406717,Sell,102.79,104.18,102.73,103.42,7553
2026-05-19 11:00:00,1,0.49579658556734174,0.5042034144326583,Hold,103.45,104.1,103.41,103.97,3815
2026-05-19 12:00:00,0,0.4462839963832554,0.5537160036167446,Hold,103.98,104.01,103.23,103.51,4871
2026-05-19 13:00:00,0,0.5262740882104645,0.4737259117895355,Sell,103.5,104.71,103.14,103.46,19486
2026-05-19 14:00:00,0,0.5213119936005812,0.4786880063994188,Sell,103.48,103.79,102.61,103.49,17207
2026-05-19 15:00:00,1,0.5374567937930045,0.4625432062069955,Sell,103.48,103.91,102.96,103.83,9911
2026-05-19 16:00:00,0,0.5651869530787345,0.43481304692126554,Sell,103.82,104.15,103.51,103.71,7794
2026-05-19 17:00:00,0,0.5524712871364077,0.4475287128635923,Sell,103.71,104.09,103.27,103.44,9535
2026-05-19 18:00:00,1,0.5379944370935925,0.4620055629064075,Sell,103.43,104.86,103.09,104.65,23913
2026-05-19 19:00:00,1,0.48916280220093533,0.5108371977990647,Hold,104.66,104.66,104.12,104.48,4076
2026-05-19 20:00:00,1,0.4774200177105278,0.5225799822894722,Hold,104.49,104.59,103.95,104.03,2584
2026-05-19 22:00:00,1,0.4951197460802269,0.5048802539197731,Hold,104.12,104.36,104.03,104.21,792
2026-05-19 23:00:00,1,0.5005344710172296,0.4994655289827704,Sell,104.21,104.29,103.76,103.92,1034
2026-05-20 00:00:00,1,0.5223682652204552,0.4776317347795448,Sell,103.92,104.02,103.71,103.87,1195
2026-05-20 01:00:00,1,0.5013952494146768,0.49860475058532316,Sell,103.85,104.45,103.12,103.61,3742
2026-05-20 02:00:00,1,0.4551386747410018,0.5448613252589982,Hold,103.58,104.45,103.41,104.2,2348
2026-05-20 03:00:00,1,0.4905267756366204,0.5094732243633796,Hold,104.2,104.33,103.57,103.68,1534
2026-05-20 04:00:00,1,0.4960170716797681,0.503982928320232,Hold,103.68,103.97,103.32,103.9,1307
2026-05-20 05:00:00,1,0.5301965523137054,0.46980344768629456,Sell,103.88,103.94,103.57,103.84,1023
2026-05-20 06:00:00,1,0.4856200045302041,0.5143799954697958,Hold,103.86,104.01,102.65,102.79,4774
2026-05-20 07:00:00,1,0.5166224784282814,0.48337752157171865,Sell,102.75,103.17,102.5,103.04,4122
2026-05-20 08:00:00,1,0.38267521727774984,0.6173247827222501,Hold,103.05,103.12,101.82,102.06,7704
2026-05-20 09:00:00,1,0.4214062618095792,0.5785937381904208,Hold,102.09,102.72,101.64,102.35,4840
2026-05-20 10:00:00,0,0.3566586186485758,0.6433413813514242,Hold,102.34,102.51,100.87,101.48,8945
2026-05-20 11:00:00,1,0.42225234112863874,0.5777476588713613,Hold,101.48,102.77,101.42,102.52,7517
2026-05-20 12:00:00,0,0.35317920428199867,0.6468207957180013,Hold,102.53,102.65,100.75,101.66,13538
2026-05-20 13:00:00,1,0.38017348449526295,0.6198265155047371,Hold,101.68,102.33,101.29,102.27,15267
2026-05-20 14:00:00,0,0.3322003405296275,0.6677996594703726,Hold,102.26,102.8,99.45,100.49,43562
2026-05-20 15:00:00,0,0.30353270497673335,0.6964672950232667,Hold,100.5,100.67,97.0,99.26,40514
2026-05-20 16:00:00,0,0.3400882923173416,0.6599117076826584,Hold,99.23,99.64,97.6,97.89,17953
2026-05-20 17:00:00,0,0.3274933930145896,0.6725066069854104,Hold,97.84,98.35,96.94,98.32,21538
2026-05-20 18:00:00,0,0.3212665359686965,0.6787334640313035,Hold,98.3,98.71,97.76,97.95,18559
2026-05-20 19:00:00,0,0.33656751487174175,0.6634324851282583,Hold,97.94,98.58,97.77,98.53,5679
2026-05-20 20:00:00,0,0.33511516839431754,0.6648848316056825,Hold,98.52,99.11,98.33,99.08,3429
2026-05-20 22:00:00,0,0.3290609149906079,0.6709390850093921,Hold,98.95,99.22,98.75,98.99,1543
2026-05-20 23:00:00,0,0.3441974348069111,0.6558025651930889,Hold,98.96,99.21,98.75,98.88,1037
2026-05-21 00:00:00,0,0.3754137848727919,0.6245862151272081,Hold,98.87,100.11,98.79,99.12,3736
2026-05-21 01:00:00,0,0.35793190840227684,0.6420680915977232,Hold,99.12,99.16,98.5,98.6,3620
2026-05-21 02:00:00,0,0.40274387687143837,0.5972561231285616,Hold,98.59,99.25,98.52,99.15,1356
2026-05-21 03:00:00,0,0.38762100586486076,0.6123789941351392,Hold,99.16,99.27,98.94,99.12,877
2026-05-21 04:00:00,0,0.3428686067838464,0.6571313932161535,Hold,99.1,99.29,98.79,98.84,789
2026-05-21 05:00:00,0,0.405734446046251,0.594265553953749,Hold,98.84,100.06,98.82,99.42,2355
2026-05-21 06:00:00,0,0.3577084812785446,0.6422915187214554,Hold,99.45,99.85,98.8,99.55,4348
2026-05-21 07:00:00,0,0.34475660263610436,0.6552433973638956,Hold,99.58,99.93,99.24,99.28,2576
2026-05-21 08:00:00,0,0.32651629930012743,0.6734837006998726,Hold,99.28,99.58,98.04,98.47,8129
2026-05-21 09:00:00,0,0.3124188463092706,0.6875811536907295,Hold,98.5,98.5,97.25,97.59,6056
2026-05-21 10:00:00,0,0.39147495830404,0.60852504169596,Hold,97.6,101.34,97.48,101.06,20209
2026-05-21 11:00:00,0,0.3852574428533888,0.6147425571466112,Hold,101.08,101.08,100.15,100.59,9638
2026-05-21 12:00:00,0,0.3861588065129795,0.6138411934870205,Hold,100.57,101.29,100.44,101.09,13011
2026-05-21 13:00:00,0,0.38543144575243693,0.6145685542475631,Hold,101.09,102.66,100.29,100.53,31210
2026-05-21 14:00:00,1,0.4512469660299461,0.5487530339700539,Hold,100.53,101.56,100.27,101.35,19783
2026-05-21 15:00:00,1,0.37588800598690275,0.6241119940130972,Hold,101.36,102.14,100.72,100.73,15730
2026-05-21 16:00:00,1,0.4025846435476216,0.5974153564523784,Hold,100.72,100.78,99.79,100.01,13148
2026-05-21 17:00:00,0,0.3515148513344721,0.6484851486655279,Hold,100.0,100.43,95.76,96.33,47789
2026-05-21 18:00:00,1,0.3479776266829006,0.6520223733170993,Hold,96.34,98.3,96.0,98.01,38068
2026-05-21 19:00:00,0,0.31717032190922523,0.6828296780907748,Hold,98.01,98.21,97.06,97.32,12355
2026-05-21 20:00:00,1,0.35961894082369855,0.6403810591763015,Hold,97.35,98.18,97.21,98.0,3143
2026-05-21 22:00:00,0,0.322112553957101,0.677887446042899,Hold,98.0,98.0,97.29,97.73,1739
2026-05-21 23:00:00,0,0.33927081242663043,0.6607291875733696,Hold,97.73,97.91,97.51,97.74,908
2026-05-22 00:00:00,0,0.34583225289657904,0.654167747103421,Hold,97.74,98.15,97.6,97.93,2462
2026-05-22 01:00:00,0,0.30762615503281066,0.6923738449671893,Hold,97.92,98.35,97.62,97.69,2384
2026-05-22 02:00:00,0,0.3227394433813346,0.6772605566186654,Hold,97.66,97.97,97.33,97.47,1412
2026-05-22 03:00:00,0,0.3322329704537551,0.6677670295462449,Hold,97.44,97.57,97.24,97.46,1301
2026-05-22 04:00:00,0,0.3188145131966508,0.6811854868033492,Hold,97.48,97.48,96.92,97.35,1646
2026-05-22 05:00:00,1,0.3434422570925188,0.6565577429074811,Hold,97.34,98.55,97.34,98.38,1992
2026-05-22 06:00:00,0,0.3321256800855013,0.6678743199144987,Hold,98.38,98.73,97.92,98.0,3272
2026-05-22 07:00:00,1,0.35255987810656203,0.647440121893438,Hold,97.98,98.93,97.95,98.46,6116
2026-05-22 08:00:00,1,0.3465890791349725,0.6534109208650275,Hold,98.46,99.43,98.09,98.7,10020
2026-05-22 09:00:00,1,0.36461474968693425,0.6353852503130657,Hold,98.72,99.07,97.89,98.52,4523
2026-05-22 10:00:00,1,0.365278084068334,0.6347219159316659,Hold,98.5,98.8,97.66,98.31,4483
2026-05-22 11:00:00,1,0.29363145539340624,0.7063685446065937,Hold,98.32,98.66,97.16,97.52,5513
2026-05-22 12:00:00,0,0.2772903735267148,0.7227096264732852,Hold,97.55,97.77,95.65,96.22,19093
2026-05-22 13:00:00,1,0.33077789602948476,0.6692221039705153,Hold,96.2,98.11,95.46,97.77,25612
2026-05-22 14:00:00,1,0.3045150043295103,0.6954849956704897,Hold,97.78,98.17,97.29,97.57,10145
2026-05-22 15:00:00,1,0.2700890859546262,0.7299109140453738,Hold,97.57,97.96,96.8,97.06,11129
2026-05-22 16:00:00,1,0.2807403593087122,0.7192596406912878,Hold,97.06,97.41,96.52,96.86,12090
2026-05-22 17:00:00,1,0.2961002887692455,0.7038997112307546,Hold,96.83,97.24,94.73,96.07,28189
2026-05-22 18:00:00,1,0.25296738603668667,0.7470326139633133,Hold,96.07,96.77,96.0,96.25,16445
2026-05-22 19:00:00,1,0.2713870553579884,0.7286129446420115,Hold,96.23,96.95,96.08,96.28,6927
2026-05-22 20:00:00,1,0.27088716526338963,0.7291128347366104,Hold,96.23,97.27,95.97,97.0,5992
2026-05-25 00:00:00,0,0.2889797616342103,0.7110202383657898,Hold,92.12,92.29,90.87,91.9,3977
2026-05-25 01:00:00,0,0.31545114708100414,0.6845488529189958,Hold,91.92,92.52,91.7,92.41,4169
2026-05-25 02:00:00,0,0.29249588992989844,0.7075041100701016,Hold,92.42,92.55,91.71,91.74,2236
2026-05-25 03:00:00,0,0.2972421625543899,0.70275783744561,Hold,91.72,91.78,90.32,90.94,7710
2026-05-25 04:00:00,0,0.2976071061852945,0.7023928938147055,Hold,91.01,91.3,90.87,90.98,1854
2026-05-25 05:00:00,0,0.28699277315441135,0.7130072268455887,Hold,90.97,91.05,90.58,90.98,2057
2026-05-25 06:00:00,0,0.3403884626976988,0.6596115373023013,Hold,91.0,91.61,90.87,91.4,2787
2026-05-25 07:00:00,0,0.32533777705769384,0.6746622229423062,Hold,91.4,92.7,91.25,91.76,8062
2026-05-25 08:00:00,0,0.29415615231361736,0.7058438476863826,Hold,91.76,92.52,91.63,91.75,3708
2026-05-25 09:00:00,0,0.305499197428451,0.694500802571549,Hold,91.74,91.85,91.01,91.23,3218
2026-05-25 10:00:00,0,0.30771852784142045,0.6922814721585795,Hold,91.23,91.35,90.71,90.91,3153
2026-05-25 11:00:00,0,0.2948279414781476,0.7051720585218524,Hold,90.91,91.42,90.54,90.89,4829
2026-05-25 12:00:00,0,0.2993848882824483,0.7006151117175516,Hold,90.91,91.55,90.34,91.47,5349
2026-05-25 13:00:00,0,0.2952219778847961,0.7047780221152039,Hold,91.5,91.88,91.31,91.39,4745
2026-05-25 14:00:00,0,0.29189190027773493,0.7081080997222651,Hold,91.39,91.52,90.89,91.43,5480
2026-05-25 15:00:00,0,0.2997400106296963,0.7002599893703036,Hold,91.46,91.82,90.42,91.09,10021
2026-05-25 16:00:00,0,0.3003422540087798,0.6996577459912202,Hold,91.1,91.6,89.75,89.85,6258
2026-05-25 17:00:00,0,0.3340966898625076,0.6659033101374924,Hold,89.86,90.45,89.41,90.33,4507
2026-05-25 18:00:00,0,0.28820532612137406,0.7117946738786259,Hold,90.33,90.44,90.14,90.3,844
2026-05-25 22:00:00,0,0.29096037484393356,0.7090396251560664,Hold,91.0,91.23,90.35,90.77,3913
2026-05-25 23:00:00,0,0.29470874997399255,0.7052912500260075,Hold,90.75,91.12,90.6,90.93,2100
2026-05-26 00:00:00,0,0.3220926787855768,0.6779073212144232,Hold,90.94,91.6,90.9,91.48,6100
2026-05-26 01:00:00,0,0.30252777127546315,0.6974722287245368,Hold,91.5,92.04,91.38,91.85,3647
2026-05-26 02:00:00,0,0.29790818792180956,0.7020918120781905,Hold,91.85,91.94,91.39,91.58,2055
2026-05-26 03:00:00,0,0.30415683660166143,0.6958431633983386,Hold,91.58,91.72,91.4,91.66,1429
2026-05-26 04:00:00,0,0.3063843769116616,0.6936156230883384,Hold,91.66,92.12,91.58,92.02,1579
2026-05-26 05:00:00,0,0.30167017230539916,0.6983298276946008,Hold,92.01,92.55,91.79,91.89,2906
2026-05-26 06:00:00,0,0.28104750612995133,0.7189524938700487,Hold,91.9,92.31,91.4,91.67,4407
2026-05-26 07:00:00,0,0.34110016787645586,0.6588998321235442,Hold,91.66,92.96,91.53,92.47,8667
2026-05-26 08:00:00,0,0.380948874855244,0.619051125144756,Hold,92.47,93.64,92.33,93.2,7160
2026-05-26 09:00:00,0,0.3265189891945305,0.6734810108054695,Hold,93.21,93.28,92.51,92.61,5481
2026-05-26 10:00:00,0,0.3460564212076341,0.653943578792366,Hold,92.61,92.73,91.5,92.02,7171
2026-05-26 11:00:00,0,0.34488868003065454,0.6551113199693455,Hold,92.02,92.9,91.98,92.72,6712
2026-05-26 12:00:00,0,0.32700425920011256,0.6729957407998874,Hold,92.72,93.36,92.42,92.8,8681
2026-05-26 13:00:00,1,0.4163274598339227,0.5836725401660773,Hold,92.81,94.51,92.54,94.2,16709
2026-05-26 14:00:00,1,0.3871941211547299,0.6128058788452702,Hold,94.16,94.43,93.17,94.19,17732
2026-05-26 15:00:00,1,0.39690176493517293,0.6030982350648271,Hold,94.19,94.7,93.81,93.9,14276
2026-05-26 16:00:00,1,0.3778889387890138,0.6221110612109861,Hold,93.89,94.36,93.71,94.03,9504
2026-05-26 17:00:00,1,0.384320808676666,0.6156791913233339,Hold,94.04,94.16,93.56,93.76,8326
2026-05-26 18:00:00,1,0.34583828110120407,0.6541617188987959,Hold,93.76,94.09,93.41,93.68,14781
2026-05-26 19:00:00,1,0.3423805368484801,0.65761946315152,Hold,93.69,94.06,93.51,93.53,4609
2026-05-26 20:00:00,1,0.3648458873259928,0.6351541126740072,Hold,93.51,93.87,93.2,93.57,2702
2026-05-26 22:00:00,1,0.40209409733726287,0.5979059026627371,Hold,93.39,93.69,93.3,93.58,1179
2026-05-26 23:00:00,1,0.3950950211291826,0.6049049788708174,Hold,93.57,93.62,93.1,93.31,1244
2026-05-27 00:00:00,1,0.41424845247225284,0.5857515475277472,Hold,93.33,93.43,92.81,92.96,2608
2026-05-27 01:00:00,1,0.45010099396719294,0.5498990060328071,Hold,92.97,93.22,92.55,92.85,2448
2026-05-27 02:00:00,1,0.4225461968573591,0.5774538031426408,Hold,92.84,92.84,92.16,92.4,2641
2026-05-27 03:00:00,1,0.40119578922923954,0.5988042107707605,Hold,92.38,92.39,91.87,92.11,2644
2026-05-27 04:00:00,1,0.3701905290644638,0.6298094709355362,Hold,92.11,92.15,91.81,91.94,1362
2026-05-27 05:00:00,1,0.3999662384382727,0.6000337615617273,Hold,91.95,92.22,91.73,91.85,2303
2026-05-27 06:00:00,1,0.3270923414922749,0.6729076585077252,Hold,91.84,92.04,91.41,91.54,4254
2026-05-27 07:00:00,1,0.36066253604355336,0.6393374639564466,Hold,91.54,91.65,90.85,91.12,6789
2026-05-27 08:00:00,0,0.3653398085678935,0.6346601914321065,Hold,91.1,91.26,89.69,90.17,9388
2026-05-27 09:00:00,0,0.36074626223962053,0.6392537377603795,Hold,90.16,90.53,89.64,89.87,7922
2026-05-27 10:00:00,0,0.3997697390101696,0.6002302609898305,Hold,89.86,90.51,89.83,90.21,4784
2026-05-27 11:00:00,0,0.42497036409341904,0.575029635906581,Hold,90.2,90.85,89.96,90.54,8653
2026-05-27 12:00:00,0,0.35538117483996245,0.6446188251600375,Hold,90.55,90.77,87.77,88.84,32457
2026-05-27 13:00:00,0,0.337994744751775,0.662005255248225,Hold,88.85,90.02,88.76,89.8,19017
2026-05-27 14:00:00,0,0.3614296475005139,0.6385703524994861,Hold,89.79,91.01,89.46,90.81,23818
2026-05-27 15:00:00,0,0.33253755689435277,0.6674624431056473,Hold,90.82,91.19,89.93,90.01,20930
2026-05-27 16:00:00,0,0.34030015221044446,0.6596998477895555,Hold,90.02,90.4,89.42,89.88,12244
2026-05-27 17:00:00,0,0.32705666840049863,0.6729433315995014,Hold,89.88,90.1,89.16,89.52,8983
2026-05-27 18:00:00,0,0.2838593035753603,0.7161406964246397,Hold,89.53,89.6,88.48,88.94,18144
2026-05-27 19:00:00,0,0.3308926342923466,0.6691073657076534,Hold,88.94,89.58,88.83,89.44,5362
2026-05-27 20:00:00,0,0.32168604901471565,0.6783139509852844,Hold,89.44,89.6,89.3,89.41,1827
2026-05-27 22:00:00,0,0.32761901985129577,0.6723809801487042,Hold,89.11,90.08,89.11,89.7,2072
2026-05-27 23:00:00,0,0.3249673619053927,0.6750326380946072,Hold,89.75,90.4,89.61,90.2,2454
2026-05-28 00:00:00,0,0.2803267366124313,0.7196732633875687,Hold,90.21,90.69,90.18,90.48,3565
2026-05-28 01:00:00,0,0.2908236647534607,0.7091763352465392,Hold,90.46,90.48,89.97,90.18,2910
2026-05-28 02:00:00,0,0.3239455096206813,0.6760544903793186,Hold,90.17,90.97,89.93,90.94,2892
2026-05-28 03:00:00,1,0.36252748575944077,0.6374725142405593,Hold,90.94,92.23,90.86,92.18,6859
2026-05-28 04:00:00,1,0.34328964848429916,0.6567103515157009,Hold,92.2,92.52,91.99,92.17,3268
2026-05-28 05:00:00,1,0.36928738824362084,0.6307126117563792,Hold,92.14,92.23,91.41,91.58,3556
2026-05-28 06:00:00,1,0.3442857077724404,0.6557142922275596,Hold,91.57,91.62,90.75,91.15,3870
2026-05-28 07:00:00,1,0.36998687120336404,0.630013128796636,Hold,91.15,91.42,90.81,90.93,4614
2026-05-28 08:00:00,0,0.3681672006263339,0.6318327993736661,Hold,90.93,91.03,90.48,90.56,5180
2026-05-28 09:00:00,0,0.3438540253489346,0.6561459746510654,Hold,90.56,90.78,89.87,90.25,4435
2026-05-28 10:00:00,1,0.40881531148144934,0.5911846885185507,Hold,90.26,91.37,90.0,91.01,5762
2026-05-28 11:00:00,1,0.4068896909415059,0.5931103090584942,Hold,91.0,91.57,90.74,91.3,5963
2026-05-28 12:00:00,1,0.3652154499301453,0.6347845500698547,Hold,91.31,91.45,90.4,90.54,8739
2026-05-28 13:00:00,1,0.41362262409668116,0.5863773759033188,Hold,90.54,91.35,90.3,90.83,10714
2026-05-28 14:00:00,0,0.32326846174733054,0.6767315382526695,Hold,90.83,91.14,87.11,89.49,26177
2026-05-28 15:00:00,0,0.3236734234041955,0.6763265765958044,Hold,89.51,90.16,88.98,89.78,14126
2026-05-28 16:00:00,0,0.28180644387546394,0.7181935561245361,Hold,89.77,90.25,88.02,88.24,14108
2026-05-28 17:00:00,0,0.2900261210829605,0.7099738789170396,Hold,88.26,89.16,88.2,88.85,9562
2026-05-28 18:00:00,0,0.30040980531470257,0.6995901946852974,Hold,88.86,89.54,88.59,89.25,13109
2026-05-28 19:00:00,0,0.27484734846673314,0.7251526515332669,Hold,89.24,89.49,89.01,89.48,3067
2026-05-28 20:00:00,0,0.2573877093740851,0.7426122906259149,Hold,89.47,89.64,88.53,88.53,4329
2026-05-28 22:00:00,0,0.2648414470697409,0.7351585529302591,Hold,88.55,88.92,88.26,88.51,1348
2026-05-28 23:00:00,0,0.2479391595236921,0.7520608404763078,Hold,88.54,88.67,88.2,88.53,1205
2026-05-29 00:00:00,0,0.24218475522970548,0.7578152447702945,Hold,88.53,88.53,87.63,88.36,2915
2026-05-29 01:00:00,0,0.25503127151575844,0.7449687284842416,Hold,88.35,88.44,87.67,87.89,2677
2026-05-29 02:00:00,0,0.24526476106445189,0.7547352389355482,Hold,87.9,88.05,87.57,87.77,1976
2026-05-29 03:00:00,0,0.2574733246152528,0.7425266753847473,Hold,87.81,88.29,87.37,88.2,2692
2026-05-29 04:00:00,0,0.2623116385144201,0.7376883614855799,Hold,88.18,88.25,87.47,87.71,2963
2026-05-29 05:00:00,0,0.2782983123657435,0.7217016876342566,Hold,87.72,88.13,87.67,88.02,1555
2026-05-29 06:00:00,0,0.2743024113338571,0.725697588666143,Hold,88.01,88.04,87.17,87.48,3153
2026-05-29 07:00:00,0,0.27155213312227366,0.7284478668777263,Hold,87.48,89.01,87.34,88.72,5200
2026-05-29 08:00:00,0,0.25715668712285095,0.742843312877149,Hold,88.72,89.02,88.52,88.68,3662
2026-05-29 09:00:00,0,0.24041544819544075,0.7595845518045592,Hold,88.69,88.72,86.86,87.5,10722
2026-05-29 10:00:00,0,0.21350681925692136,0.7864931807430786,Hold,87.5,87.82,86.71,87.35,4146
2026-05-29 11:00:00,0,0.241913823865799,0.758086176134201,Hold,87.34,88.31,87.16,87.61,5623
2026-05-29 12:00:00,0,0.23789794424824667,0.7621020557517533,Hold,87.62,88.16,87.21,87.33,7456
2026-05-29 13:00:00,0,0.26782335159837123,0.7321766484016288,Hold,87.32,87.87,86.73,87.69,14415
2026-05-29 14:00:00,0,0.23484769476315273,0.7651523052368473,Hold,87.68,88.95,87.46,87.96,23305
2026-05-29 15:00:00,0,0.22986578164083132,0.7701342183591686,Hold,87.97,88.01,86.35,87.6,28522
2026-05-29 16:00:00,0,0.26518730481945274,0.7348126951805473,Hold,87.6,87.97,86.43,86.58,14166
2026-05-29 17:00:00,0,0.23366371165770208,0.7663362883422979,Hold,86.59,87.32,86.56,87.19,13006
2026-05-29 18:00:00,0,0.23436535158086222,0.7656346484191378,Hold,87.18,88.0,87.0,87.64,19778
2026-05-29 19:00:00,0,0.22834255176149873,0.7716574482385012,Hold,87.66,88.17,87.5,88.08,4616
2026-05-29 20:00:00,0,0.21670218635578856,0.7832978136442115,Hold,88.08,88.14,87.62,87.76,2574
2026-06-01 00:00:00,0,0.2955939185575136,0.7044060814424864,Hold,89.43,89.95,89.25,89.33,2350
2026-06-01 01:00:00,0,0.3503783830237462,0.6496216169762539,Hold,89.33,90.2,89.03,89.88,3473
2026-06-01 02:00:00,0,0.3182010796461939,0.6817989203538062,Hold,89.89,90.0,89.51,89.61,1749
2026-06-01 03:00:00,0,0.354300664378732,0.645699335621268,Hold,89.59,90.04,89.16,89.74,3227
2026-06-01 04:00:00,0,0.2986301976970746,0.7013698023029253,Hold,89.73,89.94,89.26,89.65,1320
2026-06-01 05:00:00,0,0.31909143386197114,0.6809085661380289,Hold,89.66,90.0,89.48,89.75,1493
2026-06-01 06:00:00,0,0.3423580845542653,0.6576419154457347,Hold,89.73,90.76,89.71,90.16,4140
2026-06-01 07:00:00,0,0.34923348501864837,0.6507665149813516,Hold,90.15,90.71,90.08,90.37,4028
2026-06-01 08:00:00,0,0.3995921060602831,0.6004078939397168,Hold,90.39,91.26,90.21,90.82,5849
2026-06-01 09:00:00,0,0.3688936191594407,0.6311063808405593,Hold,90.82,91.25,90.55,90.8,3028
2026-06-01 10:00:00,0,0.3669960394707148,0.6330039605292852,Hold,90.78,90.93,90.47,90.64,3313
2026-06-01 11:00:00,0,0.3250000690789835,0.6749999309210165,Hold,90.64,90.79,90.17,90.25,3882
2026-06-01 12:00:00,0,0.2778897670426843,0.7221102329573157,Hold,90.25,90.47,89.27,89.66,10034
2026-06-01 13:00:00,0,0.35985544942689596,0.640144550573104,Hold,89.65,94.2,89.45,94.14,40100
2026-06-01 14:00:00,0,0.37131937165666246,0.6286806283433375,Hold,94.17,94.71,92.92,94.52,26307
2026-06-01 15:00:00,0,0.3173499564215771,0.6826500435784228,Hold,94.52,94.78,92.2,93.78,26808
2026-06-01 16:00:00,0,0.3067677232158329,0.6932322767841671,Hold,93.77,94.45,92.74,92.82,21023
2026-06-01 17:00:00,0,0.25963909976990013,0.7403609002300999,Hold,92.81,93.21,90.8,91.79,26957
2026-06-01 18:00:00,0,0.28963032661699606,0.7103696733830039,Hold,91.78,92.65,91.43,92.52,15346
2026-06-01 19:00:00,0,0.23875846262045272,0.7612415373795473,Hold,92.51,92.65,92.1,92.44,5171
2026-06-01 20:00:00,0,0.2620917961696011,0.7379082038303989,Hold,92.46,92.55,92.08,92.47,2292
2026-06-01 22:00:00,0,0.285304548991065,0.714695451008935,Hold,92.45,92.61,92.14,92.3,1130
2026-06-01 23:00:00,0,0.2768177872869719,0.7231822127130281,Hold,92.31,92.37,91.69,91.93,1661
2026-06-02 00:00:00,0,0.3400983856402346,0.6599016143597654,Hold,91.91,92.49,91.65,92.4,2896
2026-06-02 01:00:00,0,0.27179496981344514,0.7282050301865548,Hold,92.39,92.65,91.5,91.68,4462
2026-06-02 02:00:00,0,0.25913158152706456,0.7408684184729355,Hold,91.67,91.88,91.46,91.77,2021
2026-06-02 03:00:00,0,0.23669888325925248,0.7633011167407475,Hold,91.78,91.81,91.26,91.45,1802
2026-06-02 04:00:00,0,0.23214166478067322,0.7678583352193268,Hold,91.44,91.51,91.15,91.21,1166
2026-06-02 05:00:00,0,0.2939657530511374,0.7060342469488625,Hold,91.23,91.47,91.0,91.37,1784
2026-06-02 06:00:00,0,0.301060928437857,0.6989390715621431,Hold,91.39,91.7,90.99,91.55,3037
2026-06-02 07:00:00,0,0.30677280608302143,0.6932271939169785,Hold,91.54,91.74,90.56,90.82,5973
2026-06-02 08:00:00,0,0.278062453798263,0.721937546201737,Hold,90.81,91.23,90.15,90.65,7666
2026-06-02 09:00:00,0,0.3325077279652447,0.6674922720347554,Hold,90.65,91.08,90.12,91.01,5131
2026-06-02 10:00:00,0,0.31522019394262607,0.684779806057374,Hold,91.01,91.52,90.93,91.17,4326
2026-06-02 11:00:00,0,0.2778741552447081,0.7221258447552918,Hold,91.16,91.25,90.74,91.02,3468
2026-06-02 12:00:00,0,0.30960448142669017,0.6903955185733098,Hold,91.03,91.6,90.58,91.14,8067
2026-06-02 13:00:00,0,0.36198750311131417,0.6380124968886858,Hold,91.13,92.45,91.09,92.28,17707
2026-06-02 14:00:00,0,0.3593274421358586,0.6406725578641415,Hold,92.28,92.5,91.68,91.92,12102
2026-06-02 15:00:00,0,0.3455437960180242,0.6544562039819758,Hold,91.91,93.1,91.44,92.86,12743
2026-06-02 16:00:00,0,0.3204934016090661,0.6795065983909339,Hold,92.86,93.41,92.46,93.12,12423
2026-06-02 17:00:00,0,0.3522706872990163,0.6477293127009838,Hold,93.11,93.95,92.9,93.84,12438
2026-06-02 18:00:00,0,0.2648285583260253,0.7351714416739747,Hold,93.84,94.0,93.2,93.9,14323
2026-06-02 19:00:00,0,0.23082863782185198,0.769171362178148,Hold,93.89,93.9,93.45,93.69,5286
2026-06-02 20:00:00,0,0.2320097527022183,0.7679902472977818,Hold,93.66,93.72,93.34,93.39,2706
2026-06-02 22:00:00,0,0.27321607783691887,0.7267839221630812,Hold,93.45,94.5,93.45,94.25,3284
2026-06-02 23:00:00,0,0.29565365314122355,0.7043463468587765,Hold,94.26,96.08,94.12,94.61,8952
2026-06-03 00:00:00,0,0.303013560512818,0.696986439487182,Hold,94.59,94.89,94.24,94.38,3563
2026-06-03 01:00:00,0,0.3461057007763625,0.6538942992236375,Hold,94.41,95.1,94.2,94.85,3942
2026-06-03 02:00:00,0,0.28410346304205186,0.7158965369579482,Hold,94.83,94.89,94.52,94.72,1312
2026-06-03 03:00:00,0,0.32925802139575683,0.6707419786042432,Hold,94.74,94.8,94.53,94.71,1228
2026-06-03 04:00:00,0,0.34637714006515763,0.6536228599348424,Hold,94.72,95.19,94.71,94.9,1120
2026-06-03 05:00:00,0,0.35251055688448235,0.6474894431155176,Hold,94.92,95.59,94.79,95.56,1841
2026-06-03 06:00:00,0,0.36644202541219706,0.6335579745878029,Hold,95.58,95.84,95.14,95.75,4236
2026-06-03 07:00:00,0,0.38579199280150095,0.614208007198499,Hold,95.73,96.02,95.5,95.88,4637
2026-06-03 08:00:00,1,0.40672777019916523,0.5932722298008348,Hold,95.87,96.56,95.61,96.34,7793
2026-06-03 09:00:00,1,0.4034334240533993,0.5965665759466007,Hold,96.36,96.98,95.89,96.87,6795
2026-06-03 10:00:00,1,0.3935966911723959,0.6064033088276042,Hold,96.87,97.0,95.63,95.99,11841
2026-06-03 11:00:00,0,0.4021666275081128,0.5978333724918872,Hold,95.98,96.05,95.53,95.71,5107
2026-06-03 12:00:00,1,0.44221959260550764,0.5577804073944923,Hold,95.71,96.5,95.31,96.02,8597
2026-06-03 13:00:00,0,0.4525260539293421,0.5474739460706579,Hold,96.01,96.15,94.44,94.48,18420
2026-06-03 14:00:00,0,0.4272272024790484,0.5727727975209516,Hold,94.48,95.65,94.34,95.25,16333
2026-06-03 15:00:00,1,0.4577610021976092,0.5422389978023908,Hold,95.24,96.31,95.06,95.9,15251
2026-06-03 16:00:00,0,0.420025583144206,0.579974416855794,Hold,95.89,96.32,95.64,95.67,12434
2026-06-03 17:00:00,1,0.4772799567163633,0.5227200432836367,Hold,95.66,96.48,95.25,96.24,9723
2026-06-03 18:00:00,1,0.4299573315544286,0.5700426684455714,Hold,96.22,96.57,95.85,96.06,11951
2026-06-03 19:00:00,1,0.44653367513142994,0.5534663248685701,Hold,96.05,96.23,95.67,96.22,4225
2026-06-03 20:00:00,1,0.40947531267415793,0.5905246873258421,Hold,96.22,96.49,96.01,96.2,3689
2026-06-03 22:00:00,1,0.3601431998746366,0.6398568001253634,Hold,95.75,95.91,95.0,95.24,2776
2026-06-03 23:00:00,1,0.3756765960521409,0.6243234039478591,Hold,95.23,95.5,95.16,95.39,950
2026-06-04 00:00:00,1,0.433444688364871,0.566555311635129,Hold,95.39,95.77,95.23,95.32,2294
2026-06-04 01:00:00,1,0.4429975180473412,0.5570024819526588,Hold,95.32,95.5,94.84,95.01,2824
2026-06-04 02:00:00,0,0.4380129194733414,0.5619870805266586,Hold,94.99,95.1,94.79,94.84,1409
2026-06-04 03:00:00,1,0.48251462413171325,0.5174853758682867,Hold,94.84,95.52,94.76,95.12,1946
2026-06-04 04:00:00,1,0.4859182861882284,0.5140817138117716,Hold,95.11,95.35,95.05,95.21,933
2026-06-04 05:00:00,1,0.4749042504599945,0.5250957495400055,Hold,95.2,95.6,95.16,95.18,1205
2026-06-04 06:00:00,1,0.49278311301395633,0.5072168869860436,Hold,95.16,95.46,94.92,95.21,1928
2026-06-04 07:00:00,1,0.5334179161277789,0.4665820838722211,Sell,95.21,95.62,94.9,95.42,3554
2026-06-04 08:00:00,1,0.44000621220986885,0.5599937877901311,Hold,95.46,95.69,94.38,94.88,8261
2026-06-04 09:00:00,0,0.45534585638274855,0.5446541436172514,Hold,94.88,95.05,94.06,94.51,5742
2026-06-04 10:00:00,1,0.4875717511776223,0.5124282488223777,Hold,94.51,95.3,94.5,94.91,4621
2026-06-04 11:00:00,0,0.33536288997106584,0.6646371100289341,Hold,94.89,94.93,92.34,92.45,15057
2026-06-04 12:00:00,0,0.35307134489079645,0.6469286551092035,Hold,92.47,93.0,91.91,92.66,15650
2026-06-04 13:00:00,0,0.3096728518124526,0.6903271481875475,Hold,92.68,93.15,92.13,92.36,13213
2026-06-04 14:00:00,0,0.3732470510529592,0.6267529489470408,Hold,92.38,93.12,92.01,93.06,10213
2026-06-04 15:00:00,0,0.3615598375037528,0.6384401624962472,Hold,93.06,93.26,92.63,93.0,9716
2026-06-04 16:00:00,0,0.29172372686765496,0.7082762731323451,Hold,93.0,93.15,92.28,92.39,6934
2026-06-04 17:00:00,0,0.2810049072350815,0.7189950927649185,Hold,92.4,92.61,91.94,92.33,6669
2026-06-04 18:00:00,0,0.3603926270768773,0.6396073729231226,Hold,92.33,93.46,91.95,93.33,18433
2026-06-04 19:00:00,0,0.30694238460994927,0.6930576153900507,Hold,93.34,93.36,92.98,93.17,3407
2026-06-04 20:00:00,0,0.3115647183220429,0.6884352816779571,Hold,93.15,93.21,92.85,92.91,1700
2026-06-04 22:00:00,0,0.32817103091707384,0.6718289690829262,Hold,92.82,92.94,92.52,92.9,510
2026-06-04 23:00:00,1,0.3635641654623925,0.6364358345376075,Hold,92.88,93.03,92.82,92.97,375
2026-06-05 00:00:00,0,0.32421817305749073,0.6757818269425093,Hold,92.97,93.02,92.62,92.69,1398
2026-06-05 01:00:00,1,0.38294200136905104,0.617057998630949,Hold,92.68,93.19,92.52,93.14,1738
2026-06-05 02:00:00,1,0.34216584053156335,0.6578341594684367,Hold,93.13,93.54,93.1,93.42,2217
2026-06-05 03:00:00,1,0.3329267063181423,0.6670732936818577,Hold,93.4,93.48,93.0,93.18,1406
2026-06-05 04:00:00,1,0.3387141275189594,0.6612858724810406,Hold,93.18,93.2,92.95,93.03,826
2026-06-05 05:00:00,0,0.34182111293275314,0.6581788870672469,Hold,93.03,93.22,92.94,92.94,1201
2026-06-05 06:00:00,0,0.3655492738427824,0.6344507261572176,Hold,92.96,93.13,92.58,92.76,2502
2026-06-05 07:00:00,0,0.3221645473985673,0.6778354526014327,Hold,92.76,92.85,92.02,92.69,4122
2026-06-05 08:00:00,0,0.32126151537476594,0.678738484625234,Hold,92.7,92.99,91.5,92.84,8059
2026-06-05 09:00:00,0,0.3620763055443853,0.6379236944556147,Hold,92.84,93.15,91.94,92.85,8801
2026-06-05 10:00:00,0,0.3086015285053212,0.6913984714946788,Hold,92.84,93.14,92.47,92.86,3470
2026-06-05 11:00:00,1,0.31440076820588814,0.6855992317941119,Hold,92.87,93.63,92.59,92.89,6684
2026-06-05 12:00:00,0,0.2848631764763491,0.7151368235236508,Hold,92.91,93.15,92.34,92.39,5584
2026-06-05 13:00:00,0,0.22110204861407617,0.7788979513859238,Hold,92.4,92.59,91.26,91.48,16954
2026-06-05 14:00:00,0,0.21323403429791793,0.786765965702082,Hold,91.48,91.67,90.55,91.31,17469
2026-06-05 15:00:00,0,0.24852045879884138,0.7514795412011586,Hold,91.32,91.51,90.47,90.77,12447
2026-06-05 16:00:00,0,0.21084390171022765,0.7891560982897723,Hold,90.77,91.02,89.68,90.08,12843
2026-06-05 17:00:00,0,0.22764938214619673,0.7723506178538033,Hold,90.08,90.36,89.92,90.03,8906
2026-06-05 18:00:00,0,0.23068817480954767,0.7693118251904523,Hold,90.02,90.72,89.9,90.3,18720
2026-06-05 19:00:00,0,0.20773169100758385,0.7922683089924162,Hold,90.31,90.42,90.0,90.24,4206
2026-06-05 20:00:00,0,0.21711509246313246,0.7828849075368676,Hold,90.23,90.44,90.17,90.25,2111
2026-06-08 00:00:00,0,0.2934477359517155,0.7065522640482844,Hold,92.76,92.85,92.28,92.41,1700
2026-06-08 01:00:00,0,0.36124526652476,0.6387547334752399,Hold,92.39,94.8,92.2,93.29,12104
2026-06-08 02:00:00,0,0.3500924657523636,0.6499075342476364,Hold,93.29,94.37,93.23,93.64,5888
2026-06-08 03:00:00,0,0.32755492756353405,0.6724450724364659,Hold,93.63,94.02,93.36,93.53,2598
2026-06-08 04:00:00,1,0.34367817447453003,0.6563218255254699,Hold,93.54,94.6,93.53,94.47,3440
2026-06-08 05:00:00,1,0.2983796594871601,0.7016203405128398,Hold,94.46,94.85,94.08,94.48,3380
2026-06-08 06:00:00,1,0.34554920917257653,0.6544507908274235,Hold,94.46,94.84,93.95,94.62,5413
2026-06-08 07:00:00,1,0.33364138464845106,0.6663586153515489,Hold,94.61,94.93,94.01,94.61,5418
2026-06-08 08:00:00,1,0.37202401108123107,0.6279759889187689,Hold,94.6,95.25,94.21,94.66,7705
2026-06-08 09:00:00,1,0.3580936427898425,0.6419063572101575,Hold,94.66,94.91,94.24,94.67,5332
2026-06-08 10:00:00,1,0.40421880507619723,0.5957811949238028,Hold,94.67,95.47,93.49,93.76,9816
2026-06-08 11:00:00,1,0.30045943419759885,0.6995405658024012,Hold,93.76,94.07,91.05,91.22,15850
2026-06-08 12:00:00,1,0.3166083252702967,0.6833916747297033,Hold,91.21,92.15,91.01,91.91,9187
2026-06-08 13:00:00,0,0.2458182951172521,0.7541817048827479,Hold,91.92,92.08,90.39,91.06,12691
2026-06-08 14:00:00,1,0.28017457442323296,0.7198254255767671,Hold,91.05,92.24,90.98,91.77,11209
2026-06-08 15:00:00,1,0.23202940670860453,0.7679705932913955,Hold,91.77,92.38,91.39,91.61,10247
2026-06-08 16:00:00,1,0.22553371445055576,0.7744662855494442,Hold,91.61,91.79,91.05,91.41,6644
2026-06-08 17:00:00,1,0.21433352021161917,0.7856664797883808,Hold,91.41,91.45,90.76,91.12,7703
2026-06-08 18:00:00,1,0.2259370136628118,0.7740629863371882,Hold,91.12,91.49,90.91,91.14,10866
2026-06-08 19:00:00,1,0.1951845880868935,0.8048154119131065,Hold,91.14,91.5,91.01,91.25,2820
2026-06-08 20:00:00,1,0.24524540464869007,0.75475459535131,Hold,91.24,91.56,91.1,91.28,2016
2026-06-08 22:00:00,1,0.2405064180257279,0.7594935819742721,Hold,91.28,91.55,91.25,91.37,533
2026-06-08 23:00:00,1,0.23325509780359865,0.7667449021964013,Hold,91.39,91.43,91.3,91.38,1704
2026-06-09 00:00:00,1,0.23735939165217249,0.7626406083478275,Hold,91.34,91.47,90.71,91.03,2350
2026-06-09 01:00:00,1,0.27986468060244746,0.7201353193975526,Hold,91.05,91.15,90.59,90.95,1683
2026-06-09 02:00:00,1,0.3072699800945995,0.6927300199054005,Hold,90.93,91.0,90.48,90.63,1481
2026-06-09 03:00:00,1,0.31439857075808936,0.6856014292419106,Hold,90.66,90.69,89.85,90.15,2583
2026-06-09 04:00:00,1,0.4001556920071807,0.5998443079928193,Hold,90.14,90.38,90.01,90.27,1183
2026-06-09 05:00:00,1,0.3574943578766097,0.6425056421233903,Hold,90.28,90.36,89.81,90.14,1677
2026-06-09 06:00:00,1,0.3330194363263633,0.6669805636736367,Hold,90.14,90.16,89.6,89.93,3344
2026-06-09 07:00:00,1,0.3189983263110835,0.6810016736889165,Hold,89.92,90.11,89.33,89.7,4972
2026-06-09 08:00:00,1,0.3167468245372414,0.6832531754627587,Hold,89.7,89.91,88.8,89.25,6564
2026-06-09 09:00:00,1,0.3530195924523508,0.6469804075476492,Hold,89.25,89.36,88.8,89.16,4648
2026-06-09 10:00:00,0,0.3330420226370543,0.6669579773629457,Hold,89.15,89.46,88.7,89.01,4646
2026-06-09 11:00:00,1,0.35921387713003544,0.6407861228699645,Hold,88.99,89.79,88.97,89.56,5197
2026-06-09 12:00:00,0,0.2613202270465445,0.7386797729534555,Hold,89.56,89.67,88.84,89.04,7281
2026-06-09 13:00:00,0,0.2583725782521574,0.7416274217478426,Hold,89.05,89.54,87.47,87.84,24582
2026-06-09 14:00:00,0,0.2666409844801665,0.7333590155198335,Hold,87.84,88.22,87.37,87.78,16887
2026-06-09 15:00:00,0,0.23224719963337692,0.7677528003666231,Hold,87.77,87.91,86.7,86.7,14397
2026-06-09 16:00:00,0,0.2541742995139374,0.7458257004860627,Hold,86.7,89.49,85.95,87.87,40563
2026-06-09 17:00:00,0,0.24533408560141265,0.7546659143985873,Hold,87.87,88.5,87.12,88.15,19728
2026-06-09 18:00:00,0,0.2613994436278389,0.7386005563721612,Hold,88.15,88.63,87.95,88.05,15721
2026-06-09 19:00:00,0,0.2708384614533501,0.7291615385466499,Hold,88.07,88.61,87.93,88.3,4779
2026-06-09 20:00:00,0,0.29778472073807816,0.7022152792619218,Hold,88.31,88.78,88.23,88.7,4703
2026-06-09 22:00:00,0,0.30437212539446956,0.6956278746055304,Hold,89.4,89.91,88.65,89.12,4138
2026-06-09 23:00:00,0,0.26570216326522156,0.7342978367347784,Hold,89.11,89.34,88.85,89.18,1384
2026-06-10 00:00:00,0,0.25376717040078084,0.7462328295992191,Hold,89.19,90.0,88.76,88.86,4600
2026-06-10 01:00:00,0,0.29637856551351666,0.7036214344864833,Hold,88.85,89.36,88.28,89.27,4118
2026-06-10 02:00:00,0,0.269449741282278,0.730550258717722,Hold,89.26,89.4,88.73,88.96,1809
2026-06-10 03:00:00,0,0.2832049962005237,0.7167950037994764,Hold,88.96,89.16,88.57,88.64,1455
2026-06-10 04:00:00,0,0.3064709817967016,0.6935290182032984,Hold,88.61,88.93,88.61,88.66,609
2026-06-10 05:00:00,0,0.3419103938858459,0.6580896061141541,Hold,88.68,88.77,87.88,88.07,2413
2026-06-10 06:00:00,0,0.34805806222345453,0.6519419377765454,Hold,88.07,88.29,87.61,88.26,3026
2026-06-10 07:00:00,0,0.31894929407657363,0.6810507059234263,Hold,88.26,88.67,87.69,88.02,4228
2026-06-10 08:00:00,0,0.30809203822580944,0.6919079617741906,Hold,88.0,88.85,87.39,87.68,5747
2026-06-10 09:00:00,0,0.3313901368726957,0.6686098631273043,Hold,87.69,88.51,87.4,87.92,3781
2026-06-10 10:00:00,0,0.3299116986945821,0.670088301305418,Hold,87.9,88.47,87.75,88.03,3297
2026-06-10 11:00:00,0,0.3312832622317906,0.6687167377682094,Hold,88.0,90.42,87.76,90.05,23075
2026-06-10 12:00:00,0,0.3085524521085421,0.6914475478914579,Hold,90.04,90.1,88.71,89.08,13393
2026-06-10 13:00:00,0,0.3341812117473824,0.6658187882526176,Hold,89.07,89.9,88.9,89.79,10660
2026-06-10 14:00:00,0,0.33567215518593,0.6643278448140699,Hold,89.78,90.38,89.48,90.26,12995
2026-06-10 15:00:00,0,0.32183110841631957,0.6781688915836804,Hold,90.27,91.47,89.36,90.63,21903
2026-06-10 16:00:00,0,0.2846609102379295,0.7153390897620705,Hold,90.62,91.28,90.53,91.05,11083
2026-06-10 17:00:00,0,0.2571200398109208,0.7428799601890792,Hold,91.04,91.84,90.83,90.89,11563
2026-06-10 18:00:00,0,0.2625921368289632,0.7374078631710368,Hold,90.9,90.91,89.81,90.19,18628
2026-06-10 19:00:00,0,0.2509494716727131,0.7490505283272869,Hold,90.18,90.61,90.12,90.42,3679
2026-06-10 20:00:00,0,0.2698091343031973,0.7301908656968027,Hold,90.4,91.87,90.27,91.85,6031
2026-06-10 22:00:00,1,0.3464575357197145,0.6535424642802855,Hold,92.25,93.36,91.9,93.35,5776
2026-06-10 23:00:00,1,0.2978005518919156,0.7021994481080844,Hold,93.35,93.64,92.45,92.47,7801
2026-06-11 00:00:00,1,0.3175602610407897,0.6824397389592103,Hold,92.53,92.75,91.91,92.35,5415
2026-06-11 01:00:00,1,0.3031182121478715,0.6968817878521285,Hold,92.36,92.38,91.2,91.65,5240
2026-06-11 02:00:00,1,0.249814836690945,0.750185163309055,Hold,91.64,91.99,91.44,91.57,1673
2026-06-11 03:00:00,1,0.2412574212528296,0.7587425787471704,Hold,91.56,92.11,91.54,91.81,1479
2026-06-11 04:00:00,1,0.2530483497221672,0.7469516502778328,Hold,91.82,91.95,91.0,91.11,2349
2026-06-11 05:00:00,1,0.28894404930800544,0.7110559506919946,Hold,91.1,91.19,90.34,90.6,2762
2026-06-11 06:00:00,0,0.27486412256403564,0.7251358774359644,Hold,90.64,90.96,90.39,90.47,2569
2026-06-11 07:00:00,0,0.34238533980934377,0.6576146601906563,Hold,90.47,90.55,89.36,89.83,7074
